date,AK,AL,AR,AZ,CA,CO,CT,DE,GA,HI,IA,ID,IL,IN,KS,KY,LA,MA,MD,ME,MI,MN,MO,MS,MT,NC,ND,NE,NH,NJ,NM,NV,NY,OH,OK,OR,PA,RI,SC,SD,TN,TX,UT,VA,VT,WA,WI,WV,WY
2016-10-03,5.052201,7.197162,8.011882,7.197162,9.934696,10.046268,8.302858,10.046268,7.197162,3.476155,7.030284,6.082678,8.302858,10.046268,10.046268,9.934696,6.773118,7.030284,10.046268,6.082678,6.082678,5.053679,10.046268,7.197162,5.053679,8.011882,5.053679,8.302858,6.082678,8.302858,8.011882,10.046268,7.030284,8.302858,8.011882,6.082678,8.302858,8.302858,7.197162,6.082678,8.011882,6.773118,10.046268,9.934696,6.082678,5.053679,6.082678,10.046268,7.030284
2016-10-10,5.31214,6.261626,7.067342,6.261626,10.037482,9.76957,7.81115,9.76957,6.261626,3.867237,5.711631,4.811704,7.81115,9.76957,9.76957,10.037482,5.893439,5.711631,9.76957,4.811704,4.811704,4.520587,9.76957,6.261626,4.520587,7.067342,4.520587,7.81115,4.811704,7.81115,7.067342,9.76957,5.711631,7.81115,7.067342,4.811704,7.81115,7.81115,6.261626,4.811704,7.067342,5.893439,9.76957,10.037482,4.811704,4.520587,4.811704,9.76957,5.711631
2016-10-17,5.251569,4.553436,5.225461,4.553436,8.43747,8.311439,6.938382,8.311439,4.553436,4.663889,6.381286,6.157655,6.938382,8.311439,8.311439,8.43747,4.40232,6.381286,8.311439,6.157655,6.157655,5.721889,8.311439,4.553436,5.721889,5.225461,5.721889,6.938382,6.157655,6.938382,5.225461,8.311439,6.381286,6.938382,5.225461,6.157655,6.938382,6.938382,4.553436,6.157655,5.225461,4.40232,8.311439,8.43747,6.157655,5.721889,6.157655,8.311439,6.381286
2016-10-24,4.952178,3.900133,5.277248,3.900133,9.166568,9.112758,7.286029,9.112758,3.900133,6.431586,5.964496,5.513169,7.286029,9.112758,9.112758,9.166568,3.811907,5.964496,9.112758,5.513169,5.513169,5.733891,9.112758,3.900133,5.733891,5.277248,5.733891,7.286029,5.513169,7.286029,5.277248,9.112758,5.964496,7.286029,5.277248,5.513169,7.286029,7.286029,3.900133,5.513169,5.277248,3.811907,9.112758,9.166568,5.513169,5.733891,5.513169,9.112758,5.964496
2016-10-31,4.576457,3.902554,5.199737,3.902554,8.061815,7.990201,6.65237,7.990201,3.902554,4.541482,5.96876,6.104069,6.65237,7.990201,7.990201,8.061815,4.316068,5.96876,7.990201,6.104069,6.104069,5.885544,7.990201,3.902554,5.885544,5.199737,5.885544,6.65237,6.104069,6.65237,5.199737,7.990201,5.96876,6.65237,5.199737,6.104069,6.65237,6.65237,3.902554,6.104069,5.199737,4.316068,7.990201,8.061815,6.104069,5.885544,6.104069,7.990201,5.96876
2016-11-07,3.580238,4.476375,5.055047,4.476375,7.526962,7.339171,5.715018,7.339171,4.476375,3.434978,5.25272,4.95675,5.715018,7.339171,7.339171,7.526962,4.551483,5.25272,7.339171,4.95675,4.95675,4.693177,7.339171,4.476375,4.693177,5.055047,4.693177,5.715018,4.95675,5.715018,5.055047,7.339171,5.25272,5.715018,5.055047,4.95675,5.715018,5.715018,4.476375,4.95675,5.055047,4.551483,7.339171,7.526962,4.95675,4.693177,4.95675,7.339171,5.25272
2016-11-14,4.090805,4.463927,5.221954,4.463927,6.294188,5.871077,4.453326,5.871077,4.463927,3.631909,4.420344,5.016557,4.453326,5.871077,5.871077,6.294188,4.203914,4.420344,5.871077,5.016557,5.016557,5.148395,5.871077,4.463927,5.148395,5.221954,5.148395,4.453326,5.016557,4.453326,5.221954,5.871077,4.420344,4.453326,5.221954,5.016557,4.453326,4.453326,4.463927,5.016557,5.221954,4.203914,5.871077,6.294188,5.016557,5.148395,5.016557,5.871077,4.420344
2016-11-21,3.566229,4.326693,5.393937,4.326693,6.598839,6.21301,4.875527,6.21301,4.326693,3.706587,4.771284,5.247812,4.875527,6.21301,6.21301,6.598839,4.050585,4.771284,6.21301,5.247812,5.247812,5.729358,6.21301,4.326693,5.729358,5.393937,5.729358,4.875527,5.247812,4.875527,5.393937,6.21301,4.771284,4.875527,5.393937,5.247812,4.875527,4.875527,4.326693,5.247812,5.393937,4.050585,6.21301,6.598839,5.247812,5.729358,5.247812,6.21301,4.771284
2016-11-28,3.888762,3.662326,4.558632,3.662326,5.959801,6.093372,5.238079,6.093372,3.662326,3.633179,4.538807,5.15463,5.238079,6.093372,6.093372,5.959801,3.458583,4.538807,6.093372,5.15463,5.15463,5.249278,6.093372,3.662326,5.249278,4.558632,5.249278,5.238079,5.15463,5.238079,4.558632,6.093372,4.538807,5.238079,4.558632,5.15463,5.238079,5.238079,3.662326,5.15463,4.558632,3.458583,6.093372,5.959801,5.15463,5.249278,5.15463,6.093372,4.538807
2016-12-05,3.840271,4.224419,5.42541,4.224419,6.737184,6.492915,4.84937,6.492915,4.224419,4.161854,3.153997,4.00029,4.84937,6.492915,6.492915,6.737184,3.758907,3.153997,6.492915,4.00029,4.00029,3.879087,6.492915,4.224419,3.879087,5.42541,3.879087,4.84937,4.00029,4.84937,5.42541,6.492915,3.153997,4.84937,5.42541,4.00029,4.84937,4.84937,4.224419,4.00029,5.42541,3.758907,6.492915,6.737184,4.00029,3.879087,4.00029,6.492915,3.153997
2016-12-12,4.573684,5.175773,5.964796,5.175773,6.833583,6.314828,4.779524,6.314828,5.175773,4.435864,4.224225,4.225303,4.779524,6.314828,6.314828,6.833583,5.047884,4.224225,6.314828,4.225303,4.225303,4.529334,6.314828,5.175773,4.529334,5.964796,4.529334,4.779524,4.225303,4.779524,5.964796,6.314828,4.224225,4.779524,5.964796,4.225303,4.779524,4.779524,5.175773,4.225303,5.964796,5.047884,6.314828,6.833583,4.225303,4.529334,4.225303,6.314828,4.224225
2016-12-19,4.583122,4.072799,5.017019,4.072799,6.031673,5.881783,4.695592,5.881783,4.072799,4.056189,4.33833,4.396443,4.695592,5.881783,5.881783,6.031673,3.9098,4.33833,5.881783,4.396443,4.396443,4.413587,5.881783,4.072799,4.413587,5.017019,4.413587,4.695592,4.396443,4.695592,5.017019,5.881783,4.33833,4.695592,5.017019,4.396443,4.695592,4.695592,4.072799,4.396443,5.017019,3.9098,5.881783,6.031673,4.396443,4.413587,4.396443,5.881783,4.33833
2016-12-26,3.695082,4.340624,5.115659,4.340624,5.926966,5.580802,4.495784,5.580802,4.340624,2.339007,4.31585,4.440105,4.495784,5.580802,5.580802,5.926966,4.176558,4.31585,5.580802,4.440105,4.440105,4.934169,5.580802,4.340624,4.934169,5.115659,4.934169,4.495784,4.440105,4.495784,5.115659,5.580802,4.31585,4.495784,5.115659,4.440105,4.495784,4.495784,4.340624,4.440105,5.115659,4.176558,5.580802,5.926966,4.440105,4.934169,4.440105,5.580802,4.31585
2017-01-02,3.736259,3.043903,4.152835,3.043903,5.553346,5.190072,3.705131,5.190072,3.043903,2.574317,3.211877,2.956122,3.705131,5.190072,5.190072,5.553346,2.881891,3.211877,5.190072,2.956122,2.956122,3.179566,5.190072,3.043903,3.179566,4.152835,3.179566,3.705131,2.956122,3.705131,4.152835,5.190072,3.211877,3.705131,4.152835,2.956122,3.705131,3.705131,3.043903,2.956122,4.152835,2.881891,5.190072,5.553346,2.956122,3.179566,2.956122,5.190072,3.211877
2017-01-09,3.649325,3.547119,4.28629,3.547119,5.157519,4.606923,3.119427,4.606923,3.547119,1.556362,2.737259,2.856955,3.119427,4.606923,4.606923,5.157519,3.316362,2.737259,4.606923,2.856955,2.856955,3.365973,4.606923,3.547119,3.365973,4.28629,3.365973,3.119427,2.856955,3.119427,4.28629,4.606923,2.737259,3.119427,4.28629,2.856955,3.119427,3.119427,3.547119,2.856955,4.28629,3.316362,4.606923,5.157519,2.856955,3.365973,2.856955,4.606923,2.737259
2017-01-16,3.416971,3.501781,4.01258,3.501781,4.617565,4.243586,3.466354,4.243586,3.501781,2.213853,3.70201,4.138524,3.466354,4.243586,4.243586,4.617565,3.108247,3.70201,4.243586,4.138524,4.138524,4.280114,4.243586,3.501781,4.280114,4.01258,4.280114,3.466354,4.138524,3.466354,4.01258,4.243586,3.70201,3.466354,4.01258,4.138524,3.466354,3.466354,3.501781,4.138524,4.01258,3.108247,4.243586,4.617565,4.138524,4.280114,4.138524,4.243586,3.70201
2017-01-23,3.979787,3.745611,4.417683,3.745611,4.888513,4.637321,3.423523,4.637321,3.745611,1.938009,2.765264,2.25877,3.423523,4.637321,4.637321,4.888513,3.123377,2.765264,4.637321,2.25877,2.25877,1.983874,4.637321,3.745611,1.983874,4.417683,1.983874,3.423523,2.25877,3.423523,4.417683,4.637321,2.765264,3.423523,4.417683,2.25877,3.423523,3.423523,3.745611,2.25877,4.417683,3.123377,4.637321,4.888513,2.25877,1.983874,2.25877,4.637321,2.765264
2017-01-30,4.068278,3.523485,4.469265,3.523485,5.119792,4.62054,3.251051,4.62054,3.523485,1.392329,3.069534,3.372894,3.251051,4.62054,4.62054,5.119792,3.262905,3.069534,4.62054,3.372894,3.372894,3.719282,4.62054,3.523485,3.719282,4.469265,3.719282,3.251051,3.372894,3.251051,4.469265,4.62054,3.069534,3.251051,4.469265,3.372894,3.251051,3.251051,3.523485,3.372894,4.469265,3.262905,4.62054,5.119792,3.372894,3.719282,3.372894,4.62054,3.069534
2017-02-06,4.393138,4.060452,5.012087,4.060452,5.823768,5.466499,4.238229,5.466499,4.060452,2.184221,3.998503,4.391275,4.238229,5.466499,5.466499,5.823768,3.529006,3.998503,5.466499,4.391275,4.391275,4.928201,5.466499,4.060452,4.928201,5.012087,4.928201,4.238229,4.391275,4.238229,5.012087,5.466499,3.998503,4.238229,5.012087,4.391275,4.238229,4.238229,4.060452,4.391275,5.012087,3.529006,5.466499,5.823768,4.391275,4.928201,4.391275,5.466499,3.998503
2017-02-13,3.370613,2.816991,3.408324,2.816991,4.930056,4.901406,4.044699,4.901406,2.816991,2.086385,3.580097,3.842431,4.044699,4.901406,4.901406,4.930056,2.681364,3.580097,4.901406,3.842431,3.842431,3.906605,4.901406,2.816991,3.906605,3.408324,3.906605,4.044699,3.842431,4.044699,3.408324,4.901406,3.580097,4.044699,3.408324,3.842431,4.044699,4.044699,2.816991,3.842431,3.408324,2.681364,4.901406,4.930056,3.842431,3.906605,3.842431,4.901406,3.580097
2017-02-20,4.141214,3.791416,4.318361,3.791416,5.51087,5.239814,4.16148,5.239814,3.791416,1.788534,3.883517,4.464361,4.16148,5.239814,5.239814,5.51087,3.634954,3.883517,5.239814,4.464361,4.464361,4.727727,5.239814,3.791416,4.727727,4.318361,4.727727,4.16148,4.464361,4.16148,4.318361,5.239814,3.883517,4.16148,4.318361,4.464361,4.16148,4.16148,3.791416,4.464361,4.318361,3.634954,5.239814,5.51087,4.464361,4.727727,4.464361,5.239814,3.883517
2017-02-27,3.278229,4.623907,5.159463,4.623907,5.982347,5.458224,3.993284,5.458224,4.623907,2.402815,3.282692,3.899273,3.993284,5.458224,5.458224,5.982347,4.377486,3.282692,5.458224,3.899273,3.899273,4.534921,5.458224,4.623907,4.534921,5.159463,4.534921,3.993284,3.899273,3.993284,5.159463,5.458224,3.282692,3.993284,5.159463,3.899273,3.993284,3.993284,4.623907,3.899273,5.159463,4.377486,5.458224,5.982347,3.899273,4.534921,3.899273,5.458224,3.282692
2017-03-06,3.525051,4.161685,4.812318,4.161685,5.763076,5.360208,4.151065,5.360208,4.161685,1.844833,3.89344,4.51404,4.151065,5.360208,5.360208,5.763076,3.69026,3.89344,5.360208,4.51404,4.51404,4.929385,5.360208,4.161685,4.929385,4.812318,4.929385,4.151065,4.51404,4.151065,4.812318,5.360208,3.89344,4.151065,4.812318,4.51404,4.151065,4.151065,4.161685,4.51404,4.812318,3.69026,5.360208,5.763076,4.51404,4.929385,4.51404,5.360208,3.89344
2017-03-13,3.895174,4.35997,4.809886,4.35997,6.258433,5.92752,5.020538,5.92752,4.35997,2.936241,4.718355,5.334164,5.020538,5.92752,5.92752,6.258433,3.850213,4.718355,5.92752,5.334164,5.334164,5.480376,5.92752,4.35997,5.480376,4.809886,5.480376,5.020538,5.334164,5.020538,4.809886,5.92752,4.718355,5.020538,4.809886,5.334164,5.020538,5.020538,4.35997,5.334164,4.809886,3.850213,5.92752,6.258433,5.334164,5.480376,5.334164,5.92752,4.718355
2017-03-20,3.334983,3.903816,4.317962,3.903816,5.650772,5.581559,4.602881,5.581559,3.903816,2.138852,4.860227,4.688159,4.602881,5.581559,5.581559,5.650772,3.572125,4.860227,5.581559,4.688159,4.688159,4.903933,5.581559,3.903816,4.903933,4.317962,4.903933,4.602881,4.688159,4.602881,4.317962,5.581559,4.860227,4.602881,4.317962,4.688159,4.602881,4.602881,3.903816,4.688159,4.317962,3.572125,5.581559,5.650772,4.688159,4.903933,4.688159,5.581559,4.860227
2017-03-27,3.707852,3.865418,4.496788,3.865418,5.327934,4.950226,4.029915,4.950226,3.865418,2.58742,4.227411,4.761359,4.029915,4.950226,4.950226,5.327934,3.170818,4.227411,4.950226,4.761359,4.761359,5.013211,4.950226,3.865418,5.013211,4.496788,5.013211,4.029915,4.761359,4.029915,4.496788,4.950226,4.227411,4.029915,4.496788,4.761359,4.029915,4.029915,3.865418,4.761359,4.496788,3.170818,4.950226,5.327934,4.761359,5.013211,4.761359,4.950226,4.227411
2017-04-03,3.783846,3.213013,3.972036,3.213013,5.722987,5.724105,4.886359,5.724105,3.213013,3.24365,4.691811,5.219904,4.886359,5.724105,5.724105,5.722987,3.017654,4.691811,5.724105,5.219904,5.219904,5.552331,5.724105,3.213013,5.552331,3.972036,5.552331,4.886359,5.219904,4.886359,3.972036,5.724105,4.691811,4.886359,3.972036,5.219904,4.886359,4.886359,3.213013,5.219904,3.972036,3.017654,5.724105,5.722987,5.219904,5.552331,5.219904,5.724105,4.691811
2017-04-10,3.939454,3.883288,4.73487,3.883288,5.821203,5.668319,4.841567,5.668319,3.883288,3.577826,5.321778,5.174824,4.841567,5.668319,5.668319,5.821203,3.35433,5.321778,5.668319,5.174824,5.174824,5.000531,5.668319,3.883288,5.000531,4.73487,5.000531,4.841567,5.174824,4.841567,4.73487,5.668319,5.321778,4.841567,4.73487,5.174824,4.841567,4.841567,3.883288,5.174824,4.73487,3.35433,5.668319,5.821203,5.174824,5.000531,5.174824,5.668319,5.321778
2017-04-17,3.154034,3.520546,4.108275,3.520546,6.380582,6.515452,5.332496,6.515452,3.520546,2.441454,5.414657,4.76123,5.332496,6.515452,6.515452,6.380582,3.691794,5.414657,6.515452,4.76123,4.76123,4.364122,6.515452,3.520546,4.364122,4.108275,4.364122,5.332496,4.76123,5.332496,4.108275,6.515452,5.414657,5.332496,4.108275,4.76123,5.332496,5.332496,3.520546,4.76123,4.108275,3.691794,6.515452,6.380582,4.76123,4.364122,4.76123,6.515452,5.414657
2017-04-24,3.392203,4.043926,4.744301,4.043926,6.150055,5.731381,4.203185,5.731381,4.043926,2.395441,3.85282,3.312171,4.203185,5.731381,5.731381,6.150055,3.83737,3.85282,5.731381,3.312171,3.312171,3.0829,5.731381,4.043926,3.0829,4.744301,3.0829,4.203185,3.312171,4.203185,4.744301,5.731381,3.85282,4.203185,4.744301,3.312171,4.203185,4.203185,4.043926,3.312171,4.744301,3.83737,5.731381,6.150055,3.312171,3.0829,3.312171,5.731381,3.85282
2017-05-01,3.650362,4.083562,4.787446,4.083562,6.48235,6.001599,4.689766,6.001599,4.083562,3.147184,4.32501,3.968025,4.689766,6.001599,6.001599,6.48235,3.639034,4.32501,6.001599,3.968025,3.968025,3.825786,6.001599,4.083562,3.825786,4.787446,3.825786,4.689766,3.968025,4.689766,4.787446,6.001599,4.32501,4.689766,4.787446,3.968025,4.689766,4.689766,4.083562,3.968025,4.787446,3.639034,6.001599,6.48235,3.968025,3.825786,3.968025,6.001599,4.32501
2017-05-08,4.168888,4.344079,4.935568,4.344079,6.605404,6.578471,5.599854,6.578471,4.344079,7.79316,5.701888,5.627724,5.599854,6.578471,6.578471,6.605404,4.092626,5.701888,6.578471,5.627724,5.627724,5.376687,6.578471,4.344079,5.376687,4.935568,5.376687,5.599854,5.627724,5.599854,4.935568,6.578471,5.701888,5.599854,4.935568,5.627724,5.599854,5.599854,4.344079,5.627724,4.935568,4.092626,6.578471,6.605404,5.627724,5.376687,5.627724,6.578471,5.701888
2017-05-15,3.965969,4.789964,5.029746,4.789964,7.004507,6.806897,6.006514,6.806897,4.789964,5.451858,6.844185,6.879747,6.006514,6.806897,6.806897,7.004507,4.914388,6.844185,6.806897,6.879747,6.879747,6.37307,6.806897,4.789964,6.37307,5.029746,6.37307,6.006514,6.879747,6.006514,5.029746,6.806897,6.844185,6.006514,5.029746,6.879747,6.006514,6.006514,4.789964,6.879747,5.029746,4.914388,6.806897,7.004507,6.879747,6.37307,6.879747,6.806897,6.844185
2017-05-22,4.904873,4.791065,5.694016,4.791065,7.389694,7.316787,6.515998,7.316787,4.791065,10.414659,6.539073,6.645464,6.515998,7.316787,7.316787,7.389694,4.235084,6.539073,7.316787,6.645464,6.645464,6.691334,7.316787,4.791065,6.691334,5.694016,6.691334,6.515998,6.645464,6.515998,5.694016,7.316787,6.539073,6.515998,5.694016,6.645464,6.515998,6.515998,4.791065,6.645464,5.694016,4.235084,7.316787,7.389694,6.645464,6.691334,6.645464,7.316787,6.539073
2017-05-29,5.124796,5.076247,6.756467,5.076247,8.226672,7.981661,6.928184,7.981661,5.076247,9.004143,7.309166,7.452844,6.928184,7.981661,7.981661,8.226672,4.140908,7.309166,7.981661,7.452844,7.452844,7.852605,7.981661,5.076247,7.852605,6.756467,7.852605,6.928184,7.452844,6.928184,6.756467,7.981661,7.309166,6.928184,6.756467,7.452844,6.928184,6.928184,5.076247,7.452844,6.756467,4.140908,7.981661,8.226672,7.452844,7.852605,7.452844,7.981661,7.309166
2017-06-05,4.264795,5.825367,6.704462,5.825367,8.582929,8.800847,8.158685,8.800847,5.825367,2.848263,8.029148,7.663778,8.158685,8.800847,8.800847,8.582929,4.8596,8.029148,8.800847,7.663778,7.663778,7.320085,8.800847,5.825367,7.320085,6.704462,7.320085,8.158685,7.663778,8.158685,6.704462,8.800847,8.029148,8.158685,6.704462,7.663778,8.158685,8.158685,5.825367,7.663778,6.704462,4.8596,8.800847,8.582929,7.663778,7.320085,7.663778,8.800847,8.029148
2017-06-12,5.383641,4.477522,6.466195,4.477522,8.825922,8.859944,7.975719,8.859944,4.477522,6.169002,8.061905,7.442386,7.975719,8.859944,8.859944,8.825922,3.598053,8.061905,8.859944,7.442386,7.442386,6.973152,8.859944,4.477522,6.973152,6.466195,6.973152,7.975719,7.442386,7.975719,6.466195,8.859944,8.061905,7.975719,6.466195,7.442386,7.975719,7.975719,4.477522,7.442386,6.466195,3.598053,8.859944,8.825922,7.442386,6.973152,7.442386,8.859944,8.061905
2017-06-19,5.619893,4.706316,6.464666,4.706316,9.36152,9.575773,8.110498,9.575773,4.706316,10.166777,8.386291,8.480937,8.110498,9.575773,9.575773,9.36152,4.615879,8.386291,9.575773,8.480937,8.480937,7.790927,9.575773,4.706316,7.790927,6.464666,7.790927,8.110498,8.480937,8.110498,6.464666,9.575773,8.386291,8.110498,6.464666,8.480937,8.110498,8.110498,4.706316,8.480937,6.464666,4.615879,9.575773,9.36152,8.480937,7.790927,8.480937,9.575773,8.386291
2017-06-26,5.094521,6.48453,6.660608,6.48453,9.692653,9.960876,8.690522,9.960876,6.48453,10.419255,9.290873,9.246255,8.690522,9.960876,9.960876,9.692653,5.302063,9.290873,9.960876,9.246255,9.246255,8.430949,9.960876,6.48453,8.430949,6.660608,8.430949,8.690522,9.246255,8.690522,6.660608,9.960876,9.290873,8.690522,6.660608,9.246255,8.690522,8.690522,6.48453,9.246255,6.660608,5.302063,9.960876,9.692653,9.246255,8.430949,9.246255,9.960876,9.290873
2017-07-03,4.794752,4.479722,5.633649,4.479722,8.293447,8.08433,6.446815,8.08433,4.479722,5.997249,6.961051,7.729179,6.446815,8.08433,8.08433,8.293447,4.31059,6.961051,8.08433,7.729179,7.729179,8.193177,8.08433,4.479722,8.193177,5.633649,8.193177,6.446815,7.729179,6.446815,5.633649,8.08433,6.961051,6.446815,5.633649,7.729179,6.446815,6.446815,4.479722,7.729179,5.633649,4.31059,8.08433,8.293447,7.729179,8.193177,7.729179,8.08433,6.961051
2017-07-10,5.375583,3.294915,5.157944,3.294915,9.438842,10.172637,9.250924,10.172637,3.294915,5.001526,8.907105,8.897779,9.250924,10.172637,10.172637,9.438842,3.275638,8.907105,10.172637,8.897779,8.897779,8.904607,10.172637,3.294915,8.904607,5.157944,8.904607,9.250924,8.897779,9.250924,5.157944,10.172637,8.907105,9.250924,5.157944,8.897779,9.250924,9.250924,3.294915,8.897779,5.157944,3.275638,10.172637,9.438842,8.897779,8.904607,8.897779,10.172637,8.907105
2017-07-17,5.467099,3.663616,5.472763,3.663616,9.950068,10.646774,9.255226,10.646774,3.663616,8.998806,8.202199,7.560636,9.255226,10.646774,10.646774,9.950068,3.617223,8.202199,10.646774,7.560636,7.560636,7.85929,10.646774,3.663616,7.85929,5.472763,7.85929,9.255226,7.560636,9.255226,5.472763,10.646774,8.202199,9.255226,5.472763,7.560636,9.255226,9.255226,3.663616,7.560636,5.472763,3.617223,10.646774,9.950068,7.560636,7.85929,7.560636,10.646774,8.202199
2017-07-24,6.052341,3.904215,5.674931,3.904215,10.446566,11.011451,9.974649,11.011451,3.904215,7.220517,8.896896,7.890179,9.974649,11.011451,11.011451,10.446566,3.576601,8.896896,11.011451,7.890179,7.890179,7.729833,11.011451,3.904215,7.729833,5.674931,7.729833,9.974649,7.890179,9.974649,5.674931,11.011451,8.896896,9.974649,5.674931,7.890179,9.974649,9.974649,3.904215,7.890179,5.674931,3.576601,11.011451,10.446566,7.890179,7.729833,7.890179,11.011451,8.896896
2017-07-31,6.474768,5.089419,6.640643,5.089419,10.723138,10.934133,9.06149,10.934133,5.089419,9.988887,8.50166,8.567355,9.06149,10.934133,10.934133,10.723138,4.248084,8.50166,10.934133,8.567355,8.567355,8.414121,10.934133,5.089419,8.414121,6.640643,8.414121,9.06149,8.567355,9.06149,6.640643,10.934133,8.50166,9.06149,6.640643,8.567355,9.06149,9.06149,5.089419,8.567355,6.640643,4.248084,10.934133,10.723138,8.567355,8.414121,8.567355,10.934133,8.50166
2017-08-07,6.258582,3.668145,5.53872,3.668145,11.010416,11.615283,9.633629,11.615283,3.668145,8.657618,9.036239,8.249442,9.633629,11.615283,11.615283,11.010416,3.282458,9.036239,11.615283,8.249442,8.249442,7.427394,11.615283,3.668145,7.427394,5.53872,7.427394,9.633629,8.249442,9.633629,5.53872,11.615283,9.036239,9.633629,5.53872,8.249442,9.633629,9.633629,3.668145,8.249442,5.53872,3.282458,11.615283,11.010416,8.249442,7.427394,8.249442,11.615283,9.036239
2017-08-14,5.861764,5.377812,8.568135,5.377812,11.40558,10.265292,7.228559,10.265292,5.377812,11.59446,6.326522,6.773496,7.228559,10.265292,10.265292,11.40558,3.81903,6.326522,10.265292,6.773496,6.773496,7.410043,10.265292,5.377812,7.410043,8.568135,7.410043,7.228559,6.773496,7.228559,8.568135,10.265292,6.326522,7.228559,8.568135,6.773496,7.228559,7.228559,5.377812,6.773496,8.568135,3.81903,10.265292,11.40558,6.773496,7.410043,6.773496,10.265292,6.326522
2017-08-21,6.276424,5.997837,8.744841,5.997837,11.845083,11.717473,9.521953,11.717473,5.997837,7.981797,8.231024,7.398088,9.521953,11.717473,11.717473,11.845083,4.534493,8.231024,11.717473,7.398088,7.398088,7.644078,11.717473,5.997837,7.644078,8.744841,7.644078,9.521953,7.398088,9.521953,8.744841,11.717473,8.231024,9.521953,8.744841,7.398088,9.521953,9.521953,5.997837,7.398088,8.744841,4.534493,11.717473,11.845083,7.398088,7.644078,7.398088,11.717473,8.231024
2017-08-28,5.244235,4.860918,7.305682,4.860918,11.032247,11.283339,9.371085,11.283339,4.860918,9.152858,8.923676,9.541457,9.371085,11.283339,11.283339,11.032247,4.013613,8.923676,11.283339,9.541457,9.541457,9.277095,11.283339,4.860918,9.277095,7.305682,9.277095,9.371085,9.541457,9.371085,7.305682,11.283339,8.923676,9.371085,7.305682,9.541457,9.371085,9.371085,4.860918,9.541457,7.305682,4.013613,11.283339,11.032247,9.541457,9.277095,9.541457,11.283339,8.923676
2017-09-04,5.831768,4.731911,7.161022,4.731911,10.915818,10.57306,8.359216,10.57306,4.731911,8.562242,7.362174,7.359869,8.359216,10.57306,10.57306,10.915818,3.826982,7.362174,10.57306,7.359869,7.359869,7.716414,10.57306,4.731911,7.716414,7.161022,7.716414,8.359216,7.359869,8.359216,7.161022,10.57306,7.362174,8.359216,7.161022,7.359869,8.359216,8.359216,4.731911,7.359869,7.161022,3.826982,10.57306,10.915818,7.359869,7.716414,7.359869,10.57306,7.362174
2017-09-11,6.028665,5.667363,6.997963,5.667363,9.878545,9.860711,7.648263,9.860711,5.667363,10.155435,6.719311,6.69104,7.648263,9.860711,9.860711,9.878545,5.184687,6.719311,9.860711,6.69104,6.69104,7.184021,9.860711,5.667363,7.184021,6.997963,7.184021,7.648263,6.69104,7.648263,6.997963,9.860711,6.719311,7.648263,6.997963,6.69104,7.648263,7.648263,5.667363,6.69104,6.997963,5.184687,9.860711,9.878545,6.69104,7.184021,6.69104,9.860711,6.719311
2017-09-18,5.691066,4.196114,5.673848,4.196114,9.440748,9.273528,7.122061,9.273528,4.196114,6.405004,6.149375,6.016688,7.122061,9.273528,9.273528,9.440748,4.607126,6.149375,9.273528,6.016688,6.016688,6.5421,9.273528,4.196114,6.5421,5.673848,6.5421,7.122061,6.016688,7.122061,5.673848,9.273528,6.149375,7.122061,5.673848,6.016688,7.122061,7.122061,4.196114,6.016688,5.673848,4.607126,9.273528,9.440748,6.016688,6.5421,6.016688,9.273528,6.149375
2017-09-25,6.13622,4.215613,5.809646,4.215613,9.400939,9.575534,8.182473,9.575534,4.215613,7.664326,7.226024,6.831468,8.182473,9.575534,9.575534,9.400939,5.42239,7.226024,9.575534,6.831468,6.831468,6.25477,9.575534,4.215613,6.25477,5.809646,6.25477,8.182473,6.831468,8.182473,5.809646,9.575534,7.226024,8.182473,5.809646,6.831468,8.182473,8.182473,4.215613,6.831468,5.809646,5.42239,9.575534,9.400939,6.831468,6.25477,6.831468,9.575534,7.226024
2017-10-02,6.144431,5.766438,7.260881,5.766438,9.540205,9.294466,7.833988,9.294466,5.766438,5.689682,7.551274,7.737369,7.833988,9.294466,9.294466,9.540205,5.399599,7.551274,9.294466,7.737369,7.737369,7.748193,9.294466,5.766438,7.748193,7.260881,7.748193,7.833988,7.737369,7.833988,7.260881,9.294466,7.551274,7.833988,7.260881,7.737369,7.833988,7.833988,5.766438,7.737369,7.260881,5.399599,9.294466,9.540205,7.737369,7.748193,7.737369,9.294466,7.551274
2017-10-09,4.973426,5.855041,6.671721,5.855041,9.096292,9.063689,7.202107,9.063689,5.855041,4.443682,6.166489,5.821492,7.202107,9.063689,9.063689,9.096292,6.023011,6.166489,9.063689,5.821492,5.821492,5.613607,9.063689,5.855041,5.613607,6.671721,5.613607,7.202107,5.821492,7.202107,6.671721,9.063689,6.166489,7.202107,6.671721,5.821492,7.202107,7.202107,5.855041,5.821492,6.671721,6.023011,9.063689,9.096292,5.821492,5.613607,5.821492,9.063689,6.166489
2017-10-16,5.022085,3.864222,5.140321,3.864222,8.689026,9.145392,7.61445,9.145392,3.864222,4.943666,6.944735,6.939645,7.61445,9.145392,9.145392,8.689026,4.058799,6.944735,9.145392,6.939645,6.939645,7.041462,9.145392,3.864222,7.041462,5.140321,7.041462,7.61445,6.939645,7.61445,5.140321,9.145392,6.944735,7.61445,5.140321,6.939645,7.61445,7.61445,3.864222,6.939645,5.140321,4.058799,9.145392,8.689026,6.939645,7.041462,6.939645,9.145392,6.944735
2017-10-23,5.18275,5.210536,6.378583,5.210536,8.311471,8.095963,6.826984,8.095963,5.210536,3.786196,6.280304,6.736762,6.826984,8.095963,8.095963,8.311471,4.999293,6.280304,8.095963,6.736762,6.736762,6.896373,8.095963,5.210536,6.896373,6.378583,6.896373,6.826984,6.736762,6.826984,6.378583,8.095963,6.280304,6.826984,6.378583,6.736762,6.826984,6.826984,5.210536,6.736762,6.378583,4.999293,8.095963,8.311471,6.736762,6.896373,6.736762,8.095963,6.280304
2017-10-30,4.502107,4.731377,6.23188,4.731377,8.235856,7.866635,5.781307,7.866635,4.731377,4.874065,5.286507,5.789021,5.781307,7.866635,7.866635,8.235856,4.071109,5.286507,7.866635,5.789021,5.789021,6.298446,7.866635,4.731377,6.298446,6.23188,6.298446,5.781307,5.789021,5.781307,6.23188,7.866635,5.286507,5.781307,6.23188,5.789021,5.781307,5.781307,4.731377,5.789021,6.23188,4.071109,7.866635,8.235856,5.789021,6.298446,5.789021,7.866635,5.286507
2017-11-06,4.225385,3.905672,5.217521,3.905672,7.520091,7.308356,5.847769,7.308356,3.905672,3.538112,5.301139,5.18142,5.847769,7.308356,7.308356,7.520091,3.596776,5.301139,7.308356,5.18142,5.18142,5.098019,7.308356,3.905672,5.098019,5.217521,5.098019,5.847769,5.18142,5.847769,5.217521,7.308356,5.301139,5.847769,5.217521,5.18142,5.847769,5.847769,3.905672,5.18142,5.217521,3.596776,7.308356,7.520091,5.18142,5.098019,5.18142,7.308356,5.301139
2017-11-13,3.980238,4.293225,4.843041,4.293225,5.715975,5.288928,3.743233,5.288928,4.293225,3.377916,3.825722,4.343064,3.743233,5.288928,5.288928,5.715975,4.041862,3.825722,5.288928,4.343064,4.343064,4.661088,5.288928,4.293225,4.661088,4.843041,4.661088,3.743233,4.343064,3.743233,4.843041,5.288928,3.825722,3.743233,4.843041,4.343064,3.743233,3.743233,4.293225,4.343064,4.843041,4.041862,5.288928,5.715975,4.343064,4.661088,4.343064,5.288928,3.825722
2017-11-20,3.75934,3.204687,4.071103,3.204687,5.435734,5.118416,3.730976,5.118416,3.204687,2.58761,3.263679,3.43482,3.730976,5.118416,5.118416,5.435734,2.754121,3.263679,5.118416,3.43482,3.43482,3.987016,5.118416,3.204687,3.987016,4.071103,3.987016,3.730976,3.43482,3.730976,4.071103,5.118416,3.263679,3.730976,4.071103,3.43482,3.730976,3.730976,3.204687,3.43482,4.071103,2.754121,5.118416,5.435734,3.43482,3.987016,3.43482,5.118416,3.263679
2017-11-27,3.64598,3.564286,4.679256,3.564286,6.477093,5.786653,4.094827,5.786653,3.564286,4.169661,3.819514,4.37847,4.094827,5.786653,5.786653,6.477093,2.780197,3.819514,5.786653,4.37847,4.37847,4.880412,5.786653,3.564286,4.880412,4.679256,4.880412,4.094827,4.37847,4.094827,4.679256,5.786653,3.819514,4.094827,4.679256,4.37847,4.094827,4.094827,3.564286,4.37847,4.679256,2.780197,5.786653,6.477093,4.37847,4.880412,4.37847,5.786653,3.819514
2017-12-04,3.390705,3.204659,4.349586,3.204659,5.23303,4.469933,2.756273,4.469933,3.204659,3.698539,2.716062,3.261959,2.756273,4.469933,4.469933,5.23303,2.631804,2.716062,4.469933,3.261959,3.261959,3.609457,4.469933,3.204659,3.609457,4.349586,3.609457,2.756273,3.261959,2.756273,4.349586,4.469933,2.716062,2.756273,4.349586,3.261959,2.756273,2.756273,3.204659,3.261959,4.349586,2.631804,4.469933,5.23303,3.261959,3.609457,3.261959,4.469933,2.716062
2017-12-11,3.769819,3.595281,4.317991,3.595281,5.430491,5.063332,3.662562,5.063332,3.595281,3.361649,3.364349,3.949487,3.662562,5.063332,5.063332,5.430491,3.502279,3.364349,5.063332,3.949487,3.949487,4.320134,5.063332,3.595281,4.320134,4.317991,4.320134,3.662562,3.949487,3.662562,4.317991,5.063332,3.364349,3.662562,4.317991,3.949487,3.662562,3.662562,3.595281,3.949487,4.317991,3.502279,5.063332,5.430491,3.949487,4.320134,3.949487,5.063332,3.364349
2017-12-18,3.541305,3.831064,4.620983,3.831064,5.02167,4.574953,3.471298,4.574953,3.831064,4.12339,3.448305,4.089622,3.471298,4.574953,4.574953,5.02167,3.369984,3.448305,4.574953,4.089622,4.089622,4.43734,4.574953,3.831064,4.43734,4.620983,4.43734,3.471298,4.089622,3.471298,4.620983,4.574953,3.448305,3.471298,4.620983,4.089622,3.471298,3.471298,3.831064,4.089622,4.620983,3.369984,4.574953,5.02167,4.089622,4.43734,4.089622,4.574953,3.448305
2017-12-25,3.606208,3.596405,4.503779,3.596405,5.563212,5.278687,3.851347,5.278687,3.596405,2.960285,3.030281,3.572661,3.851347,5.278687,5.278687,5.563212,3.014375,3.030281,5.278687,3.572661,3.572661,4.058311,5.278687,3.596405,4.058311,4.503779,4.058311,3.851347,3.572661,3.851347,4.503779,5.278687,3.030281,3.851347,4.503779,3.572661,3.851347,3.851347,3.596405,3.572661,4.503779,3.014375,5.278687,5.563212,3.572661,4.058311,3.572661,5.278687,3.030281
2018-01-01,3.33246,4.572326,5.09618,4.572326,5.748502,5.123037,3.759484,5.123037,4.572326,2.416585,3.72866,4.419302,3.759484,5.123037,5.123037,5.748502,4.204136,3.72866,5.123037,4.419302,4.419302,4.874076,5.123037,4.572326,4.874076,5.09618,4.874076,3.759484,4.419302,3.759484,5.09618,5.123037,3.72866,3.759484,5.09618,4.419302,3.759484,3.759484,4.572326,4.419302,5.09618,4.204136,5.123037,5.748502,4.419302,4.874076,4.419302,5.123037,3.72866
2018-01-08,3.198161,3.655878,4.389753,3.655878,5.330681,5.216783,4.652009,5.216783,3.655878,2.982795,4.928443,5.504158,4.652009,5.216783,5.216783,5.330681,3.125899,4.928443,5.216783,5.504158,5.504158,5.572699,5.216783,3.655878,5.572699,4.389753,5.572699,4.652009,5.504158,4.652009,4.389753,5.216783,4.928443,4.652009,4.389753,5.504158,4.652009,4.652009,3.655878,5.504158,4.389753,3.125899,5.216783,5.330681,5.504158,5.572699,5.504158,5.216783,4.928443
2018-01-15,4.045359,3.578113,4.265371,3.578113,4.815114,4.249471,3.174232,4.249471,3.578113,2.409582,3.26177,3.978699,3.174232,4.249471,4.249471,4.815114,3.266587,3.26177,4.249471,3.978699,3.978699,4.333638,4.249471,3.578113,4.333638,4.265371,4.333638,3.174232,3.978699,3.174232,4.265371,4.249471,3.26177,3.174232,4.265371,3.978699,3.174232,3.174232,3.578113,3.978699,4.265371,3.266587,4.249471,4.815114,3.978699,4.333638,3.978699,4.249471,3.26177
2018-01-22,2.997506,4.111743,4.930178,4.111743,5.79121,5.283783,4.113643,5.283783,4.111743,2.535182,4.294726,5.154074,4.113643,5.283783,5.283783,5.79121,3.46455,4.294726,5.283783,5.154074,5.154074,5.433782,5.283783,4.111743,5.433782,4.930178,5.433782,4.113643,5.154074,4.113643,4.930178,5.283783,4.294726,4.113643,4.930178,5.154074,4.113643,4.113643,4.111743,5.154074,4.930178,3.46455,5.283783,5.79121,5.154074,5.433782,5.154074,5.283783,4.294726
2018-01-29,3.662573,3.636199,4.124942,3.636199,5.420308,5.277989,4.105106,5.277989,3.636199,2.564899,3.361182,3.897723,4.105106,5.277989,5.277989,5.420308,3.377556,3.361182,5.277989,3.897723,3.897723,4.81847,5.277989,3.636199,4.81847,4.124942,4.81847,4.105106,3.897723,4.105106,4.124942,5.277989,3.361182,4.105106,4.124942,3.897723,4.105106,4.105106,3.636199,3.897723,4.124942,3.377556,5.277989,5.420308,3.897723,4.81847,3.897723,5.277989,3.361182
2018-02-05,3.578407,2.790008,3.383108,2.790008,4.706288,4.620504,3.654345,4.620504,2.790008,2.243028,3.320119,3.467391,3.654345,4.620504,4.620504,4.706288,2.880947,3.320119,4.620504,3.467391,3.467391,3.834894,4.620504,2.790008,3.834894,3.383108,3.834894,3.654345,3.467391,3.654345,3.383108,4.620504,3.320119,3.654345,3.383108,3.467391,3.654345,3.654345,2.790008,3.467391,3.383108,2.880947,4.620504,4.706288,3.467391,3.834894,3.467391,4.620504,3.320119
2018-02-12,3.051212,3.015572,3.577142,3.015572,4.309966,4.103414,3.043314,4.103414,3.015572,1.946048,2.767376,2.913642,3.043314,4.103414,4.103414,4.309966,2.775543,2.767376,4.103414,2.913642,2.913642,3.033842,4.103414,3.015572,3.033842,3.577142,3.033842,3.043314,2.913642,3.043314,3.577142,4.103414,2.767376,3.043314,3.577142,2.913642,3.043314,3.043314,3.015572,2.913642,3.577142,2.775543,4.103414,4.309966,2.913642,3.033842,2.913642,4.103414,2.767376
2018-02-19,3.677722,3.99446,4.715901,3.99446,5.479365,5.123389,4.071703,5.123389,3.99446,2.972991,3.4441,4.249508,4.071703,5.123389,5.123389,5.479365,3.641948,3.4441,5.123389,4.249508,4.249508,4.650483,5.123389,3.99446,4.650483,4.715901,4.650483,4.071703,4.249508,4.071703,4.715901,5.123389,3.4441,4.071703,4.715901,4.249508,4.071703,4.071703,3.99446,4.249508,4.715901,3.641948,5.123389,5.479365,4.249508,4.650483,4.249508,5.123389,3.4441
2018-02-26,3.621632,3.383877,3.80748,3.383877,4.462161,3.971412,2.905411,3.971412,3.383877,5.80316,2.678915,2.591467,2.905411,3.971412,3.971412,4.462161,3.24035,2.678915,3.971412,2.591467,2.591467,2.535574,3.971412,3.383877,2.535574,3.80748,2.535574,2.905411,2.591467,2.905411,3.80748,3.971412,2.678915,2.905411,3.80748,2.591467,2.905411,2.905411,3.383877,2.591467,3.80748,3.24035,3.971412,4.462161,2.591467,2.535574,2.591467,3.971412,2.678915
2018-03-05,2.494778,3.853774,4.663432,3.853774,5.750421,5.490888,4.346484,5.490888,3.853774,4.10612,3.484406,3.423268,4.346484,5.490888,5.490888,5.750421,3.598885,3.484406,5.490888,3.423268,3.423268,3.526638,5.490888,3.853774,3.526638,4.663432,3.526638,4.346484,3.423268,4.346484,4.663432,5.490888,3.484406,4.346484,4.663432,3.423268,4.346484,4.346484,3.853774,3.423268,4.663432,3.598885,5.490888,5.750421,3.423268,3.526638,3.423268,5.490888,3.484406
2018-03-12,3.020786,4.470227,4.916284,4.470227,5.618136,5.355788,4.37857,5.355788,4.470227,3.478563,3.912691,4.337206,4.37857,5.355788,5.355788,5.618136,4.415628,3.912691,5.355788,4.337206,4.337206,5.007176,5.355788,4.470227,5.007176,4.916284,5.007176,4.37857,4.337206,4.37857,4.916284,5.355788,3.912691,4.37857,4.916284,4.337206,4.37857,4.37857,4.470227,4.337206,4.916284,4.415628,5.355788,5.618136,4.337206,5.007176,4.337206,5.355788,3.912691
2018-03-19,3.059124,4.128996,5.095582,4.128996,5.584894,5.08879,4.019814,5.08879,4.128996,3.359961,3.537379,4.134833,4.019814,5.08879,5.08879,5.584894,3.616616,3.537379,5.08879,4.134833,4.134833,4.249467,5.08879,4.128996,4.249467,5.095582,4.249467,4.019814,4.134833,4.019814,5.095582,5.08879,3.537379,4.019814,5.095582,4.134833,4.019814,4.019814,4.128996,4.134833,5.095582,3.616616,5.08879,5.584894,4.134833,4.249467,4.134833,5.08879,3.537379
2018-03-26,3.681066,3.521401,3.920208,3.521401,4.391727,4.063395,3.147939,4.063395,3.521401,2.218327,3.070953,3.445139,3.147939,4.063395,4.063395,4.391727,2.922255,3.070953,4.063395,3.445139,3.445139,3.937887,4.063395,3.521401,3.937887,3.920208,3.937887,3.147939,3.445139,3.147939,3.920208,4.063395,3.070953,3.147939,3.920208,3.445139,3.147939,3.147939,3.521401,3.445139,3.920208,2.922255,4.063395,4.391727,3.445139,3.937887,3.445139,4.063395,3.070953
2018-04-02,2.904466,3.501903,3.945937,3.501903,5.189105,4.92269,3.698511,4.92269,3.501903,3.876817,3.696387,4.389436,3.698511,4.92269,4.92269,5.189105,3.172837,3.696387,4.92269,4.389436,4.389436,4.757907,4.92269,3.501903,4.757907,3.945937,4.757907,3.698511,4.389436,3.698511,3.945937,4.92269,3.696387,3.698511,3.945937,4.389436,3.698511,3.698511,3.501903,4.389436,3.945937,3.172837,4.92269,5.189105,4.389436,4.757907,4.389436,4.92269,3.696387
2018-04-09,2.901797,4.043718,4.345668,4.043718,5.491773,5.467418,4.842345,5.467418,4.043718,3.923076,4.139743,4.902432,4.842345,5.467418,5.467418,5.491773,3.89275,4.139743,5.467418,4.902432,4.902432,5.4015,5.467418,4.043718,5.4015,4.345668,5.4015,4.842345,4.902432,4.842345,4.345668,5.467418,4.139743,4.842345,4.345668,4.902432,4.842345,4.842345,4.043718,4.902432,4.345668,3.89275,5.467418,5.491773,4.902432,5.4015,4.902432,5.467418,4.139743
2018-04-16,4.303327,4.054955,4.506489,4.054955,5.356559,5.382059,4.927789,5.382059,4.054955,4.312168,4.780418,5.34658,4.927789,5.382059,5.382059,5.356559,3.767758,4.780418,5.382059,5.34658,5.34658,5.78863,5.382059,4.054955,5.78863,4.506489,5.78863,4.927789,5.34658,4.927789,4.506489,5.382059,4.780418,4.927789,4.506489,5.34658,4.927789,4.927789,4.054955,5.34658,4.506489,3.767758,5.382059,5.356559,5.34658,5.78863,5.34658,5.382059,4.780418
2018-04-23,4.555042,4.464008,5.342605,4.464008,6.446496,6.420062,5.560843,6.420062,4.464008,3.728663,6.106249,6.344414,5.560843,6.420062,6.420062,6.446496,4.102764,6.106249,6.420062,6.344414,6.344414,6.48226,6.420062,4.464008,6.48226,5.342605,6.48226,5.560843,6.344414,5.560843,5.342605,6.420062,6.106249,5.560843,5.342605,6.344414,5.560843,5.560843,4.464008,6.344414,5.342605,4.102764,6.420062,6.446496,6.344414,6.48226,6.344414,6.420062,6.106249
2018-04-30,3.696135,6.773257,6.817979,6.773257,6.342838,6.051363,5.758802,6.051363,6.773257,4.877416,5.784875,5.383956,5.758802,6.051363,6.051363,6.342838,6.244982,5.784875,6.051363,5.383956,5.383956,4.827847,6.051363,6.773257,4.827847,6.817979,4.827847,5.758802,5.383956,5.758802,6.817979,6.051363,5.784875,5.758802,6.817979,5.383956,5.758802,5.758802,6.773257,5.383956,6.817979,6.244982,6.051363,6.342838,5.383956,4.827847,5.383956,6.051363,5.784875
2018-05-07,4.436521,4.702202,5.598114,4.702202,6.139651,5.896978,5.467347,5.896978,4.702202,3.190227,5.897919,5.897702,5.467347,5.896978,5.896978,6.139651,3.328751,5.897919,5.896978,5.897702,5.897702,5.782172,5.896978,4.702202,5.782172,5.598114,5.782172,5.467347,5.897702,5.467347,5.598114,5.896978,5.897919,5.467347,5.598114,5.897702,5.467347,5.467347,4.702202,5.897702,5.598114,3.328751,5.896978,6.139651,5.897702,5.782172,5.897702,5.896978,5.897919
2018-05-14,4.731796,5.974941,6.238387,5.974941,6.979544,6.862315,6.092125,6.862315,5.974941,3.608201,5.740955,5.296773,6.092125,6.862315,6.862315,6.979544,5.496349,5.740955,6.862315,5.296773,5.296773,5.302216,6.862315,5.974941,5.302216,6.238387,5.302216,6.092125,5.296773,6.092125,6.238387,6.862315,5.740955,6.092125,6.238387,5.296773,6.092125,6.092125,5.974941,5.296773,6.238387,5.496349,6.862315,6.979544,5.296773,5.302216,5.296773,6.862315,5.740955
2018-05-21,4.712996,7.651696,6.884421,7.651696,7.007466,7.062234,6.311809,7.062234,7.651696,4.375019,6.747512,6.106007,6.311809,7.062234,7.062234,7.007466,7.283558,6.747512,7.062234,6.106007,6.106007,5.903882,7.062234,7.651696,5.903882,6.884421,5.903882,6.311809,6.106007,6.311809,6.884421,7.062234,6.747512,6.311809,6.884421,6.106007,6.311809,6.311809,7.651696,6.106007,6.884421,7.283558,7.062234,7.007466,6.106007,5.903882,6.106007,7.062234,6.747512
2018-05-28,4.573299,5.306903,6.249077,5.306903,7.860682,8.233052,8.122684,8.233052,5.306903,6.54016,8.257224,8.228565,8.122684,8.233052,8.233052,7.860682,4.482334,8.257224,8.233052,8.228565,8.228565,8.47676,8.233052,5.306903,8.47676,6.249077,8.47676,8.122684,8.228565,8.122684,6.249077,8.233052,8.257224,8.122684,6.249077,8.228565,8.122684,8.122684,5.306903,8.228565,6.249077,4.482334,8.233052,7.860682,8.228565,8.47676,8.228565,8.233052,8.257224
2018-06-04,4.829507,6.603649,6.821905,6.603649,7.847137,8.263165,8.518575,8.263165,6.603649,4.441798,8.343872,8.28118,8.518575,8.263165,8.263165,7.847137,5.814946,8.343872,8.263165,8.28118,8.28118,8.473002,8.263165,6.603649,8.473002,6.821905,8.473002,8.518575,8.28118,8.518575,6.821905,8.263165,8.343872,8.518575,6.821905,8.28118,8.518575,8.518575,6.603649,8.28118,6.821905,5.814946,8.263165,7.847137,8.28118,8.473002,8.28118,8.263165,8.343872
2018-06-11,4.511151,5.203777,5.753342,5.203777,7.6436,8.107302,8.128687,8.107302,5.203777,3.436636,8.456392,8.753617,8.128687,8.107302,8.107302,7.6436,4.602499,8.456392,8.107302,8.753617,8.753617,9.142724,8.107302,5.203777,9.142724,5.753342,9.142724,8.128687,8.753617,8.128687,5.753342,8.107302,8.456392,8.128687,5.753342,8.753617,8.128687,8.128687,5.203777,8.753617,5.753342,4.602499,8.107302,7.6436,8.753617,9.142724,8.753617,8.107302,8.456392
2018-06-18,5.235486,4.816234,5.805305,4.816234,8.141122,8.482707,7.426185,8.482707,4.816234,3.32257,7.046224,7.002735,7.426185,8.482707,8.482707,8.141122,4.350092,7.046224,8.482707,7.002735,7.002735,7.492336,8.482707,4.816234,7.492336,5.805305,7.492336,7.426185,7.002735,7.426185,5.805305,8.482707,7.046224,7.426185,5.805305,7.002735,7.426185,7.426185,4.816234,7.002735,5.805305,4.350092,8.482707,8.141122,7.002735,7.492336,7.002735,8.482707,7.046224
2018-06-25,5.167748,4.851857,6.827262,4.851857,8.96392,9.501519,8.783664,9.501519,4.851857,2.975512,8.686955,7.263927,8.783664,9.501519,9.501519,8.96392,3.575078,8.686955,9.501519,7.263927,7.263927,6.780062,9.501519,4.851857,6.780062,6.827262,6.780062,8.783664,7.263927,8.783664,6.827262,9.501519,8.686955,8.783664,6.827262,7.263927,8.783664,8.783664,4.851857,7.263927,6.827262,3.575078,9.501519,8.96392,7.263927,6.780062,7.263927,9.501519,8.686955
2018-07-02,5.1917,4.376019,5.662942,4.376019,9.07816,10.215831,9.967201,10.215831,4.376019,3.598605,9.718192,8.821586,9.967201,10.215831,10.215831,9.07816,3.56539,9.718192,10.215831,8.821586,8.821586,8.655094,10.215831,4.376019,8.655094,5.662942,8.655094,9.967201,8.821586,9.967201,5.662942,10.215831,9.718192,9.967201,5.662942,8.821586,9.967201,9.967201,4.376019,8.821586,5.662942,3.56539,10.215831,9.07816,8.821586,8.655094,8.821586,10.215831,9.718192
2018-07-09,5.502967,5.343612,7.123796,5.343612,9.588526,10.196469,9.578112,10.196469,5.343612,4.550653,9.926962,9.002201,9.578112,10.196469,10.196469,9.588526,3.632082,9.926962,10.196469,9.002201,9.002201,9.158411,10.196469,5.343612,9.158411,7.123796,9.158411,9.578112,9.002201,9.578112,7.123796,10.196469,9.926962,9.578112,7.123796,9.002201,9.578112,9.578112,5.343612,9.002201,7.123796,3.632082,10.196469,9.588526,9.002201,9.158411,9.002201,10.196469,9.926962
2018-07-16,5.980149,4.876409,5.833496,4.876409,9.495421,10.430174,9.407847,10.430174,4.876409,4.077164,9.497229,8.261056,9.407847,10.430174,10.430174,9.495421,3.773575,9.497229,10.430174,8.261056,8.261056,8.093596,10.430174,4.876409,8.093596,5.833496,8.093596,9.407847,8.261056,9.407847,5.833496,10.430174,9.497229,9.407847,5.833496,8.261056,9.407847,9.407847,4.876409,8.261056,5.833496,3.773575,10.430174,9.495421,8.261056,8.093596,8.261056,10.430174,9.497229
2018-07-23,6.095242,3.995325,5.78147,3.995325,9.930894,10.645013,9.776851,10.645013,3.995325,4.680536,9.75435,8.551679,9.776851,10.645013,10.645013,9.930894,2.946232,9.75435,10.645013,8.551679,8.551679,8.184241,10.645013,3.995325,8.184241,5.78147,8.184241,9.776851,8.551679,9.776851,5.78147,10.645013,9.75435,9.776851,5.78147,8.551679,9.776851,9.776851,3.995325,8.551679,5.78147,2.946232,10.645013,9.930894,8.551679,8.184241,8.551679,10.645013,9.75435
2018-07-30,6.499531,4.700569,5.328731,4.700569,9.549507,10.48963,10.155099,10.48963,4.700569,4.655267,11.397203,10.030971,10.155099,10.48963,10.48963,9.549507,3.862232,11.397203,10.48963,10.030971,10.030971,9.091914,10.48963,4.700569,9.091914,5.328731,9.091914,10.155099,10.030971,10.155099,5.328731,10.48963,11.397203,10.155099,5.328731,10.030971,10.155099,10.155099,4.700569,10.030971,5.328731,3.862232,10.48963,9.549507,10.030971,9.091914,10.030971,10.48963,11.397203
2018-08-06,6.391362,5.668564,6.804142,5.668564,10.37576,11.405599,10.506762,11.405599,5.668564,6.525501,11.540742,10.056044,10.506762,11.405599,11.405599,10.37576,5.388375,11.540742,11.405599,10.056044,10.056044,8.882202,11.405599,5.668564,8.882202,6.804142,8.882202,10.506762,10.056044,10.506762,6.804142,11.405599,11.540742,10.506762,6.804142,10.056044,10.506762,10.506762,5.668564,10.056044,6.804142,5.388375,11.405599,10.37576,10.056044,8.882202,10.056044,11.405599,11.540742
2018-08-13,5.907011,6.818946,7.583573,6.818946,11.417174,12.155099,11.351988,12.155099,6.818946,8.16604,10.432034,8.995522,11.351988,12.155099,12.155099,11.417174,5.331383,10.432034,12.155099,8.995522,8.995522,7.993227,12.155099,6.818946,7.993227,7.583573,7.993227,11.351988,8.995522,11.351988,7.583573,12.155099,10.432034,11.351988,7.583573,8.995522,11.351988,11.351988,6.818946,8.995522,7.583573,5.331383,12.155099,11.417174,8.995522,7.993227,8.995522,12.155099,10.432034
2018-08-20,5.888242,7.198819,7.728281,7.198819,10.73651,11.041925,9.748549,11.041925,7.198819,10.413283,8.569502,7.864047,9.748549,11.041925,11.041925,10.73651,6.996118,8.569502,11.041925,7.864047,7.864047,7.873276,11.041925,7.198819,7.873276,7.728281,7.873276,9.748549,7.864047,9.748549,7.728281,11.041925,8.569502,9.748549,7.728281,7.864047,9.748549,9.748549,7.198819,7.864047,7.728281,6.996118,11.041925,10.73651,7.864047,7.873276,7.864047,11.041925,8.569502
2018-08-27,5.34118,5.871592,6.471879,5.871592,10.432167,11.13555,9.68821,11.13555,5.871592,6.979876,9.198104,8.315392,9.68821,11.13555,11.13555,10.432167,6.135993,9.198104,11.13555,8.315392,8.315392,7.895889,11.13555,5.871592,7.895889,6.471879,7.895889,9.68821,8.315392,9.68821,6.471879,11.13555,9.198104,9.68821,6.471879,8.315392,9.68821,9.68821,5.871592,8.315392,6.471879,6.135993,11.13555,10.432167,8.315392,7.895889,8.315392,11.13555,9.198104
2018-09-03,5.75221,6.406442,6.983482,6.406442,11.122785,11.850309,10.381209,11.850309,6.406442,7.674812,8.38555,7.188907,10.381209,11.850309,11.850309,11.122785,6.620818,8.38555,11.850309,7.188907,7.188907,6.902148,11.850309,6.406442,6.902148,6.983482,6.902148,10.381209,7.188907,10.381209,6.983482,11.850309,8.38555,10.381209,6.983482,7.188907,10.381209,10.381209,6.406442,7.188907,6.983482,6.620818,11.850309,11.122785,7.188907,6.902148,7.188907,11.850309,8.38555
2018-09-10,5.875573,4.326033,6.394076,4.326033,10.792256,11.134704,10.209955,11.134704,4.326033,7.706583,9.157969,8.292665,10.209955,11.134704,11.134704,10.792256,3.876001,9.157969,11.134704,8.292665,8.292665,7.50204,11.134704,4.326033,7.50204,6.394076,7.50204,10.209955,8.292665,10.209955,6.394076,11.134704,9.157969,10.209955,6.394076,8.292665,10.209955,10.209955,4.326033,8.292665,6.394076,3.876001,11.134704,10.792256,8.292665,7.50204,8.292665,11.134704,9.157969
2018-09-17,5.31754,5.685307,7.174181,5.685307,10.947694,11.301933,9.971342,11.301933,5.685307,6.643482,9.146547,7.913799,9.971342,11.301933,11.301933,10.947694,5.271634,9.146547,11.301933,7.913799,7.913799,6.966811,11.301933,5.685307,6.966811,7.174181,6.966811,9.971342,7.913799,9.971342,7.174181,11.301933,9.146547,9.971342,7.174181,7.913799,9.971342,9.971342,5.685307,7.913799,7.174181,5.271634,11.301933,10.947694,7.913799,6.966811,7.913799,11.301933,9.146547
2018-09-24,4.988514,6.459186,7.327127,6.459186,10.439772,11.080829,10.057732,11.080829,6.459186,6.396913,8.989011,7.582744,10.057732,11.080829,11.080829,10.439772,6.175417,8.989011,11.080829,7.582744,7.582744,7.282607,11.080829,6.459186,7.282607,7.327127,7.282607,10.057732,7.582744,10.057732,7.327127,11.080829,8.989011,10.057732,7.327127,7.582744,10.057732,10.057732,6.459186,7.582744,7.327127,6.175417,11.080829,10.439772,7.582744,7.282607,7.582744,11.080829,8.989011
2018-10-01,4.442497,6.478553,7.18956,6.478553,9.376273,9.380721,7.890093,9.380721,6.478553,7.77587,6.807029,6.217368,7.890093,9.380721,9.380721,9.376273,6.613777,6.807029,9.380721,6.217368,6.217368,5.7246,9.380721,6.478553,5.7246,7.18956,5.7246,7.890093,6.217368,7.890093,7.18956,9.380721,6.807029,7.890093,7.18956,6.217368,7.890093,7.890093,6.478553,6.217368,7.18956,6.613777,9.380721,9.376273,6.217368,5.7246,6.217368,9.380721,6.807029
2018-10-08,4.286458,6.227412,6.845939,6.227412,8.354171,7.945122,6.380331,7.945122,6.227412,4.427629,6.193118,6.434697,6.380331,7.945122,7.945122,8.354171,5.268917,6.193118,7.945122,6.434697,6.434697,6.776011,7.945122,6.227412,6.776011,6.845939,6.776011,6.380331,6.434697,6.380331,6.845939,7.945122,6.193118,6.380331,6.845939,6.434697,6.380331,6.380331,6.227412,6.434697,6.845939,5.268917,7.945122,8.354171,6.434697,6.776011,6.434697,7.945122,6.193118
2018-10-15,5.082371,8.454414,8.433076,8.454414,8.95915,8.763,7.795823,8.763,8.454414,3.610851,7.831725,8.036754,7.795823,8.763,8.763,8.95915,8.612306,7.831725,8.763,8.036754,8.036754,8.220439,8.763,8.454414,8.220439,8.433076,8.220439,7.795823,8.036754,7.795823,8.433076,8.763,7.831725,7.795823,8.433076,8.036754,7.795823,7.795823,8.454414,8.036754,8.433076,8.612306,8.763,8.95915,8.036754,8.220439,8.036754,8.763,7.831725
2018-10-22,4.592092,6.181415,6.938956,6.181415,8.408403,8.624525,7.800712,8.624525,6.181415,4.28161,7.060211,6.56519,7.800712,8.624525,8.624525,8.408403,5.685244,7.060211,8.624525,6.56519,6.56519,6.003596,8.624525,6.181415,6.003596,6.938956,6.003596,7.800712,6.56519,7.800712,6.938956,8.624525,7.060211,7.800712,6.938956,6.56519,7.800712,7.800712,6.181415,6.56519,6.938956,5.685244,8.624525,8.408403,6.56519,6.003596,6.56519,8.624525,7.060211
2018-10-29,3.653501,4.35597,5.28305,4.35597,7.239319,7.133447,5.365793,7.133447,4.35597,4.760365,4.542186,4.231646,5.365793,7.133447,7.133447,7.239319,4.376851,4.542186,7.133447,4.231646,4.231646,4.294324,7.133447,4.35597,4.294324,5.28305,4.294324,5.365793,4.231646,5.365793,5.28305,7.133447,4.542186,5.365793,5.28305,4.231646,5.365793,5.365793,4.35597,4.231646,5.28305,4.376851,7.133447,7.239319,4.231646,4.294324,4.231646,7.133447,4.542186
2018-11-05,4.445609,4.400942,5.081077,4.400942,6.161952,6.022384,5.000815,6.022384,4.400942,6.419974,4.688229,4.736908,5.000815,6.022384,6.022384,6.161952,3.817656,4.688229,6.022384,4.736908,4.736908,4.765381,6.022384,4.400942,4.765381,5.081077,4.765381,5.000815,4.736908,5.000815,5.081077,6.022384,4.688229,5.000815,5.081077,4.736908,5.000815,5.000815,4.400942,4.736908,5.081077,3.817656,6.022384,6.161952,4.736908,4.765381,4.736908,6.022384,4.688229
2018-11-12,5.016934,4.372914,4.788177,4.372914,6.148777,6.19073,5.42576,6.19073,4.372914,3.688223,5.330577,5.746493,5.42576,6.19073,6.19073,6.148777,4.071139,5.330577,6.19073,5.746493,5.746493,5.991851,6.19073,4.372914,5.991851,4.788177,5.991851,5.42576,5.746493,5.42576,4.788177,6.19073,5.330577,5.42576,4.788177,5.746493,5.42576,5.42576,4.372914,5.746493,4.788177,4.071139,6.19073,6.148777,5.746493,5.991851,5.746493,6.19073,5.330577
2018-11-19,4.898333,5.203124,5.999042,5.203124,7.163814,7.251894,6.594379,7.251894,5.203124,4.704905,6.160584,5.820502,6.594379,7.251894,7.251894,7.163814,4.666129,6.160584,7.251894,5.820502,5.820502,5.399181,7.251894,5.203124,5.399181,5.999042,5.399181,6.594379,5.820502,6.594379,5.999042,7.251894,6.160584,6.594379,5.999042,5.820502,6.594379,6.594379,5.203124,5.820502,5.999042,4.666129,7.251894,7.163814,5.820502,5.399181,5.820502,7.251894,6.160584
2018-11-26,3.861482,4.409804,4.866101,4.409804,6.144924,5.819236,4.694503,5.819236,4.409804,6.976076,4.20494,4.338201,4.694503,5.819236,5.819236,6.144924,4.517383,4.20494,5.819236,4.338201,4.338201,4.309971,5.819236,4.409804,4.309971,4.866101,4.309971,4.694503,4.338201,4.694503,4.866101,5.819236,4.20494,4.694503,4.866101,4.338201,4.694503,4.694503,4.409804,4.338201,4.866101,4.517383,5.819236,6.144924,4.338201,4.309971,4.338201,5.819236,4.20494
2018-12-03,3.979915,4.230708,4.811388,4.230708,5.822693,5.27738,4.169096,5.27738,4.230708,7.412319,3.762623,4.96294,4.169096,5.27738,5.27738,5.822693,4.008928,3.762623,5.27738,4.96294,4.96294,5.729559,5.27738,4.230708,5.729559,4.811388,5.729559,4.169096,4.96294,4.169096,4.811388,5.27738,3.762623,4.169096,4.811388,4.96294,4.169096,4.169096,4.230708,4.96294,4.811388,4.008928,5.27738,5.822693,4.96294,5.729559,4.96294,5.27738,3.762623
2018-12-10,3.452399,4.330662,5.31174,4.330662,6.801178,6.221461,4.812623,6.221461,4.330662,3.043768,4.894711,5.346471,4.812623,6.221461,6.221461,6.801178,4.03523,4.894711,6.221461,5.346471,5.346471,5.636338,6.221461,4.330662,5.636338,5.31174,5.636338,4.812623,5.346471,4.812623,5.31174,6.221461,4.894711,4.812623,5.31174,5.346471,4.812623,4.812623,4.330662,5.346471,5.31174,4.03523,6.221461,6.801178,5.346471,5.636338,5.346471,6.221461,4.894711
2018-12-17,3.937598,3.923976,4.887115,3.923976,5.818381,5.357806,4.34887,5.357806,3.923976,3.013151,4.263656,4.194331,4.34887,5.357806,5.357806,5.818381,3.337804,4.263656,5.357806,4.194331,4.194331,3.889256,5.357806,3.923976,3.889256,4.887115,3.889256,4.34887,4.194331,4.34887,4.887115,5.357806,4.263656,4.34887,4.887115,4.194331,4.34887,4.34887,3.923976,4.194331,4.887115,3.337804,5.357806,5.818381,4.194331,3.889256,4.194331,5.357806,4.263656
2018-12-24,4.087076,3.648369,4.68591,3.648369,5.861955,5.386436,4.119623,5.386436,3.648369,2.459093,3.552808,4.970965,4.119623,5.386436,5.386436,5.861955,3.151906,3.552808,5.386436,4.970965,4.970965,5.713649,5.386436,3.648369,5.713649,4.68591,5.713649,4.119623,4.970965,4.119623,4.68591,5.386436,3.552808,4.119623,4.68591,4.970965,4.119623,4.119623,3.648369,4.970965,4.68591,3.151906,5.386436,5.861955,4.970965,5.713649,4.970965,5.386436,3.552808
2018-12-31,4.250585,3.031551,4.108174,3.031551,5.640513,5.457172,4.247701,5.457172,3.031551,3.303355,3.730693,3.748339,4.247701,5.457172,5.457172,5.640513,2.643263,3.730693,5.457172,3.748339,3.748339,3.421691,5.457172,3.031551,3.421691,4.108174,3.421691,4.247701,3.748339,4.247701,4.108174,5.457172,3.730693,4.247701,4.108174,3.748339,4.247701,4.247701,3.031551,3.748339,4.108174,2.643263,5.457172,5.640513,3.748339,3.421691,3.748339,5.457172,3.730693
2019-01-07,4.035985,2.991714,3.767265,2.991714,4.957401,4.595139,3.172602,4.595139,2.991714,2.9159,2.715435,2.753029,3.172602,4.595139,4.595139,4.957401,2.830009,2.715435,4.595139,2.753029,2.753029,2.918613,4.595139,2.991714,2.918613,3.767265,2.918613,3.172602,2.753029,3.172602,3.767265,4.595139,2.715435,3.172602,3.767265,2.753029,3.172602,3.172602,2.991714,2.753029,3.767265,2.830009,4.595139,4.957401,2.753029,2.918613,2.753029,4.595139,2.715435
2019-01-14,3.331403,2.75445,3.549417,2.75445,4.499684,4.36169,3.212352,4.36169,2.75445,1.927899,3.173992,3.657697,3.212352,4.36169,4.36169,4.499684,2.310932,3.173992,4.36169,3.657697,3.657697,4.149875,4.36169,2.75445,4.149875,3.549417,4.149875,3.212352,3.657697,3.212352,3.549417,4.36169,3.173992,3.212352,3.549417,3.657697,3.212352,3.212352,2.75445,3.657697,3.549417,2.310932,4.36169,4.499684,3.657697,4.149875,3.657697,4.36169,3.173992
2019-01-21,3.015922,3.899172,4.566092,3.899172,5.119038,4.738387,3.801705,4.738387,3.899172,1.900234,3.632598,3.561768,3.801705,4.738387,4.738387,5.119038,3.020014,3.632598,4.738387,3.561768,3.561768,3.352058,4.738387,3.899172,3.352058,4.566092,3.352058,3.801705,3.561768,3.801705,4.566092,4.738387,3.632598,3.801705,4.566092,3.561768,3.801705,3.801705,3.899172,3.561768,4.566092,3.020014,4.738387,5.119038,3.561768,3.352058,3.561768,4.738387,3.632598
2019-01-28,3.385578,4.080927,4.367959,4.080927,4.767528,4.245866,3.265547,4.245866,4.080927,2.151052,3.358253,3.751384,3.265547,4.245866,4.245866,4.767528,3.776242,3.358253,4.245866,3.751384,3.751384,3.930748,4.245866,4.080927,3.930748,4.367959,3.930748,3.265547,3.751384,3.265547,4.367959,4.245866,3.358253,3.265547,4.367959,3.751384,3.265547,3.265547,4.080927,3.751384,4.367959,3.776242,4.245866,4.767528,3.751384,3.930748,3.751384,4.245866,3.358253
2019-02-04,3.077602,3.535214,4.020411,3.535214,4.70789,4.291989,3.281982,4.291989,3.535214,2.840006,3.259825,3.689435,3.281982,4.291989,4.291989,4.70789,3.075243,3.259825,4.291989,3.689435,3.689435,3.724921,4.291989,3.535214,3.724921,4.020411,3.724921,3.281982,3.689435,3.281982,4.020411,4.291989,3.259825,3.281982,4.020411,3.689435,3.281982,3.281982,3.535214,3.689435,4.020411,3.075243,4.291989,4.70789,3.689435,3.724921,3.689435,4.291989,3.259825
2019-02-11,3.534979,3.446411,4.148022,3.446411,5.567346,5.213111,4.132077,5.213111,3.446411,1.682776,3.367632,4.198519,4.132077,5.213111,5.213111,5.567346,2.789076,3.367632,5.213111,4.198519,4.198519,4.697301,5.213111,3.446411,4.697301,4.148022,4.697301,4.132077,4.198519,4.132077,4.148022,5.213111,3.367632,4.132077,4.148022,4.198519,4.132077,4.132077,3.446411,4.198519,4.148022,2.789076,5.213111,5.567346,4.198519,4.697301,4.198519,5.213111,3.367632
2019-02-18,4.092001,2.288382,3.142081,2.288382,4.807586,4.816834,3.805756,4.816834,2.288382,4.080101,3.144342,3.486273,3.805756,4.816834,4.816834,4.807586,2.19444,3.144342,4.816834,3.486273,3.486273,3.652557,4.816834,2.288382,3.652557,3.142081,3.652557,3.805756,3.486273,3.805756,3.142081,4.816834,3.144342,3.805756,3.142081,3.486273,3.805756,3.805756,2.288382,3.486273,3.142081,2.19444,4.816834,4.807586,3.486273,3.652557,3.486273,4.816834,3.144342
2019-02-25,4.185973,2.775342,3.45744,2.775342,4.880547,4.791963,3.93025,4.791963,2.775342,2.798618,3.640668,4.151278,3.93025,4.791963,4.791963,4.880547,2.427124,3.640668,4.791963,4.151278,4.151278,4.164182,4.791963,2.775342,4.164182,3.45744,4.164182,3.93025,4.151278,3.93025,3.45744,4.791963,3.640668,3.93025,3.45744,4.151278,3.93025,3.93025,2.775342,4.151278,3.45744,2.427124,4.791963,4.880547,4.151278,4.164182,4.151278,4.791963,3.640668
2019-03-04,3.676574,3.209124,3.851718,3.209124,5.575784,5.335815,4.206705,5.335815,3.209124,2.905987,3.729109,4.355965,4.206705,5.335815,5.335815,5.575784,3.174516,3.729109,5.335815,4.355965,4.355965,4.917033,5.335815,3.209124,4.917033,3.851718,4.917033,4.206705,4.355965,4.206705,3.851718,5.335815,3.729109,4.206705,3.851718,4.355965,4.206705,4.206705,3.209124,4.355965,3.851718,3.174516,5.335815,5.575784,4.355965,4.917033,4.355965,5.335815,3.729109
2019-03-11,2.70735,3.417831,4.204938,3.417831,5.60869,5.360973,4.147532,5.360973,3.417831,2.734321,3.68289,4.356582,4.147532,5.360973,5.360973,5.60869,3.086623,3.68289,5.360973,4.356582,4.356582,4.756632,5.360973,3.417831,4.756632,4.204938,4.756632,4.147532,4.356582,4.147532,4.204938,5.360973,3.68289,4.147532,4.204938,4.356582,4.147532,4.147532,3.417831,4.356582,4.204938,3.086623,5.360973,5.60869,4.356582,4.756632,4.356582,5.360973,3.68289
2019-03-18,3.372591,3.474118,4.170288,3.474118,5.62984,5.24167,3.934128,5.24167,3.474118,2.568343,3.474918,4.114232,3.934128,5.24167,5.24167,5.62984,3.441074,3.474918,5.24167,4.114232,4.114232,4.553065,5.24167,3.474118,4.553065,4.170288,4.553065,3.934128,4.114232,3.934128,4.170288,5.24167,3.474918,3.934128,4.170288,4.114232,3.934128,3.934128,3.474118,4.114232,4.170288,3.441074,5.24167,5.62984,4.114232,4.553065,4.114232,5.24167,3.474918
2019-03-25,3.571014,4.105267,4.862336,4.105267,5.44502,4.980167,3.715318,4.980167,4.105267,2.668909,3.427433,3.5043,3.715318,4.980167,4.980167,5.44502,3.536758,3.427433,4.980167,3.5043,3.5043,3.645202,4.980167,4.105267,3.645202,4.862336,3.645202,3.715318,3.5043,3.715318,4.862336,4.980167,3.427433,3.715318,4.862336,3.5043,3.715318,3.715318,4.105267,3.5043,4.862336,3.536758,4.980167,5.44502,3.5043,3.645202,3.5043,4.980167,3.427433
2019-04-01,3.801147,3.876884,4.161115,3.876884,5.351273,5.17964,4.131831,5.17964,3.876884,5.168071,4.039462,3.651976,4.131831,5.17964,5.17964,5.351273,4.14834,4.039462,5.17964,3.651976,3.651976,3.856687,5.17964,3.876884,3.856687,4.161115,3.856687,4.131831,3.651976,4.131831,4.161115,5.17964,4.039462,4.131831,4.161115,3.651976,4.131831,4.131831,3.876884,3.651976,4.161115,4.14834,5.17964,5.351273,3.651976,3.856687,3.651976,5.17964,4.039462
2019-04-08,3.626341,4.291234,4.725684,4.291234,5.587675,5.379482,4.554483,5.379482,4.291234,3.997334,3.864084,4.201907,4.554483,5.379482,5.379482,5.587675,4.040575,3.864084,5.379482,4.201907,4.201907,4.111332,5.379482,4.291234,4.111332,4.725684,4.111332,4.554483,4.201907,4.554483,4.725684,5.379482,3.864084,4.554483,4.725684,4.201907,4.554483,4.554483,4.291234,4.201907,4.725684,4.040575,5.379482,5.587675,4.201907,4.111332,4.201907,5.379482,3.864084
2019-04-15,3.36983,3.335447,3.922234,3.335447,5.550111,5.337096,4.256613,5.337096,3.335447,2.860809,3.879799,3.675074,4.256613,5.337096,5.337096,5.550111,3.112772,3.879799,5.337096,3.675074,3.675074,3.459359,5.337096,3.335447,3.459359,3.922234,3.459359,4.256613,3.675074,4.256613,3.922234,5.337096,3.879799,4.256613,3.922234,3.675074,4.256613,4.256613,3.335447,3.675074,3.922234,3.112772,5.337096,5.550111,3.675074,3.459359,3.675074,5.337096,3.879799
2019-04-22,4.369123,4.446641,5.320666,4.446641,6.529878,6.469055,5.869975,6.469055,4.446641,3.480282,5.546378,5.419636,5.869975,6.469055,6.469055,6.529878,3.68055,5.546378,6.469055,5.419636,5.419636,5.229073,6.469055,4.446641,5.229073,5.320666,5.229073,5.869975,5.419636,5.869975,5.320666,6.469055,5.546378,5.869975,5.320666,5.419636,5.869975,5.869975,4.446641,5.419636,5.320666,3.68055,6.469055,6.529878,5.419636,5.229073,5.419636,6.469055,5.546378
2019-04-29,4.79641,4.424083,4.734128,4.424083,5.877767,5.966278,5.195045,5.966278,4.424083,4.399684,5.274174,5.256081,5.195045,5.966278,5.966278,5.877767,4.234757,5.274174,5.966278,5.256081,5.256081,5.420742,5.966278,4.424083,5.420742,4.734128,5.420742,5.195045,5.256081,5.195045,4.734128,5.966278,5.274174,5.195045,4.734128,5.256081,5.195045,5.195045,4.424083,5.256081,4.734128,4.234757,5.966278,5.877767,5.256081,5.420742,5.256081,5.966278,5.274174
2019-05-06,3.694724,5.772889,5.923769,5.772889,6.612808,6.173896,4.798679,6.173896,5.772889,4.69643,4.486199,3.924243,4.798679,6.173896,6.173896,6.612808,5.381142,4.486199,6.173896,3.924243,3.924243,4.202719,6.173896,5.772889,4.202719,5.923769,4.202719,4.798679,3.924243,4.798679,5.923769,6.173896,4.486199,4.798679,5.923769,3.924243,4.798679,4.798679,5.772889,3.924243,5.923769,5.381142,6.173896,6.612808,3.924243,4.202719,3.924243,6.173896,4.486199
2019-05-13,3.46747,4.415649,5.569557,4.415649,7.03365,6.609249,5.301951,6.609249,4.415649,3.952505,5.163313,5.075905,5.301951,6.609249,6.609249,7.03365,3.496326,5.163313,6.609249,5.075905,5.075905,5.178811,6.609249,4.415649,5.178811,5.569557,5.178811,5.301951,5.075905,5.301951,5.569557,6.609249,5.163313,5.301951,5.569557,5.075905,5.301951,5.301951,4.415649,5.075905,5.569557,3.496326,6.609249,7.03365,5.075905,5.178811,5.075905,6.609249,5.163313
2019-05-20,4.992445,3.539053,4.436963,3.539053,6.434258,6.414639,5.67911,6.414639,3.539053,4.278116,5.188303,4.548325,5.67911,6.414639,6.414639,6.434258,3.672934,5.188303,6.414639,4.548325,4.548325,4.515437,6.414639,3.539053,4.515437,4.436963,4.515437,5.67911,4.548325,5.67911,4.436963,6.414639,5.188303,5.67911,4.436963,4.548325,5.67911,5.67911,3.539053,4.548325,4.436963,3.672934,6.414639,6.434258,4.548325,4.515437,4.548325,6.414639,5.188303
2019-05-27,4.390423,5.492513,5.669733,5.492513,7.403003,7.361145,6.71619,7.361145,5.492513,4.414515,6.70535,6.081564,6.71619,7.361145,7.361145,7.403003,5.853209,6.70535,7.361145,6.081564,6.081564,5.747714,7.361145,5.492513,5.747714,5.669733,5.747714,6.71619,6.081564,6.71619,5.669733,7.361145,6.70535,6.71619,5.669733,6.081564,6.71619,6.71619,5.492513,6.081564,5.669733,5.853209,7.361145,7.403003,6.081564,5.747714,6.081564,7.361145,6.70535
2019-06-03,4.254133,5.185744,5.759545,5.185744,7.354187,7.149293,6.031393,7.149293,5.185744,3.911574,6.353002,6.444556,6.031393,7.149293,7.149293,7.354187,5.476668,6.353002,7.149293,6.444556,6.444556,6.393973,7.149293,5.185744,6.393973,5.759545,6.393973,6.031393,6.444556,6.031393,5.759545,7.149293,6.353002,6.031393,5.759545,6.444556,6.031393,6.031393,5.185744,6.444556,5.759545,5.476668,7.149293,7.354187,6.444556,6.393973,6.444556,7.149293,6.353002
2019-06-10,4.953046,5.196566,5.905309,5.196566,7.725593,7.384373,6.058116,7.384373,5.196566,3.058455,6.019681,5.856205,6.058116,7.384373,7.384373,7.725593,4.187195,6.019681,7.384373,5.856205,5.856205,5.961788,7.384373,5.196566,5.961788,5.905309,5.961788,6.058116,5.856205,6.058116,5.905309,7.384373,6.019681,6.058116,5.905309,5.856205,6.058116,6.058116,5.196566,5.856205,5.905309,4.187195,7.384373,7.725593,5.856205,5.961788,5.856205,7.384373,6.019681
2019-06-17,5.013135,4.678571,6.074506,4.678571,8.246603,8.133824,6.777276,8.133824,4.678571,3.235901,6.623286,6.15648,6.777276,8.133824,8.133824,8.246603,3.749301,6.623286,8.133824,6.15648,6.15648,6.181588,8.133824,4.678571,6.181588,6.074506,6.181588,6.777276,6.15648,6.777276,6.074506,8.133824,6.623286,6.777276,6.074506,6.15648,6.777276,6.777276,4.678571,6.15648,6.074506,3.749301,8.133824,8.246603,6.15648,6.181588,6.15648,8.133824,6.623286
2019-06-24,5.251153,4.446174,6.171223,4.446174,8.850567,8.806821,7.59339,8.806821,4.446174,3.12494,7.810247,7.410668,7.59339,8.806821,8.806821,8.850567,3.383015,7.810247,8.806821,7.410668,7.410668,7.059501,8.806821,4.446174,7.059501,6.171223,7.059501,7.59339,7.410668,7.59339,6.171223,8.806821,7.810247,7.59339,6.171223,7.410668,7.59339,7.59339,4.446174,7.410668,6.171223,3.383015,8.806821,8.850567,7.410668,7.059501,7.410668,8.806821,7.810247
2019-07-01,5.202167,3.936556,6.035347,3.936556,9.084646,9.335192,8.178666,9.335192,3.936556,4.277406,8.954614,9.437843,8.178666,9.335192,9.335192,9.084646,3.141499,8.954614,9.335192,9.437843,9.437843,9.082327,9.335192,3.936556,9.082327,6.035347,9.082327,8.178666,9.437843,8.178666,6.035347,9.335192,8.954614,8.178666,6.035347,9.437843,8.178666,8.178666,3.936556,9.437843,6.035347,3.141499,9.335192,9.084646,9.437843,9.082327,9.437843,9.335192,8.954614
2019-07-08,4.537714,4.51126,6.393857,4.51126,9.67442,10.052312,9.767588,10.052312,4.51126,4.191646,10.874818,10.109728,9.767588,10.052312,10.052312,9.67442,3.526939,10.874818,10.052312,10.109728,10.109728,7.293964,10.052312,4.51126,7.293964,6.393857,7.293964,9.767588,10.109728,9.767588,6.393857,10.052312,10.874818,9.767588,6.393857,10.109728,9.767588,9.767588,4.51126,10.109728,6.393857,3.526939,10.052312,9.67442,10.109728,7.293964,10.109728,10.052312,10.874818
2019-07-15,5.215955,3.84989,6.332421,3.84989,10.249731,10.597971,9.113309,10.597971,3.84989,5.063065,7.592762,6.146975,9.113309,10.597971,10.597971,10.249731,2.528559,7.592762,10.597971,6.146975,6.146975,5.922409,10.597971,3.84989,5.922409,6.332421,5.922409,9.113309,6.146975,9.113309,6.332421,10.597971,7.592762,9.113309,6.332421,6.146975,9.113309,9.113309,3.84989,6.146975,6.332421,2.528559,10.597971,10.249731,6.146975,5.922409,6.146975,10.597971,7.592762
2019-07-22,6.000983,5.779106,7.468286,5.779106,10.469102,10.999627,9.949445,10.999627,5.779106,3.701311,9.110151,7.987594,9.949445,10.999627,10.999627,10.469102,4.660761,9.110151,10.999627,7.987594,7.987594,7.254745,10.999627,5.779106,7.254745,7.468286,7.254745,9.949445,7.987594,9.949445,7.468286,10.999627,9.110151,9.949445,7.468286,7.987594,9.949445,9.949445,5.779106,7.987594,7.468286,4.660761,10.999627,10.469102,7.987594,7.254745,7.987594,10.999627,9.110151
2019-07-29,6.63419,4.651084,6.685249,4.651084,10.284642,10.575379,9.055731,10.575379,4.651084,3.949175,8.76444,8.716368,9.055731,10.575379,10.575379,10.284642,3.793377,8.76444,10.575379,8.716368,8.716368,8.621987,10.575379,4.651084,8.621987,6.685249,8.621987,9.055731,8.716368,9.055731,6.685249,10.575379,8.76444,9.055731,6.685249,8.716368,9.055731,9.055731,4.651084,8.716368,6.685249,3.793377,10.575379,10.284642,8.716368,8.621987,8.716368,10.575379,8.76444
2019-08-05,6.354526,3.802252,6.369514,3.802252,10.85587,11.651312,9.937752,11.651312,3.802252,4.690349,8.385362,6.99454,9.937752,11.651312,11.651312,10.85587,2.839278,8.385362,11.651312,6.99454,6.99454,6.67875,11.651312,3.802252,6.67875,6.369514,6.67875,9.937752,6.99454,9.937752,6.369514,11.651312,8.385362,9.937752,6.369514,6.99454,9.937752,9.937752,3.802252,6.99454,6.369514,2.839278,11.651312,10.85587,6.99454,6.67875,6.99454,11.651312,8.385362
2019-08-12,5.410602,6.322294,6.98256,6.322294,10.274881,10.507798,8.63294,10.507798,6.322294,5.239458,9.383942,8.758039,8.63294,10.507798,10.507798,10.274881,5.190423,9.383942,10.507798,8.758039,8.758039,7.938423,10.507798,6.322294,7.938423,6.98256,7.938423,8.63294,8.758039,8.63294,6.98256,10.507798,9.383942,8.63294,6.98256,8.758039,8.63294,8.63294,6.322294,8.758039,6.98256,5.190423,10.507798,10.274881,8.758039,7.938423,8.758039,10.507798,9.383942
2019-08-19,6.029498,6.324205,8.231315,6.324205,11.392526,11.31111,9.038032,11.31111,6.324205,5.588695,8.114005,7.433029,9.038032,11.31111,11.31111,11.392526,5.543884,8.114005,11.31111,7.433029,7.433029,7.221567,11.31111,6.324205,7.221567,8.231315,7.221567,9.038032,7.433029,9.038032,8.231315,11.31111,8.114005,9.038032,8.231315,7.433029,9.038032,9.038032,6.324205,7.433029,8.231315,5.543884,11.31111,11.392526,7.433029,7.221567,7.433029,11.31111,8.114005
2019-08-26,6.342214,6.724814,9.313745,6.724814,11.291932,10.404031,8.213685,10.404031,6.724814,8.892075,7.605086,6.916219,8.213685,10.404031,10.404031,11.291932,4.953898,7.605086,10.404031,6.916219,6.916219,6.621525,10.404031,6.724814,6.621525,9.313745,6.621525,8.213685,6.916219,8.213685,9.313745,10.404031,7.605086,8.213685,9.313745,6.916219,8.213685,8.213685,6.724814,6.916219,9.313745,4.953898,10.404031,11.291932,6.916219,6.621525,6.916219,10.404031,7.605086
2019-09-02,6.07931,6.538901,7.289219,6.538901,10.212426,10.749095,10.344759,10.749095,6.538901,9.643821,9.567147,8.062288,10.344759,10.749095,10.749095,10.212426,6.181098,9.567147,10.749095,8.062288,8.062288,6.972596,10.749095,6.538901,6.972596,7.289219,6.972596,10.344759,8.062288,10.344759,7.289219,10.749095,9.567147,10.344759,7.289219,8.062288,10.344759,10.344759,6.538901,8.062288,7.289219,6.181098,10.749095,10.212426,8.062288,6.972596,8.062288,10.749095,9.567147
2019-09-09,4.969479,8.571352,9.579183,8.571352,11.00492,10.300128,7.157489,10.300128,8.571352,5.716575,5.360538,4.928625,7.157489,10.300128,10.300128,11.00492,7.105428,5.360538,10.300128,4.928625,4.928625,5.222207,10.300128,8.571352,5.222207,9.579183,5.222207,7.157489,4.928625,7.157489,9.579183,10.300128,5.360538,7.157489,9.579183,4.928625,7.157489,7.157489,8.571352,4.928625,9.579183,7.105428,10.300128,11.00492,4.928625,5.222207,4.928625,10.300128,5.360538
2019-09-16,5.227939,6.010518,7.731227,6.010518,10.243502,10.421425,8.478524,10.421425,6.010518,4.664086,7.215397,6.657633,8.478524,10.421425,10.421425,10.243502,5.635413,7.215397,10.421425,6.657633,6.657633,6.801864,10.421425,6.010518,6.801864,7.731227,6.801864,8.478524,6.657633,8.478524,7.731227,10.421425,7.215397,8.478524,7.731227,6.657633,8.478524,8.478524,6.010518,6.657633,7.731227,5.635413,10.421425,10.243502,6.657633,6.801864,6.657633,10.421425,7.215397
2019-09-23,5.302742,3.912911,6.141967,3.912911,10.136785,10.381844,9.243956,10.381844,3.912911,5.018538,8.552764,7.339744,9.243956,10.381844,10.381844,10.136785,3.756378,8.552764,10.381844,7.339744,7.339744,6.413575,10.381844,3.912911,6.413575,6.141967,6.413575,9.243956,7.339744,9.243956,6.141967,10.381844,8.552764,9.243956,6.141967,7.339744,9.243956,9.243956,3.912911,7.339744,6.141967,3.756378,10.381844,10.136785,7.339744,6.413575,7.339744,10.381844,8.552764
2019-09-30,5.308159,5.2794,7.010628,5.2794,9.995781,9.797904,7.815313,9.797904,5.2794,3.829347,7.023099,7.085146,7.815313,9.797904,9.797904,9.995781,4.778821,7.023099,9.797904,7.085146,7.085146,7.436176,9.797904,5.2794,7.436176,7.010628,7.436176,7.815313,7.085146,7.815313,7.010628,9.797904,7.023099,7.815313,7.010628,7.085146,7.815313,7.815313,5.2794,7.085146,7.010628,4.778821,9.797904,9.995781,7.085146,7.436176,7.085146,9.797904,7.023099
2019-10-07,4.41516,4.852036,5.916508,4.852036,9.181489,8.480261,6.444067,8.480261,4.852036,3.830207,5.838134,6.321923,6.444067,8.480261,8.480261,9.181489,4.244742,5.838134,8.480261,6.321923,6.321923,6.565568,8.480261,4.852036,6.565568,5.916508,6.565568,6.444067,6.321923,6.444067,5.916508,8.480261,5.838134,6.444067,5.916508,6.321923,6.444067,6.444067,4.852036,6.321923,5.916508,4.244742,8.480261,9.181489,6.321923,6.565568,6.321923,8.480261,5.838134
2019-10-14,4.651282,5.414133,6.320884,5.414133,9.251513,9.715647,8.50252,9.715647,5.414133,5.209399,7.675504,7.557593,8.50252,9.715647,9.715647,9.251513,5.787762,7.675504,9.715647,7.557593,7.557593,7.445572,9.715647,5.414133,7.445572,6.320884,7.445572,8.50252,7.557593,8.50252,6.320884,9.715647,7.675504,8.50252,6.320884,7.557593,8.50252,8.50252,5.414133,7.557593,6.320884,5.787762,9.715647,9.251513,7.557593,7.445572,7.557593,9.715647,7.675504
2019-10-21,4.692018,5.25576,5.897291,5.25576,7.30283,6.750304,5.600482,6.750304,5.25576,4.62829,5.544466,6.226682,5.600482,6.750304,6.750304,7.30283,4.933838,5.544466,6.750304,6.226682,6.226682,6.774019,6.750304,5.25576,6.774019,5.897291,6.774019,5.600482,6.226682,5.600482,5.897291,6.750304,5.544466,5.600482,5.897291,6.226682,5.600482,5.600482,5.25576,6.226682,5.897291,4.933838,6.750304,7.30283,6.226682,6.774019,6.226682,6.750304,5.544466
2019-10-28,4.327629,5.05207,6.03825,5.05207,7.414991,7.31014,6.444881,7.31014,5.05207,4.271365,6.651134,6.987954,6.444881,7.31014,7.31014,7.414991,4.510839,6.651134,7.31014,6.987954,6.987954,6.879673,7.31014,5.05207,6.879673,6.03825,6.879673,6.444881,6.987954,6.444881,6.03825,7.31014,6.651134,6.444881,6.03825,6.987954,6.444881,6.444881,5.05207,6.987954,6.03825,4.510839,7.31014,7.414991,6.987954,6.879673,6.987954,7.31014,6.651134
2019-11-04,3.909548,6.0197,6.599433,6.0197,8.12913,7.75758,6.27118,7.75758,6.0197,4.664741,6.214094,6.599271,6.27118,7.75758,7.75758,8.12913,5.613896,6.214094,7.75758,6.599271,6.599271,6.618153,7.75758,6.0197,6.618153,6.599433,6.618153,6.27118,6.599271,6.27118,6.599433,7.75758,6.214094,6.27118,6.599433,6.599271,6.27118,6.27118,6.0197,6.599271,6.599433,5.613896,7.75758,8.12913,6.599271,6.618153,6.599271,7.75758,6.214094
2019-11-11,3.097176,4.231156,4.560606,4.231156,5.563133,5.099531,3.738776,5.099531,4.231156,4.348503,4.066916,4.698471,3.738776,5.099531,5.099531,5.563133,4.089362,4.066916,5.099531,4.698471,4.698471,4.922819,5.099531,4.231156,4.922819,4.560606,4.922819,3.738776,4.698471,3.738776,4.560606,5.099531,4.066916,3.738776,4.560606,4.698471,3.738776,3.738776,4.231156,4.698471,4.560606,4.089362,5.099531,5.563133,4.698471,4.922819,4.698471,5.099531,4.066916
2019-11-18,3.31791,3.962002,4.59213,3.962002,5.470108,5.024033,3.815558,5.024033,3.962002,2.900431,3.442644,4.031601,3.815558,5.024033,5.024033,5.470108,3.529809,3.442644,5.024033,4.031601,4.031601,4.113737,5.024033,3.962002,4.113737,4.59213,4.113737,3.815558,4.031601,3.815558,4.59213,5.024033,3.442644,3.815558,4.59213,4.031601,3.815558,3.815558,3.962002,4.031601,4.59213,3.529809,5.024033,5.470108,4.031601,4.113737,4.031601,5.024033,3.442644
2019-11-25,4.393238,3.815437,4.784781,3.815437,5.631591,5.281017,4.085941,5.281017,3.815437,3.84486,3.415629,4.08421,4.085941,5.281017,5.281017,5.631591,3.453523,3.415629,5.281017,4.08421,4.08421,4.585031,5.281017,3.815437,4.585031,4.784781,4.585031,4.085941,4.08421,4.085941,4.784781,5.281017,3.415629,4.085941,4.784781,4.08421,4.085941,4.085941,3.815437,4.08421,4.784781,3.453523,5.281017,5.631591,4.08421,4.585031,4.08421,5.281017,3.415629
2019-12-02,3.410985,4.427541,5.305358,4.427541,6.544785,6.257322,4.85115,6.257322,4.427541,3.888916,3.761856,4.699296,4.85115,6.257322,6.257322,6.544785,3.976984,3.761856,6.257322,4.699296,4.699296,5.022937,6.257322,4.427541,5.022937,5.305358,5.022937,4.85115,4.699296,4.85115,5.305358,6.257322,3.761856,4.85115,5.305358,4.699296,4.85115,4.85115,4.427541,4.699296,5.305358,3.976984,6.257322,6.544785,4.699296,5.022937,4.699296,6.257322,3.761856
2019-12-09,3.513247,4.310837,5.054216,4.310837,6.146915,5.870069,4.520151,5.870069,4.310837,3.843277,3.483687,4.160927,4.520151,5.870069,5.870069,6.146915,3.955932,3.483687,5.870069,4.160927,4.160927,4.441494,5.870069,4.310837,4.441494,5.054216,4.441494,4.520151,4.160927,4.520151,5.054216,5.870069,3.483687,4.520151,5.054216,4.160927,4.520151,4.520151,4.310837,4.160927,5.054216,3.955932,5.870069,6.146915,4.160927,4.441494,4.160927,5.870069,3.483687
2019-12-16,3.873921,4.152861,4.685677,4.152861,5.471958,5.08026,4.083021,5.08026,4.152861,2.811103,3.910637,4.678067,4.083021,5.08026,5.08026,5.471958,4.007177,3.910637,5.08026,4.678067,4.678067,5.125855,5.08026,4.152861,5.125855,4.685677,5.125855,4.083021,4.678067,4.083021,4.685677,5.08026,3.910637,4.083021,4.685677,4.678067,4.083021,4.083021,4.152861,4.678067,4.685677,4.007177,5.08026,5.471958,4.678067,5.125855,4.678067,5.08026,3.910637
2019-12-23,4.291347,4.188882,4.730623,4.188882,5.855911,5.739869,4.961156,5.739869,4.188882,5.202209,4.559269,5.104527,4.961156,5.739869,5.739869,5.855911,3.993916,4.559269,5.739869,5.104527,5.104527,5.405201,5.739869,4.188882,5.405201,4.730623,5.405201,4.961156,5.104527,4.961156,4.730623,5.739869,4.559269,4.961156,4.730623,5.104527,4.961156,4.961156,4.188882,5.104527,4.730623,3.993916,5.739869,5.855911,5.104527,5.405201,5.104527,5.739869,4.559269
2019-12-30,4.217769,3.65037,4.367104,3.65037,5.813642,5.573649,4.037016,5.573649,3.65037,2.901212,4.237048,4.64332,4.037016,5.573649,5.573649,5.813642,3.279771,4.237048,5.573649,4.64332,4.64332,4.699407,5.573649,3.65037,4.699407,4.367104,4.699407,4.037016,4.64332,4.037016,4.367104,5.573649,4.237048,4.037016,4.367104,4.64332,4.037016,4.037016,3.65037,4.64332,4.367104,3.279771,5.573649,5.813642,4.64332,4.699407,4.64332,5.573649,4.237048
2020-01-06,3.948133,2.663438,3.821714,2.663438,5.161089,4.861703,3.64159,4.861703,2.663438,2.279792,3.616218,4.035209,3.64159,4.861703,4.861703,5.161089,2.044298,3.616218,4.861703,4.035209,4.035209,4.311505,4.861703,2.663438,4.311505,3.821714,4.311505,3.64159,4.035209,3.64159,3.821714,4.861703,3.616218,3.64159,3.821714,4.035209,3.64159,3.64159,2.663438,4.035209,3.821714,2.044298,4.861703,5.161089,4.035209,4.311505,4.035209,4.861703,3.616218
2020-01-13,3.68504,3.53842,4.147022,3.53842,5.049542,4.648357,3.671051,4.648357,3.53842,2.734329,3.741501,4.003533,3.671051,4.648357,4.648357,5.049542,3.30816,3.741501,4.648357,4.003533,4.003533,4.784359,4.648357,3.53842,4.784359,4.147022,4.784359,3.671051,4.003533,3.671051,4.147022,4.648357,3.741501,3.671051,4.147022,4.003533,3.671051,3.671051,3.53842,4.003533,4.147022,3.30816,4.648357,5.049542,4.003533,4.784359,4.003533,4.648357,3.741501
2020-01-20,4.047584,3.295918,4.216684,3.295918,5.491068,5.085511,3.837881,5.085511,3.295918,2.699329,3.275842,3.573003,3.837881,5.085511,5.085511,5.491068,2.795037,3.275842,5.085511,3.573003,3.573003,4.140311,5.085511,3.295918,4.140311,4.216684,4.140311,3.837881,3.573003,3.837881,4.216684,5.085511,3.275842,3.837881,4.216684,3.573003,3.837881,3.837881,3.295918,3.573003,4.216684,2.795037,5.085511,5.491068,3.573003,4.140311,3.573003,5.085511,3.275842
2020-01-27,3.566886,3.149643,3.957855,3.149643,5.23343,5.145267,3.881017,5.145267,3.149643,2.691548,3.622471,4.292236,3.881017,5.145267,5.145267,5.23343,3.010996,3.622471,5.145267,4.292236,4.292236,4.228914,5.145267,3.149643,4.228914,3.957855,4.228914,3.881017,4.292236,3.881017,3.957855,5.145267,3.622471,3.881017,3.957855,4.292236,3.881017,3.881017,3.149643,4.292236,3.957855,3.010996,5.145267,5.23343,4.292236,4.228914,4.292236,5.145267,3.622471
2020-02-03,3.359593,3.905238,4.919736,3.905238,6.097229,5.729257,4.416478,5.729257,3.905238,2.483222,3.926819,5.19806,4.416478,5.729257,5.729257,6.097229,3.472031,3.926819,5.729257,5.19806,5.19806,5.990125,5.729257,3.905238,5.990125,4.919736,5.990125,4.416478,5.19806,4.416478,4.919736,5.729257,3.926819,4.416478,4.919736,5.19806,4.416478,4.416478,3.905238,5.19806,4.919736,3.472031,5.729257,6.097229,5.19806,5.990125,5.19806,5.729257,3.926819
2020-02-10,3.778418,3.51332,4.235041,3.51332,5.556361,5.158897,4.398833,5.158897,3.51332,3.070793,4.438072,4.571566,4.398833,5.158897,5.158897,5.556361,2.823863,4.438072,5.158897,4.571566,4.571566,4.612006,5.158897,3.51332,4.612006,4.235041,4.612006,4.398833,4.571566,4.398833,4.235041,5.158897,4.438072,4.398833,4.235041,4.571566,4.398833,4.398833,3.51332,4.571566,4.235041,2.823863,5.158897,5.556361,4.571566,4.612006,4.571566,5.158897,4.438072
2020-02-17,3.326469,3.716901,4.470459,3.716901,6.344786,6.166199,5.257419,6.166199,3.716901,3.561676,4.901092,4.806518,5.257419,6.166199,6.166199,6.344786,2.661856,4.901092,6.166199,4.806518,4.806518,4.841878,6.166199,3.716901,4.841878,4.470459,4.841878,5.257419,4.806518,5.257419,4.470459,6.166199,4.901092,5.257419,4.470459,4.806518,5.257419,5.257419,3.716901,4.806518,4.470459,2.661856,6.166199,6.344786,4.806518,4.841878,4.806518,6.166199,4.901092
2020-02-24,3.242985,3.322969,4.208498,3.322969,5.575202,5.311482,3.99734,5.311482,3.322969,5.840926,3.883389,3.921323,3.99734,5.311482,5.311482,5.575202,2.897203,3.883389,5.311482,3.921323,3.921323,4.452374,5.311482,3.322969,4.452374,4.208498,4.452374,3.99734,3.921323,3.99734,4.208498,5.311482,3.883389,3.99734,4.208498,3.921323,3.99734,3.99734,3.322969,3.921323,4.208498,2.897203,5.311482,5.575202,3.921323,4.452374,3.921323,5.311482,3.883389
2020-03-02,2.95769,3.613755,4.240498,3.613755,5.535841,5.27143,4.264131,5.27143,3.613755,2.649581,4.079472,4.520508,4.264131,5.27143,5.27143,5.535841,3.670542,4.079472,5.27143,4.520508,4.520508,4.622666,5.27143,3.613755,4.622666,4.240498,4.622666,4.264131,4.520508,4.264131,4.240498,5.27143,4.079472,4.264131,4.240498,4.520508,4.264131,4.264131,3.613755,4.520508,4.240498,3.670542,5.27143,5.535841,4.520508,4.622666,4.520508,5.27143,4.079472
2020-03-09,3.727111,3.564356,4.106347,3.564356,5.191447,4.960772,4.039036,4.960772,3.564356,4.180268,3.703435,4.418349,4.039036,4.960772,4.960772,5.191447,3.454312,3.703435,4.960772,4.418349,4.418349,4.794951,4.960772,3.564356,4.794951,4.106347,4.794951,4.039036,4.418349,4.039036,4.106347,4.960772,3.703435,4.039036,4.106347,4.418349,4.039036,4.039036,3.564356,4.418349,4.106347,3.454312,4.960772,5.191447,4.418349,4.794951,4.418349,4.960772,3.703435
2020-03-16,3.387686,3.645887,4.549623,3.645887,6.317904,6.296374,5.37352,6.296374,3.645887,2.797382,4.130549,4.783357,5.37352,6.296374,6.296374,6.317904,3.093566,4.130549,6.296374,4.783357,4.783357,5.1051,6.296374,3.645887,5.1051,4.549623,5.1051,5.37352,4.783357,5.37352,4.549623,6.296374,4.130549,5.37352,4.549623,4.783357,5.37352,5.37352,3.645887,4.783357,4.549623,3.093566,6.296374,6.317904,4.783357,5.1051,4.783357,6.296374,4.130549
2020-03-23,3.331053,5.365922,5.962648,5.365922,6.377096,6.040606,5.222393,6.040606,5.365922,3.424067,4.098272,5.425781,5.222393,6.040606,6.040606,6.377096,4.677567,4.098272,6.040606,5.425781,5.425781,5.227567,6.040606,5.365922,5.227567,5.962648,5.227567,5.222393,5.425781,5.222393,5.962648,6.040606,4.098272,5.222393,5.962648,5.425781,5.222393,5.222393,5.365922,5.425781,5.962648,4.677567,6.040606,6.377096,5.425781,5.227567,5.425781,6.040606,4.098272
2020-03-30,3.489919,4.862917,5.048083,4.862917,5.339779,4.961921,4.098846,4.961921,4.862917,3.250143,3.460375,3.427465,4.098846,4.961921,4.961921,5.339779,4.527399,3.460375,4.961921,3.427465,3.427465,3.08162,4.961921,4.862917,3.08162,5.048083,3.08162,4.098846,3.427465,4.098846,5.048083,4.961921,3.460375,4.098846,5.048083,3.427465,4.098846,4.098846,4.862917,3.427465,5.048083,4.527399,4.961921,5.339779,3.427465,3.08162,3.427465,4.961921,3.460375
2020-04-06,3.375574,3.617843,4.711402,3.617843,5.94175,5.841424,5.111225,5.841424,3.617843,3.219347,4.401155,4.06158,5.111225,5.841424,5.841424,5.94175,3.188775,4.401155,5.841424,4.06158,4.06158,3.878731,5.841424,3.617843,3.878731,4.711402,3.878731,5.111225,4.06158,5.111225,4.711402,5.841424,4.401155,5.111225,4.711402,4.06158,5.111225,5.111225,3.617843,4.06158,4.711402,3.188775,5.841424,5.94175,4.06158,3.878731,4.06158,5.841424,4.401155
2020-04-13,3.487432,3.977074,4.97111,3.977074,6.139132,6.062572,5.658157,6.062572,3.977074,3.461359,4.809132,5.166674,5.658157,6.062572,6.062572,6.139132,3.162871,4.809132,6.062572,5.166674,5.166674,4.77625,6.062572,3.977074,4.77625,4.97111,4.77625,5.658157,5.166674,5.658157,4.97111,6.062572,4.809132,5.658157,4.97111,5.166674,5.658157,5.658157,3.977074,5.166674,4.97111,3.162871,6.062572,6.139132,5.166674,4.77625,5.166674,6.062572,4.809132
2020-04-20,3.675001,5.367484,6.400316,5.367484,7.141887,7.014329,6.562163,7.014329,5.367484,5.985378,6.086393,5.97093,6.562163,7.014329,7.014329,7.141887,4.934533,6.086393,7.014329,5.97093,5.97093,5.904457,7.014329,5.367484,5.904457,6.400316,5.904457,6.562163,5.97093,6.562163,6.400316,7.014329,6.086393,6.562163,6.400316,5.97093,6.562163,6.562163,5.367484,5.97093,6.400316,4.934533,7.014329,7.141887,5.97093,5.904457,5.97093,7.014329,6.086393
2020-04-27,3.847246,4.873874,5.899906,4.873874,6.784645,6.808379,6.50381,6.808379,4.873874,4.688038,6.804294,7.315631,6.50381,6.808379,6.808379,6.784645,4.245852,6.804294,6.808379,7.315631,7.315631,6.708162,6.808379,4.873874,6.708162,5.899906,6.708162,6.50381,7.315631,6.50381,5.899906,6.808379,6.804294,6.50381,5.899906,7.315631,6.50381,6.50381,4.873874,7.315631,5.899906,4.245852,6.808379,6.784645,7.315631,6.708162,7.315631,6.808379,6.804294
2020-05-04,3.651688,5.030172,5.103259,5.030172,6.521419,6.582216,6.268627,6.582216,5.030172,4.835009,6.456334,6.805311,6.268627,6.582216,6.582216,6.521419,4.909431,6.456334,6.582216,6.805311,6.805311,6.604242,6.582216,5.030172,6.604242,5.103259,6.604242,6.268627,6.805311,6.268627,5.103259,6.582216,6.456334,6.268627,5.103259,6.805311,6.268627,6.268627,5.030172,6.805311,5.103259,4.909431,6.582216,6.521419,6.805311,6.604242,6.805311,6.582216,6.456334
2020-05-11,3.543643,5.01545,5.937739,5.01545,7.336395,7.373176,7.057294,7.373176,5.01545,4.44278,7.321636,7.305443,7.057294,7.373176,7.373176,7.336395,4.823462,7.321636,7.373176,7.305443,7.305443,7.237076,7.373176,5.01545,7.237076,5.937739,7.237076,7.057294,7.305443,7.057294,5.937739,7.373176,7.321636,7.057294,5.937739,7.305443,7.057294,7.057294,5.01545,7.305443,5.937739,4.823462,7.373176,7.336395,7.305443,7.237076,7.305443,7.373176,7.321636
2020-05-18,3.365062,4.77595,5.58778,4.77595,7.11141,7.117279,6.70585,7.117279,4.77595,3.880825,6.42841,5.599038,6.70585,7.117279,7.117279,7.11141,4.13043,6.42841,7.117279,5.599038,5.599038,4.51757,7.117279,4.77595,4.51757,5.58778,4.51757,6.70585,5.599038,6.70585,5.58778,7.117279,6.42841,6.70585,5.58778,5.599038,6.70585,6.70585,4.77595,5.599038,5.58778,4.13043,7.117279,7.11141,5.599038,4.51757,5.599038,7.117279,6.42841
2020-05-25,4.450745,3.521423,4.57663,3.521423,7.497488,7.91352,7.186666,7.91352,3.521423,4.816085,6.999032,5.782346,7.186666,7.91352,7.91352,7.497488,3.703747,6.999032,7.91352,5.782346,5.782346,5.549584,7.91352,3.521423,5.549584,4.57663,5.549584,7.186666,5.782346,7.186666,4.57663,7.91352,6.999032,7.186666,4.57663,5.782346,7.186666,7.186666,3.521423,5.782346,4.57663,3.703747,7.91352,7.497488,5.782346,5.549584,5.782346,7.91352,6.999032
2020-06-01,4.679189,6.727513,7.435514,6.727513,8.031217,7.833279,7.227529,7.833279,6.727513,4.349328,7.544969,6.415747,7.227529,7.833279,7.833279,8.031217,5.565975,7.544969,7.833279,6.415747,6.415747,5.386344,7.833279,6.727513,5.386344,7.435514,5.386344,7.227529,6.415747,7.227529,7.435514,7.833279,7.544969,7.227529,7.435514,6.415747,7.227529,7.227529,6.727513,6.415747,7.435514,5.565975,7.833279,8.031217,6.415747,5.386344,6.415747,7.833279,7.544969
2020-06-08,4.372076,7.567216,7.482917,7.567216,8.365922,8.510385,7.957511,8.510385,7.567216,4.15705,7.279531,6.86395,7.957511,8.510385,8.510385,8.365922,7.387906,7.279531,8.510385,6.86395,6.86395,6.507584,8.510385,7.567216,6.507584,7.482917,6.507584,7.957511,6.86395,7.957511,7.482917,8.510385,7.279531,7.957511,7.482917,6.86395,7.957511,7.957511,7.567216,6.86395,7.482917,7.387906,8.510385,8.365922,6.86395,6.507584,6.86395,8.510385,7.279531
2020-06-15,4.844666,6.140529,5.287455,6.140529,7.57853,7.852285,7.115831,7.852285,6.140529,4.013651,6.868031,6.59433,7.115831,7.852285,7.852285,7.57853,7.342951,6.868031,7.852285,6.59433,6.59433,6.833648,7.852285,6.140529,6.833648,5.287455,6.833648,7.115831,6.59433,7.115831,5.287455,7.852285,6.868031,7.115831,5.287455,6.59433,7.115831,7.115831,6.140529,6.59433,5.287455,7.342951,7.852285,7.57853,6.59433,6.833648,6.59433,7.852285,6.868031
2020-06-22,5.588173,4.782696,5.949636,4.782696,8.578458,9.31563,8.573987,9.31563,4.782696,3.964038,7.588979,6.411858,8.573987,9.31563,9.31563,8.578458,4.248149,7.588979,9.31563,6.411858,6.411858,6.576541,9.31563,4.782696,6.576541,5.949636,6.576541,8.573987,6.411858,8.573987,5.949636,9.31563,7.588979,8.573987,5.949636,6.411858,8.573987,8.573987,4.782696,6.411858,5.949636,4.248149,9.31563,8.578458,6.411858,6.576541,6.411858,9.31563,7.588979
2020-06-29,6.161739,3.688942,5.507442,3.688942,8.904304,9.762129,9.0743,9.762129,3.688942,2.852242,9.067948,8.259281,9.0743,9.762129,9.762129,8.904304,2.924755,9.067948,9.762129,8.259281,8.259281,7.786319,9.762129,3.688942,7.786319,5.507442,7.786319,9.0743,8.259281,9.0743,5.507442,9.762129,9.067948,9.0743,5.507442,8.259281,9.0743,9.0743,3.688942,8.259281,5.507442,2.924755,9.762129,8.904304,8.259281,7.786319,8.259281,9.762129,9.067948
2020-07-06,4.621787,5.485994,5.404835,5.485994,9.05781,10.115376,8.938194,10.115376,5.485994,3.363522,8.074353,7.022736,8.938194,10.115376,10.115376,9.05781,4.749504,8.074353,10.115376,7.022736,7.022736,6.610733,10.115376,5.485994,6.610733,5.404835,6.610733,8.938194,7.022736,8.938194,5.404835,10.115376,8.074353,8.938194,5.404835,7.022736,8.938194,8.938194,5.485994,7.022736,5.404835,4.749504,10.115376,9.05781,7.022736,6.610733,7.022736,10.115376,8.074353
2020-07-13,5.034318,4.065106,5.921257,4.065106,9.887015,10.574608,8.723252,10.574608,4.065106,4.776623,6.983799,5.819793,8.723252,10.574608,10.574608,9.887015,3.546509,6.983799,10.574608,5.819793,5.819793,5.771142,10.574608,4.065106,5.771142,5.921257,5.771142,8.723252,5.819793,8.723252,5.921257,10.574608,6.983799,8.723252,5.921257,5.819793,8.723252,8.723252,4.065106,5.819793,5.921257,3.546509,10.574608,9.887015,5.819793,5.771142,5.819793,10.574608,6.983799
2020-07-20,5.503157,6.147257,7.627208,6.147257,10.295056,10.513373,8.464278,10.513373,6.147257,6.560282,6.990221,6.681864,8.464278,10.513373,10.513373,10.295056,5.157028,6.990221,10.513373,6.681864,6.681864,7.001944,10.513373,6.147257,7.001944,7.627208,7.001944,8.464278,6.681864,8.464278,7.627208,10.513373,6.990221,8.464278,7.627208,6.681864,8.464278,8.464278,6.147257,6.681864,7.627208,5.157028,10.513373,10.295056,6.681864,7.001944,6.681864,10.513373,6.990221
2020-07-27,5.21247,4.214299,6.167807,4.214299,10.071829,11.009504,10.084182,11.009504,4.214299,5.200993,9.455686,8.227526,10.084182,11.009504,11.009504,10.071829,3.56425,9.455686,11.009504,8.227526,8.227526,6.956529,11.009504,4.214299,6.956529,6.167807,6.956529,10.084182,8.227526,10.084182,6.167807,11.009504,9.455686,10.084182,6.167807,8.227526,10.084182,10.084182,4.214299,8.227526,6.167807,3.56425,11.009504,10.071829,8.227526,6.956529,8.227526,11.009504,9.455686
2020-08-03,6.041179,4.318746,5.506935,4.318746,10.232756,11.109822,9.652346,11.109822,4.318746,3.900424,8.913954,8.019734,9.652346,11.109822,11.109822,10.232756,4.447362,8.913954,11.109822,8.019734,8.019734,7.522709,11.109822,4.318746,7.522709,5.506935,7.522709,9.652346,8.019734,9.652346,5.506935,11.109822,8.913954,9.652346,5.506935,8.019734,9.652346,9.652346,4.318746,8.019734,5.506935,4.447362,11.109822,10.232756,8.019734,7.522709,8.019734,11.109822,8.913954
2020-08-10,6.114474,5.21653,6.619651,5.21653,10.158687,10.382177,8.843719,10.382177,5.21653,7.285828,8.80915,8.729744,8.843719,10.382177,10.382177,10.158687,5.028133,8.80915,10.382177,8.729744,8.729744,7.991604,10.382177,5.21653,7.991604,6.619651,7.991604,8.843719,8.729744,8.843719,6.619651,10.382177,8.80915,8.843719,6.619651,8.729744,8.843719,8.843719,5.21653,8.729744,6.619651,5.028133,10.382177,10.158687,8.729744,7.991604,8.729744,10.382177,8.80915
2020-08-17,6.113972,4.388786,5.312114,4.388786,10.378589,10.901721,9.486323,10.901721,4.388786,9.43281,9.412827,9.646464,9.486323,10.901721,10.901721,10.378589,3.797939,9.412827,10.901721,9.646464,9.646464,9.833564,10.901721,4.388786,9.833564,5.312114,9.833564,9.486323,9.646464,9.486323,5.312114,10.901721,9.412827,9.486323,5.312114,9.646464,9.486323,9.486323,4.388786,9.646464,5.312114,3.797939,10.901721,10.378589,9.646464,9.833564,9.646464,10.901721,9.412827
2020-08-24,5.949436,4.636389,6.551086,4.636389,11.220849,11.716844,9.278365,11.716844,4.636389,6.582283,8.443895,7.847807,9.278365,11.716844,11.716844,11.220849,4.065592,8.443895,11.716844,7.847807,7.847807,7.93896,11.716844,4.636389,7.93896,6.551086,7.93896,9.278365,7.847807,9.278365,6.551086,11.716844,8.443895,9.278365,6.551086,7.847807,9.278365,9.278365,4.636389,7.847807,6.551086,4.065592,11.716844,11.220849,7.847807,7.93896,7.847807,11.716844,8.443895
2020-08-31,4.990746,6.591633,7.358818,6.591633,10.535696,10.553458,8.816533,10.553458,6.591633,10.491806,8.033533,7.255629,8.816533,10.553458,10.553458,10.535696,5.697104,8.033533,10.553458,7.255629,7.255629,7.047558,10.553458,6.591633,7.047558,7.358818,7.047558,8.816533,7.255629,8.816533,7.358818,10.553458,8.033533,8.816533,7.358818,7.255629,8.816533,8.816533,6.591633,7.255629,7.358818,5.697104,10.553458,10.535696,7.255629,7.047558,7.255629,10.553458,8.033533
2020-09-07,5.726838,7.454906,8.272571,7.454906,10.258828,9.983114,7.820561,9.983114,7.454906,8.802325,6.403807,5.846976,7.820561,9.983114,9.983114,10.258828,7.344337,6.403807,9.983114,5.846976,5.846976,5.816844,9.983114,7.454906,5.816844,8.272571,5.816844,7.820561,5.846976,7.820561,8.272571,9.983114,6.403807,7.820561,8.272571,5.846976,7.820561,7.820561,7.454906,5.846976,8.272571,7.344337,9.983114,10.258828,5.846976,5.816844,5.846976,9.983114,6.403807
2020-09-14,4.90783,6.19193,7.730222,6.19193,9.682154,9.228885,7.54296,9.228885,6.19193,8.119694,7.437607,7.509408,7.54296,9.228885,9.228885,9.682154,5.338792,7.437607,9.228885,7.509408,7.509408,7.29775,9.228885,6.19193,7.29775,7.730222,7.29775,7.54296,7.509408,7.54296,7.730222,9.228885,7.437607,7.54296,7.730222,7.509408,7.54296,7.54296,6.19193,7.509408,7.730222,5.338792,9.228885,9.682154,7.509408,7.29775,7.509408,9.228885,7.437607
2020-09-21,4.984486,4.796492,6.252841,4.796492,9.776361,9.865304,8.597637,9.865304,4.796492,5.11076,8.615865,9.344697,8.597637,9.865304,9.865304,9.776361,5.258183,8.615865,9.865304,9.344697,9.344697,9.446727,9.865304,4.796492,9.446727,6.252841,9.446727,8.597637,9.344697,8.597637,6.252841,9.865304,8.615865,8.597637,6.252841,9.344697,8.597637,8.597637,4.796492,9.344697,6.252841,5.258183,9.865304,9.776361,9.344697,9.446727,9.344697,9.865304,8.615865
2020-09-28,4.383193,4.701965,5.827679,4.701965,8.249189,7.753419,6.061646,7.753419,4.701965,6.102993,5.949438,6.420338,6.061646,7.753419,7.753419,8.249189,4.936325,5.949438,7.753419,6.420338,6.420338,6.503664,7.753419,4.701965,6.503664,5.827679,6.503664,6.061646,6.420338,6.061646,5.827679,7.753419,5.949438,6.061646,5.827679,6.420338,6.061646,6.061646,4.701965,6.420338,5.827679,4.936325,7.753419,8.249189,6.420338,6.503664,6.420338,7.753419,5.949438
2020-10-05,5.50706,4.732011,5.596558,4.732011,7.697135,7.397313,5.803144,7.397313,4.732011,7.257046,5.419096,6.026824,5.803144,7.397313,7.397313,7.697135,4.23986,5.419096,7.397313,6.026824,6.026824,6.413283,7.397313,4.732011,6.413283,5.596558,6.413283,5.803144,6.026824,5.803144,5.596558,7.397313,5.419096,5.803144,5.596558,6.026824,5.803144,5.803144,4.732011,6.026824,5.596558,4.23986,7.397313,7.697135,6.026824,6.413283,6.026824,7.397313,5.419096
2020-10-12,4.772308,5.022098,5.919209,5.022098,8.296386,8.091337,6.514931,8.091337,5.022098,6.309691,6.137498,6.237297,6.514931,8.091337,8.091337,8.296386,5.219109,6.137498,8.091337,6.237297,6.237297,6.249432,8.091337,5.022098,6.249432,5.919209,6.249432,6.514931,6.237297,6.514931,5.919209,8.091337,6.137498,6.514931,5.919209,6.237297,6.514931,6.514931,5.022098,6.237297,5.919209,5.219109,8.091337,8.296386,6.237297,6.249432,6.237297,8.091337,6.137498
2020-10-19,4.08863,3.991134,4.574092,3.991134,6.381806,5.993494,4.689237,5.993494,3.991134,4.900444,3.854134,4.800949,4.689237,5.993494,5.993494,6.381806,4.479239,3.854134,5.993494,4.800949,4.800949,4.914596,5.993494,3.991134,4.914596,4.574092,4.914596,4.689237,4.800949,4.689237,4.574092,5.993494,3.854134,4.689237,4.574092,4.800949,4.689237,4.689237,3.991134,4.800949,4.574092,4.479239,5.993494,6.381806,4.800949,4.914596,4.800949,5.993494,3.854134
2020-10-26,4.189038,4.871017,5.230164,4.871017,7.102801,7.025498,5.896404,7.025498,4.871017,5.152293,6.177424,6.557363,5.896404,7.025498,7.025498,7.102801,5.231541,6.177424,7.025498,6.557363,6.557363,6.963974,7.025498,4.871017,6.963974,5.230164,6.963974,5.896404,6.557363,5.896404,5.230164,7.025498,6.177424,5.896404,5.230164,6.557363,5.896404,5.896404,4.871017,6.557363,5.230164,5.231541,7.025498,7.102801,6.557363,6.963974,6.557363,7.025498,6.177424
2020-11-02,4.697928,3.839564,3.925829,3.839564,6.731154,6.740507,5.616412,6.740507,3.839564,5.400078,5.856641,6.301827,5.616412,6.740507,6.740507,6.731154,4.035724,5.856641,6.740507,6.301827,6.301827,6.739418,6.740507,3.839564,6.739418,3.925829,6.739418,5.616412,6.301827,5.616412,3.925829,6.740507,5.856641,5.616412,3.925829,6.301827,5.616412,5.616412,3.839564,6.301827,3.925829,4.035724,6.740507,6.731154,6.301827,6.739418,6.301827,6.740507,5.856641
2020-11-09,4.660236,3.86709,4.70122,3.86709,7.472745,7.449777,6.535009,7.449777,3.86709,4.898832,5.75198,5.711937,6.535009,7.449777,7.449777,7.472745,3.998047,5.75198,7.449777,5.711937,5.711937,5.708072,7.449777,3.86709,5.708072,4.70122,5.708072,6.535009,5.711937,6.535009,4.70122,7.449777,5.75198,6.535009,4.70122,5.711937,6.535009,6.535009,3.86709,5.711937,4.70122,3.998047,7.449777,7.472745,5.711937,5.708072,5.711937,7.449777,5.75198
2020-11-16,5.157739,4.11611,5.422616,4.11611,7.47763,6.961533,5.66127,6.961533,4.11611,3.443897,5.498177,5.746719,5.66127,6.961533,6.961533,7.47763,3.863072,5.498177,6.961533,5.746719,5.746719,6.056375,6.961533,4.11611,6.056375,5.422616,6.056375,5.66127,5.746719,5.66127,5.422616,6.961533,5.498177,5.66127,5.422616,5.746719,5.66127,5.66127,4.11611,5.746719,5.422616,3.863072,6.961533,7.47763,5.746719,6.056375,5.746719,6.961533,5.498177
2020-11-23,3.746464,4.243805,5.054302,4.243805,6.323998,5.921031,4.314478,5.921031,4.243805,3.918715,4.160453,4.131434,4.314478,5.921031,5.921031,6.323998,3.994913,4.160453,5.921031,4.131434,4.131434,4.238107,5.921031,4.243805,4.238107,5.054302,4.238107,4.314478,4.131434,4.314478,5.054302,5.921031,4.160453,4.314478,5.054302,4.131434,4.314478,4.314478,4.243805,4.131434,5.054302,3.994913,5.921031,6.323998,4.131434,4.238107,4.131434,5.921031,4.160453
2020-11-30,4.156913,3.551228,4.527532,3.551228,6.101069,6.266568,5.447944,6.266568,3.551228,3.563782,5.011672,4.811135,5.447944,6.266568,6.266568,6.101069,3.423422,5.011672,6.266568,4.811135,4.811135,4.801029,6.266568,3.551228,4.801029,4.527532,4.801029,5.447944,4.811135,5.447944,4.527532,6.266568,5.011672,5.447944,4.527532,4.811135,5.447944,5.447944,3.551228,4.811135,4.527532,3.423422,6.266568,6.101069,4.811135,4.801029,4.811135,6.266568,5.011672
2020-12-07,3.919992,3.442922,4.227011,3.442922,5.228833,4.718353,3.299627,4.718353,3.442922,4.320677,3.41406,3.89913,3.299627,4.718353,4.718353,5.228833,2.99277,3.41406,4.718353,3.89913,3.89913,4.04496,4.718353,3.442922,4.04496,4.227011,4.04496,3.299627,3.89913,3.299627,4.227011,4.718353,3.41406,3.299627,4.227011,3.89913,3.299627,3.299627,3.442922,3.89913,4.227011,2.99277,4.718353,5.228833,3.89913,4.04496,3.89913,4.718353,3.41406
2020-12-14,4.219026,4.737168,5.399611,4.737168,5.905082,5.317448,4.090767,5.317448,4.737168,3.363476,3.804161,4.517984,4.090767,5.317448,5.317448,5.905082,4.394768,3.804161,5.317448,4.517984,4.517984,4.959494,5.317448,4.737168,4.959494,5.399611,4.959494,4.090767,4.517984,4.090767,5.399611,5.317448,3.804161,4.090767,5.399611,4.517984,4.090767,4.090767,4.737168,4.517984,5.399611,4.394768,5.317448,5.905082,4.517984,4.959494,4.517984,5.317448,3.804161
2020-12-21,4.680607,4.126032,4.781213,4.126032,5.965584,5.655817,4.453645,5.655817,4.126032,4.26931,3.507344,4.67472,4.453645,5.655817,5.655817,5.965584,3.875826,3.507344,5.655817,4.67472,4.67472,5.349014,5.655817,4.126032,5.349014,4.781213,5.349014,4.453645,4.67472,4.453645,4.781213,5.655817,3.507344,4.453645,4.781213,4.67472,4.453645,4.453645,4.126032,4.67472,4.781213,3.875826,5.655817,5.965584,4.67472,5.349014,4.67472,5.655817,3.507344
2020-12-28,3.879919,3.781515,4.232352,3.781515,5.130879,4.704914,3.444726,4.704914,3.781515,5.710968,3.34993,4.099783,3.444726,4.704914,4.704914,5.130879,3.453168,3.34993,4.704914,4.099783,4.099783,4.523608,4.704914,3.781515,4.523608,4.232352,4.523608,3.444726,4.099783,3.444726,4.232352,4.704914,3.34993,3.444726,4.232352,4.099783,3.444726,3.444726,3.781515,4.099783,4.232352,3.453168,4.704914,5.130879,4.099783,4.523608,4.099783,4.704914,3.34993
2021-01-04,3.840661,3.35217,3.579136,3.35217,4.045138,3.738535,2.858298,3.738535,3.35217,4.596508,2.948723,3.184497,2.858298,3.738535,3.738535,4.045138,2.936119,2.948723,3.738535,3.184497,3.184497,3.402111,3.738535,3.35217,3.402111,3.579136,3.402111,2.858298,3.184497,2.858298,3.579136,3.738535,2.948723,2.858298,3.579136,3.184497,2.858298,2.858298,3.35217,3.184497,3.579136,2.936119,3.738535,4.045138,3.184497,3.402111,3.184497,3.738535,2.948723
2021-01-11,3.545218,4.228533,4.679121,4.228533,5.061287,4.358688,2.957777,4.358688,4.228533,5.401631,2.357868,2.430435,2.957777,4.358688,4.358688,5.061287,4.210686,2.357868,4.358688,2.430435,2.430435,2.626694,4.358688,4.228533,2.626694,4.679121,2.626694,2.957777,2.430435,2.957777,4.679121,4.358688,2.357868,2.957777,4.679121,2.430435,2.957777,2.957777,4.228533,2.430435,4.679121,4.210686,4.358688,5.061287,2.430435,2.626694,2.430435,4.358688,2.357868
2021-01-18,3.441435,3.474345,3.972233,3.474345,4.637566,4.318055,3.197176,4.318055,3.474345,3.702564,3.058083,3.785912,3.197176,4.318055,4.318055,4.637566,3.075154,3.058083,4.318055,3.785912,3.785912,4.29781,4.318055,3.474345,4.29781,3.972233,4.29781,3.197176,3.785912,3.197176,3.972233,4.318055,3.058083,3.197176,3.972233,3.785912,3.197176,3.197176,3.474345,3.785912,3.972233,3.075154,4.318055,4.637566,3.785912,4.29781,3.785912,4.318055,3.058083
2021-01-25,3.589228,3.516567,4.265109,3.516567,5.138402,4.730298,3.621684,4.730298,3.516567,3.370944,3.369859,3.861683,3.621684,4.730298,4.730298,5.138402,3.048056,3.369859,4.730298,3.861683,3.861683,4.185202,4.730298,3.516567,4.185202,4.265109,4.185202,3.621684,3.861683,3.621684,4.265109,4.730298,3.369859,3.621684,4.265109,3.861683,3.621684,3.621684,3.516567,3.861683,4.265109,3.048056,4.730298,5.138402,3.861683,4.185202,3.861683,4.730298,3.369859
2021-02-01,3.005439,4.769049,5.525928,4.769049,6.118454,5.647506,4.416797,5.647506,4.769049,2.881825,3.845225,4.740336,4.416797,5.647506,5.647506,6.118454,4.144649,3.845225,5.647506,4.740336,4.740336,5.551735,5.647506,4.769049,5.551735,5.525928,5.551735,4.416797,4.740336,4.416797,5.525928,5.647506,3.845225,4.416797,5.525928,4.740336,4.416797,4.416797,4.769049,4.740336,5.525928,4.144649,5.647506,6.118454,4.740336,5.551735,4.740336,5.647506,3.845225
2021-02-08,2.903891,3.653352,4.26088,3.653352,5.68232,5.545383,4.638706,5.545383,3.653352,3.643861,3.819932,4.741852,4.638706,5.545383,5.545383,5.68232,3.377853,3.819932,5.545383,4.741852,4.741852,4.927767,5.545383,3.653352,4.927767,4.26088,4.927767,4.638706,4.741852,4.638706,4.26088,5.545383,3.819932,4.638706,4.26088,4.741852,4.638706,4.638706,3.653352,4.741852,4.26088,3.377853,5.545383,5.68232,4.741852,4.927767,4.741852,5.545383,3.819932
2021-02-15,3.054575,4.260113,4.819985,4.260113,5.735235,5.363554,4.333632,5.363554,4.260113,3.516874,3.658337,3.846362,4.333632,5.363554,5.363554,5.735235,4.010612,3.658337,5.363554,3.846362,3.846362,3.230444,5.363554,4.260113,3.230444,4.819985,3.230444,4.333632,3.846362,4.333632,4.819985,5.363554,3.658337,4.333632,4.819985,3.846362,4.333632,4.333632,4.260113,3.846362,4.819985,4.010612,5.363554,5.735235,3.846362,3.230444,3.846362,5.363554,3.658337
2021-02-22,4.147183,2.384253,3.041279,2.384253,5.279775,5.555329,4.905781,5.555329,2.384253,3.468213,4.471543,5.052639,4.905781,5.555329,5.555329,5.279775,2.174581,4.471543,5.555329,5.052639,5.052639,5.603885,5.555329,2.384253,5.603885,3.041279,5.603885,4.905781,5.052639,4.905781,3.041279,5.555329,4.471543,4.905781,3.041279,5.052639,4.905781,4.905781,2.384253,5.052639,3.041279,2.174581,5.555329,5.279775,5.052639,5.603885,5.052639,5.555329,4.471543
2021-03-01,4.242688,2.98554,3.984647,2.98554,5.571153,5.595965,4.371062,5.595965,2.98554,2.800325,3.695932,4.641962,4.371062,5.595965,5.595965,5.571153,2.735418,3.695932,5.595965,4.641962,4.641962,4.942809,5.595965,2.98554,4.942809,3.984647,4.942809,4.371062,4.641962,4.371062,3.984647,5.595965,3.695932,4.371062,3.984647,4.641962,4.371062,4.371062,2.98554,4.641962,3.984647,2.735418,5.595965,5.571153,4.641962,4.942809,4.641962,5.595965,3.695932
2021-03-08,3.426421,4.598762,5.240829,4.598762,5.894466,5.681317,4.880733,5.681317,4.598762,2.695309,3.860546,4.555161,4.880733,5.681317,5.681317,5.894466,3.878637,3.860546,5.681317,4.555161,4.555161,4.489335,5.681317,4.598762,4.489335,5.240829,4.489335,4.880733,4.555161,4.880733,5.240829,5.681317,3.860546,4.880733,5.240829,4.555161,4.880733,4.880733,4.598762,4.555161,5.240829,3.878637,5.681317,5.894466,4.555161,4.489335,4.555161,5.681317,3.860546
2021-03-15,3.733847,3.789653,4.31916,3.789653,5.565639,5.104264,3.875639,5.104264,3.789653,4.414247,3.467119,4.093894,3.875639,5.104264,5.104264,5.565639,3.369381,3.467119,5.104264,4.093894,4.093894,4.520104,5.104264,3.789653,4.520104,4.31916,4.520104,3.875639,4.093894,3.875639,4.31916,5.104264,3.467119,3.875639,4.31916,4.093894,3.875639,3.875639,3.789653,4.093894,4.31916,3.369381,5.104264,5.565639,4.093894,4.520104,4.093894,5.104264,3.467119
2021-03-22,3.913908,3.687932,4.13945,3.687932,5.040655,4.548253,3.369406,4.548253,3.687932,3.961437,3.328286,3.594216,3.369406,4.548253,4.548253,5.040655,3.489594,3.328286,4.548253,3.594216,3.594216,3.978241,4.548253,3.687932,3.978241,4.13945,3.978241,3.369406,3.594216,3.369406,4.13945,4.548253,3.328286,3.369406,4.13945,3.594216,3.369406,3.369406,3.687932,3.594216,4.13945,3.489594,4.548253,5.040655,3.594216,3.978241,3.594216,4.548253,3.328286
2021-03-29,3.717984,2.15769,3.004671,2.15769,5.723802,5.819633,4.644637,5.819633,2.15769,2.571272,3.611361,4.161146,4.644637,5.819633,5.819633,5.723802,2.439596,3.611361,5.819633,4.161146,4.161146,4.577235,5.819633,2.15769,4.577235,3.004671,4.577235,4.644637,4.161146,4.644637,3.004671,5.819633,3.611361,4.644637,3.004671,4.161146,4.644637,4.644637,2.15769,4.161146,3.004671,2.439596,5.819633,5.723802,4.161146,4.577235,4.161146,5.819633,3.611361
2021-04-05,3.222595,2.661395,3.651582,2.661395,6.035651,6.139576,5.364074,6.139576,2.661395,2.351085,4.707736,4.689689,5.364074,6.139576,6.139576,6.035651,2.975037,4.707736,6.139576,4.689689,4.689689,4.861369,6.139576,2.661395,4.861369,3.651582,4.861369,5.364074,4.689689,5.364074,3.651582,6.139576,4.707736,5.364074,3.651582,4.689689,5.364074,5.364074,2.661395,4.689689,3.651582,2.975037,6.139576,6.035651,4.689689,4.861369,4.689689,6.139576,4.707736
2021-04-12,2.983429,3.549338,4.608218,3.549338,6.30893,5.910256,4.559759,5.910256,3.549338,3.914109,3.759564,3.841469,4.559759,5.910256,5.910256,6.30893,3.56408,3.759564,5.910256,3.841469,3.841469,3.997091,5.910256,3.549338,3.997091,4.608218,3.997091,4.559759,3.841469,4.559759,4.608218,5.910256,3.759564,4.559759,4.608218,3.841469,4.559759,4.559759,3.549338,3.841469,4.608218,3.56408,5.910256,6.30893,3.841469,3.997091,3.841469,5.910256,3.759564
2021-04-19,3.879844,4.548717,5.188152,4.548717,5.734536,5.182817,3.964298,5.182817,4.548717,3.223579,3.656883,3.41988,3.964298,5.182817,5.182817,5.734536,3.765501,3.656883,5.182817,3.41988,3.41988,3.544035,5.182817,4.548717,3.544035,5.188152,3.544035,3.964298,3.41988,3.964298,5.188152,5.182817,3.656883,3.964298,5.188152,3.41988,3.964298,3.964298,4.548717,3.41988,5.188152,3.765501,5.182817,5.734536,3.41988,3.544035,3.41988,5.182817,3.656883
2021-04-26,3.414239,4.56627,5.52477,4.56627,6.711421,6.419556,5.710598,6.419556,4.56627,3.721985,5.09528,5.681362,5.710598,6.419556,6.419556,6.711421,3.99778,5.09528,6.419556,5.681362,5.681362,5.23578,6.419556,4.56627,5.23578,5.52477,5.23578,5.710598,5.681362,5.710598,5.52477,6.419556,5.09528,5.710598,5.52477,5.681362,5.710598,5.710598,4.56627,5.681362,5.52477,3.99778,6.419556,6.711421,5.681362,5.23578,5.681362,6.419556,5.09528
2021-05-03,3.363633,4.361903,5.16275,4.361903,6.553996,6.452172,5.716995,6.452172,4.361903,5.425786,4.367578,4.78493,5.716995,6.452172,6.452172,6.553996,4.258708,4.367578,6.452172,4.78493,4.78493,4.27262,6.452172,4.361903,4.27262,5.16275,4.27262,5.716995,4.78493,5.716995,5.16275,6.452172,4.367578,5.716995,5.16275,4.78493,5.716995,5.716995,4.361903,4.78493,5.16275,4.258708,6.452172,6.553996,4.78493,4.27262,4.78493,6.452172,4.367578
2021-05-10,3.559769,5.73912,5.432139,5.73912,6.840285,6.858258,6.354213,6.858258,5.73912,4.263347,6.49102,6.315495,6.354213,6.858258,6.858258,6.840285,5.978283,6.49102,6.858258,6.315495,6.315495,6.167015,6.858258,5.73912,6.167015,5.432139,6.167015,6.354213,6.315495,6.354213,5.432139,6.858258,6.49102,6.354213,5.432139,6.315495,6.354213,6.354213,5.73912,6.315495,5.432139,5.978283,6.858258,6.840285,6.315495,6.167015,6.315495,6.858258,6.49102
2021-05-17,4.396723,3.618291,4.724135,3.618291,6.804722,6.748506,5.786912,6.748506,3.618291,3.149842,5.612184,5.698861,5.786912,6.748506,6.748506,6.804722,3.505932,5.612184,6.748506,5.698861,5.698861,5.883907,6.748506,3.618291,5.883907,4.724135,5.883907,5.786912,5.698861,5.786912,4.724135,6.748506,5.612184,5.786912,4.724135,5.698861,5.786912,5.786912,3.618291,5.698861,4.724135,3.505932,6.748506,6.804722,5.698861,5.883907,5.698861,6.748506,5.612184
2021-05-24,4.099573,4.855694,5.533703,4.855694,7.465001,7.331984,6.429779,7.331984,4.855694,3.708884,6.133329,5.645394,6.429779,7.331984,7.331984,7.465001,4.448565,6.133329,7.331984,5.645394,5.645394,5.467545,7.331984,4.855694,5.467545,5.533703,5.467545,6.429779,5.645394,6.429779,5.533703,7.331984,6.133329,6.429779,5.533703,5.645394,6.429779,6.429779,4.855694,5.645394,5.533703,4.448565,7.331984,7.465001,5.645394,5.467545,5.645394,7.331984,6.133329
2021-05-31,4.499542,6.710395,6.896043,6.710395,7.610465,7.537708,7.182299,7.537708,6.710395,4.298535,7.693133,6.864285,7.182299,7.537708,7.537708,7.610465,5.903258,7.693133,7.537708,6.864285,6.864285,6.052945,7.537708,6.710395,6.052945,6.896043,6.052945,7.182299,6.864285,7.182299,6.896043,7.537708,7.693133,7.182299,6.896043,6.864285,7.182299,7.182299,6.710395,6.864285,6.896043,5.903258,7.537708,7.610465,6.864285,6.052945,6.864285,7.537708,7.693133
2021-06-07,5.183259,5.646976,7.273713,5.646976,8.654792,8.727591,8.005431,8.727591,5.646976,3.432875,7.863119,7.759949,8.005431,8.727591,8.727591,8.654792,4.128109,7.863119,8.727591,7.759949,7.759949,7.623018,8.727591,5.646976,7.623018,7.273713,7.623018,8.005431,7.759949,8.005431,7.273713,8.727591,7.863119,8.005431,7.273713,7.759949,8.005431,8.005431,5.646976,7.759949,7.273713,4.128109,8.727591,8.654792,7.759949,7.623018,7.759949,8.727591,7.863119
2021-06-14,5.335922,4.815223,5.28172,4.815223,7.975999,8.784539,8.597565,8.784539,4.815223,2.614179,8.967712,7.801334,8.597565,8.784539,8.784539,7.975999,4.26133,8.967712,8.784539,7.801334,7.801334,7.41648,8.784539,4.815223,7.41648,5.28172,7.41648,8.597565,7.801334,8.597565,5.28172,8.784539,8.967712,8.597565,5.28172,7.801334,8.597565,8.597565,4.815223,7.801334,5.28172,4.26133,8.784539,7.975999,7.801334,7.41648,7.801334,8.784539,8.967712
2021-06-21,4.566905,3.951297,5.954131,3.951297,8.687751,8.997386,8.531707,8.997386,3.951297,2.943466,9.05253,9.371663,8.531707,8.997386,8.997386,8.687751,3.17955,9.05253,8.997386,9.371663,9.371663,9.340652,8.997386,3.951297,9.340652,5.954131,9.340652,8.531707,9.371663,8.531707,5.954131,8.997386,9.05253,8.531707,5.954131,9.371663,8.531707,8.531707,3.951297,9.371663,5.954131,3.17955,8.997386,8.687751,9.371663,9.340652,9.371663,8.997386,9.05253
2021-06-28,4.74637,4.946872,6.930547,4.946872,8.935888,8.690305,7.964748,8.690305,4.946872,3.192528,8.175596,7.682262,7.964748,8.690305,8.690305,8.935888,3.656793,8.175596,8.690305,7.682262,7.682262,7.645737,8.690305,4.946872,7.645737,6.930547,7.645737,7.964748,7.682262,7.964748,6.930547,8.690305,8.175596,7.964748,6.930547,7.682262,7.964748,7.964748,4.946872,7.682262,6.930547,3.656793,8.690305,8.935888,7.682262,7.645737,7.682262,8.690305,8.175596
2021-07-05,5.548841,3.625338,5.427021,3.625338,9.351274,9.812221,9.56793,9.812221,3.625338,4.616117,9.734584,8.578988,9.56793,9.812221,9.812221,9.351274,2.825944,9.734584,9.812221,8.578988,8.578988,8.242414,9.812221,3.625338,8.242414,5.427021,8.242414,9.56793,8.578988,9.56793,5.427021,9.812221,9.734584,9.56793,5.427021,8.578988,9.56793,9.56793,3.625338,8.578988,5.427021,2.825944,9.812221,9.351274,8.578988,8.242414,8.578988,9.812221,9.734584
2021-07-12,6.358062,3.947634,6.063776,3.947634,9.607618,9.896235,8.679185,9.896235,3.947634,4.891082,8.613786,7.615355,8.679185,9.896235,9.896235,9.607618,3.545332,8.613786,9.896235,7.615355,7.615355,7.298833,9.896235,3.947634,7.298833,6.063776,7.298833,8.679185,7.615355,8.679185,6.063776,9.896235,8.613786,8.679185,6.063776,7.615355,8.679185,8.679185,3.947634,7.615355,6.063776,3.545332,9.896235,9.607618,7.615355,7.298833,7.615355,9.896235,8.613786
2021-07-19,5.801867,5.33428,6.94672,5.33428,9.619119,9.480412,7.791747,9.480412,5.33428,4.087401,7.49076,7.677396,7.791747,9.480412,9.480412,9.619119,4.121444,7.49076,9.480412,7.677396,7.677396,8.141632,9.480412,5.33428,8.141632,6.94672,8.141632,7.791747,7.677396,7.791747,6.94672,9.480412,7.49076,7.791747,6.94672,7.677396,7.791747,7.791747,5.33428,7.677396,6.94672,4.121444,9.480412,9.619119,7.677396,8.141632,7.677396,9.480412,7.49076
2021-07-26,5.871166,4.123708,5.376719,4.123708,9.859818,10.588527,10.227392,10.588527,4.123708,4.238792,9.789212,8.613517,10.227392,10.588527,10.588527,9.859818,4.463286,9.789212,10.588527,8.613517,8.613517,8.409913,10.588527,4.123708,8.409913,5.376719,8.409913,10.227392,8.613517,10.227392,5.376719,10.588527,9.789212,10.227392,5.376719,8.613517,10.227392,10.227392,4.123708,8.613517,5.376719,4.463286,10.588527,9.859818,8.613517,8.409913,8.613517,10.588527,9.789212
2021-08-02,5.70079,3.475152,5.713922,3.475152,10.200721,10.981635,9.702079,10.981635,3.475152,5.692511,8.738166,7.168785,9.702079,10.981635,10.981635,10.200721,2.966626,8.738166,10.981635,7.168785,7.168785,7.088032,10.981635,3.475152,7.088032,5.713922,7.088032,9.702079,7.168785,9.702079,5.713922,10.981635,8.738166,9.702079,5.713922,7.168785,9.702079,9.702079,3.475152,7.168785,5.713922,2.966626,10.981635,10.200721,7.168785,7.088032,7.168785,10.981635,8.738166
2021-08-09,6.310288,4.34579,6.793935,4.34579,10.809474,11.219727,9.759616,11.219727,4.34579,5.022557,8.934442,8.063266,9.759616,11.219727,11.219727,10.809474,3.980727,8.934442,11.219727,8.063266,8.063266,7.760875,11.219727,4.34579,7.760875,6.793935,7.760875,9.759616,8.063266,9.759616,6.793935,11.219727,8.934442,9.759616,6.793935,8.063266,9.759616,9.759616,4.34579,8.063266,6.793935,3.980727,11.219727,10.809474,8.063266,7.760875,8.063266,11.219727,8.934442
2021-08-16,6.409935,3.079273,3.656373,3.079273,9.228511,10.504703,10.141286,10.504703,3.079273,6.020158,11.513492,9.743418,10.141286,10.504703,10.504703,9.228511,3.64138,11.513492,10.504703,9.743418,9.743418,8.34905,10.504703,3.079273,8.34905,3.656373,8.34905,10.141286,9.743418,10.141286,3.656373,10.504703,11.513492,10.141286,3.656373,9.743418,10.141286,10.141286,3.079273,9.743418,3.656373,3.64138,10.504703,9.228511,9.743418,8.34905,9.743418,10.504703,11.513492
2021-08-23,5.5448,4.835854,7.912449,4.835854,11.471446,11.649781,9.724952,11.649781,4.835854,5.363155,8.095389,7.066873,9.724952,11.649781,11.649781,11.471446,3.742061,8.095389,11.649781,7.066873,7.066873,7.078083,11.649781,4.835854,7.078083,7.912449,7.078083,9.724952,7.066873,9.724952,7.912449,11.649781,8.095389,9.724952,7.912449,7.066873,9.724952,9.724952,4.835854,7.066873,7.912449,3.742061,11.649781,11.471446,7.066873,7.078083,7.066873,11.649781,8.095389
2021-08-30,6.203493,4.15256,6.797418,4.15256,11.093447,11.473373,9.411847,11.473373,4.15256,4.858366,7.287613,6.372775,9.411847,11.473373,11.473373,11.093447,3.253643,7.287613,11.473373,6.372775,6.372775,6.748985,11.473373,4.15256,6.748985,6.797418,6.748985,9.411847,6.372775,9.411847,6.797418,11.473373,7.287613,9.411847,6.797418,6.372775,9.411847,9.411847,4.15256,6.372775,6.797418,3.253643,11.473373,11.093447,6.372775,6.748985,6.372775,11.473373,7.287613
2021-09-06,6.033677,4.502073,7.222373,4.502073,10.8965,11.168614,10.043274,11.168614,4.502073,4.658668,9.411759,8.8168,10.043274,11.168614,11.168614,10.8965,3.486188,9.411759,11.168614,8.8168,8.8168,8.626578,11.168614,4.502073,8.626578,7.222373,8.626578,10.043274,8.8168,10.043274,7.222373,11.168614,9.411759,10.043274,7.222373,8.8168,10.043274,10.043274,4.502073,8.8168,7.222373,3.486188,11.168614,10.8965,8.8168,8.626578,8.8168,11.168614,9.411759
2021-09-13,5.41399,4.84418,6.319376,4.84418,10.034175,10.640955,10.146091,10.640955,4.84418,4.28478,9.860121,9.673839,10.146091,10.640955,10.640955,10.034175,4.226647,9.860121,10.640955,9.673839,9.673839,9.323515,10.640955,4.84418,9.323515,6.319376,9.323515,10.146091,9.673839,10.146091,6.319376,10.640955,9.860121,10.146091,6.319376,9.673839,10.146091,10.146091,4.84418,9.673839,6.319376,4.226647,10.640955,10.034175,9.673839,9.323515,9.673839,10.640955,9.860121
2021-09-20,6.330788,4.240794,6.376652,4.240794,10.403412,10.304542,8.812138,10.304542,4.240794,4.631357,8.449764,8.499955,8.812138,10.304542,10.304542,10.403412,3.784802,8.449764,10.304542,8.499955,8.499955,8.646646,10.304542,4.240794,8.646646,6.376652,8.646646,8.812138,8.499955,8.812138,6.376652,10.304542,8.449764,8.812138,6.376652,8.499955,8.812138,8.812138,4.240794,8.499955,6.376652,3.784802,10.304542,10.403412,8.499955,8.646646,8.499955,10.304542,8.449764
2021-09-27,5.545941,4.622065,6.921139,4.622065,10.437517,10.32203,8.73912,10.32203,4.622065,4.375021,8.020432,7.90873,8.73912,10.32203,10.32203,10.437517,4.44937,8.020432,10.32203,7.90873,7.90873,7.522288,10.32203,4.622065,7.522288,6.921139,7.522288,8.73912,7.90873,8.73912,6.921139,10.32203,8.020432,8.73912,6.921139,7.90873,8.73912,8.73912,4.622065,7.90873,6.921139,4.44937,10.32203,10.437517,7.90873,7.522288,7.90873,10.32203,8.020432
2021-10-04,5.485791,5.29898,6.848164,5.29898,9.334918,9.207518,7.848159,9.207518,5.29898,4.726118,6.96525,6.682224,7.848159,9.207518,9.207518,9.334918,4.694881,6.96525,9.207518,6.682224,6.682224,6.58181,9.207518,5.29898,6.58181,6.848164,6.58181,7.848159,6.682224,7.848159,6.848164,9.207518,6.96525,7.848159,6.848164,6.682224,7.848159,7.848159,5.29898,6.682224,6.848164,4.694881,9.207518,9.334918,6.682224,6.58181,6.682224,9.207518,6.96525
2021-10-11,5.25949,4.595414,5.951231,4.595414,8.349327,8.200139,6.409092,8.200139,4.595414,3.991905,5.537323,5.420262,6.409092,8.200139,8.200139,8.349327,4.261601,5.537323,8.200139,5.420262,5.420262,5.79371,8.200139,4.595414,5.79371,5.951231,5.79371,6.409092,5.420262,6.409092,5.951231,8.200139,5.537323,6.409092,5.951231,5.420262,6.409092,6.409092,4.595414,5.420262,5.951231,4.261601,8.200139,8.349327,5.420262,5.79371,5.420262,8.200139,5.537323
2021-10-18,4.124306,4.765983,5.898577,4.765983,8.378458,8.20604,6.69087,8.20604,4.765983,4.548881,5.843396,5.50129,6.69087,8.20604,8.20604,8.378458,4.214197,5.843396,8.20604,5.50129,5.50129,5.523365,8.20604,4.765983,5.523365,5.898577,5.523365,6.69087,5.50129,6.69087,5.898577,8.20604,5.843396,6.69087,5.898577,5.50129,6.69087,6.69087,4.765983,5.50129,5.898577,4.214197,8.20604,8.378458,5.50129,5.523365,5.50129,8.20604,5.843396
2021-10-25,4.563913,5.1269,5.985128,5.1269,8.080325,7.855945,6.193695,7.855945,5.1269,5.011958,5.753025,6.009124,6.193695,7.855945,7.855945,8.080325,4.873315,5.753025,7.855945,6.009124,6.009124,6.172638,7.855945,5.1269,6.172638,5.985128,6.172638,6.193695,6.009124,6.193695,5.985128,7.855945,5.753025,6.193695,5.985128,6.009124,6.193695,6.193695,5.1269,6.009124,5.985128,4.873315,7.855945,8.080325,6.009124,6.172638,6.009124,7.855945,5.753025
2021-11-01,5.039506,6.456958,7.448777,6.456958,8.285057,7.890437,6.505095,7.890437,6.456958,5.201856,6.206181,6.216694,6.505095,7.890437,7.890437,8.285057,5.484501,6.206181,7.890437,6.216694,6.216694,6.217739,7.890437,6.456958,6.217739,7.448777,6.217739,6.505095,6.216694,6.505095,7.448777,7.890437,6.206181,6.505095,7.448777,6.216694,6.505095,6.505095,6.456958,6.216694,7.448777,5.484501,7.890437,8.285057,6.216694,6.217739,6.216694,7.890437,6.206181
2021-11-08,4.070982,4.960598,5.609141,4.960598,6.127198,5.71013,4.022569,5.71013,4.960598,4.636587,3.629809,4.266043,4.022569,5.71013,5.71013,6.127198,4.500071,3.629809,5.71013,4.266043,4.266043,4.504066,5.71013,4.960598,4.504066,5.609141,4.504066,4.022569,4.266043,4.022569,5.609141,5.71013,3.629809,4.022569,5.609141,4.266043,4.022569,4.022569,4.960598,4.266043,5.609141,4.500071,5.71013,6.127198,4.266043,4.504066,4.266043,5.71013,3.629809
2021-11-15,4.266437,4.454411,5.519703,4.454411,6.766811,6.606034,5.467395,6.606034,4.454411,3.695772,5.159708,4.858724,5.467395,6.606034,6.606034,6.766811,3.754251,5.159708,6.606034,4.858724,4.858724,4.765625,6.606034,4.454411,4.765625,5.519703,4.765625,5.467395,4.858724,5.467395,5.519703,6.606034,5.159708,5.467395,5.519703,4.858724,5.467395,5.467395,4.454411,4.858724,5.519703,3.754251,6.606034,6.766811,4.858724,4.765625,4.858724,6.606034,5.159708
2021-11-22,3.845011,4.536409,5.318254,4.536409,6.677476,6.484607,4.915095,6.484607,4.536409,3.86466,3.790672,4.326268,4.915095,6.484607,6.484607,6.677476,4.341652,3.790672,6.484607,4.326268,4.326268,4.227824,6.484607,4.536409,4.227824,5.318254,4.227824,4.915095,4.326268,4.915095,5.318254,6.484607,3.790672,4.915095,5.318254,4.326268,4.915095,4.915095,4.536409,4.326268,5.318254,4.341652,6.484607,6.677476,4.326268,4.227824,4.326268,6.484607,3.790672
2021-11-29,3.269297,3.85446,4.352136,3.85446,5.143077,4.802701,3.911909,4.802701,3.85446,4.915171,3.706326,3.803055,3.911909,4.802701,4.802701,5.143077,3.951886,3.706326,4.802701,3.803055,3.803055,3.501984,4.802701,3.85446,3.501984,4.352136,3.501984,3.911909,3.803055,3.911909,4.352136,4.802701,3.706326,3.911909,4.352136,3.803055,3.911909,3.911909,3.85446,3.803055,4.352136,3.951886,4.802701,5.143077,3.803055,3.501984,3.803055,4.802701,3.706326
2021-12-06,3.274023,4.153497,4.600291,4.153497,5.129039,4.725078,3.585677,4.725078,4.153497,4.467301,3.413481,4.111978,3.585677,4.725078,4.725078,5.129039,3.597478,3.413481,4.725078,4.111978,4.111978,4.615967,4.725078,4.153497,4.615967,4.600291,4.615967,3.585677,4.111978,3.585677,4.600291,4.725078,3.413481,3.585677,4.600291,4.111978,3.585677,3.585677,4.153497,4.111978,4.600291,3.597478,4.725078,5.129039,4.111978,4.615967,4.111978,4.725078,3.413481
2021-12-13,4.059423,4.037923,4.645626,4.037923,5.674474,5.294331,3.979417,5.294331,4.037923,6.278519,3.443813,4.085578,3.979417,5.294331,5.294331,5.674474,3.835433,3.443813,5.294331,4.085578,4.085578,4.501452,5.294331,4.037923,4.501452,4.645626,4.501452,3.979417,4.085578,3.979417,4.645626,5.294331,3.443813,3.979417,4.645626,4.085578,3.979417,3.979417,4.037923,4.085578,4.645626,3.835433,5.294331,5.674474,4.085578,4.501452,4.085578,5.294331,3.443813
2021-12-20,4.030171,3.325555,4.056123,3.325555,5.725098,5.72391,4.210032,5.72391,3.325555,6.7457,2.872486,3.353346,4.210032,5.72391,5.72391,5.725098,3.194674,2.872486,5.72391,3.353346,3.353346,3.628546,5.72391,3.325555,3.628546,4.056123,3.628546,4.210032,3.353346,4.210032,4.056123,5.72391,2.872486,4.210032,4.056123,3.353346,4.210032,4.210032,3.325555,3.353346,4.056123,3.194674,5.72391,5.725098,3.353346,3.628546,3.353346,5.72391,2.872486
2021-12-27,3.156408,4.069613,5.13494,4.069613,6.598285,6.544532,5.316487,6.544532,4.069613,2.542838,3.905364,4.508483,5.316487,6.544532,6.544532,6.598285,3.575036,3.905364,6.544532,4.508483,4.508483,4.821433,6.544532,4.069613,4.821433,5.13494,4.821433,5.316487,4.508483,5.316487,5.13494,6.544532,3.905364,5.316487,5.13494,4.508483,5.316487,5.316487,4.069613,4.508483,5.13494,3.575036,6.544532,6.598285,4.508483,4.821433,4.508483,6.544532,3.905364
2022-01-03,3.677145,4.593974,5.191605,4.593974,6.346611,5.964733,4.213195,5.964733,4.593974,2.901124,3.609001,5.351676,4.213195,5.964733,5.964733,6.346611,4.630517,3.609001,5.964733,5.351676,5.351676,6.157964,5.964733,4.593974,6.157964,5.191605,6.157964,4.213195,5.351676,4.213195,5.191605,5.964733,3.609001,4.213195,5.191605,5.351676,4.213195,4.213195,4.593974,5.351676,5.191605,4.630517,5.964733,6.346611,5.351676,6.157964,5.351676,5.964733,3.609001
2022-01-10,3.535933,3.544584,4.153409,3.544584,4.97508,4.584984,3.450224,4.584984,3.544584,3.577666,3.385519,3.978678,3.450224,4.584984,4.584984,4.97508,3.229284,3.385519,4.584984,3.978678,3.978678,4.451275,4.584984,3.544584,4.451275,4.153409,4.451275,3.450224,3.978678,3.450224,4.153409,4.584984,3.385519,3.450224,4.153409,3.978678,3.450224,3.450224,3.544584,3.978678,4.153409,3.229284,4.584984,4.97508,3.978678,4.451275,3.978678,4.584984,3.385519
2022-01-17,3.667864,2.923775,3.663989,2.923775,4.632164,4.362559,3.168834,4.362559,2.923775,2.846973,2.520729,2.599308,3.168834,4.362559,4.362559,4.632164,2.820501,2.520729,4.362559,2.599308,2.599308,2.875202,4.362559,2.923775,2.875202,3.663989,2.875202,3.168834,2.599308,3.168834,3.663989,4.362559,2.520729,3.168834,3.663989,2.599308,3.168834,3.168834,2.923775,2.599308,3.663989,2.820501,4.362559,4.632164,2.599308,2.875202,2.599308,4.362559,2.520729
2022-01-24,3.802952,3.089396,3.762971,3.089396,4.917576,4.675854,3.224875,4.675854,3.089396,1.925403,2.617361,3.026232,3.224875,4.675854,4.675854,4.917576,2.839758,2.617361,4.675854,3.026232,3.026232,3.153385,4.675854,3.089396,3.153385,3.762971,3.153385,3.224875,3.026232,3.224875,3.762971,4.675854,2.617361,3.224875,3.762971,3.026232,3.224875,3.224875,3.089396,3.026232,3.762971,2.839758,4.675854,4.917576,3.026232,3.153385,3.026232,4.675854,2.617361
2022-01-31,3.286355,3.480761,4.126409,3.480761,5.207943,4.755357,3.349485,4.755357,3.480761,1.879523,2.905886,3.201067,3.349485,4.755357,4.755357,5.207943,3.305437,2.905886,4.755357,3.201067,3.201067,3.472012,4.755357,3.480761,3.472012,4.126409,3.472012,3.349485,3.201067,3.349485,4.126409,4.755357,2.905886,3.349485,4.126409,3.201067,3.349485,3.349485,3.480761,3.201067,4.126409,3.305437,4.755357,5.207943,3.201067,3.472012,3.201067,4.755357,2.905886
2022-02-07,3.239293,3.136737,4.158487,3.136737,5.786797,5.465383,3.909311,5.465383,3.136737,1.667932,3.207695,4.210341,3.909311,5.465383,5.465383,5.786797,2.845677,3.207695,5.465383,4.210341,4.210341,4.649142,5.465383,3.136737,4.649142,4.158487,4.649142,3.909311,4.210341,3.909311,4.158487,5.465383,3.207695,3.909311,4.158487,4.210341,3.909311,3.909311,3.136737,4.210341,4.158487,2.845677,5.465383,5.786797,4.210341,4.649142,4.210341,5.465383,3.207695
2022-02-14,3.044308,3.274781,3.935394,3.274781,5.097683,5.056922,4.106744,5.056922,3.274781,2.084401,3.625206,3.989302,4.106744,5.056922,5.056922,5.097683,3.010992,3.625206,5.056922,3.989302,3.989302,4.354972,5.056922,3.274781,4.354972,3.935394,4.354972,4.106744,3.989302,4.106744,3.935394,5.056922,3.625206,4.106744,3.935394,3.989302,4.106744,4.106744,3.274781,3.989302,3.935394,3.010992,5.056922,5.097683,3.989302,4.354972,3.989302,5.056922,3.625206
2022-02-21,2.975336,3.494486,4.347898,3.494486,5.587873,5.072307,4.012544,5.072307,3.494486,2.866204,3.895857,4.722748,4.012544,5.072307,5.072307,5.587873,3.042411,3.895857,5.072307,4.722748,4.722748,5.207573,5.072307,3.494486,5.207573,4.347898,5.207573,4.012544,4.722748,4.012544,4.347898,5.072307,3.895857,4.012544,4.347898,4.722748,4.012544,4.012544,3.494486,4.722748,4.347898,3.042411,5.072307,5.587873,4.722748,5.207573,4.722748,5.072307,3.895857
2022-02-28,3.591781,3.163352,3.776925,3.163352,5.291239,5.133772,4.082933,5.133772,3.163352,3.704237,3.499299,4.098959,4.082933,5.133772,5.133772,5.291239,3.422784,3.499299,5.133772,4.098959,4.098959,4.093181,5.133772,3.163352,4.093181,3.776925,4.093181,4.082933,4.098959,4.082933,3.776925,5.133772,3.499299,4.082933,3.776925,4.098959,4.082933,4.082933,3.163352,4.098959,3.776925,3.422784,5.133772,5.291239,4.098959,4.093181,4.098959,5.133772,3.499299
2022-03-07,3.627109,3.524039,4.437057,3.524039,5.579258,5.492993,4.613337,5.492993,3.524039,5.584474,3.594949,4.166795,4.613337,5.492993,5.492993,5.579258,2.989461,3.594949,5.492993,4.166795,4.166795,4.349612,5.492993,3.524039,4.349612,4.437057,4.349612,4.613337,4.166795,4.613337,4.437057,5.492993,3.594949,4.613337,4.437057,4.166795,4.613337,4.613337,3.524039,4.166795,4.437057,2.989461,5.492993,5.579258,4.166795,4.349612,4.166795,5.492993,3.594949
2022-03-14,4.074491,3.106959,4.103786,3.106959,5.410655,5.480727,4.87711,5.480727,3.106959,3.152025,4.006202,4.594103,4.87711,5.480727,5.480727,5.410655,2.621632,4.006202,5.480727,4.594103,4.594103,4.88461,5.480727,3.106959,4.88461,4.103786,4.88461,4.87711,4.594103,4.87711,4.103786,5.480727,4.006202,4.87711,4.103786,4.594103,4.87711,4.87711,3.106959,4.594103,4.103786,2.621632,5.480727,5.410655,4.594103,4.88461,4.594103,5.480727,4.006202
2022-03-21,3.896336,4.270323,4.940046,4.270323,5.877267,5.920852,5.435019,5.920852,4.270323,3.97292,4.532979,4.643446,5.435019,5.920852,5.920852,5.877267,4.095933,4.532979,5.920852,4.643446,4.643446,4.726746,5.920852,4.270323,4.726746,4.940046,4.726746,5.435019,4.643446,5.435019,4.940046,5.920852,4.532979,5.435019,4.940046,4.643446,5.435019,5.435019,4.270323,4.643446,4.940046,4.095933,5.920852,5.877267,4.643446,4.726746,4.643446,5.920852,4.532979
2022-03-28,3.835928,2.582255,4.095864,2.582255,6.098936,6.064424,4.875781,6.064424,2.582255,5.772971,3.755491,4.248089,4.875781,6.064424,6.064424,6.098936,2.234622,3.755491,6.064424,4.248089,4.248089,4.330846,6.064424,2.582255,4.330846,4.095864,4.330846,4.875781,4.248089,4.875781,4.095864,6.064424,3.755491,4.875781,4.095864,4.248089,4.875781,4.875781,2.582255,4.248089,4.095864,2.234622,6.064424,6.098936,4.248089,4.330846,4.248089,6.064424,3.755491
2022-04-04,3.023935,4.123338,4.591382,4.123338,5.194318,4.702954,3.652869,4.702954,4.123338,4.459994,3.224669,3.533701,3.652869,4.702954,4.702954,5.194318,3.708629,3.224669,4.702954,3.533701,3.533701,3.952225,4.702954,4.123338,3.952225,4.591382,3.952225,3.652869,3.533701,3.652869,4.591382,4.702954,3.224669,3.652869,4.591382,3.533701,3.652869,3.652869,4.123338,3.533701,4.591382,3.708629,4.702954,5.194318,3.533701,3.952225,3.533701,4.702954,3.224669
2022-04-11,2.944155,3.736748,4.762905,3.736748,5.936718,5.519988,4.487239,5.519988,3.736748,4.163527,4.431208,4.71325,4.487239,5.519988,5.519988,5.936718,3.12502,4.431208,5.519988,4.71325,4.71325,5.095346,5.519988,3.736748,5.095346,4.762905,5.095346,4.487239,4.71325,4.487239,4.762905,5.519988,4.431208,4.487239,4.762905,4.71325,4.487239,4.487239,3.736748,4.71325,4.762905,3.12502,5.519988,5.936718,4.71325,5.095346,4.71325,5.519988,4.431208
2022-04-18,3.915564,4.491282,5.254643,4.491282,6.361092,6.410179,5.964509,6.410179,4.491282,3.557457,5.676449,5.792291,5.964509,6.410179,6.410179,6.361092,4.03539,5.676449,6.410179,5.792291,5.792291,6.031612,6.410179,4.491282,6.031612,5.254643,6.031612,5.964509,5.792291,5.964509,5.254643,6.410179,5.676449,5.964509,5.254643,5.792291,5.964509,5.964509,4.491282,5.792291,5.254643,4.03539,6.410179,6.361092,5.792291,6.031612,5.792291,6.410179,5.676449
2022-04-25,4.08444,3.589212,4.569482,3.589212,5.902287,5.909902,5.202166,5.909902,3.589212,3.320012,4.722923,5.728653,5.202166,5.909902,5.909902,5.902287,3.070189,4.722923,5.909902,5.728653,5.728653,5.935859,5.909902,3.589212,5.935859,4.569482,5.935859,5.202166,5.728653,5.202166,4.569482,5.909902,4.722923,5.202166,4.569482,5.728653,5.202166,5.202166,3.589212,5.728653,4.569482,3.070189,5.909902,5.902287,5.728653,5.935859,5.728653,5.909902,4.722923
2022-05-02,3.519831,5.390054,5.439954,5.390054,6.516072,6.693487,6.520968,6.693487,5.390054,4.0858,6.308253,5.995509,6.520968,6.693487,6.693487,6.516072,5.700176,6.308253,6.693487,5.995509,5.995509,5.597764,6.693487,5.390054,5.597764,5.439954,5.597764,6.520968,5.995509,6.520968,5.439954,6.693487,6.308253,6.520968,5.439954,5.995509,6.520968,6.520968,5.390054,5.995509,5.439954,5.700176,6.693487,6.516072,5.995509,5.597764,5.995509,6.693487,6.308253
2022-05-09,3.959614,4.926908,5.780375,4.926908,6.942876,6.795833,5.978712,6.795833,4.926908,3.889191,5.77954,6.034301,5.978712,6.795833,6.795833,6.942876,4.070081,5.77954,6.795833,6.034301,6.034301,6.158119,6.795833,4.926908,6.158119,5.780375,6.158119,5.978712,6.034301,5.978712,5.780375,6.795833,5.77954,5.978712,5.780375,6.034301,5.978712,5.978712,4.926908,6.034301,5.780375,4.070081,6.795833,6.942876,6.034301,6.158119,6.034301,6.795833,5.77954
2022-05-16,4.031756,3.906487,5.162834,3.906487,7.11307,7.322526,7.105771,7.322526,3.906487,2.812806,8.26831,7.817611,7.105771,7.322526,7.322526,7.11307,2.917007,8.26831,7.322526,7.817611,7.817611,7.254439,7.322526,3.906487,7.254439,5.162834,7.254439,7.105771,7.817611,7.105771,5.162834,7.322526,8.26831,7.105771,5.162834,7.817611,7.105771,7.105771,3.906487,7.817611,5.162834,2.917007,7.322526,7.11307,7.817611,7.254439,7.817611,7.322526,8.26831
2022-05-23,4.929193,3.462101,5.245929,3.462101,7.832257,8.202192,7.515532,8.202192,3.462101,2.704943,8.621769,8.803864,7.515532,8.202192,8.202192,7.832257,2.855175,8.621769,8.202192,8.803864,8.803864,8.833641,8.202192,3.462101,8.833641,5.245929,8.833641,7.515532,8.803864,7.515532,5.245929,8.202192,8.621769,7.515532,5.245929,8.803864,7.515532,7.515532,3.462101,8.803864,5.245929,2.855175,8.202192,7.832257,8.803864,8.833641,8.803864,8.202192,8.621769
2022-05-30,4.601657,4.450619,5.164647,4.450619,7.627737,8.032392,6.920854,8.032392,4.450619,3.296738,6.04412,5.149041,6.920854,8.032392,8.032392,7.627737,3.847378,6.04412,8.032392,5.149041,5.149041,5.480076,8.032392,4.450619,5.480076,5.164647,5.480076,6.920854,5.149041,6.920854,5.164647,8.032392,6.04412,6.920854,5.164647,5.149041,6.920854,6.920854,4.450619,5.149041,5.164647,3.847378,8.032392,7.627737,5.149041,5.480076,5.149041,8.032392,6.04412
2022-06-06,4.589974,3.77909,5.625491,3.77909,8.42595,8.639504,8.016479,8.639504,3.77909,3.164047,8.972561,8.564888,8.016479,8.639504,8.639504,8.42595,2.624557,8.972561,8.639504,8.564888,8.564888,7.915966,8.639504,3.77909,7.915966,5.625491,7.915966,8.016479,8.564888,8.016479,5.625491,8.639504,8.972561,8.016479,5.625491,8.564888,8.016479,8.016479,3.77909,8.564888,5.625491,2.624557,8.639504,8.42595,8.564888,7.915966,8.564888,8.639504,8.972561
2022-06-13,4.768007,5.219592,6.379006,5.219592,8.792795,9.150138,8.142409,9.150138,5.219592,3.874047,8.37674,7.706653,8.142409,9.150138,9.150138,8.792795,4.218194,8.37674,9.150138,7.706653,7.706653,7.397718,9.150138,5.219592,7.397718,6.379006,7.397718,8.142409,7.706653,8.142409,6.379006,9.150138,8.37674,8.142409,6.379006,7.706653,8.142409,8.142409,5.219592,7.706653,6.379006,4.218194,9.150138,8.792795,7.706653,7.397718,7.706653,9.150138,8.37674
2022-06-20,5.383073,3.902631,5.67386,3.902631,9.224423,9.845543,8.656447,9.845543,3.902631,6.431777,9.335373,9.433022,8.656447,9.845543,9.845543,9.224423,3.31741,9.335373,9.845543,9.433022,9.433022,8.953167,9.845543,3.902631,8.953167,5.67386,8.953167,8.656447,9.433022,8.656447,5.67386,9.845543,9.335373,8.656447,5.67386,9.433022,8.656447,8.656447,3.902631,9.433022,5.67386,3.31741,9.845543,9.224423,9.433022,8.953167,9.433022,9.845543,9.335373
2022-06-27,5.288065,3.947491,5.272991,3.947491,9.199441,9.224181,7.758114,9.224181,3.947491,4.074596,8.392874,8.516269,7.758114,9.224181,9.224181,9.199441,3.35381,8.392874,9.224181,8.516269,8.516269,8.446895,9.224181,3.947491,8.446895,5.272991,8.446895,7.758114,8.516269,7.758114,5.272991,9.224181,8.392874,7.758114,5.272991,8.516269,7.758114,7.758114,3.947491,8.516269,5.272991,3.35381,9.224181,9.199441,8.516269,8.446895,8.516269,9.224181,8.392874
2022-07-04,5.759618,4.106408,7.110378,4.106408,10.343683,10.396017,8.720108,10.396017,4.106408,4.287179,8.173659,7.236866,8.720108,10.396017,10.396017,10.343683,2.811799,8.173659,10.396017,7.236866,7.236866,6.757443,10.396017,4.106408,6.757443,7.110378,6.757443,8.720108,7.236866,8.720108,7.110378,10.396017,8.173659,8.720108,7.110378,7.236866,8.720108,8.720108,4.106408,7.236866,7.110378,2.811799,10.396017,10.343683,7.236866,6.757443,7.236866,10.396017,8.173659
2022-07-11,5.284431,5.853518,7.324594,5.853518,10.129837,10.468461,8.674655,10.468461,5.853518,3.535947,7.677044,7.005343,8.674655,10.468461,10.468461,10.129837,4.657365,7.677044,10.468461,7.005343,7.005343,7.107287,10.468461,5.853518,7.107287,7.324594,7.107287,8.674655,7.005343,8.674655,7.324594,10.468461,7.677044,8.674655,7.324594,7.005343,8.674655,8.674655,5.853518,7.005343,7.324594,4.657365,10.468461,10.129837,7.005343,7.107287,7.005343,10.468461,7.677044
2022-07-18,5.163299,5.381042,8.218495,5.381042,11.154549,11.292206,9.116007,11.292206,5.381042,3.503881,8.782413,8.108367,9.116007,11.292206,11.292206,11.154549,3.986896,8.782413,11.292206,8.108367,8.108367,7.620133,11.292206,5.381042,7.620133,8.218495,7.620133,9.116007,8.108367,9.116007,8.218495,11.292206,8.782413,9.116007,8.218495,8.108367,9.116007,9.116007,5.381042,8.108367,8.218495,3.986896,11.292206,11.154549,8.108367,7.620133,8.108367,11.292206,8.782413
2022-07-25,5.445645,5.023734,7.587541,5.023734,11.444269,11.870727,9.953288,11.870727,5.023734,4.963149,9.243323,8.422812,9.953288,11.870727,11.870727,11.444269,3.784752,9.243323,11.870727,8.422812,8.422812,8.264523,11.870727,5.023734,8.264523,7.587541,8.264523,9.953288,8.422812,9.953288,7.587541,11.870727,9.243323,9.953288,7.587541,8.422812,9.953288,9.953288,5.023734,8.422812,7.587541,3.784752,11.870727,11.444269,8.422812,8.264523,8.422812,11.870727,9.243323
2022-08-01,5.509121,4.023155,6.920787,4.023155,11.871519,12.599235,10.632125,12.599235,4.023155,4.803149,8.165226,6.877707,10.632125,12.599235,12.599235,11.871519,2.943987,8.165226,12.599235,6.877707,6.877707,7.358212,12.599235,4.023155,7.358212,6.920787,7.358212,10.632125,6.877707,10.632125,6.920787,12.599235,8.165226,10.632125,6.920787,6.877707,10.632125,10.632125,4.023155,6.877707,6.920787,2.943987,12.599235,11.871519,6.877707,7.358212,6.877707,12.599235,8.165226
2022-08-08,5.66988,5.792145,8.026091,5.792145,11.56549,11.947688,10.208138,11.947688,5.792145,4.094185,9.52371,8.391026,10.208138,11.947688,11.947688,11.56549,5.060425,9.52371,11.947688,8.391026,8.391026,7.309878,11.947688,5.792145,7.309878,8.026091,7.309878,10.208138,8.391026,10.208138,8.026091,11.947688,9.52371,10.208138,8.026091,8.391026,10.208138,10.208138,5.792145,8.391026,8.026091,5.060425,11.947688,11.56549,8.391026,7.309878,8.391026,11.947688,9.52371
2022-08-15,5.808792,4.882801,6.966529,4.882801,11.303003,11.843675,8.818843,11.843675,4.882801,4.013182,8.744156,8.661933,8.818843,11.843675,11.843675,11.303003,3.562965,8.744156,11.843675,8.661933,8.661933,8.430534,11.843675,4.882801,8.430534,6.966529,8.430534,8.818843,8.661933,8.818843,6.966529,11.843675,8.744156,8.818843,6.966529,8.661933,8.818843,8.818843,4.882801,8.661933,6.966529,3.562965,11.843675,11.303003,8.661933,8.430534,8.661933,11.843675,8.744156
2022-08-22,5.2065,4.129692,6.065538,4.129692,10.275537,10.280541,8.252945,10.280541,4.129692,6.722132,7.953243,8.060028,8.252945,10.280541,10.280541,10.275537,3.471681,7.953243,10.280541,8.060028,8.060028,8.785355,10.280541,4.129692,8.785355,6.065538,8.785355,8.252945,8.060028,8.252945,6.065538,10.280541,7.953243,8.252945,6.065538,8.060028,8.252945,8.252945,4.129692,8.060028,6.065538,3.471681,10.280541,10.275537,8.060028,8.785355,8.060028,10.280541,7.953243
2022-08-29,5.525281,5.549114,7.481705,5.549114,11.451501,12.005877,10.867447,12.005877,5.549114,7.685983,10.021314,8.960861,10.867447,12.005877,12.005877,11.451501,6.287342,10.021314,12.005877,8.960861,8.960861,8.439406,12.005877,5.549114,8.439406,7.481705,8.439406,10.867447,8.960861,10.867447,7.481705,12.005877,10.021314,10.867447,7.481705,8.960861,10.867447,10.867447,5.549114,8.960861,7.481705,6.287342,12.005877,11.451501,8.960861,8.439406,8.960861,12.005877,10.021314
2022-09-05,5.374434,4.480445,6.36635,4.480445,10.75657,11.034778,9.746243,11.034778,4.480445,6.793783,10.365531,10.04428,9.746243,11.034778,11.034778,10.75657,4.200106,10.365531,11.034778,10.04428,10.04428,9.801522,11.034778,4.480445,9.801522,6.36635,9.801522,9.746243,10.04428,9.746243,6.36635,11.034778,10.365531,9.746243,6.36635,10.04428,9.746243,9.746243,4.480445,10.04428,6.36635,4.200106,11.034778,10.75657,10.04428,9.801522,10.04428,11.034778,10.365531
2022-09-12,5.646164,5.352731,6.451527,5.352731,11.003235,11.326605,9.478739,11.326605,5.352731,6.488255,8.95831,8.630498,9.478739,11.326605,11.326605,11.003235,5.065537,8.95831,11.326605,8.630498,8.630498,8.449812,11.326605,5.352731,8.449812,6.451527,8.449812,9.478739,8.630498,9.478739,6.451527,11.326605,8.95831,9.478739,6.451527,8.630498,9.478739,9.478739,5.352731,8.630498,6.451527,5.065537,11.326605,11.003235,8.630498,8.449812,8.630498,11.326605,8.95831
2022-09-19,4.732352,4.365837,6.765302,4.365837,10.82313,10.646802,8.560332,10.646802,4.365837,4.121689,7.496603,7.073825,8.560332,10.646802,10.646802,10.82313,3.651695,7.496603,10.646802,7.073825,7.073825,7.29096,10.646802,4.365837,7.29096,6.765302,7.29096,8.560332,7.073825,8.560332,6.765302,10.646802,7.496603,8.560332,6.765302,7.073825,8.560332,8.560332,4.365837,7.073825,6.765302,3.651695,10.646802,10.82313,7.073825,7.29096,7.073825,10.646802,7.496603
2022-09-26,5.337322,5.895253,7.313464,5.895253,10.20984,10.177596,8.007933,10.177596,5.895253,5.983195,6.327143,5.805053,8.007933,10.177596,10.177596,10.20984,5.569178,6.327143,10.177596,5.805053,5.805053,6.077545,10.177596,5.895253,6.077545,7.313464,6.077545,8.007933,5.805053,8.007933,7.313464,10.177596,6.327143,8.007933,7.313464,5.805053,8.007933,8.007933,5.895253,5.805053,7.313464,5.569178,10.177596,10.20984,5.805053,6.077545,5.805053,10.177596,6.327143
2022-10-03,5.505497,5.407556,6.486701,5.407556,8.406668,7.692614,6.097136,7.692614,5.407556,5.125799,6.130977,6.815159,6.097136,7.692614,7.692614,8.406668,5.608106,6.130977,7.692614,6.815159,6.815159,7.1647,7.692614,5.407556,7.1647,6.486701,7.1647,6.097136,6.815159,6.097136,6.486701,7.692614,6.130977,6.097136,6.486701,6.815159,6.097136,6.097136,5.407556,6.815159,6.486701,5.608106,7.692614,8.406668,6.815159,7.1647,6.815159,7.692614,6.130977
2022-10-10,4.874535,6.020045,7.917512,6.020045,9.399385,9.453635,8.497439,9.453635,6.020045,4.617322,7.964477,7.607282,8.497439,9.453635,9.453635,9.399385,5.312036,7.964477,9.453635,7.607282,7.607282,6.793022,9.453635,6.020045,6.793022,7.917512,6.793022,8.497439,7.607282,8.497439,7.917512,9.453635,7.964477,8.497439,7.917512,7.607282,8.497439,8.497439,6.020045,7.607282,7.917512,5.312036,9.453635,9.399385,7.607282,6.793022,7.607282,9.453635,7.964477
2022-10-17,4.651858,7.064553,7.671215,7.064553,9.207377,9.163462,8.073992,9.163462,7.064553,4.670905,7.846951,7.939861,8.073992,9.163462,9.163462,9.207377,6.232852,7.846951,9.163462,7.939861,7.939861,8.024358,9.163462,7.064553,8.024358,7.671215,8.024358,8.073992,7.939861,8.073992,7.671215,9.163462,7.846951,8.073992,7.671215,7.939861,8.073992,8.073992,7.064553,7.939861,7.671215,6.232852,9.163462,9.207377,7.939861,8.024358,7.939861,9.163462,7.846951
2022-10-24,4.153907,4.70319,5.021389,4.70319,8.641423,9.253736,7.596465,9.253736,4.70319,4.082303,6.93786,7.36474,7.596465,9.253736,9.253736,8.641423,4.88974,6.93786,9.253736,7.36474,7.36474,8.379061,9.253736,4.70319,8.379061,5.021389,8.379061,7.596465,7.36474,7.596465,5.021389,9.253736,6.93786,7.596465,5.021389,7.36474,7.596465,7.596465,4.70319,7.36474,5.021389,4.88974,9.253736,8.641423,7.36474,8.379061,7.36474,9.253736,6.93786
2022-10-31,5.089211,3.715596,4.982776,3.715596,8.29143,8.806628,7.717969,8.806628,3.715596,3.98133,7.231599,7.177551,7.717969,8.806628,8.806628,8.29143,3.69629,7.231599,8.806628,7.177551,7.177551,7.955843,8.806628,3.715596,7.955843,4.982776,7.955843,7.717969,7.177551,7.717969,4.982776,8.806628,7.231599,7.717969,4.982776,7.177551,7.717969,7.717969,3.715596,7.177551,4.982776,3.69629,8.806628,8.29143,7.177551,7.955843,7.177551,8.806628,7.231599
2022-11-07,4.852361,4.243168,5.110255,4.243168,7.483402,7.105088,5.617244,7.105088,4.243168,3.729069,5.085951,5.336501,5.617244,7.105088,7.105088,7.483402,4.155086,5.085951,7.105088,5.336501,5.336501,5.866463,7.105088,4.243168,5.866463,5.110255,5.866463,5.617244,5.336501,5.617244,5.110255,7.105088,5.085951,5.617244,5.110255,5.336501,5.617244,5.617244,4.243168,5.336501,5.110255,4.155086,7.105088,7.483402,5.336501,5.866463,5.336501,7.105088,5.085951
2022-11-14,5.13337,4.348468,5.78531,4.348468,7.763469,7.67691,6.475427,7.67691,4.348468,4.028522,6.070751,6.170029,6.475427,7.67691,7.67691,7.763469,3.910928,6.070751,7.67691,6.170029,6.170029,6.522927,7.67691,4.348468,6.522927,5.78531,6.522927,6.475427,6.170029,6.475427,5.78531,7.67691,6.070751,6.475427,5.78531,6.170029,6.475427,6.475427,4.348468,6.170029,5.78531,3.910928,7.67691,7.763469,6.170029,6.522927,6.170029,7.67691,6.070751
2022-11-21,4.054018,4.346812,5.575751,4.346812,6.957963,6.625076,5.275329,6.625076,4.346812,3.857741,5.138569,5.294342,5.275329,6.625076,6.625076,6.957963,3.693112,5.138569,6.625076,5.294342,5.294342,5.381808,6.625076,4.346812,5.381808,5.575751,5.381808,5.275329,5.294342,5.275329,5.575751,6.625076,5.138569,5.275329,5.575751,5.294342,5.275329,5.275329,4.346812,5.294342,5.575751,3.693112,6.625076,6.957963,5.294342,5.381808,5.294342,6.625076,5.138569
2022-11-28,4.443737,4.586276,5.293582,4.586276,6.362795,6.013889,4.835509,6.013889,4.586276,2.583132,4.876864,5.150326,4.835509,6.013889,6.013889,6.362795,4.323096,4.876864,6.013889,5.150326,5.150326,5.331759,6.013889,4.586276,5.331759,5.293582,5.331759,4.835509,5.150326,4.835509,5.293582,6.013889,4.876864,4.835509,5.293582,5.150326,4.835509,4.835509,4.586276,5.150326,5.293582,4.323096,6.013889,6.362795,5.150326,5.331759,5.150326,6.013889,4.876864
2022-12-05,4.54945,3.158437,4.113807,3.158437,5.808574,5.737177,4.315384,5.737177,3.158437,3.859148,3.693779,3.641247,4.315384,5.737177,5.737177,5.808574,3.04051,3.693779,5.737177,3.641247,3.641247,3.641189,5.737177,3.158437,3.641189,4.113807,3.641189,4.315384,3.641247,4.315384,4.113807,5.737177,3.693779,4.315384,4.113807,3.641247,4.315384,4.315384,3.158437,3.641247,4.113807,3.04051,5.737177,5.808574,3.641247,3.641189,3.641247,5.737177,3.693779
2022-12-12,3.013075,4.746927,5.864935,4.746927,7.080903,6.664081,5.424229,6.664081,4.746927,4.177612,4.306555,3.338063,5.424229,6.664081,6.664081,7.080903,4.335934,4.306555,6.664081,3.338063,3.338063,2.809205,6.664081,4.746927,2.809205,5.864935,2.809205,5.424229,3.338063,5.424229,5.864935,6.664081,4.306555,5.424229,5.864935,3.338063,5.424229,5.424229,4.746927,3.338063,5.864935,4.335934,6.664081,7.080903,3.338063,2.809205,3.338063,6.664081,4.306555
2022-12-19,2.983109,4.706646,5.778095,4.706646,6.761458,6.532096,5.733685,6.532096,4.706646,3.983261,5.30167,4.73465,5.733685,6.532096,6.532096,6.761458,4.444343,5.30167,6.532096,4.73465,4.73465,3.818766,6.532096,4.706646,3.818766,5.778095,3.818766,5.733685,4.73465,5.733685,5.778095,6.532096,5.30167,5.733685,5.778095,4.73465,5.733685,5.733685,4.706646,4.73465,5.778095,4.444343,6.532096,6.761458,4.73465,3.818766,4.73465,6.532096,5.30167
2022-12-26,3.51439,4.27103,5.271533,4.27103,6.692721,6.53493,5.31918,6.53493,4.27103,3.472142,5.187799,5.67228,5.31918,6.53493,6.53493,6.692721,3.857111,5.187799,6.53493,5.67228,5.67228,6.256577,6.53493,4.27103,6.256577,5.271533,6.256577,5.31918,5.67228,5.31918,5.271533,6.53493,5.187799,5.31918,5.271533,5.67228,5.31918,5.31918,4.27103,5.67228,5.271533,3.857111,6.53493,6.692721,5.67228,6.256577,5.67228,6.53493,5.187799
2023-01-02,3.223416,3.440086,4.135489,3.440086,6.223064,6.225976,5.039991,6.225976,3.440086,2.975444,4.835246,5.191094,5.039991,6.225976,6.225976,6.223064,3.330296,4.835246,6.225976,5.191094,5.191094,5.688836,6.225976,3.440086,5.688836,4.135489,5.688836,5.039991,5.191094,5.039991,4.135489,6.225976,4.835246,5.039991,4.135489,5.191094,5.039991,5.039991,3.440086,5.191094,4.135489,3.330296,6.225976,6.223064,5.191094,5.688836,5.191094,6.225976,4.835246
2023-01-09,4.056311,3.675685,4.669541,3.675685,5.889108,5.461372,4.288239,5.461372,3.675685,2.951315,4.154116,4.563535,4.288239,5.461372,5.461372,5.889108,3.185868,4.154116,5.461372,4.563535,4.563535,5.390604,5.461372,3.675685,5.390604,4.669541,5.390604,4.288239,4.563535,4.288239,4.669541,5.461372,4.154116,4.288239,4.669541,4.563535,4.288239,4.288239,3.675685,4.563535,4.669541,3.185868,5.461372,5.889108,4.563535,5.390604,4.563535,5.461372,4.154116
2023-01-16,3.418169,4.54695,5.104209,4.54695,5.92347,5.126881,3.96739,5.126881,4.54695,3.586574,4.198128,4.77222,3.96739,5.126881,5.126881,5.92347,4.124157,4.198128,5.126881,4.77222,4.77222,5.279937,5.126881,4.54695,5.279937,5.104209,5.279937,3.96739,4.77222,3.96739,5.104209,5.126881,4.198128,3.96739,5.104209,4.77222,3.96739,3.96739,4.54695,4.77222,5.104209,4.124157,5.126881,5.92347,4.77222,5.279937,4.77222,5.126881,4.198128
2023-01-23,3.823145,3.672155,3.815395,3.672155,4.179228,3.724159,2.579532,3.724159,3.672155,2.707348,2.695606,2.95262,2.579532,3.724159,3.724159,4.179228,3.378541,2.695606,3.724159,2.95262,2.95262,3.113933,3.724159,3.672155,3.113933,3.815395,3.113933,2.579532,2.95262,2.579532,3.815395,3.724159,2.695606,2.579532,3.815395,2.95262,2.579532,2.579532,3.672155,2.95262,3.815395,3.378541,3.724159,4.179228,2.95262,3.113933,2.95262,3.724159,2.695606
2023-01-30,3.665993,3.495711,3.757426,3.495711,4.205799,3.994442,2.885473,3.994442,3.495711,2.57081,2.602665,2.715134,2.885473,3.994442,3.994442,4.205799,3.317303,2.602665,3.994442,2.715134,2.715134,2.990898,3.994442,3.495711,2.990898,3.757426,2.990898,2.885473,2.715134,2.885473,3.757426,3.994442,2.602665,2.885473,3.757426,2.715134,2.885473,2.885473,3.495711,2.715134,3.757426,3.317303,3.994442,4.205799,2.715134,2.990898,2.715134,3.994442,2.602665
2023-02-06,3.613496,2.708341,3.485876,2.708341,4.686023,4.448379,3.274908,4.448379,2.708341,2.127026,3.079646,3.356253,3.274908,4.448379,4.448379,4.686023,2.696177,3.079646,4.448379,3.356253,3.356253,3.720133,4.448379,2.708341,3.720133,3.485876,3.720133,3.274908,3.356253,3.274908,3.485876,4.448379,3.079646,3.274908,3.485876,3.356253,3.274908,3.274908,2.708341,3.356253,3.485876,2.696177,4.448379,4.686023,3.356253,3.720133,3.356253,4.448379,3.079646
2023-02-13,3.800691,3.312347,3.932976,3.312347,4.851147,4.538794,3.304853,4.538794,3.312347,4.520745,2.884523,2.888707,3.304853,4.538794,4.538794,4.851147,3.121471,2.884523,4.538794,2.888707,2.888707,3.206217,4.538794,3.312347,3.206217,3.932976,3.206217,3.304853,2.888707,3.304853,3.932976,4.538794,2.884523,3.304853,3.932976,2.888707,3.304853,3.304853,3.312347,2.888707,3.932976,3.121471,4.538794,4.851147,2.888707,3.206217,2.888707,4.538794,2.884523
2023-02-20,3.643949,2.5792,3.375021,2.5792,5.164941,5.154235,3.738608,5.154235,2.5792,2.447531,3.795515,4.297639,3.738608,5.154235,5.154235,5.164941,2.732041,3.795515,5.154235,4.297639,4.297639,4.786843,5.154235,2.5792,4.786843,3.375021,4.786843,3.738608,4.297639,3.738608,3.375021,5.154235,3.795515,3.738608,3.375021,4.297639,3.738608,3.738608,2.5792,4.297639,3.375021,2.732041,5.154235,5.164941,4.297639,4.786843,4.297639,5.154235,3.795515
2023-02-27,3.563475,3.158678,3.886261,3.158678,4.83698,4.441306,3.507032,4.441306,3.158678,4.352137,3.608276,3.902783,3.507032,4.441306,4.441306,4.83698,2.919267,3.608276,4.441306,3.902783,3.902783,4.047465,4.441306,3.158678,4.047465,3.886261,4.047465,3.507032,3.902783,3.507032,3.886261,4.441306,3.608276,3.507032,3.886261,3.902783,3.507032,3.507032,3.158678,3.902783,3.886261,2.919267,4.441306,4.83698,3.902783,4.047465,3.902783,4.441306,3.608276
2023-03-06,3.136335,2.548866,3.220321,2.548866,4.181096,4.032195,2.895823,4.032195,2.548866,3.565145,2.564344,2.648441,2.895823,4.032195,4.032195,4.181096,2.521037,2.564344,4.032195,2.648441,2.648441,2.835707,4.032195,2.548866,2.835707,3.220321,2.835707,2.895823,2.648441,2.895823,3.220321,4.032195,2.564344,2.895823,3.220321,2.648441,2.895823,2.895823,2.548866,2.648441,3.220321,2.521037,4.032195,4.181096,2.648441,2.835707,2.648441,4.032195,2.564344
2023-03-13,2.509742,4.4251,5.313951,4.4251,6.11619,5.752919,4.969386,5.752919,4.4251,3.164184,5.112091,5.579501,4.969386,5.752919,5.752919,6.11619,4.983393,5.112091,5.752919,5.579501,5.579501,5.643922,5.752919,4.4251,5.643922,5.313951,5.643922,4.969386,5.579501,4.969386,5.313951,5.752919,5.112091,4.969386,5.313951,5.579501,4.969386,4.969386,4.4251,5.579501,5.313951,4.983393,5.752919,6.11619,5.579501,5.643922,5.579501,5.752919,5.112091
2023-03-20,3.018934,3.90625,4.520216,3.90625,5.627448,5.465478,4.521637,5.465478,3.90625,2.972934,4.633541,4.68295,4.521637,5.465478,5.465478,5.627448,3.834191,4.633541,5.465478,4.68295,4.68295,5.118436,5.465478,3.90625,5.118436,4.520216,5.118436,4.521637,4.68295,4.521637,4.520216,5.465478,4.633541,4.521637,4.520216,4.68295,4.521637,4.521637,3.90625,4.68295,4.520216,3.834191,5.465478,5.627448,4.68295,5.118436,4.68295,5.465478,4.633541
2023-03-27,3.009293,3.673418,4.420861,3.673418,6.028293,5.66988,4.486486,5.66988,3.673418,3.733292,4.430467,4.658082,4.486486,5.66988,5.66988,6.028293,3.966929,4.430467,5.66988,4.658082,4.658082,5.426898,5.66988,3.673418,5.426898,4.420861,5.426898,4.486486,4.658082,4.486486,4.420861,5.66988,4.430467,4.486486,4.420861,4.658082,4.486486,4.486486,3.673418,4.658082,4.420861,3.966929,5.66988,6.028293,4.658082,5.426898,4.658082,5.66988,4.430467
2023-04-03,3.428367,3.688726,4.426744,3.688726,5.745408,5.460997,4.279093,5.460997,3.688726,3.005381,4.185176,4.59827,4.279093,5.460997,5.460997,5.745408,3.66519,4.185176,5.460997,4.59827,4.59827,5.18298,5.460997,3.688726,5.18298,4.426744,5.18298,4.279093,4.59827,4.279093,4.426744,5.460997,4.185176,4.279093,4.426744,4.59827,4.279093,4.279093,3.688726,4.59827,4.426744,3.66519,5.460997,5.745408,4.59827,5.18298,4.59827,5.460997,4.185176
2023-04-10,4.131877,2.621456,3.625672,2.621456,5.69981,5.595689,3.965091,5.595689,2.621456,3.038675,3.496042,3.477063,3.965091,5.595689,5.595689,5.69981,2.525433,3.496042,5.595689,3.477063,3.477063,4.096394,5.595689,2.621456,4.096394,3.625672,4.096394,3.965091,3.477063,3.965091,3.625672,5.595689,3.496042,3.965091,3.625672,3.477063,3.965091,3.965091,2.621456,3.477063,3.625672,2.525433,5.595689,5.69981,3.477063,4.096394,3.477063,5.595689,3.496042
2023-04-17,4.349599,3.746995,4.501707,3.746995,5.926696,5.44804,3.843647,5.44804,3.746995,2.60683,3.829375,4.28819,3.843647,5.44804,5.44804,5.926696,3.737441,3.829375,5.44804,4.28819,4.28819,4.738945,5.44804,3.746995,4.738945,4.501707,4.738945,3.843647,4.28819,3.843647,4.501707,5.44804,3.829375,3.843647,4.501707,4.28819,3.843647,3.843647,3.746995,4.28819,4.501707,3.737441,5.44804,5.926696,4.28819,4.738945,4.28819,5.44804,3.829375
2023-04-24,3.798803,4.118158,5.023974,4.118158,6.550549,6.189964,4.878369,6.189964,4.118158,4.271211,5.277072,5.306342,4.878369,6.189964,6.189964,6.550549,3.766748,5.277072,6.189964,5.306342,5.306342,5.205176,6.189964,4.118158,5.205176,5.023974,5.205176,4.878369,5.306342,4.878369,5.023974,6.189964,5.277072,4.878369,5.023974,5.306342,4.878369,4.878369,4.118158,5.306342,5.023974,3.766748,6.189964,6.550549,5.306342,5.205176,5.306342,6.189964,5.277072
2023-05-01,3.143077,4.137311,5.097945,4.137311,7.186141,7.232831,6.638102,7.232831,4.137311,3.865197,6.665895,6.390361,6.638102,7.232831,7.232831,7.186141,3.603827,6.665895,7.232831,6.390361,6.390361,6.185065,7.232831,4.137311,6.185065,5.097945,6.185065,6.638102,6.390361,6.638102,5.097945,7.232831,6.665895,6.638102,5.097945,6.390361,6.638102,6.638102,4.137311,6.390361,5.097945,3.603827,7.232831,7.186141,6.390361,6.185065,6.390361,7.232831,6.665895
2023-05-08,3.797562,3.905104,5.224088,3.905104,7.322488,7.270888,5.988053,7.270888,3.905104,4.546905,5.636599,5.798641,5.988053,7.270888,7.270888,7.322488,3.436071,5.636599,7.270888,5.798641,5.798641,6.277915,7.270888,3.905104,6.277915,5.224088,6.277915,5.988053,5.798641,5.988053,5.224088,7.270888,5.636599,5.988053,5.224088,5.798641,5.988053,5.988053,3.905104,5.798641,5.224088,3.436071,7.270888,7.322488,5.798641,6.277915,5.798641,7.270888,5.636599
2023-05-15,4.715836,4.603727,5.75412,4.603727,7.287722,6.748682,5.355404,6.748682,4.603727,4.808223,5.245132,5.899315,5.355404,6.748682,6.748682,7.287722,4.045878,5.245132,6.748682,5.899315,5.899315,6.320976,6.748682,4.603727,6.320976,5.75412,6.320976,5.355404,5.899315,5.355404,5.75412,6.748682,5.245132,5.355404,5.75412,5.899315,5.355404,5.355404,4.603727,5.899315,5.75412,4.045878,6.748682,7.287722,5.899315,6.320976,5.899315,6.748682,5.245132
2023-05-22,4.535914,4.5451,5.316798,4.5451,6.662681,6.336501,5.150207,6.336501,4.5451,3.403358,5.206664,5.474755,5.150207,6.336501,6.336501,6.662681,3.900856,5.206664,6.336501,5.474755,5.474755,5.489086,6.336501,4.5451,5.489086,5.316798,5.489086,5.150207,5.474755,5.150207,5.316798,6.336501,5.206664,5.150207,5.316798,5.474755,5.150207,5.150207,4.5451,5.474755,5.316798,3.900856,6.336501,6.662681,5.474755,5.489086,5.474755,6.336501,5.206664
2023-05-29,4.238202,4.90525,6.443599,4.90525,8.010775,8.055643,7.273504,8.055643,4.90525,4.17458,7.587105,7.378091,7.273504,8.055643,8.055643,8.010775,4.137767,7.587105,8.055643,7.378091,7.378091,6.299778,8.055643,4.90525,6.299778,6.443599,6.299778,7.273504,7.378091,7.273504,6.443599,8.055643,7.587105,7.273504,6.443599,7.378091,7.273504,7.273504,4.90525,7.378091,6.443599,4.137767,8.055643,8.010775,7.378091,6.299778,7.378091,8.055643,7.587105
2023-06-05,4.439318,5.351114,6.570762,5.351114,8.353311,8.372615,8.036782,8.372615,5.351114,3.100798,8.777259,8.812831,8.036782,8.372615,8.372615,8.353311,4.259846,8.777259,8.372615,8.812831,8.812831,6.995925,8.372615,5.351114,6.995925,6.570762,6.995925,8.036782,8.812831,8.036782,6.570762,8.372615,8.777259,8.036782,6.570762,8.812831,8.036782,8.036782,5.351114,8.812831,6.570762,4.259846,8.372615,8.353311,8.812831,6.995925,8.812831,8.372615,8.777259
2023-06-12,4.793032,5.781148,7.125594,5.781148,8.903787,9.11418,8.87467,9.11418,5.781148,4.202647,9.639046,9.785798,8.87467,9.11418,9.11418,8.903787,4.659579,9.639046,9.11418,9.785798,9.785798,9.138154,9.11418,5.781148,9.138154,7.125594,9.138154,8.87467,9.785798,8.87467,7.125594,9.11418,9.639046,8.87467,7.125594,9.785798,8.87467,8.87467,5.781148,9.785798,7.125594,4.659579,9.11418,8.903787,9.785798,9.138154,9.785798,9.11418,9.639046
2023-06-19,5.394016,4.650656,6.08959,4.650656,9.087129,9.753638,9.097863,9.753638,4.650656,4.452902,9.008772,9.048186,9.097863,9.753638,9.753638,9.087129,4.344321,9.008772,9.753638,9.048186,9.048186,9.050919,9.753638,4.650656,9.050919,6.08959,9.050919,9.097863,9.048186,9.097863,6.08959,9.753638,9.008772,9.097863,6.08959,9.048186,9.097863,9.097863,4.650656,9.048186,6.08959,4.344321,9.753638,9.087129,9.048186,9.050919,9.048186,9.753638,9.008772
2023-06-26,6.218749,4.199898,6.190197,4.199898,9.578125,10.250037,9.642561,10.250037,4.199898,5.246179,9.684744,9.053123,9.642561,10.250037,10.250037,9.578125,3.140669,9.684744,10.250037,9.053123,9.053123,8.744657,10.250037,4.199898,8.744657,6.190197,8.744657,9.642561,9.053123,9.642561,6.190197,10.250037,9.684744,9.642561,6.190197,9.053123,9.642561,9.642561,4.199898,9.053123,6.190197,3.140669,10.250037,9.578125,9.053123,8.744657,9.053123,10.250037,9.684744
2023-07-03,5.732694,4.012588,6.196988,4.012588,10.175491,10.829725,9.620173,10.829725,4.012588,8.785648,7.697471,6.736081,9.620173,10.829725,10.829725,10.175491,3.145167,7.697471,10.829725,6.736081,6.736081,7.32117,10.829725,4.012588,7.32117,6.196988,7.32117,9.620173,6.736081,9.620173,6.196988,10.829725,7.697471,9.620173,6.196988,6.736081,9.620173,9.620173,4.012588,6.736081,6.196988,3.145167,10.829725,10.175491,6.736081,7.32117,6.736081,10.829725,7.697471
2023-07-10,6.129346,3.534543,5.436265,3.534543,10.623114,11.721222,11.419553,11.721222,3.534543,8.220985,10.975816,9.518901,11.419553,11.721222,11.721222,10.623114,3.18995,10.975816,11.721222,9.518901,9.518901,8.484266,11.721222,3.534543,8.484266,5.436265,8.484266,11.419553,9.518901,11.419553,5.436265,11.721222,10.975816,11.419553,5.436265,9.518901,11.419553,11.419553,3.534543,9.518901,5.436265,3.18995,11.721222,10.623114,9.518901,8.484266,9.518901,11.721222,10.975816
2023-07-17,5.981709,2.751656,4.118644,2.751656,10.281434,11.297844,10.361848,11.297844,2.751656,7.42551,9.898202,8.922682,10.361848,11.297844,11.297844,10.281434,2.844719,9.898202,11.297844,8.922682,8.922682,7.828606,11.297844,2.751656,7.828606,4.118644,7.828606,10.361848,8.922682,10.361848,4.118644,11.297844,9.898202,10.361848,4.118644,8.922682,10.361848,10.361848,2.751656,8.922682,4.118644,2.844719,11.297844,10.281434,8.922682,7.828606,8.922682,11.297844,9.898202
2023-07-24,5.84908,3.275294,4.467513,3.275294,10.389986,11.478612,10.190313,11.478612,3.275294,9.645689,9.222971,8.336275,10.190313,11.478612,11.478612,10.389986,3.440025,9.222971,11.478612,8.336275,8.336275,7.508018,11.478612,3.275294,7.508018,4.467513,7.508018,10.190313,8.336275,10.190313,4.467513,11.478612,9.222971,10.190313,4.467513,8.336275,10.190313,10.190313,3.275294,8.336275,4.467513,3.440025,11.478612,10.389986,8.336275,7.508018,8.336275,11.478612,9.222971
2023-07-31,6.215465,3.976395,6.473874,3.976395,11.669084,11.919624,10.530087,11.919624,3.976395,8.96666,8.806662,7.80907,10.530087,11.919624,11.919624,11.669084,2.812011,8.806662,11.919624,7.80907,7.80907,7.992454,11.919624,3.976395,7.992454,6.473874,7.992454,10.530087,7.80907,10.530087,6.473874,11.919624,8.806662,10.530087,6.473874,7.80907,10.530087,10.530087,3.976395,7.80907,6.473874,2.812011,11.919624,11.669084,7.80907,7.992454,7.80907,11.919624,8.806662
2023-08-07,5.527663,4.851047,7.053233,4.851047,11.207355,11.067853,8.237872,11.067853,4.851047,8.581687,6.871742,6.897295,8.237872,11.067853,11.067853,11.207355,4.121514,6.871742,11.067853,6.897295,6.897295,7.691818,11.067853,4.851047,7.691818,7.053233,7.691818,8.237872,6.897295,8.237872,7.053233,11.067853,6.871742,8.237872,7.053233,6.897295,8.237872,8.237872,4.851047,6.897295,7.053233,4.121514,11.067853,11.207355,6.897295,7.691818,6.897295,11.067853,6.871742
2023-08-14,6.350551,4.97912,7.583854,4.97912,11.613553,12.229283,11.161751,12.229283,4.97912,11.76364,10.324454,8.953136,11.161751,12.229283,12.229283,11.613553,4.163048,10.324454,12.229283,8.953136,8.953136,8.101748,12.229283,4.97912,8.101748,7.583854,8.101748,11.161751,8.953136,11.161751,7.583854,12.229283,10.324454,11.161751,7.583854,8.953136,11.161751,11.161751,4.97912,8.953136,7.583854,4.163048,12.229283,11.613553,8.953136,8.101748,8.953136,12.229283,10.324454
2023-08-21,6.270764,4.304786,6.054351,4.304786,10.843679,11.400327,10.240488,11.400327,4.304786,8.381638,11.813681,11.6249,10.240488,11.400327,11.400327,10.843679,3.988553,11.813681,11.400327,11.6249,11.6249,10.234785,11.400327,4.304786,10.234785,6.054351,10.234785,10.240488,11.6249,10.240488,6.054351,11.400327,11.813681,10.240488,6.054351,11.6249,10.240488,10.240488,4.304786,11.6249,6.054351,3.988553,11.400327,10.843679,11.6249,10.234785,11.6249,11.400327,11.813681
2023-08-28,6.525997,4.637659,6.217726,4.637659,10.56621,10.914165,8.890181,10.914165,4.637659,6.462041,9.23659,9.350741,8.890181,10.914165,10.914165,10.56621,3.741469,9.23659,10.914165,9.350741,9.350741,9.046226,10.914165,4.637659,9.046226,6.217726,9.046226,8.890181,9.350741,8.890181,6.217726,10.914165,9.23659,8.890181,6.217726,9.350741,8.890181,8.890181,4.637659,9.350741,6.217726,3.741469,10.914165,10.56621,9.350741,9.046226,9.350741,10.914165,9.23659
2023-09-04,5.822393,4.136665,6.198445,4.136665,10.554357,10.796723,9.026031,10.796723,4.136665,5.557307,8.205514,8.516264,9.026031,10.796723,10.796723,10.554357,3.931401,8.205514,10.796723,8.516264,8.516264,8.863131,10.796723,4.136665,8.863131,6.198445,8.863131,9.026031,8.516264,9.026031,6.198445,10.796723,8.205514,9.026031,6.198445,8.516264,9.026031,9.026031,4.136665,8.516264,6.198445,3.931401,10.796723,10.554357,8.516264,8.863131,8.516264,10.796723,8.205514
2023-09-11,5.948966,5.565368,7.825687,5.565368,10.951332,11.030917,9.74232,11.030917,5.565368,5.994811,9.405119,9.869615,9.74232,11.030917,11.030917,10.951332,4.678326,9.405119,11.030917,9.869615,9.869615,10.414557,11.030917,5.565368,10.414557,7.825687,10.414557,9.74232,9.869615,9.74232,7.825687,11.030917,9.405119,9.74232,7.825687,9.869615,9.74232,9.74232,5.565368,9.869615,7.825687,4.678326,11.030917,10.951332,9.869615,10.414557,9.869615,11.030917,9.405119
2023-09-18,4.972283,4.256767,6.05665,4.256767,10.255203,10.411929,9.230059,10.411929,4.256767,8.94666,8.977614,9.241094,9.230059,10.411929,10.411929,10.255203,3.464288,8.977614,10.411929,9.241094,9.241094,9.290778,10.411929,4.256767,9.290778,6.05665,9.290778,9.230059,9.241094,9.230059,6.05665,10.411929,8.977614,9.230059,6.05665,9.241094,9.230059,9.230059,4.256767,9.241094,6.05665,3.464288,10.411929,10.255203,9.241094,9.290778,9.241094,10.411929,8.977614
2023-09-25,5.682263,4.951211,6.765107,4.951211,9.223289,8.737912,7.340078,8.737912,4.951211,4.883018,7.042033,7.093821,7.340078,8.737912,8.737912,9.223289,4.278752,7.042033,8.737912,7.093821,7.093821,7.28065,8.737912,4.951211,7.28065,6.765107,7.28065,7.340078,7.093821,7.340078,6.765107,8.737912,7.042033,7.340078,6.765107,7.093821,7.340078,7.340078,4.951211,7.093821,6.765107,4.278752,8.737912,9.223289,7.093821,7.28065,7.093821,8.737912,7.042033
2023-10-02,5.631385,5.231872,6.745513,5.231872,9.264368,9.649704,8.32605,9.649704,5.231872,5.612521,8.748478,8.614075,8.32605,9.649704,9.649704,9.264368,5.016643,8.748478,9.649704,8.614075,8.614075,8.344693,9.649704,5.231872,8.344693,6.745513,8.344693,8.32605,8.614075,8.32605,6.745513,9.649704,8.748478,8.32605,6.745513,8.614075,8.32605,8.32605,5.231872,8.614075,6.745513,5.016643,9.649704,9.264368,8.614075,8.344693,8.614075,9.649704,8.748478
2023-10-09,4.253639,5.232364,6.493478,5.232364,9.774764,10.377797,9.070661,10.377797,5.232364,5.881329,7.77155,6.231858,9.070661,10.377797,10.377797,9.774764,4.648163,7.77155,10.377797,6.231858,6.231858,5.452792,10.377797,5.232364,5.452792,6.493478,5.452792,9.070661,6.231858,9.070661,6.493478,10.377797,7.77155,9.070661,6.493478,6.231858,9.070661,9.070661,5.232364,6.231858,6.493478,4.648163,10.377797,9.774764,6.231858,5.452792,6.231858,10.377797,7.77155
2023-10-16,4.442308,3.903921,5.007888,3.903921,9.16874,9.324687,8.011366,9.324687,3.903921,5.591904,7.378825,6.700759,8.011366,9.324687,9.324687,9.16874,3.723021,7.378825,9.324687,6.700759,6.700759,6.34344,9.324687,3.903921,6.34344,5.007888,6.34344,8.011366,6.700759,8.011366,5.007888,9.324687,7.378825,8.011366,5.007888,6.700759,8.011366,8.011366,3.903921,6.700759,5.007888,3.723021,9.324687,9.16874,6.700759,6.34344,6.700759,9.324687,7.378825
2023-10-23,4.142027,4.570133,5.404216,4.570133,7.950242,7.970847,6.635462,7.970847,4.570133,5.352042,6.204865,6.699066,6.635462,7.970847,7.970847,7.950242,4.853122,6.204865,7.970847,6.699066,6.699066,7.000613,7.970847,4.570133,7.000613,5.404216,7.000613,6.635462,6.699066,6.635462,5.404216,7.970847,6.204865,6.635462,5.404216,6.699066,6.635462,6.635462,4.570133,6.699066,5.404216,4.853122,7.970847,7.950242,6.699066,7.000613,6.699066,7.970847,6.204865
2023-10-30,4.261965,5.521299,6.608727,5.521299,7.977833,7.34917,5.698552,7.34917,5.521299,4.852407,5.946445,6.441705,5.698552,7.34917,7.34917,7.977833,5.560578,5.946445,7.34917,6.441705,6.441705,6.474168,7.34917,5.521299,6.474168,6.608727,6.474168,5.698552,6.441705,5.698552,6.608727,7.34917,5.946445,5.698552,6.608727,6.441705,5.698552,5.698552,5.521299,6.441705,6.608727,5.560578,7.34917,7.977833,6.441705,6.474168,6.441705,7.34917,5.946445
2023-11-06,4.319546,4.84995,5.804424,4.84995,6.914922,6.13183,4.63486,6.13183,4.84995,5.83615,4.648948,5.13623,4.63486,6.13183,6.13183,6.914922,4.668279,4.648948,6.13183,5.13623,5.13623,5.360135,6.13183,4.84995,5.360135,5.804424,5.360135,4.63486,5.13623,4.63486,5.804424,6.13183,4.648948,4.63486,5.804424,5.13623,4.63486,4.63486,4.84995,5.13623,5.804424,4.668279,6.13183,6.914922,5.13623,5.360135,5.13623,6.13183,4.648948
2023-11-13,4.289105,4.851806,5.165295,4.851806,6.428884,6.259937,5.491069,6.259937,4.851806,4.401785,5.076897,5.522439,5.491069,6.259937,6.259937,6.428884,4.61997,5.076897,6.259937,5.522439,5.522439,5.685828,6.259937,4.851806,5.685828,5.165295,5.685828,5.491069,5.522439,5.491069,5.165295,6.259937,5.076897,5.491069,5.165295,5.522439,5.491069,5.491069,4.851806,5.522439,5.165295,4.61997,6.259937,6.428884,5.522439,5.685828,5.522439,6.259937,5.076897
2023-11-20,3.345362,4.705601,5.977204,4.705601,7.638797,7.629897,6.025823,7.629897,4.705601,3.433345,5.637323,5.760849,6.025823,7.629897,7.629897,7.638797,4.359746,5.637323,7.629897,5.760849,5.760849,5.983235,7.629897,4.705601,5.983235,5.977204,5.983235,6.025823,5.760849,6.025823,5.977204,7.629897,5.637323,6.025823,5.977204,5.760849,6.025823,6.025823,4.705601,5.760849,5.977204,4.359746,7.629897,7.638797,5.760849,5.983235,5.760849,7.629897,5.637323
2023-11-27,3.525761,3.893023,4.883979,3.893023,6.057158,5.51954,3.848024,5.51954,3.893023,3.548034,3.395213,3.90452,3.848024,5.51954,5.51954,6.057158,3.622773,3.395213,5.51954,3.90452,3.90452,4.272973,5.51954,3.893023,4.272973,4.883979,4.272973,3.848024,3.90452,3.848024,4.883979,5.51954,3.395213,3.848024,4.883979,3.90452,3.848024,3.848024,3.893023,3.90452,4.883979,3.622773,5.51954,6.057158,3.90452,4.272973,3.90452,5.51954,3.395213
2023-12-04,3.182192,3.725653,4.443412,3.725653,6.035546,5.900054,4.61555,5.900054,3.725653,3.86884,3.414446,3.775309,4.61555,5.900054,5.900054,6.035546,3.530068,3.414446,5.900054,3.775309,3.775309,3.53107,5.900054,3.725653,3.53107,4.443412,3.53107,4.61555,3.775309,4.61555,4.443412,5.900054,3.414446,4.61555,4.443412,3.775309,4.61555,4.61555,3.725653,3.775309,4.443412,3.530068,5.900054,6.035546,3.775309,3.53107,3.775309,5.900054,3.414446
2023-12-11,3.117653,4.075234,5.106197,4.075234,6.446659,5.884786,4.267892,5.884786,4.075234,3.488175,3.512663,4.484186,4.267892,5.884786,5.884786,6.446659,3.782697,3.512663,5.884786,4.484186,4.484186,5.216315,5.884786,4.075234,5.216315,5.106197,5.216315,4.267892,4.484186,4.267892,5.106197,5.884786,3.512663,4.267892,5.106197,4.484186,4.267892,4.267892,4.075234,4.484186,5.106197,3.782697,5.884786,6.446659,4.484186,5.216315,4.484186,5.884786,3.512663
2023-12-18,3.955027,3.69276,4.541848,3.69276,5.574275,5.224771,3.859887,5.224771,3.69276,3.212069,3.37887,3.760999,3.859887,5.224771,5.224771,5.574275,3.398049,3.37887,5.224771,3.760999,3.760999,3.977116,5.224771,3.69276,3.977116,4.541848,3.977116,3.859887,3.760999,3.859887,4.541848,5.224771,3.37887,3.859887,4.541848,3.760999,3.859887,3.859887,3.69276,3.760999,4.541848,3.398049,5.224771,5.574275,3.760999,3.977116,3.760999,5.224771,3.37887
2023-12-25,2.999874,3.760404,4.753481,3.760404,5.836007,5.061533,3.80449,5.061533,3.760404,2.081774,3.389492,4.310479,3.80449,5.061533,5.061533,5.836007,3.247374,3.389492,5.061533,4.310479,4.310479,5.09401,5.061533,3.760404,5.09401,4.753481,5.09401,3.80449,4.310479,3.80449,4.753481,5.061533,3.389492,3.80449,4.753481,4.310479,3.80449,3.80449,3.760404,4.310479,4.753481,3.247374,5.061533,5.836007,4.310479,5.09401,4.310479,5.061533,3.389492
2024-01-01,3.258916,3.833291,4.576827,3.833291,5.933445,5.105395,3.508438,5.105395,3.833291,3.374878,2.955085,4.032764,3.508438,5.105395,5.105395,5.933445,3.319032,2.955085,5.105395,4.032764,4.032764,4.825673,5.105395,3.833291,4.825673,4.576827,4.825673,3.508438,4.032764,3.508438,4.576827,5.105395,2.955085,3.508438,4.576827,4.032764,3.508438,3.508438,3.833291,4.032764,4.576827,3.319032,5.105395,5.933445,4.032764,4.825673,4.032764,5.105395,2.955085
2024-01-08,3.497293,3.297523,4.044613,3.297523,5.205335,4.97369,3.865294,4.97369,3.297523,3.772125,3.308352,3.727035,3.865294,4.97369,4.97369,5.205335,2.815246,3.308352,4.97369,3.727035,3.727035,3.88102,4.97369,3.297523,3.88102,4.044613,3.88102,3.865294,3.727035,3.865294,4.044613,4.97369,3.308352,3.865294,4.044613,3.727035,3.865294,3.865294,3.297523,3.727035,4.044613,2.815246,4.97369,5.205335,3.727035,3.88102,3.727035,4.97369,3.308352
2024-01-15,3.490313,3.583883,4.222248,3.583883,5.386755,4.941673,3.740031,4.941673,3.583883,2.454458,2.841084,3.007885,3.740031,4.941673,4.941673,5.386755,3.281907,2.841084,4.941673,3.007885,3.007885,2.764612,4.941673,3.583883,2.764612,4.222248,2.764612,3.740031,3.007885,3.740031,4.222248,4.941673,2.841084,3.740031,4.222248,3.007885,3.740031,3.740031,3.583883,3.007885,4.222248,3.281907,4.941673,5.386755,3.007885,2.764612,3.007885,4.941673,2.841084
2024-01-22,3.109628,3.255502,4.268126,3.255502,5.932212,5.733674,4.426907,5.733674,3.255502,2.422164,3.685785,3.970484,4.426907,5.733674,5.733674,5.932212,2.809726,3.685785,5.733674,3.970484,3.970484,4.031974,5.733674,3.255502,4.031974,4.268126,4.031974,4.426907,3.970484,4.426907,4.268126,5.733674,3.685785,4.426907,4.268126,3.970484,4.426907,4.426907,3.255502,3.970484,4.268126,2.809726,5.733674,5.932212,3.970484,4.031974,3.970484,5.733674,3.685785
2024-01-29,3.934711,3.340819,3.992216,3.340819,6.090735,6.040076,5.056387,6.040076,3.340819,2.386203,3.820269,5.323579,5.056387,6.040076,6.040076,6.090735,2.759188,3.820269,6.040076,5.323579,5.323579,5.375189,6.040076,3.340819,5.375189,3.992216,5.375189,5.056387,5.323579,5.056387,3.992216,6.040076,3.820269,5.056387,3.992216,5.323579,5.056387,5.056387,3.340819,5.323579,3.992216,2.759188,6.040076,6.090735,5.323579,5.375189,5.323579,6.040076,3.820269
2024-02-05,3.212006,3.280014,4.243348,3.280014,5.76974,5.569325,4.180953,5.569325,3.280014,2.029496,3.291399,4.287877,4.180953,5.569325,5.569325,5.76974,3.010907,3.291399,5.569325,4.287877,4.287877,4.343015,5.569325,3.280014,4.343015,4.243348,4.343015,4.180953,4.287877,4.180953,4.243348,5.569325,3.291399,4.180953,4.243348,4.287877,4.180953,4.180953,3.280014,4.287877,4.243348,3.010907,5.569325,5.76974,4.287877,4.343015,4.287877,5.569325,3.291399
2024-02-12,2.84681,3.71586,4.596568,3.71586,5.676924,5.235935,4.218555,5.235935,3.71586,3.52518,3.994274,4.548824,4.218555,5.235935,5.235935,5.676924,3.2197,3.994274,5.235935,4.548824,4.548824,4.905515,5.235935,3.71586,4.905515,4.596568,4.905515,4.218555,4.548824,4.218555,4.596568,5.235935,3.994274,4.218555,4.596568,4.548824,4.218555,4.218555,3.71586,4.548824,4.596568,3.2197,5.235935,5.676924,4.548824,4.905515,4.548824,5.235935,3.994274
2024-02-19,3.535466,4.644175,5.235462,4.644175,6.232322,5.924284,5.002684,5.924284,4.644175,4.526206,4.475152,5.116206,5.002684,5.924284,5.924284,6.232322,4.390968,4.475152,5.924284,5.116206,5.116206,5.259766,5.924284,4.644175,5.259766,5.235462,5.259766,5.002684,5.116206,5.002684,5.235462,5.924284,4.475152,5.002684,5.235462,5.116206,5.002684,5.002684,4.644175,5.116206,5.235462,4.390968,5.924284,6.232322,5.116206,5.259766,5.116206,5.924284,4.475152
2024-02-26,3.641327,3.440702,4.024128,3.440702,5.33091,4.986275,3.917279,4.986275,3.440702,3.563996,3.73459,4.258149,3.917279,4.986275,4.986275,5.33091,3.129627,3.73459,4.986275,4.258149,4.258149,4.445631,4.986275,3.440702,4.445631,4.024128,4.445631,3.917279,4.258149,3.917279,4.024128,4.986275,3.73459,3.917279,4.024128,4.258149,3.917279,3.917279,3.440702,4.258149,4.024128,3.129627,4.986275,5.33091,4.258149,4.445631,4.258149,4.986275,3.73459
2024-03-04,4.09234,3.30755,3.755774,3.30755,4.650764,4.375555,3.352788,4.375555,3.30755,1.869105,3.390764,3.914594,3.352788,4.375555,4.375555,4.650764,3.089577,3.390764,4.375555,3.914594,3.914594,4.223607,4.375555,3.30755,4.223607,3.755774,4.223607,3.352788,3.914594,3.352788,3.755774,4.375555,3.390764,3.352788,3.755774,3.914594,3.352788,3.352788,3.30755,3.914594,3.755774,3.089577,4.375555,4.650764,3.914594,4.223607,3.914594,4.375555,3.390764
2024-03-11,3.752557,3.117243,4.407688,3.117243,5.523105,5.108646,3.994604,5.108646,3.117243,2.215133,3.753611,4.132725,3.994604,5.108646,5.108646,5.523105,2.731957,3.753611,5.108646,4.132725,4.132725,4.348967,5.108646,3.117243,4.348967,4.407688,4.348967,3.994604,4.132725,3.994604,4.407688,5.108646,3.753611,3.994604,4.407688,4.132725,3.994604,3.994604,3.117243,4.132725,4.407688,2.731957,5.108646,5.523105,4.132725,4.348967,4.132725,5.108646,3.753611
2024-03-18,3.67676,3.28236,4.066904,3.28236,5.799449,5.751019,5.435228,5.751019,3.28236,2.703094,5.628416,5.906452,5.435228,5.751019,5.751019,5.799449,2.895662,5.628416,5.751019,5.906452,5.906452,5.981867,5.751019,3.28236,5.981867,4.066904,5.981867,5.435228,5.906452,5.435228,4.066904,5.751019,5.628416,5.435228,4.066904,5.906452,5.435228,5.435228,3.28236,5.906452,4.066904,2.895662,5.751019,5.799449,5.906452,5.981867,5.906452,5.751019,5.628416
2024-03-25,3.558066,3.192001,3.855862,3.192001,6.007607,6.249934,5.94368,6.249934,3.192001,3.085132,6.103988,5.591859,5.94368,6.249934,6.249934,6.007607,3.725843,6.103988,6.249934,5.591859,5.591859,5.203324,6.249934,3.192001,5.203324,3.855862,5.203324,5.94368,5.591859,5.94368,3.855862,6.249934,6.103988,5.94368,3.855862,5.591859,5.94368,5.94368,3.192001,5.591859,3.855862,3.725843,6.249934,6.007607,5.591859,5.203324,5.591859,6.249934,6.103988
2024-04-01,3.681386,3.55701,4.330948,3.55701,5.652759,5.452992,4.767821,5.452992,3.55701,4.815743,4.6027,4.871154,4.767821,5.452992,5.452992,5.652759,3.139688,4.6027,5.452992,4.871154,4.871154,4.957904,5.452992,3.55701,4.957904,4.330948,4.957904,4.767821,4.871154,4.767821,4.330948,5.452992,4.6027,4.767821,4.330948,4.871154,4.767821,4.767821,3.55701,4.871154,4.330948,3.139688,5.452992,5.652759,4.871154,4.957904,4.871154,5.452992,4.6027
2024-04-08,3.317606,3.544537,4.050359,3.544537,5.947183,5.940079,5.71858,5.940079,3.544537,4.383028,6.264946,6.366975,5.71858,5.940079,5.940079,5.947183,3.496351,6.264946,5.940079,6.366975,6.366975,6.52222,5.940079,3.544537,6.52222,4.050359,6.52222,5.71858,6.366975,5.71858,4.050359,5.940079,6.264946,5.71858,4.050359,6.366975,5.71858,5.71858,3.544537,6.366975,4.050359,3.496351,5.940079,5.947183,6.366975,6.52222,6.366975,5.940079,6.264946
2024-04-15,4.02324,3.721591,4.079381,3.721591,5.46919,5.693889,4.932102,5.693889,3.721591,3.811905,5.687836,5.551211,4.932102,5.693889,5.693889,5.46919,3.724385,5.687836,5.693889,5.551211,5.551211,5.94194,5.693889,3.721591,5.94194,4.079381,5.94194,4.932102,5.551211,4.932102,4.079381,5.693889,5.687836,4.932102,4.079381,5.551211,4.932102,4.932102,3.721591,5.551211,4.079381,3.724385,5.693889,5.46919,5.551211,5.94194,5.551211,5.693889,5.687836
2024-04-22,3.460202,3.848267,4.56354,3.848267,6.114243,5.806193,4.101886,5.806193,3.848267,3.003569,3.677794,3.558568,4.101886,5.806193,5.806193,6.114243,3.739778,3.677794,5.806193,3.558568,3.558568,4.045474,5.806193,3.848267,4.045474,4.56354,4.045474,4.101886,3.558568,4.101886,4.56354,5.806193,3.677794,4.101886,4.56354,3.558568,4.101886,4.101886,3.848267,3.558568,4.56354,3.739778,5.806193,6.114243,3.558568,4.045474,3.558568,5.806193,3.677794
2024-04-29,3.736434,4.385807,4.902946,4.385807,5.909627,5.616342,5.006726,5.616342,4.385807,3.584496,5.134247,5.058389,5.006726,5.616342,5.616342,5.909627,3.862921,5.134247,5.616342,5.058389,5.058389,4.918991,5.616342,4.385807,4.918991,4.902946,4.918991,5.006726,5.058389,5.006726,4.902946,5.616342,5.134247,5.006726,4.902946,5.058389,5.006726,5.006726,4.385807,5.058389,4.902946,3.862921,5.616342,5.909627,5.058389,4.918991,5.058389,5.616342,5.134247
2024-05-06,4.658641,3.548,4.587311,3.548,6.362194,6.160677,5.73663,6.160677,3.548,4.004091,5.751957,6.036019,5.73663,6.160677,6.160677,6.362194,2.984652,5.751957,6.160677,6.036019,6.036019,5.94369,6.160677,3.548,5.94369,4.587311,5.94369,5.73663,6.036019,5.73663,4.587311,6.160677,5.751957,5.73663,4.587311,6.036019,5.73663,5.73663,3.548,6.036019,4.587311,2.984652,6.160677,6.362194,6.036019,5.94369,6.036019,6.160677,5.751957
2024-05-13,4.578353,4.5932,5.2329,4.5932,6.854338,6.866742,6.299938,6.866742,4.5932,4.018064,7.016601,7.103132,6.299938,6.866742,6.866742,6.854338,4.095984,7.016601,6.866742,7.103132,7.103132,7.442284,6.866742,4.5932,7.442284,5.2329,7.442284,6.299938,7.103132,6.299938,5.2329,6.866742,7.016601,6.299938,5.2329,7.103132,6.299938,6.299938,4.5932,7.103132,5.2329,4.095984,6.866742,6.854338,7.103132,7.442284,7.103132,6.866742,7.016601
2024-05-20,4.643785,4.774747,5.082945,4.774747,6.731969,6.847903,6.406841,6.847903,4.774747,8.736871,6.70304,6.710889,6.406841,6.847903,6.847903,6.731969,4.403171,6.70304,6.847903,6.710889,6.710889,6.769314,6.847903,4.774747,6.769314,5.082945,6.769314,6.406841,6.710889,6.406841,5.082945,6.847903,6.70304,6.406841,5.082945,6.710889,6.406841,6.406841,4.774747,6.710889,5.082945,4.403171,6.847903,6.731969,6.710889,6.769314,6.710889,6.847903,6.70304
2024-05-27,5.20442,4.295125,5.35225,4.295125,7.514634,7.760674,7.181664,7.760674,4.295125,4.348558,7.060813,6.686913,7.181664,7.760674,7.760674,7.514634,3.586205,7.060813,7.760674,6.686913,6.686913,6.666934,7.760674,4.295125,6.666934,5.35225,6.666934,7.181664,6.686913,7.181664,5.35225,7.760674,7.060813,7.181664,5.35225,6.686913,7.181664,7.181664,4.295125,6.686913,5.35225,3.586205,7.760674,7.514634,6.686913,6.666934,6.686913,7.760674,7.060813
2024-06-03,5.093825,5.078063,6.780478,5.078063,8.24711,8.204654,7.07703,8.204654,5.078063,3.316882,6.780432,6.459427,7.07703,8.204654,8.204654,8.24711,3.962595,6.780432,8.204654,6.459427,6.459427,6.846546,8.204654,5.078063,6.846546,6.780478,6.846546,7.07703,6.459427,7.07703,6.780478,8.204654,6.780432,7.07703,6.780478,6.459427,7.07703,7.07703,5.078063,6.459427,6.780478,3.962595,8.204654,8.24711,6.459427,6.846546,6.459427,8.204654,6.780432
2024-06-10,4.358068,4.848346,5.544819,4.848346,7.892784,8.570061,8.531717,8.570061,4.848346,4.424713,8.701207,7.896183,8.531717,8.570061,8.570061,7.892784,4.804546,8.701207,8.570061,7.896183,7.896183,7.029968,8.570061,4.848346,7.029968,5.544819,7.029968,8.531717,7.896183,8.531717,5.544819,8.570061,8.701207,8.531717,5.544819,7.896183,8.531717,8.531717,4.848346,7.896183,5.544819,4.804546,8.570061,7.892784,7.896183,7.029968,7.896183,8.570061,8.701207
2024-06-17,4.916503,5.217312,6.310219,5.217312,8.653876,8.960967,7.968138,8.960967,5.217312,7.498582,7.281657,6.96265,7.968138,8.960967,8.960967,8.653876,4.730649,7.281657,8.960967,6.96265,6.96265,7.019433,8.960967,5.217312,7.019433,6.310219,7.019433,7.968138,6.96265,7.968138,6.310219,8.960967,7.281657,7.968138,6.310219,6.96265,7.968138,7.968138,5.217312,6.96265,6.310219,4.730649,8.960967,8.653876,6.96265,7.019433,6.96265,8.960967,7.281657
2024-06-24,5.36846,5.32864,6.116966,5.32864,8.314257,8.660867,7.735946,8.660867,5.32864,9.475194,8.318375,8.515994,7.735946,8.660867,8.660867,8.314257,4.647872,8.318375,8.660867,8.515994,8.515994,8.959393,8.660867,5.32864,8.959393,6.116966,8.959393,7.735946,8.515994,7.735946,6.116966,8.660867,8.318375,7.735946,6.116966,8.515994,7.735946,7.735946,5.32864,8.515994,6.116966,4.647872,8.660867,8.314257,8.515994,8.959393,8.515994,8.660867,8.318375
2024-07-01,5.457567,5.920145,7.40063,5.920145,9.479287,9.675955,9.02571,9.675955,5.920145,10.552817,9.34165,9.383795,9.02571,9.675955,9.675955,9.479287,4.99513,9.34165,9.675955,9.383795,9.383795,8.798605,9.675955,5.920145,8.798605,7.40063,8.798605,9.02571,9.383795,9.02571,7.40063,9.675955,9.34165,9.02571,7.40063,9.383795,9.02571,9.02571,5.920145,9.383795,7.40063,4.99513,9.675955,9.479287,9.383795,8.798605,9.383795,9.675955,9.34165
2024-07-08,5.550613,4.969522,6.334989,4.969522,9.479501,9.94269,8.948351,9.94269,4.969522,8.480754,8.147025,7.28088,8.948351,9.94269,9.94269,9.479501,4.665135,8.147025,9.94269,7.28088,7.28088,6.948825,9.94269,4.969522,6.948825,6.334989,6.948825,8.948351,7.28088,8.948351,6.334989,9.94269,8.147025,8.948351,6.334989,7.28088,8.948351,8.948351,4.969522,7.28088,6.334989,4.665135,9.94269,9.479501,7.28088,6.948825,7.28088,9.94269,8.147025
2024-07-15,5.510952,3.712445,5.635128,3.712445,9.822967,10.269354,9.158725,10.269354,3.712445,8.215298,9.613998,9.107768,9.158725,10.269354,10.269354,9.822967,2.831182,9.613998,10.269354,9.107768,9.107768,8.767214,10.269354,3.712445,8.767214,5.635128,8.767214,9.158725,9.107768,9.158725,5.635128,10.269354,9.613998,9.158725,5.635128,9.107768,9.158725,9.158725,3.712445,9.107768,5.635128,2.831182,10.269354,9.822967,9.107768,8.767214,9.107768,10.269354,9.613998
2024-07-22,6.137579,5.35559,7.297241,5.35559,10.446764,10.542894,8.706772,10.542894,5.35559,9.537163,8.773027,8.952177,8.706772,10.542894,10.542894,10.446764,4.480327,8.773027,10.542894,8.952177,8.952177,9.042433,10.542894,5.35559,9.042433,7.297241,9.042433,8.706772,8.952177,8.706772,7.297241,10.542894,8.773027,8.706772,7.297241,8.952177,8.706772,8.706772,5.35559,8.952177,7.297241,4.480327,10.542894,10.446764,8.952177,9.042433,8.952177,10.542894,8.773027
2024-07-29,6.0393,3.777794,5.978515,3.777794,10.305429,10.953591,9.28158,10.953591,3.777794,8.444432,9.124514,8.991979,9.28158,10.953591,10.953591,10.305429,3.894276,9.124514,10.953591,8.991979,8.991979,8.895182,10.953591,3.777794,8.895182,5.978515,8.895182,9.28158,8.991979,9.28158,5.978515,10.953591,9.124514,9.28158,5.978515,8.991979,9.28158,9.28158,3.777794,8.991979,5.978515,3.894276,10.953591,10.305429,8.991979,8.895182,8.991979,10.953591,9.124514
2024-08-05,6.195121,4.221163,5.900548,4.221163,10.395854,11.280751,9.605873,11.280751,4.221163,9.611845,9.119178,8.889942,9.605873,11.280751,11.280751,10.395854,4.102618,9.119178,11.280751,8.889942,8.889942,9.612363,11.280751,4.221163,9.612363,5.900548,9.612363,9.605873,8.889942,9.605873,5.900548,11.280751,9.119178,9.605873,5.900548,8.889942,9.605873,9.605873,4.221163,8.889942,5.900548,4.102618,11.280751,10.395854,8.889942,9.612363,8.889942,11.280751,9.119178
2024-08-12,6.211146,4.212468,6.373119,4.212468,11.023654,11.779809,10.449446,11.779809,4.212468,9.512319,9.975027,9.022408,10.449446,11.779809,11.779809,11.023654,3.699946,9.975027,11.779809,9.022408,9.022408,8.727258,11.779809,4.212468,8.727258,6.373119,8.727258,10.449446,9.022408,10.449446,6.373119,11.779809,9.975027,10.449446,6.373119,9.022408,10.449446,10.449446,4.212468,9.022408,6.373119,3.699946,11.779809,11.023654,9.022408,8.727258,9.022408,11.779809,9.975027
2024-08-19,6.009602,4.910129,6.900006,4.910129,10.790895,11.083166,9.304277,11.083166,4.910129,12.278449,8.404125,7.996868,9.304277,11.083166,11.083166,10.790895,4.872131,8.404125,11.083166,7.996868,7.996868,8.150206,11.083166,4.910129,8.150206,6.900006,8.150206,9.304277,7.996868,9.304277,6.900006,11.083166,8.404125,9.304277,6.900006,7.996868,9.304277,9.304277,4.910129,7.996868,6.900006,4.872131,11.083166,10.790895,7.996868,8.150206,7.996868,11.083166,8.404125
2024-08-26,5.701144,6.280001,7.492091,6.280001,11.603079,12.183652,10.387992,12.183652,6.280001,10.350953,8.233005,7.016231,10.387992,12.183652,12.183652,11.603079,6.393418,8.233005,12.183652,7.016231,7.016231,7.118774,12.183652,6.280001,7.118774,7.492091,7.118774,10.387992,7.016231,10.387992,7.492091,12.183652,8.233005,10.387992,7.492091,7.016231,10.387992,10.387992,6.280001,7.016231,7.492091,6.393418,12.183652,11.603079,7.016231,7.118774,7.016231,12.183652,8.233005
2024-09-02,5.89237,4.873756,7.109816,4.873756,11.372266,12.053624,10.938972,12.053624,4.873756,12.198579,10.263639,10.007121,10.938972,12.053624,12.053624,11.372266,4.376586,10.263639,12.053624,10.007121,10.007121,9.910348,12.053624,4.873756,9.910348,7.109816,9.910348,10.938972,10.007121,10.938972,7.109816,12.053624,10.263639,10.938972,7.109816,10.007121,10.938972,10.938972,4.873756,10.007121,7.109816,4.376586,12.053624,11.372266,10.007121,9.910348,10.007121,12.053624,10.263639
2024-09-09,5.467052,7.65378,7.504196,7.65378,10.423985,10.313876,9.038317,10.313876,7.65378,12.517237,8.369086,7.893325,9.038317,10.313876,10.313876,10.423985,8.310367,8.369086,10.313876,7.893325,7.893325,7.779466,10.313876,7.65378,7.779466,7.504196,7.779466,9.038317,7.893325,9.038317,7.504196,10.313876,8.369086,9.038317,7.504196,7.893325,9.038317,9.038317,7.65378,7.893325,7.504196,8.310367,10.313876,10.423985,7.893325,7.779466,7.893325,10.313876,8.369086
2024-09-16,4.846929,5.845274,6.521733,5.845274,9.780409,8.821746,6.095569,8.821746,5.845274,11.370576,4.851686,4.989093,6.095569,8.821746,8.821746,9.780409,6.717467,4.851686,8.821746,4.989093,4.989093,5.708424,8.821746,5.845274,5.708424,6.521733,5.708424,6.095569,4.989093,6.095569,6.521733,8.821746,4.851686,6.095569,6.521733,4.989093,6.095569,6.095569,5.845274,4.989093,6.521733,6.717467,8.821746,9.780409,4.989093,5.708424,4.989093,8.821746,4.851686
2024-09-23,4.990569,7.686168,7.742974,7.686168,9.620448,9.656425,8.431993,9.656425,7.686168,10.54139,7.516548,7.394535,8.431993,9.656425,9.656425,9.620448,8.328946,7.516548,9.656425,7.394535,7.394535,7.624107,9.656425,7.686168,7.624107,7.742974,7.624107,8.431993,7.394535,8.431993,7.742974,9.656425,7.516548,8.431993,7.742974,7.394535,8.431993,8.431993,7.686168,7.394535,7.742974,8.328946,9.656425,9.620448,7.394535,7.624107,7.394535,9.656425,7.516548
2024-09-30,4.09771,7.049193,7.462315,7.049193,9.236941,8.838476,7.31726,8.838476,7.049193,7.641447,7.027203,6.993865,7.31726,8.838476,8.838476,9.236941,7.515217,7.027203,8.838476,6.993865,6.993865,6.952466,8.838476,7.049193,6.952466,7.462315,6.952466,7.31726,6.993865,7.31726,7.462315,8.838476,7.027203,7.31726,7.462315,6.993865,7.31726,7.31726,7.049193,6.993865,7.462315,7.515217,8.838476,9.236941,6.993865,6.952466,6.993865,8.838476,7.027203
2024-10-07,4.64236,6.732404,7.163985,6.732404,9.414194,8.893291,7.429188,8.893291,6.732404,12.388825,7.06131,6.630036,7.429188,8.893291,8.893291,9.414194,5.76718,7.06131,8.893291,6.630036,6.630036,6.277827,8.893291,6.732404,6.277827,7.163985,6.277827,7.429188,6.630036,7.429188,7.163985,8.893291,7.06131,7.429188,7.163985,6.630036,7.429188,7.429188,6.732404,6.630036,7.163985,5.76718,8.893291,9.414194,6.630036,6.277827,6.630036,8.893291,7.06131
2024-10-14,3.366704,6.77447,6.431145,6.77447,8.583825,8.367828,7.394605,8.367828,6.77447,8.915284,7.481557,7.819328,7.394605,8.367828,8.367828,8.583825,6.866415,7.481557,8.367828,7.819328,7.819328,7.586244,8.367828,6.77447,7.586244,6.431145,7.586244,7.394605,7.819328,7.394605,6.431145,8.367828,7.481557,7.394605,6.431145,7.819328,7.394605,7.394605,6.77447,7.819328,6.431145,6.866415,8.367828,8.583825,7.819328,7.586244,7.819328,8.367828,7.481557
2024-10-21,5.319761,5.459005,6.230948,5.459005,8.071714,8.24192,7.480886,8.24192,5.459005,4.952856,7.308568,7.815545,7.480886,8.24192,8.24192,8.071714,5.118595,7.308568,8.24192,7.815545,7.815545,8.09483,8.24192,5.459005,8.09483,6.230948,8.09483,7.480886,7.815545,7.480886,6.230948,8.24192,7.308568,7.480886,6.230948,7.815545,7.480886,7.480886,5.459005,7.815545,6.230948,5.118595,8.24192,8.071714,7.815545,8.09483,7.815545,8.24192,7.308568
2024-10-28,4.236966,5.889783,6.442239,5.889783,7.984028,8.065889,7.381672,8.065889,5.889783,4.84622,7.078366,6.93854,7.381672,8.065889,8.065889,7.984028,5.719898,7.078366,8.065889,6.93854,6.93854,6.634713,8.065889,5.889783,6.634713,6.442239,6.634713,7.381672,6.93854,7.381672,6.442239,8.065889,7.078366,7.381672,6.442239,6.93854,7.381672,7.381672,5.889783,6.93854,6.442239,5.719898,8.065889,7.984028,6.93854,6.634713,6.93854,8.065889,7.078366
2024-11-04,4.360358,4.579069,5.17779,4.579069,7.958522,8.596696,8.2914,8.596696,4.579069,5.150162,7.941499,7.34641,8.2914,8.596696,8.596696,7.958522,4.649199,7.941499,8.596696,7.34641,7.34641,6.475423,8.596696,4.579069,6.475423,5.17779,6.475423,8.2914,7.34641,8.2914,5.17779,8.596696,7.941499,8.2914,5.17779,7.34641,8.2914,8.2914,4.579069,7.34641,5.17779,4.649199,8.596696,7.958522,7.34641,6.475423,7.34641,8.596696,7.941499
2024-11-11,5.03255,5.266074,6.071312,5.266074,7.848677,7.77228,6.868197,7.77228,5.266074,3.958113,6.717865,6.555173,6.868197,7.77228,7.77228,7.848677,4.834909,6.717865,7.77228,6.555173,6.555173,6.047482,7.77228,5.266074,6.047482,6.071312,6.047482,6.868197,6.555173,6.868197,6.071312,7.77228,6.717865,6.868197,6.071312,6.555173,6.868197,6.868197,5.266074,6.555173,6.071312,4.834909,7.77228,7.848677,6.555173,6.047482,6.555173,7.77228,6.717865
2024-11-18,3.894926,4.829937,5.593616,4.829937,7.548322,7.512183,5.798427,7.512183,4.829937,3.951748,4.680238,3.969308,5.798427,7.512183,7.512183,7.548322,4.967794,4.680238,7.512183,3.969308,3.969308,3.794663,7.512183,4.829937,3.794663,5.593616,3.794663,5.798427,3.969308,5.798427,5.593616,7.512183,4.680238,5.798427,5.593616,3.969308,5.798427,5.798427,4.829937,3.969308,5.593616,4.967794,7.512183,7.548322,3.969308,3.794663,3.969308,7.512183,4.680238
2024-11-25,3.321472,5.663646,5.806788,5.663646,7.031231,6.789231,5.621105,6.789231,5.663646,3.450324,5.274003,5.212241,5.621105,6.789231,6.789231,7.031231,5.815903,5.274003,6.789231,5.212241,5.212241,4.910821,6.789231,5.663646,4.910821,5.806788,4.910821,5.621105,5.212241,5.621105,5.806788,6.789231,5.274003,5.621105,5.806788,5.212241,5.621105,5.621105,5.663646,5.212241,5.806788,5.815903,6.789231,7.031231,5.212241,4.910821,5.212241,6.789231,5.274003
2024-12-02,3.802436,5.425652,6.146691,5.425652,7.777303,6.873504,5.252231,6.873504,5.425652,3.820871,5.231495,5.385558,5.252231,6.873504,6.873504,7.777303,4.199303,5.231495,6.873504,5.385558,5.385558,5.367896,6.873504,5.425652,5.367896,6.146691,5.367896,5.252231,5.385558,5.252231,6.146691,6.873504,5.231495,5.252231,6.146691,5.385558,5.252231,5.252231,5.425652,5.385558,6.146691,4.199303,6.873504,7.777303,5.385558,5.367896,5.385558,6.873504,5.231495
2024-12-09,3.69733,4.144288,4.81786,4.144288,6.000365,5.659903,4.466379,5.659903,4.144288,2.793406,4.370822,4.464212,4.466379,5.659903,5.659903,6.000365,3.751378,4.370822,5.659903,4.464212,4.464212,4.552506,5.659903,4.144288,4.552506,4.81786,4.552506,4.466379,4.464212,4.466379,4.81786,5.659903,4.370822,4.466379,4.81786,4.464212,4.466379,4.466379,4.144288,4.464212,4.81786,3.751378,5.659903,6.000365,4.464212,4.552506,4.464212,5.659903,4.370822
2024-12-16,3.613708,3.016253,3.685792,3.016253,5.083666,4.988026,3.998156,4.988026,3.016253,3.186769,3.267586,3.469819,3.998156,4.988026,4.988026,5.083666,2.426858,3.267586,4.988026,3.469819,3.469819,3.579689,4.988026,3.016253,3.579689,3.685792,3.579689,3.998156,3.469819,3.998156,3.685792,4.988026,3.267586,3.998156,3.685792,3.469819,3.998156,3.998156,3.016253,3.469819,3.685792,2.426858,4.988026,5.083666,3.469819,3.579689,3.469819,4.988026,3.267586
2024-12-23,3.563626,3.357204,4.008001,3.357204,5.271866,5.019277,4.050459,5.019277,3.357204,2.46874,4.062088,4.462958,4.050459,5.019277,5.019277,5.271866,2.69296,4.062088,5.019277,4.462958,4.462958,4.753333,5.019277,3.357204,4.753333,4.008001,4.753333,4.050459,4.462958,4.050459,4.008001,5.019277,4.062088,4.050459,4.008001,4.462958,4.050459,4.050459,3.357204,4.462958,4.008001,2.69296,5.019277,5.271866,4.462958,4.753333,4.462958,5.019277,4.062088
2024-12-30,3.585127,3.13342,3.870034,3.13342,5.354188,5.402688,3.819929,5.402688,3.13342,2.527174,3.37324,3.69489,3.819929,5.402688,5.402688,5.354188,2.837914,3.37324,5.402688,3.69489,3.69489,3.822042,5.402688,3.13342,3.822042,3.870034,3.822042,3.819929,3.69489,3.819929,3.870034,5.402688,3.37324,3.819929,3.870034,3.69489,3.819929,3.819929,3.13342,3.69489,3.870034,2.837914,5.402688,5.354188,3.69489,3.822042,3.69489,5.402688,3.37324
2025-01-06,2.530216,4.04792,4.638147,4.04792,5.652199,5.175586,3.860537,5.175586,4.04792,2.28331,3.699978,4.278617,3.860537,5.175586,5.175586,5.652199,3.481854,3.699978,5.175586,4.278617,4.278617,4.096532,5.175586,4.04792,4.096532,4.638147,4.096532,3.860537,4.278617,3.860537,4.638147,5.175586,3.699978,3.860537,4.638147,4.278617,3.860537,3.860537,4.04792,4.278617,4.638147,3.481854,5.175586,5.652199,4.278617,4.096532,4.278617,5.175586,3.699978
2025-01-13,3.346443,4.058647,4.662091,4.058647,5.625339,5.088078,3.759346,5.088078,4.058647,2.260583,3.620612,3.955912,3.759346,5.088078,5.088078,5.625339,3.273329,3.620612,5.088078,3.955912,3.955912,3.948022,5.088078,4.058647,3.948022,4.662091,3.948022,3.759346,3.955912,3.759346,4.662091,5.088078,3.620612,3.759346,4.662091,3.955912,3.759346,3.759346,4.058647,3.955912,4.662091,3.273329,5.088078,5.625339,3.955912,3.948022,3.955912,5.088078,3.620612
2025-01-20,4.45808,3.598167,4.12609,3.598167,4.803514,4.516222,3.716383,4.516222,3.598167,1.997738,3.387851,3.013496,3.716383,4.516222,4.516222,4.803514,3.13649,3.387851,4.516222,3.013496,3.013496,2.956282,4.516222,3.598167,2.956282,4.12609,2.956282,3.716383,3.013496,3.716383,4.12609,4.516222,3.387851,3.716383,4.12609,3.013496,3.716383,3.716383,3.598167,3.013496,4.12609,3.13649,4.516222,4.803514,3.013496,2.956282,3.013496,4.516222,3.387851
2025-01-27,3.713782,2.889591,3.618897,2.889591,5.882823,5.98137,5.245208,5.98137,2.889591,3.023481,5.090543,5.030113,5.245208,5.98137,5.98137,5.882823,2.733274,5.090543,5.98137,5.030113,5.030113,4.759553,5.98137,2.889591,4.759553,3.618897,4.759553,5.245208,5.030113,5.245208,3.618897,5.98137,5.090543,5.245208,3.618897,5.030113,5.245208,5.245208,2.889591,5.030113,3.618897,2.733274,5.98137,5.882823,5.030113,4.759553,5.030113,5.98137,5.090543
2025-02-03,3.624964,3.83608,4.31968,3.83608,4.822324,4.475402,3.667586,4.475402,3.83608,3.427645,3.414314,3.509607,3.667586,4.475402,4.475402,4.822324,3.348821,3.414314,4.475402,3.509607,3.509607,3.722547,4.475402,3.83608,3.722547,4.31968,3.722547,3.667586,3.509607,3.667586,4.31968,4.475402,3.414314,3.667586,4.31968,3.509607,3.667586,3.667586,3.83608,3.509607,4.31968,3.348821,4.475402,4.822324,3.509607,3.722547,3.509607,4.475402,3.414314
2025-02-10,3.911863,4.165836,4.431827,4.165836,5.206906,4.906204,4.176311,4.906204,4.165836,2.455069,3.434069,3.754569,4.176311,4.906204,4.906204,5.206906,3.299418,3.434069,4.906204,3.754569,3.754569,3.62071,4.906204,4.165836,3.62071,4.431827,3.62071,4.176311,3.754569,4.176311,4.431827,4.906204,3.434069,4.176311,4.431827,3.754569,4.176311,4.176311,4.165836,3.754569,4.431827,3.299418,4.906204,5.206906,3.754569,3.62071,3.754569,4.906204,3.434069
2025-02-17,3.178449,3.557133,4.040161,3.557133,5.803938,5.840715,5.222621,5.840715,3.557133,4.463746,4.623427,4.423527,5.222621,5.840715,5.840715,5.803938,3.086997,4.623427,5.840715,4.423527,4.423527,3.829186,5.840715,3.557133,3.829186,4.040161,3.829186,5.222621,4.423527,5.222621,4.040161,5.840715,4.623427,5.222621,4.040161,4.423527,5.222621,5.222621,3.557133,4.423527,4.040161,3.086997,5.840715,5.803938,4.423527,3.829186,4.423527,5.840715,4.623427
2025-02-24,4.116269,3.414652,4.537263,3.414652,6.127326,6.150645,5.415657,6.150645,3.414652,3.732637,5.315218,5.482842,5.415657,6.150645,6.150645,6.127326,3.102187,5.315218,6.150645,5.482842,5.482842,5.371936,6.150645,3.414652,5.371936,4.537263,5.371936,5.415657,5.482842,5.415657,4.537263,6.150645,5.315218,5.415657,4.537263,5.482842,5.415657,5.415657,3.414652,5.482842,4.537263,3.102187,6.150645,6.127326,5.482842,5.371936,5.482842,6.150645,5.315218
2025-03-03,3.899555,3.28978,4.246407,3.28978,5.758184,5.512452,4.274708,5.512452,3.28978,3.267032,3.799438,3.868385,4.274708,5.512452,5.512452,5.758184,3.181249,3.799438,5.512452,3.868385,3.868385,3.885186,5.512452,3.28978,3.885186,4.246407,3.885186,4.274708,3.868385,4.274708,4.246407,5.512452,3.799438,4.274708,4.246407,3.868385,4.274708,4.274708,3.28978,3.868385,4.246407,3.181249,5.512452,5.758184,3.868385,3.885186,3.868385,5.512452,3.799438
2025-03-10,3.573498,5.013248,5.600963,5.013248,6.282035,6.076647,5.365585,6.076647,5.013248,4.499401,4.720102,5.089947,5.365585,6.076647,6.076647,6.282035,4.753311,4.720102,6.076647,5.089947,5.089947,5.086014,6.076647,5.013248,5.086014,5.600963,5.086014,5.365585,5.089947,5.365585,5.600963,6.076647,4.720102,5.365585,5.600963,5.089947,5.365585,5.365585,5.013248,5.089947,5.600963,4.753311,6.076647,6.282035,5.089947,5.086014,5.089947,6.076647,4.720102
2025-03-17,3.285738,3.694762,4.475228,3.694762,5.742392,5.408257,4.178374,5.408257,3.694762,3.538054,3.237049,3.624555,4.178374,5.408257,5.408257,5.742392,3.620106,3.237049,5.408257,3.624555,3.624555,3.695036,5.408257,3.694762,3.695036,4.475228,3.695036,4.178374,3.624555,4.178374,4.475228,5.408257,3.237049,4.178374,4.475228,3.624555,4.178374,4.178374,3.694762,3.624555,4.475228,3.620106,5.408257,5.742392,3.624555,3.695036,3.624555,5.408257,3.237049
2025-03-24,4.024217,3.727871,4.123473,3.727871,5.674119,5.601373,4.953728,5.601373,3.727871,3.494164,4.798592,5.176873,4.953728,5.601373,5.601373,5.674119,3.861277,4.798592,5.601373,5.176873,5.176873,5.186797,5.601373,3.727871,5.186797,4.123473,5.186797,4.953728,5.176873,4.953728,4.123473,5.601373,4.798592,4.953728,4.123473,5.176873,4.953728,4.953728,3.727871,5.176873,4.123473,3.861277,5.601373,5.674119,5.176873,5.186797,5.176873,5.601373,4.798592
2025-03-31,3.837292,3.193363,4.193757,3.193363,5.638289,5.214747,4.140571,5.214747,3.193363,3.58623,3.923236,4.308638,4.140571,5.214747,5.214747,5.638289,2.647073,3.923236,5.214747,4.308638,4.308638,4.859928,5.214747,3.193363,4.859928,4.193757,4.859928,4.140571,4.308638,4.140571,4.193757,5.214747,3.923236,4.140571,4.193757,4.308638,4.140571,4.140571,3.193363,4.308638,4.193757,2.647073,5.214747,5.638289,4.308638,4.859928,4.308638,5.214747,3.923236
2025-04-07,3.662804,3.63447,4.186669,3.63447,6.129445,6.263714,6.086576,6.263714,3.63447,2.645302,6.065063,5.312656,6.086576,6.263714,6.263714,6.129445,3.349261,6.065063,6.263714,5.312656,5.312656,5.14406,6.263714,3.63447,5.14406,4.186669,5.14406,6.086576,5.312656,6.086576,4.186669,6.263714,6.065063,6.086576,4.186669,5.312656,6.086576,6.086576,3.63447,5.312656,4.186669,3.349261,6.263714,6.129445,5.312656,5.14406,5.312656,6.263714,6.065063
2025-04-14,4.05257,4.991788,5.969644,4.991788,6.90768,6.860662,6.471152,6.860662,4.991788,4.004519,6.651993,5.848739,6.471152,6.860662,6.860662,6.90768,4.583487,6.651993,6.860662,5.848739,5.848739,5.318423,6.860662,4.991788,5.318423,5.969644,5.318423,6.471152,5.848739,6.471152,5.969644,6.860662,6.651993,6.471152,5.969644,5.848739,6.471152,6.471152,4.991788,5.848739,5.969644,4.583487,6.860662,6.90768,5.848739,5.318423,5.848739,6.860662,6.651993
2025-04-21,4.241128,3.905681,4.503393,3.905681,5.668856,5.475195,4.812058,5.475195,3.905681,5.674663,4.948082,5.327294,4.812058,5.475195,5.475195,5.668856,3.293984,4.948082,5.475195,5.327294,5.327294,5.32156,5.475195,3.905681,5.32156,4.503393,5.32156,4.812058,5.327294,4.812058,4.503393,5.475195,4.948082,4.812058,4.503393,5.327294,4.812058,4.812058,3.905681,5.327294,4.503393,3.293984,5.475195,5.668856,5.327294,5.32156,5.327294,5.475195,4.948082
2025-04-28,3.736914,4.640553,5.633008,4.640553,6.829814,6.795166,6.064901,6.795166,4.640553,4.562448,5.997307,5.816785,6.064901,6.795166,6.795166,6.829814,3.839022,5.997307,6.795166,5.816785,5.816785,5.78807,6.795166,4.640553,5.78807,5.633008,5.78807,6.064901,5.816785,6.064901,5.633008,6.795166,5.997307,6.064901,5.633008,5.816785,6.064901,6.064901,4.640553,5.816785,5.633008,3.839022,6.795166,6.829814,5.816785,5.78807,5.816785,6.795166,5.997307
2025-05-05,3.986189,3.757977,4.780667,3.757977,6.919454,7.179185,6.59687,7.179185,3.757977,6.357372,6.703663,6.736145,6.59687,7.179185,7.179185,6.919454,3.31346,6.703663,7.179185,6.736145,6.736145,7.105582,7.179185,3.757977,7.105582,4.780667,7.105582,6.59687,6.736145,6.59687,4.780667,7.179185,6.703663,6.59687,4.780667,6.736145,6.59687,6.59687,3.757977,6.736145,4.780667,3.31346,7.179185,6.919454,6.736145,7.105582,6.736145,7.179185,6.703663
2025-05-12,4.722482,5.261308,5.571471,5.261308,7.183778,7.029978,6.274395,7.029978,5.261308,5.399503,5.746197,5.911895,6.274395,7.029978,7.029978,7.183778,5.291514,5.746197,7.029978,5.911895,5.911895,6.060433,7.029978,5.261308,6.060433,5.571471,6.060433,6.274395,5.911895,6.274395,5.571471,7.029978,5.746197,6.274395,5.571471,5.911895,6.274395,6.274395,5.261308,5.911895,5.571471,5.291514,7.029978,7.183778,5.911895,6.060433,5.911895,7.029978,5.746197
2025-05-19,4.281235,4.640172,5.256845,4.640172,6.959397,7.293478,6.96813,7.293478,4.640172,6.619303,7.172664,6.964507,6.96813,7.293478,7.293478,6.959397,4.192229,7.172664,7.293478,6.964507,6.964507,6.649908,7.293478,4.640172,6.649908,5.256845,6.649908,6.96813,6.964507,6.96813,5.256845,7.293478,7.172664,6.96813,5.256845,6.964507,6.96813,6.96813,4.640172,6.964507,5.256845,4.192229,7.293478,6.959397,6.964507,6.649908,6.964507,7.293478,7.172664
2025-05-26,3.999557,4.68443,5.526211,4.68443,7.389876,7.589155,6.213016,7.589155,4.68443,5.098401,6.263575,6.00414,6.213016,7.589155,7.589155,7.389876,4.548913,6.263575,7.589155,6.00414,6.00414,6.164058,7.589155,4.68443,6.164058,5.526211,6.164058,6.213016,6.00414,6.213016,5.526211,7.589155,6.263575,6.213016,5.526211,6.00414,6.213016,6.213016,4.68443,6.00414,5.526211,4.548913,7.589155,7.389876,6.00414,6.164058,6.00414,7.589155,6.263575
2025-06-02,4.851939,4.001428,5.265756,4.001428,7.934521,8.504622,8.189875,8.504622,4.001428,3.457844,9.151947,7.715083,8.189875,8.504622,8.504622,7.934521,3.277172,9.151947,8.504622,7.715083,7.715083,7.416051,8.504622,4.001428,7.416051,5.265756,7.416051,8.189875,7.715083,8.189875,5.265756,8.504622,9.151947,8.189875,5.265756,7.715083,8.189875,8.189875,4.001428,7.715083,5.265756,3.277172,8.504622,7.934521,7.715083,7.416051,7.715083,8.504622,9.151947
2025-06-09,4.54671,5.01464,5.728774,5.01464,8.544143,9.04725,8.645936,9.04725,5.01464,4.473713,8.6734,7.501857,8.645936,9.04725,9.04725,8.544143,4.713675,8.6734,9.04725,7.501857,7.501857,6.971436,9.04725,5.01464,6.971436,5.728774,6.971436,8.645936,7.501857,8.645936,5.728774,9.04725,8.6734,8.645936,5.728774,7.501857,8.645936,8.645936,5.01464,7.501857,5.728774,4.713675,9.04725,8.544143,7.501857,6.971436,7.501857,9.04725,8.6734
2025-06-16,5.08921,4.121949,5.605554,4.121949,8.939505,9.853821,9.484194,9.853821,4.121949,5.962388,9.728806,8.935236,9.484194,9.853821,9.853821,8.939505,3.258349,9.728806,9.853821,8.935236,8.935236,8.601789,9.853821,4.121949,8.601789,5.605554,8.601789,9.484194,8.935236,9.484194,5.605554,9.853821,9.728806,9.484194,5.605554,8.935236,9.484194,9.484194,4.121949,8.935236,5.605554,3.258349,9.853821,8.939505,8.935236,8.601789,8.935236,9.853821,9.728806
2025-06-23,5.342701,4.535918,6.27505,4.535918,9.458006,10.359934,10.176623,10.359934,4.535918,4.471109,10.757304,9.556077,10.176623,10.359934,10.359934,9.458006,3.777048,10.757304,10.359934,9.556077,9.556077,8.941697,10.359934,4.535918,8.941697,6.27505,8.941697,10.176623,9.556077,10.176623,6.27505,10.359934,10.757304,10.176623,6.27505,9.556077,10.176623,10.176623,4.535918,9.556077,6.27505,3.777048,10.359934,9.458006,9.556077,8.941697,9.556077,10.359934,10.757304
2025-06-30,5.606919,4.465713,6.03737,4.465713,9.835422,10.543984,9.379036,10.543984,4.465713,8.315349,9.74324,9.462455,9.379036,10.543984,10.543984,9.835422,3.813767,9.74324,10.543984,9.462455,9.462455,9.488673,10.543984,4.465713,9.488673,6.03737,9.488673,9.379036,9.462455,9.379036,6.03737,10.543984,9.74324,9.379036,6.03737,9.462455,9.379036,9.379036,4.465713,9.462455,6.03737,3.813767,10.543984,9.835422,9.462455,9.488673,9.462455,10.543984,9.74324
2025-07-07,5.500007,5.746818,7.712808,5.746818,11.092824,11.742857,10.449728,11.742857,5.746818,8.624481,9.610616,8.310722,10.449728,11.742857,11.742857,11.092824,4.430512,9.610616,11.742857,8.310722,8.310722,7.813062,11.742857,5.746818,7.813062,7.712808,7.813062,10.449728,8.310722,10.449728,7.712808,11.742857,9.610616,10.449728,7.712808,8.310722,10.449728,10.449728,5.746818,8.310722,7.712808,4.430512,11.742857,11.092824,8.310722,7.813062,8.310722,11.742857,9.610616
2025-07-14,6.309737,5.959088,7.020583,5.959088,10.832678,11.473292,10.794145,11.473292,5.959088,10.387317,9.491958,8.323932,10.794145,11.473292,11.473292,10.832678,5.706269,9.491958,11.473292,8.323932,8.323932,7.840777,11.473292,5.959088,7.840777,7.020583,7.840777,10.794145,8.323932,10.794145,7.020583,11.473292,9.491958,10.794145,7.020583,8.323932,10.794145,10.794145,5.959088,8.323932,7.020583,5.706269,11.473292,10.832678,8.323932,7.840777,8.323932,11.473292,9.491958
2025-07-21,6.990383,4.999596,5.721629,4.999596,10.344315,11.15267,10.158358,11.15267,4.999596,8.481433,9.876952,8.883306,10.158358,11.15267,11.15267,10.344315,4.465176,9.876952,11.15267,8.883306,8.883306,8.615659,11.15267,4.999596,8.615659,5.721629,8.615659,10.158358,8.883306,10.158358,5.721629,11.15267,9.876952,10.158358,5.721629,8.883306,10.158358,10.158358,4.999596,8.883306,5.721629,4.465176,11.15267,10.344315,8.883306,8.615659,8.883306,11.15267,9.876952
2025-07-28,6.798326,4.302876,6.08203,4.302876,10.747925,10.937322,8.875756,10.937322,4.302876,11.503224,7.724778,7.481368,8.875756,10.937322,10.937322,10.747925,4.430087,7.724778,10.937322,7.481368,7.481368,8.158972,10.937322,4.302876,8.158972,6.08203,8.158972,8.875756,7.481368,8.875756,6.08203,10.937322,7.724778,8.875756,6.08203,7.481368,8.875756,8.875756,4.302876,7.481368,6.08203,4.430087,10.937322,10.747925,7.481368,8.158972,7.481368,10.937322,7.724778
2025-08-04,6.402091,5.726256,7.980383,5.726256,11.108083,11.17213,8.935165,11.17213,5.726256,10.421028,7.118773,6.530384,8.935165,11.17213,11.17213,11.108083,5.113755,7.118773,11.17213,6.530384,6.530384,7.394569,11.17213,5.726256,7.394569,7.980383,7.394569,8.935165,6.530384,8.935165,7.980383,11.17213,7.118773,8.935165,7.980383,6.530384,8.935165,8.935165,5.726256,6.530384,7.980383,5.113755,11.17213,11.108083,6.530384,7.394569,6.530384,11.17213,7.118773
2025-08-11,6.222507,4.633229,6.395724,4.633229,10.353341,11.471292,10.519585,11.471292,4.633229,10.546526,9.864876,8.52731,10.519585,11.471292,11.471292,10.353341,4.155493,9.864876,11.471292,8.52731,8.52731,7.450714,11.471292,4.633229,7.450714,6.395724,7.450714,10.519585,8.52731,10.519585,6.395724,11.471292,9.864876,10.519585,6.395724,8.52731,10.519585,10.519585,4.633229,8.52731,6.395724,4.155493,11.471292,10.353341,8.52731,7.450714,8.52731,11.471292,9.864876
2025-08-18,6.24145,5.02812,6.526535,5.02812,10.341844,11.321376,9.304808,11.321376,5.02812,10.14871,9.531489,9.054851,9.304808,11.321376,11.321376,10.341844,4.3303,9.531489,11.321376,9.054851,9.054851,8.631496,11.321376,5.02812,8.631496,6.526535,8.631496,9.304808,9.054851,9.304808,6.526535,11.321376,9.531489,9.304808,6.526535,9.054851,9.304808,9.304808,5.02812,9.054851,6.526535,4.3303,11.321376,10.341844,9.054851,8.631496,9.054851,11.321376,9.531489
2025-08-25,5.04767,3.415389,5.339114,3.415389,10.548255,11.389907,10.133853,11.389907,3.415389,9.010048,8.73266,7.693113,10.133853,11.389907,11.389907,10.548255,3.498168,8.73266,11.389907,7.693113,7.693113,7.501283,11.389907,3.415389,7.501283,5.339114,7.501283,10.133853,7.693113,10.133853,5.339114,11.389907,8.73266,10.133853,5.339114,7.693113,10.133853,10.133853,3.415389,7.693113,5.339114,3.498168,11.389907,10.548255,7.693113,7.501283,7.693113,11.389907,8.73266
2025-09-01,6.526557,5.207217,5.807213,5.207217,9.90824,10.487855,9.948545,10.487855,5.207217,9.213293,9.610118,8.891958,9.948545,10.487855,10.487855,9.90824,5.410837,9.610118,10.487855,8.891958,8.891958,8.485577,10.487855,5.207217,8.485577,5.807213,8.485577,9.948545,8.891958,9.948545,5.807213,10.487855,9.610118,9.948545,5.807213,8.891958,9.948545,9.948545,5.207217,8.891958,5.807213,5.410837,10.487855,9.90824,8.891958,8.485577,8.891958,10.487855,9.610118
2025-09-08,6.441006,5.245332,6.764905,5.245332,10.704265,10.84642,9.048032,10.84642,5.245332,9.550079,8.579005,8.392462,9.048032,10.84642,10.84642,10.704265,4.484434,8.579005,10.84642,8.392462,8.392462,8.387789,10.84642,5.245332,8.387789,6.764905,8.387789,9.048032,8.392462,9.048032,6.764905,10.84642,8.579005,9.048032,6.764905,8.392462,9.048032,9.048032,5.245332,8.392462,6.764905,4.484434,10.84642,10.704265,8.392462,8.387789,8.392462,10.84642,8.579005
2025-09-15,6.339812,4.91502,5.984695,4.91502,10.1602,10.728351,9.832923,10.728351,4.91502,8.863634,8.531485,7.559308,9.832923,10.728351,10.728351,10.1602,4.899746,8.531485,10.728351,7.559308,7.559308,7.430289,10.728351,4.91502,7.430289,5.984695,7.430289,9.832923,7.559308,9.832923,5.984695,10.728351,8.531485,9.832923,5.984695,7.559308,9.832923,9.832923,4.91502,7.559308,5.984695,4.899746,10.728351,10.1602,7.559308,7.430289,7.559308,10.728351,8.531485
