date,state,pred
2016-10-10,AK,1.1061393578215455
2016-10-10,AL,2.449760468084094
2016-10-10,AR,1.097798411225726
2016-10-10,AZ,1.2344437201743999
2016-10-10,CA,1.6319430732565452
2016-10-10,CO,1.2445993498657635
2016-10-10,CT,1.5175382898624232
2016-10-10,DE,0.5382978547497628
2016-10-10,GA,1.760229770754429
2016-10-10,HI,1.3231950553441254
2016-10-10,IA,0.7674827462028209
2016-10-10,ID,0.7831784481497985
2016-10-10,IL,1.5110516676217236
2016-10-10,IN,1.126319270250125
2016-10-10,KS,0.8903908710391719
2016-10-10,KY,0.9668624146182557
2016-10-10,LA,1.632072741808243
2016-10-10,MA,1.0962466992552682
2016-10-10,MD,1.0158362285228784
2016-10-10,ME,1.1047224424488737
2016-10-10,MI,0.9443459459872243
2016-10-10,MN,0.9971080164104866
2016-10-10,MO,1.1740913118610692
2016-10-10,MS,1.9355475739392187
2016-10-10,MT,0.5077701286218197
2016-10-10,NC,1.3089024444918222
2016-10-10,ND,0.9635959628335429
2016-10-10,NE,0.856674343202181
2016-10-10,NH,0.6720802639192376
2016-10-10,NJ,2.778184972610343
2016-10-10,NM,1.2372652400909787
2016-10-10,NV,0.7985796138469816
2016-10-10,NY,2.079732178022135
2016-10-10,OH,0.8511594090943324
2016-10-10,OK,1.0028991335665003
2016-10-10,OR,0.9364421362633226
2016-10-10,PA,1.2606990344446583
2016-10-10,RI,0.6938357229304113
2016-10-10,SC,1.0392995774768918
2016-10-10,SD,1.045462282106842
2016-10-10,TN,2.055673500493901
2016-10-10,TX,2.047097171086825
2016-10-10,UT,1.1779216466904585
2016-10-10,VA,1.7297680095362618
2016-10-10,VT,0.8193065816978047
2016-10-10,WA,0.6058209442388583
2016-10-10,WI,1.056532782093082
2016-10-10,WV,0.9258905891475762
2016-10-10,WY,0.7360499500445783
2016-10-17,AK,1.245298356251406
2016-10-17,AL,1.2056973878593256
2016-10-17,AR,1.1297042746846384
2016-10-17,AZ,1.0483785869212934
2016-10-17,CA,1.3051947479361505
2016-10-17,CO,1.366705493823261
2016-10-17,CT,1.102341623601697
2016-10-17,DE,0.5336335798813724
2016-10-17,GA,1.7998572595042839
2016-10-17,HI,1.1786624308629399
2016-10-17,IA,0.8036029273797495
2016-10-17,ID,0.7658396311863307
2016-10-17,IL,1.198623250587947
2016-10-17,IN,0.9126672618303928
2016-10-17,KS,0.7681528743813826
2016-10-17,KY,0.8314690188908975
2016-10-17,LA,1.0664737596857599
2016-10-17,MA,0.8313894820108881
2016-10-17,MD,1.001578453932225
2016-10-17,ME,1.0509323452288681
2016-10-17,MI,0.9873496193652176
2016-10-17,MN,1.050164326542031
2016-10-17,MO,1.1708001852873946
2016-10-17,MS,1.821079816718406
2016-10-17,MT,0.6096703157350364
2016-10-17,NC,1.0086665914993385
2016-10-17,ND,0.8546405597633387
2016-10-17,NE,0.802819180352382
2016-10-17,NH,0.6654418286412417
2016-10-17,NJ,1.9524029850806996
2016-10-17,NM,1.1915353099893748
2016-10-17,NV,0.8510965686631183
2016-10-17,NY,1.176198986900129
2016-10-17,OH,0.8212760600215301
2016-10-17,OK,1.857944073685777
2016-10-17,OR,0.6251107863792327
2016-10-17,PA,0.8786989242194838
2016-10-17,RI,0.6011710870110301
2016-10-17,SC,0.9306601728010666
2016-10-17,SD,1.128119004676376
2016-10-17,TN,1.2426801879624874
2016-10-17,TX,1.7031359286051173
2016-10-17,UT,1.0140435643623587
2016-10-17,VA,1.5296427949226126
2016-10-17,VT,0.8470732687756231
2016-10-17,WA,0.6003337957619389
2016-10-17,WI,0.9520751043657367
2016-10-17,WV,0.9453828474727213
2016-10-17,WY,0.8580831991565026
2016-10-24,AK,1.0174747795992407
2016-10-24,AL,1.8753440224835831
2016-10-24,AR,1.196438957631162
2016-10-24,AZ,1.11222212476559
2016-10-24,CA,1.4518939201060554
2016-10-24,CO,1.1563450039810017
2016-10-24,CT,1.1116886895474702
2016-10-24,DE,0.5761092967439633
2016-10-24,GA,1.642987554607467
2016-10-24,HI,1.3582070064208411
2016-10-24,IA,0.8165186623292536
2016-10-24,ID,0.9055338098346077
2016-10-24,IL,1.4376562214289643
2016-10-24,IN,0.6914170230654613
2016-10-24,KS,1.0113337532877367
2016-10-24,KY,1.0186592364433609
2016-10-24,LA,1.2319107288045505
2016-10-24,MA,1.0009985678443165
2016-10-24,MD,1.1843800996191385
2016-10-24,ME,1.032586530051346
2016-10-24,MI,1.1478025426303524
2016-10-24,MN,0.9929747086954646
2016-10-24,MO,1.148975065920134
2016-10-24,MS,1.987488997772676
2016-10-24,MT,0.6020548894246175
2016-10-24,NC,1.1036561270683198
2016-10-24,ND,1.1149665418319965
2016-10-24,NE,0.8311101358987729
2016-10-24,NH,0.6570873907820042
2016-10-24,NJ,2.1087272500292835
2016-10-24,NM,1.1625776270110877
2016-10-24,NV,0.8772095693407072
2016-10-24,NY,1.5336931103309304
2016-10-24,OH,0.7843333737857836
2016-10-24,OK,1.28290764438457
2016-10-24,OR,0.9071908609428944
2016-10-24,PA,1.119052603297382
2016-10-24,RI,0.8127830106523981
2016-10-24,SC,1.1555087429415563
2016-10-24,SD,0.9810727065147289
2016-10-24,TN,1.4706697348975275
2016-10-24,TX,1.6739337993187058
2016-10-24,UT,1.1616224758245273
2016-10-24,VA,1.5214385211255836
2016-10-24,VT,0.7496157205638516
2016-10-24,WA,0.5796816793079617
2016-10-24,WI,1.054319525713336
2016-10-24,WV,0.7266465018757073
2016-10-24,WY,0.8938643581437333
2016-10-31,AK,1.1959178888471231
2016-10-31,AL,2.105553508990397
2016-10-31,AR,1.3694914590372897
2016-10-31,AZ,1.2791201129147676
2016-10-31,CA,1.475256816539556
2016-10-31,CO,1.126025751163487
2016-10-31,CT,1.290168071153354
2016-10-31,DE,0.6631805034502959
2016-10-31,GA,1.8532092150576331
2016-10-31,HI,1.6620201319510217
2016-10-31,IA,0.9033440550300067
2016-10-31,ID,1.077117930679676
2016-10-31,IL,1.4737629225253146
2016-10-31,IN,0.7931047528126045
2016-10-31,KS,0.7459825709804646
2016-10-31,KY,1.3048854924722368
2016-10-31,LA,1.362066289172624
2016-10-31,MA,0.9674929160092276
2016-10-31,MD,1.0818327607726608
2016-10-31,ME,1.1582817550243822
2016-10-31,MI,1.1831258201648642
2016-10-31,MN,1.1403723419506577
2016-10-31,MO,1.2723357190297389
2016-10-31,MS,2.218122305484405
2016-10-31,MT,0.6228183860097642
2016-10-31,NC,1.2579942394861243
2016-10-31,ND,1.315442801665737
2016-10-31,NE,0.8165111774891962
2016-10-31,NH,0.7858623084320903
2016-10-31,NJ,2.2433858816784906
2016-10-31,NM,1.2967954153866774
2016-10-31,NV,0.9605840338420224
2016-10-31,NY,1.5209709382873817
2016-10-31,OH,0.9086417440803052
2016-10-31,OK,2.3088378901292073
2016-10-31,OR,0.8135634771192632
2016-10-31,PA,1.1148811030240489
2016-10-31,RI,0.6097472571616571
2016-10-31,SC,1.2050390004804439
2016-10-31,SD,1.1903484712098962
2016-10-31,TN,1.5939134279989595
2016-10-31,TX,1.892084167099952
2016-10-31,UT,1.1034663981357438
2016-10-31,VA,1.7463054955099395
2016-10-31,VT,0.7311889890605178
2016-10-31,WA,0.6526442617692387
2016-10-31,WI,1.01085393412008
2016-10-31,WV,0.7917992365644386
2016-10-31,WY,0.8946735154324457
2016-11-07,AK,1.1047713018512368
2016-11-07,AL,2.2586250156623002
2016-11-07,AR,1.4709095266552161
2016-11-07,AZ,1.3868629785567745
2016-11-07,CA,1.5467838383238717
2016-11-07,CO,0.7300532615164744
2016-11-07,CT,1.7010842779333595
2016-11-07,DE,0.7283050746639359
2016-11-07,GA,2.1629567730087302
2016-11-07,HI,1.7474000811884545
2016-11-07,IA,0.9051220441183622
2016-11-07,ID,0.9066600348396661
2016-11-07,IL,1.5828310223305857
2016-11-07,IN,1.1747832163219
2016-11-07,KS,0.8565927829671276
2016-11-07,KY,1.0507378671414513
2016-11-07,LA,1.4426248319649477
2016-11-07,MA,1.130846683214761
2016-11-07,MD,1.2351913851470382
2016-11-07,ME,1.1411423165455168
2016-11-07,MI,1.4099556157691213
2016-11-07,MN,1.0034191531038155
2016-11-07,MO,1.4892286127732086
2016-11-07,MS,2.415978435555509
2016-11-07,MT,0.6312803431721381
2016-11-07,NC,1.1289063844697265
2016-11-07,ND,1.0265981855952622
2016-11-07,NE,1.0179102954577033
2016-11-07,NH,0.9242939988340364
2016-11-07,NJ,2.332257511033556
2016-11-07,NM,1.4927360921934367
2016-11-07,NV,1.1441845791619951
2016-11-07,NY,1.8014426092775044
2016-11-07,OH,0.9608317726070625
2016-11-07,OK,2.0679765472095655
2016-11-07,OR,1.1751552132689747
2016-11-07,PA,1.2922464886316043
2016-11-07,RI,0.7194424952911951
2016-11-07,SC,1.2891525177426413
2016-11-07,SD,1.1524653499141633
2016-11-07,TN,2.0074830793955947
2016-11-07,TX,1.8574357069262921
2016-11-07,UT,1.0923921568421107
2016-11-07,VA,1.841282953732723
2016-11-07,VT,0.695619356892847
2016-11-07,WA,0.6416324161850991
2016-11-07,WI,1.2535962166664507
2016-11-07,WV,0.8564709861805149
2016-11-07,WY,0.9768064836740928
2016-11-14,AK,1.2436603330404017
2016-11-14,AL,2.012078686866006
2016-11-14,AR,1.654518181242647
2016-11-14,AZ,1.2499767997253988
2016-11-14,CA,1.6922630556922758
2016-11-14,CO,1.214000853012947
2016-11-14,CT,1.6536743785981618
2016-11-14,DE,0.6347799456468459
2016-11-14,GA,2.2221632499595905
2016-11-14,HI,1.7121814371107447
2016-11-14,IA,1.0712707627696867
2016-11-14,ID,1.0569745796913472
2016-11-14,IL,1.6633733958740948
2016-11-14,IN,0.9234459874960652
2016-11-14,KS,0.9544784233028026
2016-11-14,KY,1.1329264387101554
2016-11-14,LA,1.644725894874711
2016-11-14,MA,1.0301738958924274
2016-11-14,MD,1.4289471258807822
2016-11-14,ME,0.9533212254444297
2016-11-14,MI,1.4246914891101692
2016-11-14,MN,0.9638897981439198
2016-11-14,MO,1.3450198957514936
2016-11-14,MS,2.45197994929972
2016-11-14,MT,0.6867048822496408
2016-11-14,NC,1.6289100163183945
2016-11-14,ND,1.0031951117672169
2016-11-14,NE,1.1437464421429113
2016-11-14,NH,0.9061841427964953
2016-11-14,NJ,2.1699429442658666
2016-11-14,NM,1.4409856541037975
2016-11-14,NV,1.2943677823002342
2016-11-14,NY,1.8742943453768972
2016-11-14,OH,0.9702575415486441
2016-11-14,OK,2.0541287302265485
2016-11-14,OR,1.291613657314877
2016-11-14,PA,1.31475558679133
2016-11-14,RI,0.7196920093492042
2016-11-14,SC,1.1610950392346706
2016-11-14,SD,1.2198925238167069
2016-11-14,TN,1.6271321010835371
2016-11-14,TX,1.9376980396176329
2016-11-14,UT,1.2556666204904694
2016-11-14,VA,1.805129193430877
2016-11-14,VT,0.7031035524833149
2016-11-14,WA,0.6987678197024048
2016-11-14,WI,1.1900839779814114
2016-11-14,WV,0.8712325991879588
2016-11-14,WY,1.059016254511206
2016-11-21,AK,1.4194081254581608
2016-11-21,AL,2.451729158077185
2016-11-21,AR,1.7626412771266748
2016-11-21,AZ,1.4699238533008505
2016-11-21,CA,1.6962617602157608
2016-11-21,CO,1.4165774347003144
2016-11-21,CT,1.5719064272925136
2016-11-21,DE,0.6699707716860367
2016-11-21,GA,2.18124838720433
2016-11-21,HI,1.6116440260271565
2016-11-21,IA,1.1078314362041768
2016-11-21,ID,1.093881402452235
2016-11-21,IL,1.742526509869907
2016-11-21,IN,0.8081283151679541
2016-11-21,KS,0.9816180277450895
2016-11-21,KY,1.4944463984467384
2016-11-21,LA,1.515072334265864
2016-11-21,MA,1.2024235963787442
2016-11-21,MD,1.157705976653135
2016-11-21,ME,1.1009206829389329
2016-11-21,MI,1.4377730458993727
2016-11-21,MN,1.0503846767384086
2016-11-21,MO,1.5364996677579699
2016-11-21,MS,2.2992194013156277
2016-11-21,MT,0.684772715624463
2016-11-21,NC,1.5962495694196135
2016-11-21,ND,1.1348174969725453
2016-11-21,NE,1.044966008986682
2016-11-21,NH,0.8508803114462462
2016-11-21,NJ,2.382135383638951
2016-11-21,NM,1.4405996003453372
2016-11-21,NV,1.202240301537976
2016-11-21,NY,1.8310987517542952
2016-11-21,OH,0.9690284780313689
2016-11-21,OK,2.6077617370218587
2016-11-21,OR,0.7935275321205781
2016-11-21,PA,1.3855893050466204
2016-11-21,RI,0.6690956183030486
2016-11-21,SC,1.2673194617952648
2016-11-21,SD,1.4189452676400884
2016-11-21,TN,2.1520779835851944
2016-11-21,TX,2.0727727782458976
2016-11-21,UT,1.2625120280092847
2016-11-21,VA,1.9111249313467646
2016-11-21,VT,0.7653997694701927
2016-11-21,WA,0.7898958552897491
2016-11-21,WI,1.0800795486213275
2016-11-21,WV,0.9941953617842749
2016-11-21,WY,0.9756367786235806
2016-11-28,AK,1.4738942192396054
2016-11-28,AL,2.229525689254162
2016-11-28,AR,1.7833710198585864
2016-11-28,AZ,1.5180875856816463
2016-11-28,CA,2.085060847448708
2016-11-28,CO,1.0929195108146346
2016-11-28,CT,1.8483182462277665
2016-11-28,DE,0.7304534722082391
2016-11-28,GA,2.725635716587444
2016-11-28,HI,1.9192200309121352
2016-11-28,IA,1.3131013461193461
2016-11-28,ID,1.2213649803504034
2016-11-28,IL,1.8473450434710126
2016-11-28,IN,1.1806441830930638
2016-11-28,KS,1.490056822921907
2016-11-28,KY,1.317725369668131
2016-11-28,LA,1.7471137223921556
2016-11-28,MA,1.2826018916781083
2016-11-28,MD,1.89713106851152
2016-11-28,ME,1.2003164883034603
2016-11-28,MI,1.4418130843490506
2016-11-28,MN,1.1766242438557495
2016-11-28,MO,1.9047134254704248
2016-11-28,MS,2.9730407348350747
2016-11-28,MT,0.7695767307835288
2016-11-28,NC,1.9919028019724399
2016-11-28,ND,1.2845873952560238
2016-11-28,NE,1.238123400427603
2016-11-28,NH,0.9437679560246155
2016-11-28,NJ,2.943097546365663
2016-11-28,NM,1.5695885738613886
2016-11-28,NV,1.4190858830812334
2016-11-28,NY,2.345304814585677
2016-11-28,OH,1.0997217497577012
2016-11-28,OK,2.5162173731524966
2016-11-28,OR,1.2325817933512384
2016-11-28,PA,1.5670725824141456
2016-11-28,RI,0.75307359336206
2016-11-28,SC,1.4907975254520331
2016-11-28,SD,1.4368750441336329
2016-11-28,TN,2.9404911045676725
2016-11-28,TX,2.37296427801763
2016-11-28,UT,1.4427369766973492
2016-11-28,VA,2.1627116885682636
2016-11-28,VT,0.9186609982117615
2016-11-28,WA,0.935894298225129
2016-11-28,WI,1.1263300569333767
2016-11-28,WV,1.1183575751420483
2016-11-28,WY,1.0815711556334373
2016-12-05,AK,1.5125066503312645
2016-12-05,AL,2.381833573110594
2016-12-05,AR,1.609257077043728
2016-12-05,AZ,1.5207756484946857
2016-12-05,CA,1.844469564256224
2016-12-05,CO,2.0464023645129727
2016-12-05,CT,1.6489445933653788
2016-12-05,DE,0.7032619205046714
2016-12-05,GA,2.1782913959558368
2016-12-05,HI,1.7872387784630284
2016-12-05,IA,1.2850654827447667
2016-12-05,ID,1.3339329822027644
2016-12-05,IL,1.7004812157389138
2016-12-05,IN,1.0946075994175954
2016-12-05,KS,1.2000307825897059
2016-12-05,KY,1.6928977612900244
2016-12-05,LA,1.7700925457537686
2016-12-05,MA,1.119822082544951
2016-12-05,MD,1.299222838303061
2016-12-05,ME,1.2275362724054648
2016-12-05,MI,1.1664353873006172
2016-12-05,MN,1.2640182812830612
2016-12-05,MO,1.8109093246744652
2016-12-05,MS,2.541623890057327
2016-12-05,MT,0.7024009383463998
2016-12-05,NC,1.506349024435696
2016-12-05,ND,1.3604015546151587
2016-12-05,NE,1.3706392617746102
2016-12-05,NH,0.9044342701484351
2016-12-05,NJ,2.3846054274627475
2016-12-05,NM,1.5343796470834976
2016-12-05,NV,1.507548015863646
2016-12-05,NY,2.0497636083650317
2016-12-05,OH,1.1779467569456288
2016-12-05,OK,2.5843255202356734
2016-12-05,OR,1.135729918460616
2016-12-05,PA,1.3127813900270615
2016-12-05,RI,0.767091788038526
2016-12-05,SC,1.5191480796871621
2016-12-05,SD,1.405911865085077
2016-12-05,TN,1.7914728106889977
2016-12-05,TX,2.251273865005235
2016-12-05,UT,1.5101849131713125
2016-12-05,VA,1.9991814997784527
2016-12-05,VT,0.944741524639588
2016-12-05,WA,0.8390414335109313
2016-12-05,WI,1.198710714021388
2016-12-05,WV,1.0446546295963897
2016-12-05,WY,0.9622338993545574
2016-12-12,AK,1.3556646941203958
2016-12-12,AL,2.3184728861117305
2016-12-12,AR,1.6023007713428292
2016-12-12,AZ,1.708632920371744
2016-12-12,CA,1.9702285258210188
2016-12-12,CO,1.3775018298764836
2016-12-12,CT,1.6884813525276563
2016-12-12,DE,0.758168255878619
2016-12-12,GA,2.5459513924630492
2016-12-12,HI,2.184837743813902
2016-12-12,IA,1.357700392763818
2016-12-12,ID,1.1871375372370943
2016-12-12,IL,1.847873871345939
2016-12-12,IN,1.307190561623226
2016-12-12,KS,1.2197267033840276
2016-12-12,KY,1.1758774544891595
2016-12-12,LA,1.8069364957556147
2016-12-12,MA,1.3421173184758808
2016-12-12,MD,1.4349206698555057
2016-12-12,ME,1.2180258633551055
2016-12-12,MI,1.6423636835913271
2016-12-12,MN,1.1939939152125334
2016-12-12,MO,1.6864082309705226
2016-12-12,MS,2.4670769941516744
2016-12-12,MT,0.7543653253190254
2016-12-12,NC,1.6517485690643576
2016-12-12,ND,1.6549816589115294
2016-12-12,NE,1.1566487546798645
2016-12-12,NH,0.9402333359839146
2016-12-12,NJ,2.6277278128344905
2016-12-12,NM,1.5972130448950397
2016-12-12,NV,1.8498372941093884
2016-12-12,NY,2.3834069484011877
2016-12-12,OH,1.2210014229024058
2016-12-12,OK,2.7242768601542835
2016-12-12,OR,1.1917191898565274
2016-12-12,PA,1.6605565353871
2016-12-12,RI,0.765041695581382
2016-12-12,SC,1.3703460907342135
2016-12-12,SD,1.273511875665665
2016-12-12,TN,2.398044326795433
2016-12-12,TX,2.666746501448368
2016-12-12,UT,1.564672624089543
2016-12-12,VA,2.093024894580523
2016-12-12,VT,0.8764870735250392
2016-12-12,WA,0.8175402754950609
2016-12-12,WI,1.4046995487844889
2016-12-12,WV,1.1343737081324559
2016-12-12,WY,1.1009958338528603
2016-12-19,AK,1.4632665238574236
2016-12-19,AL,3.4414535237845363
2016-12-19,AR,2.0549843574547078
2016-12-19,AZ,2.02120564654723
2016-12-19,CA,2.3188279077852854
2016-12-19,CO,1.80223535343762
2016-12-19,CT,1.8999786186379957
2016-12-19,DE,0.8810264505436731
2016-12-19,GA,2.8378573459546677
2016-12-19,HI,2.665307316143973
2016-12-19,IA,1.3290729179817897
2016-12-19,ID,1.668937859821913
2016-12-19,IL,2.100273704552314
2016-12-19,IN,1.5516454421601122
2016-12-19,KS,1.3457894194847362
2016-12-19,KY,1.6222271614534767
2016-12-19,LA,2.1247333070134573
2016-12-19,MA,1.5389413591135854
2016-12-19,MD,1.7491811151521715
2016-12-19,ME,1.1988167259479976
2016-12-19,MI,1.7139310696465206
2016-12-19,MN,1.3197171990439247
2016-12-19,MO,1.996475088269703
2016-12-19,MS,3.0832020854186184
2016-12-19,MT,0.9047276295911886
2016-12-19,NC,2.3479862794047484
2016-12-19,ND,1.263332698871178
2016-12-19,NE,1.3083469603284241
2016-12-19,NH,1.1551510655720048
2016-12-19,NJ,3.2899347374245362
2016-12-19,NM,1.8051438441316447
2016-12-19,NV,1.7522336283069935
2016-12-19,NY,2.6720276552736166
2016-12-19,OH,1.496959695015188
2016-12-19,OK,3.7676034610539264
2016-12-19,OR,2.144567475358592
2016-12-19,PA,1.9808271879370414
2016-12-19,RI,1.018080167264384
2016-12-19,SC,1.7326545159153397
2016-12-19,SD,1.4339123403799012
2016-12-19,TN,2.221351870896701
2016-12-19,TX,2.9513723856913407
2016-12-19,UT,1.9398256674545251
2016-12-19,VA,2.269619508372087
2016-12-19,VT,1.0595610530309592
2016-12-19,WA,1.4363531971684345
2016-12-19,WI,1.255337007699867
2016-12-19,WV,1.2980933779299817
2016-12-19,WY,1.4830582204802596
2016-12-26,AK,1.8975653423128986
2016-12-26,AL,4.106771788822785
2016-12-26,AR,2.1214361646134923
2016-12-26,AZ,2.4550486403640717
2016-12-26,CA,2.834763654562166
2016-12-26,CO,2.2041530668141474
2016-12-26,CT,2.119298663647159
2016-12-26,DE,1.0456108771200863
2016-12-26,GA,3.783999957143668
2016-12-26,HI,2.5870639665663235
2016-12-26,IA,1.6370110497261396
2016-12-26,ID,1.7685472988446351
2016-12-26,IL,2.400937573124584
2016-12-26,IN,1.6190658231765735
2016-12-26,KS,1.9359517517997413
2016-12-26,KY,3.606471220519664
2016-12-26,LA,2.681004582281382
2016-12-26,MA,1.8169915591061572
2016-12-26,MD,2.1778169554848814
2016-12-26,ME,1.471527530366143
2016-12-26,MI,2.0899459440786847
2016-12-26,MN,1.7446209258287677
2016-12-26,MO,2.457218010785721
2016-12-26,MS,3.9408262485187215
2016-12-26,MT,1.239293462314
2016-12-26,NC,3.0029271953216368
2016-12-26,ND,2.660610519244793
2016-12-26,NE,1.7953226487633192
2016-12-26,NH,1.4038818457877553
2016-12-26,NJ,3.708611779918393
2016-12-26,NM,2.2054481964681
2016-12-26,NV,1.9826997093620202
2016-12-26,NY,3.613403435006198
2016-12-26,OH,1.6665993473998646
2016-12-26,OK,3.5664791431647576
2016-12-26,OR,2.1008918007470383
2016-12-26,PA,2.158064145831064
2016-12-26,RI,1.118899847294433
2016-12-26,SC,1.7306549389753545
2016-12-26,SD,1.808262011940013
2016-12-26,TN,3.004995565299025
2016-12-26,TX,3.5625211350276946
2016-12-26,UT,2.918781970209297
2016-12-26,VA,2.87026571737225
2016-12-26,VT,1.393721224802026
2016-12-26,WA,2.122935945962835
2016-12-26,WI,1.7568405334065802
2016-12-26,WV,1.5426767798308747
2016-12-26,WY,1.8651975141901982
2017-01-02,AK,2.238349018060125
2017-01-02,AL,4.3965155057867715
2017-01-02,AR,2.588476252293689
2017-01-02,AZ,2.6633852133794607
2017-01-02,CA,3.412622400598368
2017-01-02,CO,1.2214204711236434
2017-01-02,CT,2.455294154956726
2017-01-02,DE,1.2339458882914314
2017-01-02,GA,3.795651779645018
2017-01-02,HI,3.0224730642693958
2017-01-02,IA,2.1549468850036906
2017-01-02,ID,2.715301008281857
2017-01-02,IL,3.1199385492358505
2017-01-02,IN,3.008318367239979
2017-01-02,KS,1.9702370203326671
2017-01-02,KY,3.7391322903173547
2017-01-02,LA,2.9462275006859215
2017-01-02,MA,2.274007997468689
2017-01-02,MD,2.7695586185843166
2017-01-02,ME,1.9149380458537066
2017-01-02,MI,2.4137917652571366
2017-01-02,MN,2.0012665713079554
2017-01-02,MO,3.8478782886526024
2017-01-02,MS,3.565958625936494
2017-01-02,MT,1.2892352607197881
2017-01-02,NC,3.219034089154697
2017-01-02,ND,1.8797525061347806
2017-01-02,NE,1.9907545674868068
2017-01-02,NH,1.352937984158309
2017-01-02,NJ,5.096644496608832
2017-01-02,NM,2.3694758937632985
2017-01-02,NV,2.468261697119752
2017-01-02,NY,4.563400153210997
2017-01-02,OH,2.020917869750216
2017-01-02,OK,4.6662586849564045
2017-01-02,OR,4.84670881939224
2017-01-02,PA,3.247400427552762
2017-01-02,RI,1.5320348162368989
2017-01-02,SC,2.5703762200702522
2017-01-02,SD,2.018097024596548
2017-01-02,TN,3.4701414083556896
2017-01-02,TX,3.8069665666753525
2017-01-02,UT,3.4240923852151806
2017-01-02,VA,3.3323746026949377
2017-01-02,VT,1.5802206187582852
2017-01-02,WA,2.621281848790886
2017-01-02,WI,1.8090556920978482
2017-01-02,WV,2.0311230436881362
2017-01-02,WY,1.9313662921801984
2017-01-09,AK,1.8884697542974762
2017-01-09,AL,3.3650999578950653
2017-01-09,AR,2.4175634966869133
2017-01-09,AZ,2.5304923815851668
2017-01-09,CA,2.9681897485597695
2017-01-09,CO,2.783601260427743
2017-01-09,CT,3.0156206153451524
2017-01-09,DE,1.2129662571969582
2017-01-09,GA,3.071339422931491
2017-01-09,HI,2.962276137164534
2017-01-09,IA,1.84901994538837
2017-01-09,ID,2.181496846896372
2017-01-09,IL,2.736792805164471
2017-01-09,IN,1.9599019010825358
2017-01-09,KS,2.2141925832545954
2017-01-09,KY,2.4637806671256666
2017-01-09,LA,2.567090057828133
2017-01-09,MA,1.9221603254382766
2017-01-09,MD,2.0138432503863473
2017-01-09,ME,1.7490806898378664
2017-01-09,MI,2.244362179370389
2017-01-09,MN,1.9459153210110882
2017-01-09,MO,3.650466341576536
2017-01-09,MS,3.220495318868584
2017-01-09,MT,1.2440514710683943
2017-01-09,NC,2.3003867297117733
2017-01-09,ND,3.414642327432067
2017-01-09,NE,2.2159004033165006
2017-01-09,NH,1.4973833748184024
2017-01-09,NJ,4.216435241403694
2017-01-09,NM,2.4243001116485865
2017-01-09,NV,2.309142669701517
2017-01-09,NY,2.6860430360000205
2017-01-09,OH,1.8607710293755706
2017-01-09,OK,4.76203025814038
2017-01-09,OR,3.3465012343507774
2017-01-09,PA,2.7216148393583297
2017-01-09,RI,1.7309234377495042
2017-01-09,SC,2.5689532710428473
2017-01-09,SD,2.1174654472765715
2017-01-09,TN,3.3996183236349795
2017-01-09,TX,3.638682924797875
2017-01-09,UT,3.0912365219255773
2017-01-09,VA,3.0072883018395515
2017-01-09,VT,1.5372972733961228
2017-01-09,WA,2.0690876599405668
2017-01-09,WI,1.7403167653855944
2017-01-09,WV,1.7750650965657924
2017-01-09,WY,2.0195467392761155
2017-01-16,AK,2.7805806564626616
2017-01-16,AL,3.589785496805625
2017-01-16,AR,2.594173320074862
2017-01-16,AZ,2.373982538686883
2017-01-16,CA,2.8601526078179886
2017-01-16,CO,2.086616813602434
2017-01-16,CT,2.7820063496594076
2017-01-16,DE,1.3691722903842103
2017-01-16,GA,3.2210023088041844
2017-01-16,HI,3.4391493372602095
2017-01-16,IA,1.9564413437630974
2017-01-16,ID,2.4665931966548262
2017-01-16,IL,2.8377012940961617
2017-01-16,IN,1.962961969951509
2017-01-16,KS,2.3851925159014913
2017-01-16,KY,3.4070568601861613
2017-01-16,LA,2.6475100573550145
2017-01-16,MA,1.98065734770414
2017-01-16,MD,2.6425483254425295
2017-01-16,ME,1.5464876490413215
2017-01-16,MI,2.223948949045088
2017-01-16,MN,1.9696726568540242
2017-01-16,MO,3.023577632769061
2017-01-16,MS,3.219869838665546
2017-01-16,MT,1.3170350945103162
2017-01-16,NC,2.408852926557131
2017-01-16,ND,2.1511904171351626
2017-01-16,NE,2.459892779924962
2017-01-16,NH,1.5936033614633498
2017-01-16,NJ,4.0552324879587225
2017-01-16,NM,2.3640964752092835
2017-01-16,NV,2.1122425277018673
2017-01-16,NY,3.7568944902035577
2017-01-16,OH,1.7674352112963594
2017-01-16,OK,5.733286932237654
2017-01-16,OR,1.128834605524997
2017-01-16,PA,2.6813616009799635
2017-01-16,RI,1.4334325162539923
2017-01-16,SC,2.434846042591694
2017-01-16,SD,2.22735676078033
2017-01-16,TN,3.6496480086406446
2017-01-16,TX,4.2506280461967245
2017-01-16,UT,2.8240059088320164
2017-01-16,VA,3.1879852873964367
2017-01-16,VT,1.620507220548519
2017-01-16,WA,2.052788612254503
2017-01-16,WI,2.064452182987696
2017-01-16,WV,1.7810531969973633
2017-01-16,WY,2.7394108492353917
2017-01-23,AK,2.548148638562304
2017-01-23,AL,5.367017082909498
2017-01-23,AR,3.125176985759862
2017-01-23,AZ,2.6806321217659965
2017-01-23,CA,2.893899606076279
2017-01-23,CO,2.854947557002677
2017-01-23,CT,3.3369556336804003
2017-01-23,DE,1.4738120215771335
2017-01-23,GA,4.0926269161750835
2017-01-23,HI,3.282421829521834
2017-01-23,IA,2.392922080165093
2017-01-23,ID,2.8490347082894196
2017-01-23,IL,3.0428670030844263
2017-01-23,IN,2.239066199582975
2017-01-23,KS,3.2867412672447065
2017-01-23,KY,3.9817588233394563
2017-01-23,LA,3.1376111721323756
2017-01-23,MA,2.2950823844079182
2017-01-23,MD,3.0098093571785816
2017-01-23,ME,1.8855495533338211
2017-01-23,MI,2.379937304134076
2017-01-23,MN,2.3636617790345618
2017-01-23,MO,3.480355619971911
2017-01-23,MS,3.861004317005241
2017-01-23,MT,1.500838284715315
2017-01-23,NC,3.0747846302458637
2017-01-23,ND,2.527207026430886
2017-01-23,NE,3.169117482372091
2017-01-23,NH,1.6393719019979929
2017-01-23,NJ,5.114822324017666
2017-01-23,NM,2.826136342712465
2017-01-23,NV,2.231186309665629
2017-01-23,NY,4.16492644213338
2017-01-23,OH,2.2273410342921665
2017-01-23,OK,6.2240539351897
2017-01-23,OR,2.6956713389753384
2017-01-23,PA,3.355416364604318
2017-01-23,RI,1.5868746065705883
2017-01-23,SC,3.1812120805529234
2017-01-23,SD,2.7518253118517784
2017-01-23,TN,3.718375971609466
2017-01-23,TX,4.562359435190412
2017-01-23,UT,2.9845847666693053
2017-01-23,VA,3.177014571264397
2017-01-23,VT,1.765725513723914
2017-01-23,WA,3.339500594220969
2017-01-23,WI,2.528180475958039
2017-01-23,WV,2.2088412401729602
2017-01-23,WY,2.712326351460028
2017-01-30,AK,2.6584655310120815
2017-01-30,AL,4.051141656568753
2017-01-30,AR,3.7384062034234207
2017-01-30,AZ,2.7115426995885508
2017-01-30,CA,3.3585133705382493
2017-01-30,CO,2.4647872715167143
2017-01-30,CT,3.686553279543891
2017-01-30,DE,1.5736417001477276
2017-01-30,GA,3.77622595082293
2017-01-30,HI,4.124892029593381
2017-01-30,IA,2.895369557403736
2017-01-30,ID,2.4379683192093204
2017-01-30,IL,3.326537967929145
2017-01-30,IN,3.1642679384893833
2017-01-30,KS,3.44452494660381
2017-01-30,KY,4.262279110995387
2017-01-30,LA,3.1340066944238876
2017-01-30,MA,2.6082872295054336
2017-01-30,MD,3.130633142933716
2017-01-30,ME,1.979179119332715
2017-01-30,MI,2.655936506794116
2017-01-30,MN,2.531538355803746
2017-01-30,MO,4.962540102685065
2017-01-30,MS,3.5325715111247957
2017-01-30,MT,1.5634472604076575
2017-01-30,NC,3.09548319996263
2017-01-30,ND,3.5700379971961906
2017-01-30,NE,3.051458900556849
2017-01-30,NH,1.8693669202437637
2017-01-30,NJ,5.052444690839601
2017-01-30,NM,3.0585416842541306
2017-01-30,NV,2.3421117967571616
2017-01-30,NY,3.906366410700021
2017-01-30,OH,2.459383337423002
2017-01-30,OK,7.823470380031208
2017-01-30,OR,2.892368883423064
2017-01-30,PA,3.7774205244765797
2017-01-30,RI,2.3557859886929076
2017-01-30,SC,3.4600798672379494
2017-01-30,SD,3.2541465073707743
2017-01-30,TN,3.955362468818329
2017-01-30,TX,5.1250094326650695
2017-01-30,UT,2.6514715406579574
2017-01-30,VA,3.408159978827727
2017-01-30,VT,1.9979120722295378
2017-01-30,WA,2.312568109776989
2017-01-30,WI,2.6654130420738236
2017-01-30,WV,2.311361842230757
2017-01-30,WY,2.9625907608590496
2017-02-06,AK,3.0474832703146166
2017-02-06,AL,5.76759976336115
2017-02-06,AR,5.3282482092730605
2017-02-06,AZ,3.1018539664629383
2017-02-06,CA,3.564574403479993
2017-02-06,CO,3.196253428025695
2017-02-06,CT,4.3984368388131205
2017-02-06,DE,1.9472896891724025
2017-02-06,GA,4.623157892411028
2017-02-06,HI,3.9726169408296723
2017-02-06,IA,2.9839436862249356
2017-02-06,ID,2.6851206624549153
2017-02-06,IL,3.8040982499549933
2017-02-06,IN,3.8963255730793174
2017-02-06,KS,5.012356345432826
2017-02-06,KY,4.217424668302088
2017-02-06,LA,4.176751944155091
2017-02-06,MA,3.1527047992159964
2017-02-06,MD,3.4008941963771804
2017-02-06,ME,2.2781525265559113
2017-02-06,MI,3.367774315440998
2017-02-06,MN,2.8046494396730948
2017-02-06,MO,5.355155028698316
2017-02-06,MS,5.021089233543295
2017-02-06,MT,1.8994321536783514
2017-02-06,NC,5.439800199451012
2017-02-06,ND,3.875802799455598
2017-02-06,NE,3.6401225585831707
2017-02-06,NH,2.0949963577347526
2017-02-06,NJ,5.776133764769529
2017-02-06,NM,3.8866513546858776
2017-02-06,NV,2.7223777869726504
2017-02-06,NY,4.34052583647724
2017-02-06,OH,2.5350525715591994
2017-02-06,OK,10.275432316744636
2017-02-06,OR,3.2408044107520233
2017-02-06,PA,4.054645427637254
2017-02-06,RI,2.8729610787061928
2017-02-06,SC,4.031578881788731
2017-02-06,SD,3.931190037387477
2017-02-06,TN,4.764841140696734
2017-02-06,TX,6.580620569142898
2017-02-06,UT,2.6678675366727553
2017-02-06,VA,3.96164672735073
2017-02-06,VT,2.432277618266415
2017-02-06,WA,2.403916539001057
2017-02-06,WI,3.2797574576623028
2017-02-06,WV,2.6770448213807385
2017-02-06,WY,3.7530365335140523
2017-02-13,AK,3.9129148631769484
2017-02-13,AL,6.551555357176165
2017-02-13,AR,7.220292868047622
2017-02-13,AZ,3.3670596653773917
2017-02-13,CA,3.391328900422386
2017-02-13,CO,3.0964721440883123
2017-02-13,CT,5.291875287221261
2017-02-13,DE,2.1978385175815647
2017-02-13,GA,4.920691060454745
2017-02-13,HI,4.142270534805262
2017-02-13,IA,3.647739390077568
2017-02-13,ID,2.9732928422142217
2017-02-13,IL,4.570397038168031
2017-02-13,IN,4.0114462737661984
2017-02-13,KS,5.779804898756978
2017-02-13,KY,5.854614699536843
2017-02-13,LA,4.66473807519659
2017-02-13,MA,3.690178943536866
2017-02-13,MD,4.906787183354735
2017-02-13,ME,2.991697617694479
2017-02-13,MI,3.9314700582322843
2017-02-13,MN,3.286520990467751
2017-02-13,MO,5.65239430113523
2017-02-13,MS,5.635123002125962
2017-02-13,MT,2.1698232642892803
2017-02-13,NC,5.028367213983286
2017-02-13,ND,4.727019669792135
2017-02-13,NE,4.4829611098934325
2017-02-13,NH,2.690160017694424
2017-02-13,NJ,5.9411100186761505
2017-02-13,NM,4.547061067806368
2017-02-13,NV,2.9912472506813925
2017-02-13,NY,4.580075898451102
2017-02-13,OH,3.637451050953082
2017-02-13,OK,10.159658113731956
2017-02-13,OR,3.4744996898677547
2017-02-13,PA,5.502350983948885
2017-02-13,RI,4.035617279724398
2017-02-13,SC,4.2419263766851625
2017-02-13,SD,4.6297453383601965
2017-02-13,TN,6.757991511388769
2017-02-13,TX,8.038952054362092
2017-02-13,UT,2.909236131512885
2017-02-13,VA,5.212831954042894
2017-02-13,VT,2.454950747821004
2017-02-13,WA,2.28419554549121
2017-02-13,WI,3.6417154298629466
2017-02-13,WV,2.925580121139742
2017-02-13,WY,3.916628969560928
2017-02-20,AK,4.1318571655004845
2017-02-20,AL,5.939256905165281
2017-02-20,AR,6.962506094047724
2017-02-20,AZ,3.2002932928035985
2017-02-20,CA,3.33432034814942
2017-02-20,CO,4.4238932237895465
2017-02-20,CT,4.856923756446082
2017-02-20,DE,2.3305012849219295
2017-02-20,GA,5.6679484217878064
2017-02-20,HI,3.9654125204302755
2017-02-20,IA,3.3826975099916172
2017-02-20,ID,3.017341534966117
2017-02-20,IL,4.643662492994658
2017-02-20,IN,4.713981244639399
2017-02-20,KS,4.720531197199078
2017-02-20,KY,7.328160262907272
2017-02-20,LA,4.139131833509733
2017-02-20,MA,3.2050857405625344
2017-02-20,MD,5.561189938795971
2017-02-20,ME,2.6338547223530293
2017-02-20,MI,4.343734596682541
2017-02-20,MN,3.2886044383767343
2017-02-20,MO,4.270432976038435
2017-02-20,MS,5.357865907592494
2017-02-20,MT,1.9340024456985685
2017-02-20,NC,5.919076711994271
2017-02-20,ND,4.114455227720473
2017-02-20,NE,3.1310416793402993
2017-02-20,NH,2.917266666114081
2017-02-20,NJ,4.607951984565146
2017-02-20,NM,4.427923921690104
2017-02-20,NV,2.651196454605879
2017-02-20,NY,3.475368804323873
2017-02-20,OH,3.533080448357543
2017-02-20,OK,8.260360363427472
2017-02-20,OR,3.1046357064866745
2017-02-20,PA,4.160572447394956
2017-02-20,RI,3.696616860563216
2017-02-20,SC,4.164591037489569
2017-02-20,SD,4.314427236574735
2017-02-20,TN,5.563211649883329
2017-02-20,TX,6.990913365917012
2017-02-20,UT,2.6740337211281844
2017-02-20,VA,5.34844103387084
2017-02-20,VT,2.311169594859115
2017-02-20,WA,2.1270984593969504
2017-02-20,WI,3.3107766263748415
2017-02-20,WV,3.10085162712545
2017-02-20,WY,3.5215921676537647
2017-02-27,AK,3.8132636994753537
2017-02-27,AL,5.8673939104926305
2017-02-27,AR,6.012079323322884
2017-02-27,AZ,3.192550553337843
2017-02-27,CA,3.1231557072413896
2017-02-27,CO,1.835821702568825
2017-02-27,CT,4.545133298696629
2017-02-27,DE,2.19912867650371
2017-02-27,GA,4.969798270204166
2017-02-27,HI,3.9919024016257163
2017-02-27,IA,2.89202647011164
2017-02-27,ID,2.622966469889084
2017-02-27,IL,4.276860662558473
2017-02-27,IN,3.8916687295475896
2017-02-27,KS,3.9435806557711874
2017-02-27,KY,6.129022989330071
2017-02-27,LA,3.8438122510189032
2017-02-27,MA,3.2406089243231926
2017-02-27,MD,4.9261799425571375
2017-02-27,ME,2.4261475730055904
2017-02-27,MI,4.001924862233217
2017-02-27,MN,3.1832357666352205
2017-02-27,MO,4.11840841155999
2017-02-27,MS,5.560668123399481
2017-02-27,MT,1.8583145428491006
2017-02-27,NC,6.1987995241812115
2017-02-27,ND,3.7604598297761926
2017-02-27,NE,2.8079287548675698
2017-02-27,NH,2.7631234269779457
2017-02-27,NJ,4.418458207583438
2017-02-27,NM,4.2008430559608385
2017-02-27,NV,2.456540787287827
2017-02-27,NY,3.3695285162029514
2017-02-27,OH,3.652127526834902
2017-02-27,OK,7.409772176251781
2017-02-27,OR,2.801928434284336
2017-02-27,PA,3.841386120026908
2017-02-27,RI,3.663232127498435
2017-02-27,SC,4.2751741769304274
2017-02-27,SD,3.4862887460556085
2017-02-27,TN,4.213632198793796
2017-02-27,TX,6.814572880119479
2017-02-27,UT,2.704774083940124
2017-02-27,VA,5.66316768391668
2017-02-27,VT,2.434525323932438
2017-02-27,WA,1.9862721872210514
2017-02-27,WI,3.3205528934621507
2017-02-27,WV,2.948961684137208
2017-02-27,WY,2.9564277591358534
2017-03-06,AK,3.3368806420384587
2017-03-06,AL,4.613368846759606
2017-03-06,AR,3.9137948346828964
2017-03-06,AZ,2.949768799759858
2017-03-06,CA,2.5966798119267622
2017-03-06,CO,2.6227594262788525
2017-03-06,CT,3.4347768843038224
2017-03-06,DE,1.6639380339155685
2017-03-06,GA,3.6005056191208364
2017-03-06,HI,3.288521306730959
2017-03-06,IA,2.157836531000259
2017-03-06,ID,2.0447310724847307
2017-03-06,IL,3.1735233810151615
2017-03-06,IN,2.4559415780144764
2017-03-06,KS,2.984679256973342
2017-03-06,KY,4.47752147335609
2017-03-06,LA,3.4422062615514104
2017-03-06,MA,2.0655407609228584
2017-03-06,MD,2.8448193774910293
2017-03-06,ME,2.2176399906383466
2017-03-06,MI,2.995287826484496
2017-03-06,MN,2.4654914052873513
2017-03-06,MO,2.8675506296693984
2017-03-06,MS,4.554070267467703
2017-03-06,MT,1.4682950051247972
2017-03-06,NC,4.027690784024848
2017-03-06,ND,3.360326460598457
2017-03-06,NE,2.1212712427452143
2017-03-06,NH,2.01239616319088
2017-03-06,NJ,3.514752746419208
2017-03-06,NM,3.491176007513313
2017-03-06,NV,2.1354416236942066
2017-03-06,NY,2.344380021068381
2017-03-06,OH,2.54062169639386
2017-03-06,OK,6.367243256433752
2017-03-06,OR,2.6150671559140406
2017-03-06,PA,2.5136005156249515
2017-03-06,RI,2.3290987794880254
2017-03-06,SC,3.326958373688155
2017-03-06,SD,2.6799550100483587
2017-03-06,TN,4.878751126536533
2017-03-06,TX,5.4733852640726
2017-03-06,UT,1.7434476589403056
2017-03-06,VA,3.2137319373634172
2017-03-06,VT,2.101004394534696
2017-03-06,WA,1.6340698280674983
2017-03-06,WI,2.5289736774726075
2017-03-06,WV,2.5414238578453374
2017-03-06,WY,2.4124120202346058
2017-03-13,AK,2.5174947203097484
2017-03-13,AL,5.224719828251956
2017-03-13,AR,3.744153487253634
2017-03-13,AZ,2.7838563131899976
2017-03-13,CA,2.660234634304292
2017-03-13,CO,2.2663129025488997
2017-03-13,CT,3.190407980000738
2017-03-13,DE,1.670757366220543
2017-03-13,GA,4.105934354692953
2017-03-13,HI,3.834138099506338
2017-03-13,IA,2.1687206731529947
2017-03-13,ID,2.2284881274880037
2017-03-13,IL,3.4280276986032536
2017-03-13,IN,3.9276521190108253
2017-03-13,KS,2.8198699110776797
2017-03-13,KY,5.128033746328463
2017-03-13,LA,3.158137997246838
2017-03-13,MA,2.3651141991403515
2017-03-13,MD,3.4970471897892543
2017-03-13,ME,2.356526576912628
2017-03-13,MI,3.1253792691630116
2017-03-13,MN,2.510689613129358
2017-03-13,MO,3.170241619178836
2017-03-13,MS,4.354950729402159
2017-03-13,MT,1.4685849504697774
2017-03-13,NC,4.207640102775253
2017-03-13,ND,3.282808981179161
2017-03-13,NE,2.3352949746664873
2017-03-13,NH,1.9035131274695665
2017-03-13,NJ,3.60082660736855
2017-03-13,NM,3.1967027346383734
2017-03-13,NV,2.0079444124097052
2017-03-13,NY,2.5474641091264765
2017-03-13,OH,2.3272818718641948
2017-03-13,OK,5.137578750889155
2017-03-13,OR,1.8063883762011326
2017-03-13,PA,2.8800501820515003
2017-03-13,RI,2.4180116814040717
2017-03-13,SC,3.308320484775251
2017-03-13,SD,2.647725779960804
2017-03-13,TN,5.188377555965413
2017-03-13,TX,5.470487439647097
2017-03-13,UT,1.7772448995088368
2017-03-13,VA,3.3684523122876766
2017-03-13,VT,2.1512571827939433
2017-03-13,WA,1.4212175547620691
2017-03-13,WI,2.5597016661704255
2017-03-13,WV,2.445130383324651
2017-03-13,WY,2.6260953301007626
2017-03-20,AK,2.6010332199298656
2017-03-20,AL,4.388143860311429
2017-03-20,AR,3.2783553805821675
2017-03-20,AZ,2.5138308617143625
2017-03-20,CA,2.670749992825446
2017-03-20,CO,1.8914463571541673
2017-03-20,CT,3.1541669456749855
2017-03-20,DE,1.495872037308838
2017-03-20,GA,4.050712457708983
2017-03-20,HI,2.879022898137783
2017-03-20,IA,1.7465598203738941
2017-03-20,ID,1.916043411858872
2017-03-20,IL,2.973380507462841
2017-03-20,IN,3.1315873833534953
2017-03-20,KS,2.7531160771141794
2017-03-20,KY,5.504984313443602
2017-03-20,LA,3.0117037110793285
2017-03-20,MA,2.3305813269121396
2017-03-20,MD,3.5363241374286303
2017-03-20,ME,2.3603755864673235
2017-03-20,MI,2.947450341772218
2017-03-20,MN,2.245344762343208
2017-03-20,MO,2.5474077815808185
2017-03-20,MS,3.889187278015772
2017-03-20,MT,1.3838459405247956
2017-03-20,NC,2.4570900197104333
2017-03-20,ND,2.4880818363554287
2017-03-20,NE,2.517945052681032
2017-03-20,NH,1.9584445937999484
2017-03-20,NJ,3.1086008061044783
2017-03-20,NM,3.0610922602032193
2017-03-20,NV,1.9667742535425412
2017-03-20,NY,2.6704029870509207
2017-03-20,OH,2.270334723902788
2017-03-20,OK,4.713257436321777
2017-03-20,OR,2.505466583654868
2017-03-20,PA,2.9251283336469003
2017-03-20,RI,1.9592744592831748
2017-03-20,SC,3.406712506302412
2017-03-20,SD,2.6796255607915445
2017-03-20,TN,2.575788627650116
2017-03-20,TX,4.42742571360579
2017-03-20,UT,1.6507035544790631
2017-03-20,VA,3.337593302651318
2017-03-20,VT,1.9092204102425783
2017-03-20,WA,1.5285113671065973
2017-03-20,WI,2.445636005872206
2017-03-20,WV,2.402788361841945
2017-03-20,WY,2.2073101027786697
2017-03-27,AK,2.613036868504808
2017-03-27,AL,5.276059580813747
2017-03-27,AR,3.373024531793098
2017-03-27,AZ,2.4988755349167295
2017-03-27,CA,2.275617146582811
2017-03-27,CO,2.530546632279675
2017-03-27,CT,2.2252324588788612
2017-03-27,DE,1.3954512848865916
2017-03-27,GA,4.310865139235526
2017-03-27,HI,3.1790428048887573
2017-03-27,IA,1.7131287419923582
2017-03-27,ID,1.6278942620989345
2017-03-27,IL,2.9627350048264676
2017-03-27,IN,2.4017480728267175
2017-03-27,KS,2.6320345503187754
2017-03-27,KY,5.768394796104062
2017-03-27,LA,2.755101627607308
2017-03-27,MA,2.2995151719761573
2017-03-27,MD,2.9534671300379562
2017-03-27,ME,2.556813925746857
2017-03-27,MI,2.8835093061043793
2017-03-27,MN,2.243201610183441
2017-03-27,MO,2.286525689834021
2017-03-27,MS,3.2629029041447817
2017-03-27,MT,1.2754328916536084
2017-03-27,NC,5.281309284813792
2017-03-27,ND,2.21643280670898
2017-03-27,NE,2.038491816299298
2017-03-27,NH,1.8420261833287737
2017-03-27,NJ,3.1455073960293363
2017-03-27,NM,2.5981027681393534
2017-03-27,NV,1.8225070784330202
2017-03-27,NY,2.501569729692852
2017-03-27,OH,2.3604462140699995
2017-03-27,OK,4.830634067095081
2017-03-27,OR,1.7527810711831102
2017-03-27,PA,2.4124557337015986
2017-03-27,RI,2.5247628085511904
2017-03-27,SC,3.744390559309907
2017-03-27,SD,2.235748115977755
2017-03-27,TN,5.479809177491507
2017-03-27,TX,3.6482742963267207
2017-03-27,UT,1.6211294662155147
2017-03-27,VA,3.489253568701452
2017-03-27,VT,1.8360095979439386
2017-03-27,WA,1.3521049029880492
2017-03-27,WI,2.225960933076111
2017-03-27,WV,2.25754919982156
2017-03-27,WY,2.197455077385759
2017-04-03,AK,3.2289043351189135
2017-04-03,AL,3.4465669516084527
2017-04-03,AR,2.671144368925244
2017-04-03,AZ,2.4173622223349294
2017-04-03,CA,2.247142394235496
2017-04-03,CO,1.7559527979968728
2017-04-03,CT,2.447832847757752
2017-04-03,DE,1.3080208817214756
2017-04-03,GA,3.094633476836632
2017-04-03,HI,2.628422448009905
2017-04-03,IA,1.3799644697856057
2017-04-03,ID,1.4555183183019778
2017-04-03,IL,2.546979563450053
2017-04-03,IN,2.1428888906573595
2017-04-03,KS,1.8574357338431122
2017-04-03,KY,3.702251083814767
2017-04-03,LA,2.2540691564499546
2017-04-03,MA,2.3016071420092983
2017-04-03,MD,3.179033916171225
2017-04-03,ME,1.9884151522186249
2017-04-03,MI,2.441719068985978
2017-04-03,MN,2.135686809067282
2017-04-03,MO,2.3660905213584424
2017-04-03,MS,3.0317467331148378
2017-04-03,MT,1.2008629594678217
2017-04-03,NC,2.6040147440736265
2017-04-03,ND,2.1597237189754743
2017-04-03,NE,1.5843535333935503
2017-04-03,NH,1.5330644719762443
2017-04-03,NJ,3.651052975306991
2017-04-03,NM,2.251670786269284
2017-04-03,NV,1.5867581454511104
2017-04-03,NY,2.8918249316272204
2017-04-03,OH,1.9228138206923004
2017-04-03,OK,3.3808389338785285
2017-04-03,OR,1.30951810099572
2017-04-03,PA,2.618800830246421
2017-04-03,RI,2.3586897463805006
2017-04-03,SC,3.031089771912992
2017-04-03,SD,1.9997158961762524
2017-04-03,TN,3.2249999516488277
2017-04-03,TX,3.3360493256842325
2017-04-03,UT,1.4271461901005968
2017-04-03,VA,3.236388156071297
2017-04-03,VT,1.6619405129209635
2017-04-03,WA,1.3509316959823685
2017-04-03,WI,1.7295415921875898
2017-04-03,WV,2.0376103496884586
2017-04-03,WY,1.9534746775627045
2017-04-10,AK,2.939871797070092
2017-04-10,AL,2.3908060010002274
2017-04-10,AR,2.1243465187805026
2017-04-10,AZ,2.277351000395033
2017-04-10,CA,1.8934240331116636
2017-04-10,CO,1.8596886113566122
2017-04-10,CT,2.6057763529432774
2017-04-10,DE,1.146116237525922
2017-04-10,GA,2.3556249012979382
2017-04-10,HI,2.5891993901498087
2017-04-10,IA,1.2540671811166209
2017-04-10,ID,1.3248102650584639
2017-04-10,IL,2.182010771503449
2017-04-10,IN,2.087358949883435
2017-04-10,KS,1.6986129244744974
2017-04-10,KY,2.868635477839936
2017-04-10,LA,2.1179017308320245
2017-04-10,MA,2.1571332399408734
2017-04-10,MD,2.017993711813251
2017-04-10,ME,1.9227934692997564
2017-04-10,MI,1.8142515566587116
2017-04-10,MN,2.0310194388911014
2017-04-10,MO,1.7037944758039625
2017-04-10,MS,2.548674019487728
2017-04-10,MT,1.0319311730615583
2017-04-10,NC,2.3962753130270125
2017-04-10,ND,1.8073385990134363
2017-04-10,NE,1.4840502043184975
2017-04-10,NH,1.964868846969647
2017-04-10,NJ,2.7880673801184725
2017-04-10,NM,1.9641127444689492
2017-04-10,NV,1.4683070771303774
2017-04-10,NY,2.417925606019169
2017-04-10,OH,1.5020866620116777
2017-04-10,OK,3.2601797261908763
2017-04-10,OR,1.4994791178347122
2017-04-10,PA,1.7736894333528623
2017-04-10,RI,1.926402475630741
2017-04-10,SC,2.6370170390353453
2017-04-10,SD,1.8490395849428531
2017-04-10,TN,2.820492634304513
2017-04-10,TX,2.899749272580842
2017-04-10,UT,1.2600185316381922
2017-04-10,VA,2.2904347684198583
2017-04-10,VT,1.527300774233281
2017-04-10,WA,0.9920703055859554
2017-04-10,WI,1.808987971177186
2017-04-10,WV,1.4796922928247909
2017-04-10,WY,1.6087586482192888
2017-04-17,AK,2.47061600718436
2017-04-17,AL,2.4097785743909013
2017-04-17,AR,1.8401981282111817
2017-04-17,AZ,1.8442258330412336
2017-04-17,CA,1.6233653166534894
2017-04-17,CO,1.1333355271032024
2017-04-17,CT,1.8132428800531488
2017-04-17,DE,0.9432707567993233
2017-04-17,GA,2.057423525443882
2017-04-17,HI,2.0373587904946593
2017-04-17,IA,0.9296183655632153
2017-04-17,ID,1.1820941448244526
2017-04-17,IL,1.4778428432361037
2017-04-17,IN,1.0875154838534522
2017-04-17,KS,1.1275024468276331
2017-04-17,KY,1.4827251848418987
2017-04-17,LA,1.7474130197455486
2017-04-17,MA,1.5664397038420712
2017-04-17,MD,1.6982499050994804
2017-04-17,ME,1.9308337640690931
2017-04-17,MI,1.3883643746718823
2017-04-17,MN,1.6986028307502403
2017-04-17,MO,1.3958308040675294
2017-04-17,MS,2.5228908688236524
2017-04-17,MT,0.7758267966842256
2017-04-17,NC,1.998956531580482
2017-04-17,ND,1.459633375491713
2017-04-17,NE,1.1212134923225452
2017-04-17,NH,1.0857537286027485
2017-04-17,NJ,2.3592270727370295
2017-04-17,NM,1.915939861638484
2017-04-17,NV,1.166762250857941
2017-04-17,NY,1.8985213990892116
2017-04-17,OH,1.2671917649972118
2017-04-17,OK,2.082933157169714
2017-04-17,OR,0.9931991772262714
2017-04-17,PA,1.6714411268911902
2017-04-17,RI,1.5542466749337513
2017-04-17,SC,2.039217518188429
2017-04-17,SD,1.4738479863030696
2017-04-17,TN,1.9541364717665415
2017-04-17,TX,2.680161767437333
2017-04-17,UT,1.060994378595585
2017-04-17,VA,1.6940613433204659
2017-04-17,VT,1.3308912395247727
2017-04-17,WA,0.8069801695621535
2017-04-17,WI,1.6410409698056507
2017-04-17,WV,1.109121206350344
2017-04-17,WY,1.3415668849849396
2017-04-24,AK,2.004341696322374
2017-04-24,AL,2.2083499315200035
2017-04-24,AR,1.5546811006249874
2017-04-24,AZ,1.8139097107026996
2017-04-24,CA,1.6163384369938796
2017-04-24,CO,1.3804842170895344
2017-04-24,CT,2.1096046034232465
2017-04-24,DE,0.7881524643645526
2017-04-24,GA,1.8143201510139382
2017-04-24,HI,2.171013631383165
2017-04-24,IA,0.8838960027742351
2017-04-24,ID,0.8730943415761403
2017-04-24,IL,1.4031744089496172
2017-04-24,IN,1.2927290490966126
2017-04-24,KS,1.0954770029243739
2017-04-24,KY,1.2883833949215497
2017-04-24,LA,1.65123363715538
2017-04-24,MA,1.226382734474315
2017-04-24,MD,1.323872173701274
2017-04-24,ME,1.2296779358996046
2017-04-24,MI,1.314311612777002
2017-04-24,MN,1.649601844813561
2017-04-24,MO,1.2791854140427106
2017-04-24,MS,2.2042367896372452
2017-04-24,MT,0.7328306663869678
2017-04-24,NC,1.1611097839894633
2017-04-24,ND,1.1218844495208575
2017-04-24,NE,0.816233593028324
2017-04-24,NH,1.2053514586603744
2017-04-24,NJ,1.7791081941784053
2017-04-24,NM,1.6655696969643445
2017-04-24,NV,1.0906499268183847
2017-04-24,NY,1.5145982888035396
2017-04-24,OH,1.0986416412287123
2017-04-24,OK,1.7109502025083065
2017-04-24,OR,1.1007356161607142
2017-04-24,PA,1.428497252841002
2017-04-24,RI,0.8986365851887296
2017-04-24,SC,1.5246222887129437
2017-04-24,SD,1.1640087556529162
2017-04-24,TN,2.8194960638309574
2017-04-24,TX,2.597441431284308
2017-04-24,UT,0.9945226274624139
2017-04-24,VA,1.3907936616010639
2017-04-24,VT,1.1524209472539098
2017-04-24,WA,0.7363177718242432
2017-04-24,WI,1.275050252909556
2017-04-24,WV,0.9478666983283976
2017-04-24,WY,1.2970042182102144
2017-05-01,AK,1.5213207395631627
2017-05-01,AL,1.5079566055173366
2017-05-01,AR,1.3070187124225328
2017-05-01,AZ,2.0886586351401215
2017-05-01,CA,1.5070288508493277
2017-05-01,CO,1.4009256324800794
2017-05-01,CT,1.5825448976249492
2017-05-01,DE,0.5965036608817912
2017-05-01,GA,1.4996548357114294
2017-05-01,HI,1.799493737552149
2017-05-01,IA,0.7090810689973122
2017-05-01,ID,0.9236510119035003
2017-05-01,IL,1.324038016374595
2017-05-01,IN,0.9862285746172015
2017-05-01,KS,0.9268786531749151
2017-05-01,KY,1.0077320181879688
2017-05-01,LA,1.496433931844016
2017-05-01,MA,0.9238309963470039
2017-05-01,MD,1.187730090816783
2017-05-01,ME,0.9194490091753307
2017-05-01,MI,1.1112678913866865
2017-05-01,MN,1.4288348071876045
2017-05-01,MO,1.0864611337262007
2017-05-01,MS,1.7986860275506786
2017-05-01,MT,0.5929738401633767
2017-05-01,NC,1.0237479811935581
2017-05-01,ND,0.8772085017715887
2017-05-01,NE,0.7792267661197165
2017-05-01,NH,0.790604260064957
2017-05-01,NJ,1.8548176300715795
2017-05-01,NM,1.4335551243289557
2017-05-01,NV,0.9570282333360627
2017-05-01,NY,1.4988590716329862
2017-05-01,OH,0.9102897266993975
2017-05-01,OK,1.6215586473486852
2017-05-01,OR,0.637961545780432
2017-05-01,PA,1.1206565634501424
2017-05-01,RI,0.60548825965717
2017-05-01,SC,1.4984818778975433
2017-05-01,SD,1.227960883462496
2017-05-01,TN,1.3939203800849436
2017-05-01,TX,2.0554183477419463
2017-05-01,UT,0.912909002623594
2017-05-01,VA,1.2428744727661285
2017-05-01,VT,0.9010217564247629
2017-05-01,WA,0.6264320082164709
2017-05-01,WI,1.2256813107655145
2017-05-01,WV,0.7471312250930844
2017-05-01,WY,1.0658588272861536
2017-05-08,AK,1.9514030819359576
2017-05-08,AL,1.9739250104016532
2017-05-08,AR,1.5733686708601384
2017-05-08,AZ,1.8192233055578009
2017-05-08,CA,1.351118894170681
2017-05-08,CO,1.3062466654343967
2017-05-08,CT,1.3570152355249374
2017-05-08,DE,0.6194161591934182
2017-05-08,GA,1.6543628918792468
2017-05-08,HI,1.9594585733296306
2017-05-08,IA,0.7404198433594575
2017-05-08,ID,1.0307814225970324
2017-05-08,IL,1.2655572930628045
2017-05-08,IN,1.0054187685192841
2017-05-08,KS,0.8936007649682923
2017-05-08,KY,0.9453369734059902
2017-05-08,LA,1.3187715210781363
2017-05-08,MA,0.8955950124920427
2017-05-08,MD,0.9964601814461329
2017-05-08,ME,0.9992110043576797
2017-05-08,MI,0.9906470352923404
2017-05-08,MN,1.3660886269869177
2017-05-08,MO,1.1568604828268334
2017-05-08,MS,1.7467341396712466
2017-05-08,MT,0.5975075999529379
2017-05-08,NC,1.0981919818388253
2017-05-08,ND,1.2693647400525871
2017-05-08,NE,0.7543963460952009
2017-05-08,NH,0.6860808881109879
2017-05-08,NJ,1.63284197657838
2017-05-08,NM,1.5954093347213831
2017-05-08,NV,1.0811894764195809
2017-05-08,NY,1.4090821355294492
2017-05-08,OH,0.8808397819858146
2017-05-08,OK,1.2801637761225142
2017-05-08,OR,1.2975953071312734
2017-05-08,PA,1.1518558283807934
2017-05-08,RI,0.7233538052493651
2017-05-08,SC,1.2030767132264777
2017-05-08,SD,1.003222700788331
2017-05-08,TN,1.4873228242818044
2017-05-08,TX,2.0489208505241865
2017-05-08,UT,0.9850827082829161
2017-05-08,VA,1.1770969748310685
2017-05-08,VT,1.1241397869647165
2017-05-08,WA,0.6024610531260041
2017-05-08,WI,1.2016558760819074
2017-05-08,WV,0.7695265025421592
2017-05-08,WY,1.2151344912673039
2017-05-15,AK,1.2812907397876205
2017-05-15,AL,1.755127554562679
2017-05-15,AR,1.079145669933606
2017-05-15,AZ,1.6321599986334974
2017-05-15,CA,1.3014917222356441
2017-05-15,CO,0.6156199337916312
2017-05-15,CT,0.7522263614248133
2017-05-15,DE,0.5169235792786175
2017-05-15,GA,1.4379849769698378
2017-05-15,HI,1.2897473058976827
2017-05-15,IA,0.6915432188036768
2017-05-15,ID,0.7709240009207035
2017-05-15,IL,1.362471253457449
2017-05-15,IN,0.6411200744238492
2017-05-15,KS,0.7373550475538035
2017-05-15,KY,0.7239880646985994
2017-05-15,LA,1.4386112431777984
2017-05-15,MA,0.9128463900497623
2017-05-15,MD,1.0077235732658851
2017-05-15,ME,0.849370085279692
2017-05-15,MI,0.939930410085602
2017-05-15,MN,1.2863757660305362
2017-05-15,MO,0.5574854767212238
2017-05-15,MS,1.7183338918365454
2017-05-15,MT,0.5150959416445866
2017-05-15,NC,1.1156358946466458
2017-05-15,ND,0.9190301988629562
2017-05-15,NE,0.6572258029642302
2017-05-15,NH,0.8284128472091978
2017-05-15,NJ,1.7997392987326344
2017-05-15,NM,1.3988388588060205
2017-05-15,NV,0.9629695529277609
2017-05-15,NY,1.575507252158633
2017-05-15,OH,0.8556320631960104
2017-05-15,OK,1.3383372218218241
2017-05-15,OR,0.7309835731643113
2017-05-15,PA,0.8505868777644093
2017-05-15,RI,0.5956415108656223
2017-05-15,SC,1.1396838904587452
2017-05-15,SD,0.9751596245706371
2017-05-15,TN,2.0652927822472895
2017-05-15,TX,1.367630407187578
2017-05-15,UT,0.7646738960597879
2017-05-15,VA,1.0328544433746751
2017-05-15,VT,0.780172463103754
2017-05-15,WA,0.5902949201940813
2017-05-15,WI,0.9900318298113614
2017-05-15,WV,0.6603899204031393
2017-05-15,WY,1.006902952720973
2017-05-22,AK,1.1176814137299917
2017-05-22,AL,1.8561633028995121
2017-05-22,AR,1.1284903676742704
2017-05-22,AZ,1.6285125836830243
2017-05-22,CA,1.2474688567139485
2017-05-22,CO,1.2508427626401342
2017-05-22,CT,0.7522415766299868
2017-05-22,DE,0.5143648910770358
2017-05-22,GA,1.3342403988208793
2017-05-22,HI,1.5059708465205273
2017-05-22,IA,0.5499151417152156
2017-05-22,ID,0.9616190398512414
2017-05-22,IL,1.0707093769688092
2017-05-22,IN,0.6599398234342613
2017-05-22,KS,0.5173087967077573
2017-05-22,KY,0.6588183287549827
2017-05-22,LA,1.2958301279842894
2017-05-22,MA,0.9048637373186599
2017-05-22,MD,1.288127603500101
2017-05-22,ME,0.603217673752686
2017-05-22,MI,0.9650521761106412
2017-05-22,MN,1.1621129971601645
2017-05-22,MO,0.6248302674785712
2017-05-22,MS,1.765696822161916
2017-05-22,MT,0.47107168757840273
2017-05-22,NC,0.9285205437643449
2017-05-22,ND,0.6150491503419827
2017-05-22,NE,0.7275758850740632
2017-05-22,NH,0.5919164057163365
2017-05-22,NJ,1.5844653392163657
2017-05-22,NM,1.2748320892620708
2017-05-22,NV,0.5835608369442744
2017-05-22,NY,1.454775095716732
2017-05-22,OH,0.7260571255533399
2017-05-22,OK,1.2041017639823375
2017-05-22,OR,0.7588702886259594
2017-05-22,PA,1.034884814826105
2017-05-22,RI,0.34177904186391683
2017-05-22,SC,0.8404483341675707
2017-05-22,SD,0.7500319018805391
2017-05-22,TN,1.6441431956166075
2017-05-22,TX,1.822703314133891
2017-05-22,UT,0.7574002316754562
2017-05-22,VA,1.014919330577645
2017-05-22,VT,0.9069242223707439
2017-05-22,WA,0.5839568201825832
2017-05-22,WI,0.6780086413621746
2017-05-22,WV,0.5925405862551943
2017-05-22,WY,0.7750413571353199
2017-05-29,AK,0.9158119773580453
2017-05-29,AL,1.3859244695021589
2017-05-29,AR,1.103991352178947
2017-05-29,AZ,1.5831534172088244
2017-05-29,CA,1.2060353603351857
2017-05-29,CO,1.290986252735014
2017-05-29,CT,0.7637061212788377
2017-05-29,DE,0.4891272962490031
2017-05-29,GA,1.3919227616916074
2017-05-29,HI,1.0904934590437512
2017-05-29,IA,0.4707213043303991
2017-05-29,ID,0.5342270483235666
2017-05-29,IL,1.079616256219422
2017-05-29,IN,0.5881772947764586
2017-05-29,KS,0.5688012896077177
2017-05-29,KY,0.6046410154339055
2017-05-29,LA,1.3091765562941249
2017-05-29,MA,0.7409850314097781
2017-05-29,MD,0.7651615653607609
2017-05-29,ME,0.6761083171296722
2017-05-29,MI,0.7902711201919879
2017-05-29,MN,1.018735752765855
2017-05-29,MO,0.4820922811157068
2017-05-29,MS,1.6754807655548223
2017-05-29,MT,0.45936596843723393
2017-05-29,NC,1.3701228087339097
2017-05-29,ND,0.5658054251728262
2017-05-29,NE,0.4539290946088751
2017-05-29,NH,0.5582868408782099
2017-05-29,NJ,1.3374692141080988
2017-05-29,NM,1.0796093029911444
2017-05-29,NV,0.7926047531226937
2017-05-29,NY,1.1668965270338922
2017-05-29,OH,0.7758952771946248
2017-05-29,OK,0.6970288754963536
2017-05-29,OR,0.4748715805384117
2017-05-29,PA,0.7154093613828298
2017-05-29,RI,0.3644344922319569
2017-05-29,SC,0.7804354519171326
2017-05-29,SD,0.8566838213951297
2017-05-29,TN,1.3061083038965449
2017-05-29,TX,1.6206626035044143
2017-05-29,UT,0.7066688833631707
2017-05-29,VA,0.9891276071125863
2017-05-29,VT,0.678298254655514
2017-05-29,WA,0.43356298714538927
2017-05-29,WI,0.6622609701154945
2017-05-29,WV,0.5989932741295626
2017-05-29,WY,0.8515424588169463
2017-06-05,AK,0.8542838940408541
2017-06-05,AL,0.94793821626367
2017-06-05,AR,0.8430652054822656
2017-06-05,AZ,1.4346390344049063
2017-06-05,CA,1.2005752196056503
2017-06-05,CO,0.5956077436680716
2017-06-05,CT,0.66640233923867
2017-06-05,DE,0.4968699841534077
2017-06-05,GA,1.015518330683212
2017-06-05,HI,1.1970707499564817
2017-06-05,IA,0.5785427940680079
2017-06-05,ID,0.4495165591640804
2017-06-05,IL,1.0082141068486892
2017-06-05,IN,0.5889350401919211
2017-06-05,KS,0.5857308648862977
2017-06-05,KY,0.5514181045227579
2017-06-05,LA,1.2414502005730257
2017-06-05,MA,0.8347957484437318
2017-06-05,MD,1.1944888069571717
2017-06-05,ME,0.9325318155143454
2017-06-05,MI,0.7945920321591174
2017-06-05,MN,0.9100932645985365
2017-06-05,MO,0.417478282140262
2017-06-05,MS,1.3707399896202863
2017-06-05,MT,0.4394647914343353
2017-06-05,NC,0.6673693365932906
2017-06-05,ND,0.6109766093908081
2017-06-05,NE,0.5184730915314872
2017-06-05,NH,0.6196045678514189
2017-06-05,NJ,1.5779257622246785
2017-06-05,NM,1.3439900667535734
2017-06-05,NV,0.8886074539171938
2017-06-05,NY,1.459341298194809
2017-06-05,OH,0.809380785060983
2017-06-05,OK,0.6949902282232828
2017-06-05,OR,0.612774847449352
2017-06-05,PA,0.9218071607851224
2017-06-05,RI,0.42124197324033097
2017-06-05,SC,0.7116789731495926
2017-06-05,SD,0.575424543815701
2017-06-05,TN,0.8668064781958313
2017-06-05,TX,1.3854360574186015
2017-06-05,UT,0.7390210669961247
2017-06-05,VA,1.021929199995974
2017-06-05,VT,1.0466630349966017
2017-06-05,WA,0.538058904326256
2017-06-05,WI,0.5718703335590849
2017-06-05,WV,0.6007343845579726
2017-06-05,WY,0.8459512763876391
2017-06-12,AK,0.8952130058180753
2017-06-12,AL,0.9381987311854402
2017-06-12,AR,0.6545519874039769
2017-06-12,AZ,1.2887556936415514
2017-06-12,CA,1.336346731867886
2017-06-12,CO,0.56881240173095
2017-06-12,CT,0.6553860366713531
2017-06-12,DE,0.4101785386851706
2017-06-12,GA,1.0149219424989802
2017-06-12,HI,1.0094452249667474
2017-06-12,IA,0.44608292280435885
2017-06-12,ID,0.4096357812052015
2017-06-12,IL,0.9018832599085963
2017-06-12,IN,0.5055336394517578
2017-06-12,KS,0.48913855216028235
2017-06-12,KY,0.42267627270989017
2017-06-12,LA,0.9718961730822789
2017-06-12,MA,0.6888101752229119
2017-06-12,MD,0.8203337192464166
2017-06-12,ME,0.7570042147401617
2017-06-12,MI,0.6694170895549815
2017-06-12,MN,0.805665543027873
2017-06-12,MO,0.38278141938556026
2017-06-12,MS,1.3712622752538264
2017-06-12,MT,0.4018269989625993
2017-06-12,NC,1.2656775665300029
2017-06-12,ND,0.4210989139686147
2017-06-12,NE,0.5919434579782928
2017-06-12,NH,0.4328111424740684
2017-06-12,NJ,1.5485965905844647
2017-06-12,NM,1.0320016913156917
2017-06-12,NV,0.6899173771781532
2017-06-12,NY,1.4245256719525383
2017-06-12,OH,0.8200312494888368
2017-06-12,OK,0.5949928016580224
2017-06-12,OR,0.6282509456252865
2017-06-12,PA,0.7242339167974718
2017-06-12,RI,0.2966088095168375
2017-06-12,SC,0.5985262402119704
2017-06-12,SD,0.5568280152431468
2017-06-12,TN,1.0053369283275133
2017-06-12,TX,1.3851567217941663
2017-06-12,UT,0.5632486189422221
2017-06-12,VA,0.830037756698424
2017-06-12,VT,0.8726870968513979
2017-06-12,WA,0.29820400688728516
2017-06-12,WI,0.5624137882497252
2017-06-12,WV,0.4969035098876998
2017-06-12,WY,0.7908392315155862
2017-06-19,AK,0.6185739313456153
2017-06-19,AL,0.7148371342755937
2017-06-19,AR,0.5946001737729583
2017-06-19,AZ,1.0594233337426322
2017-06-19,CA,0.9304928246001074
2017-06-19,CO,0.14407802553803273
2017-06-19,CT,0.3849623457753334
2017-06-19,DE,0.5227020401708573
2017-06-19,GA,0.9811129281887343
2017-06-19,HI,0.8927057315872378
2017-06-19,IA,0.38800214583865766
2017-06-19,ID,0.3460751978841965
2017-06-19,IL,0.7567969736344085
2017-06-19,IN,0.427863892130202
2017-06-19,KS,0.4089849222816542
2017-06-19,KY,0.3396906476836872
2017-06-19,LA,1.1491972178656553
2017-06-19,MA,0.6904054674282741
2017-06-19,MD,1.0339208284795731
2017-06-19,ME,0.5720879699494352
2017-06-19,MI,0.6008967844730648
2017-06-19,MN,0.714778547926571
2017-06-19,MO,0.39255899740815936
2017-06-19,MS,1.3221618721602004
2017-06-19,MT,0.33962542499817644
2017-06-19,NC,0.446826454225964
2017-06-19,ND,0.8001238096988028
2017-06-19,NE,0.5226509652088123
2017-06-19,NH,0.356584419142457
2017-06-19,NJ,1.3537333967794425
2017-06-19,NM,1.125291053049503
2017-06-19,NV,0.6502661990462484
2017-06-19,NY,0.9640246734091054
2017-06-19,OH,0.6462706647035257
2017-06-19,OK,0.48240841106121524
2017-06-19,OR,0.4159281944060137
2017-06-19,PA,0.6227240124765816
2017-06-19,RI,0.3010518107282957
2017-06-19,SC,0.5561442117795924
2017-06-19,SD,0.4052975375486456
2017-06-19,TN,0.5769611476241634
2017-06-19,TX,1.1741111564954563
2017-06-19,UT,0.47769535472209435
2017-06-19,VA,0.7419665246278248
2017-06-19,VT,0.5885660151563634
2017-06-19,WA,0.43699871638193677
2017-06-19,WI,0.5303570363317789
2017-06-19,WV,0.4429452793257324
2017-06-19,WY,0.7128747456233444
2017-06-26,AK,1.2022044455286456
2017-06-26,AL,1.0412554838697654
2017-06-26,AR,0.6946570740368839
2017-06-26,AZ,0.9109151313090079
2017-06-26,CA,1.055294070711362
2017-06-26,CO,0.9878143082807536
2017-06-26,CT,0.46964115181835414
2017-06-26,DE,0.41360242734061564
2017-06-26,GA,0.8603783299731813
2017-06-26,HI,0.9835139901543615
2017-06-26,IA,0.3675520900782049
2017-06-26,ID,0.385641966601283
2017-06-26,IL,0.8037427207236548
2017-06-26,IN,0.4164871578802637
2017-06-26,KS,0.4526818897290803
2017-06-26,KY,0.4312731100078354
2017-06-26,LA,0.9838705446482613
2017-06-26,MA,0.6379383641488976
2017-06-26,MD,0.8823319895281864
2017-06-26,ME,0.5427029826527097
2017-06-26,MI,0.6376610489788852
2017-06-26,MN,0.8798019299331048
2017-06-26,MO,0.3140695085093627
2017-06-26,MS,1.0848622464477944
2017-06-26,MT,0.3796474095246428
2017-06-26,NC,0.7275790413334241
2017-06-26,ND,0.43146934688131133
2017-06-26,NE,0.468114948028132
2017-06-26,NH,0.5378510813024551
2017-06-26,NJ,1.3093876452397666
2017-06-26,NM,1.1744557114798613
2017-06-26,NV,0.6448301503317101
2017-06-26,NY,1.105440482833293
2017-06-26,OH,0.6752468595989829
2017-06-26,OK,0.5985003040969801
2017-06-26,OR,0.6160150555288146
2017-06-26,PA,0.6179972918975862
2017-06-26,RI,0.280476724652366
2017-06-26,SC,0.521150223976149
2017-06-26,SD,0.5196771723439271
2017-06-26,TN,0.4263833160273715
2017-06-26,TX,1.1782813556767016
2017-06-26,UT,0.48886614819179
2017-06-26,VA,0.7761390666688518
2017-06-26,VT,0.6536250762219518
2017-06-26,WA,0.4485622622466129
2017-06-26,WI,0.5312570401589742
2017-06-26,WV,0.497020948821019
2017-06-26,WY,0.8715989616794981
2017-07-03,AK,0.6211938499174163
2017-07-03,AL,0.6987570045114883
2017-07-03,AR,0.6884538921064915
2017-07-03,AZ,0.99215580211848
2017-07-03,CA,1.1343899882457116
2017-07-03,CO,0.44643058345649667
2017-07-03,CT,0.5775113488237336
2017-07-03,DE,0.33947491198966273
2017-07-03,GA,0.8914500496457618
2017-07-03,HI,0.9675243883472597
2017-07-03,IA,0.462905459481019
2017-07-03,ID,0.348455229132166
2017-07-03,IL,0.7479436223322112
2017-07-03,IN,0.35560749353873267
2017-07-03,KS,0.4642407155953318
2017-07-03,KY,0.368858258940696
2017-07-03,LA,0.8436991466630224
2017-07-03,MA,0.46528084509797174
2017-07-03,MD,1.051444074820922
2017-07-03,ME,0.7547930413761266
2017-07-03,MI,0.5989168157196951
2017-07-03,MN,0.7408104139030653
2017-07-03,MO,0.3950540425037078
2017-07-03,MS,1.102865839809777
2017-07-03,MT,0.3420054562461459
2017-07-03,NC,0.5775921944770883
2017-07-03,ND,0.3382138384072878
2017-07-03,NE,0.5514544579089509
2017-07-03,NH,0.3111932736968268
2017-07-03,NJ,1.163005287490158
2017-07-03,NM,0.9775650906848017
2017-07-03,NV,0.48688714788679055
2017-07-03,NY,1.1181894088909545
2017-07-03,OH,0.5745789801641927
2017-07-03,OK,0.4125015567443438
2017-07-03,OR,0.5570351175777499
2017-07-03,PA,0.5393162840872814
2017-07-03,RI,0.32472396105774015
2017-07-03,SC,0.5276303251176295
2017-07-03,SD,0.48839941422360017
2017-07-03,TN,0.46570427099865647
2017-07-03,TX,1.1785402631374629
2017-07-03,UT,0.45193382408260896
2017-07-03,VA,0.7506520290609702
2017-07-03,VT,0.6457215970717349
2017-07-03,WA,0.301314850313666
2017-07-03,WI,0.5412002306499835
2017-07-03,WV,0.4496705562891935
2017-07-03,WY,0.6337269020944035
2017-07-10,AK,0.6086831942486495
2017-07-10,AL,0.8350982160883136
2017-07-10,AR,0.4630239053866747
2017-07-10,AZ,0.9135619929911629
2017-07-10,CA,1.0009246905175846
2017-07-10,CO,0.494206106669557
2017-07-10,CT,0.39169246195791285
2017-07-10,DE,0.32060055155357575
2017-07-10,GA,0.9466209563673011
2017-07-10,HI,0.9083940692781116
2017-07-10,IA,0.4006048137975792
2017-07-10,ID,0.3309398780526612
2017-07-10,IL,0.6090635014504986
2017-07-10,IN,0.36529203428439994
2017-07-10,KS,0.455668330552904
2017-07-10,KY,0.3580773420575658
2017-07-10,LA,0.9838989549980219
2017-07-10,MA,0.6318713863451881
2017-07-10,MD,1.0441964190042323
2017-07-10,ME,0.5283538456798836
2017-07-10,MI,0.6193351213756667
2017-07-10,MN,0.6754030013848686
2017-07-10,MO,0.30221684685387584
2017-07-10,MS,1.1583100075177575
2017-07-10,MT,0.32313109581005894
2017-07-10,NC,0.29600094248358616
2017-07-10,ND,0.3234257533145605
2017-07-10,NE,0.3770711552332882
2017-07-10,NH,0.4671097473478031
2017-07-10,NJ,1.0891474350650547
2017-07-10,NM,0.95104235334098
2017-07-10,NV,0.5280379834251976
2017-07-10,NY,1.0913380699395303
2017-07-10,OH,0.49795272219368036
2017-07-10,OK,0.5475629958299616
2017-07-10,OR,0.21621038179872293
2017-07-10,PA,0.6000769679621519
2017-07-10,RI,0.2176331799516173
2017-07-10,SC,0.4213547621163329
2017-07-10,SD,0.6216836237860925
2017-07-10,TN,0.45424615553091724
2017-07-10,TX,1.0725351628355793
2017-07-10,UT,0.44902360201571
2017-07-10,VA,0.6478413616091944
2017-07-10,VT,0.6647268375148624
2017-07-10,WA,0.303073146555321
2017-07-10,WI,0.4142400795488831
2017-07-10,WV,0.4095255094187911
2017-07-10,WY,0.48269992911905235
2017-07-17,AK,0.6668862402859861
2017-07-17,AL,0.8049659957052357
2017-07-17,AR,0.5578434300307937
2017-07-17,AZ,0.9124639687519207
2017-07-17,CA,0.8661681188249019
2017-07-17,CO,0.5206883272362179
2017-07-17,CT,0.18668562822561985
2017-07-17,DE,0.30836277910919
2017-07-17,GA,0.7186732976372933
2017-07-17,HI,0.7489488579418199
2017-07-17,IA,0.36737510938354023
2017-07-17,ID,0.3209450910954183
2017-07-17,IL,0.7192377674190759
2017-07-17,IN,0.42459875335041175
2017-07-17,KS,0.2725344895850445
2017-07-17,KY,0.37284733339215476
2017-07-17,LA,0.6894611910092049
2017-07-17,MA,0.5101223980169798
2017-07-17,MD,1.2322279914793126
2017-07-17,ME,0.4366414623817962
2017-07-17,MI,0.507020032747011
2017-07-17,MN,0.6998927812033302
2017-07-17,MO,0.27009792234775915
2017-07-17,MS,0.9302322459713409
2017-07-17,MT,0.3108933233656732
2017-07-17,NC,0.7234422056913257
2017-07-17,ND,0.3179321995521391
2017-07-17,NE,0.3855166170545017
2017-07-17,NH,0.6376634330698185
2017-07-17,NJ,1.010896800265798
2017-07-17,NM,0.9790460283222112
2017-07-17,NV,0.46237128044752585
2017-07-17,NY,0.8421826681166712
2017-07-17,OH,0.6272774749946919
2017-07-17,OK,0.4321080473675768
2017-07-17,OR,0.35735422675164685
2017-07-17,PA,0.434438319026377
2017-07-17,RI,0.22560463288672294
2017-07-17,SC,0.43790139420063096
2017-07-17,SD,0.6354428334344833
2017-07-17,TN,0.4058502505068763
2017-07-17,TX,0.9606796838773644
2017-07-17,UT,0.4182564933690963
2017-07-17,VA,0.61705609564607
2017-07-17,VT,0.6561662662457513
2017-07-17,WA,0.25725801215255545
2017-07-17,WI,0.4037189194161729
2017-07-17,WV,0.43358001436275867
2017-07-17,WY,0.5427333884170031
2017-07-24,AK,0.36795018781966166
2017-07-24,AL,0.5733766252223869
2017-07-24,AR,0.6207894740286783
2017-07-24,AZ,0.9128257025526154
2017-07-24,CA,0.8829309573146406
2017-07-24,CO,0.3117307476557296
2017-07-24,CT,0.244284284014841
2017-07-24,DE,0.33858809656481387
2017-07-24,GA,0.7523787677472605
2017-07-24,HI,0.6852175475825131
2017-07-24,IA,0.3045686400409414
2017-07-24,ID,0.3084242054817964
2017-07-24,IL,0.625786701914893
2017-07-24,IN,0.5939847573573438
2017-07-24,KS,0.3550969674539377
2017-07-24,KY,0.317585459832877
2017-07-24,LA,0.9062999658744622
2017-07-24,MA,0.45700527598182283
2017-07-24,MD,0.583134216064083
2017-07-24,ME,0.38965383038901225
2017-07-24,MI,0.4240093939971054
2017-07-24,MN,0.7638015919843097
2017-07-24,MO,0.27401464309725093
2017-07-24,MS,1.10910653103925
2017-07-24,MT,0.2952781839135137
2017-07-24,NC,0.31691670186361454
2017-07-24,ND,0.31162087622550744
2017-07-24,NE,0.41486833465798245
2017-07-24,NH,0.4299301314029135
2017-07-24,NJ,1.1531188840150897
2017-07-24,NM,0.9596228259233371
2017-07-24,NV,0.39583395016398276
2017-07-24,NY,0.903299609262757
2017-07-24,OH,0.50218443367801
2017-07-24,OK,0.4363600402180436
2017-07-24,OR,0.35471035320483757
2017-07-24,PA,0.6006434725771894
2017-07-24,RI,0.23213791279855064
2017-07-24,SC,0.4345518152367217
2017-07-24,SD,0.5307437833474917
2017-07-24,TN,0.43655643894070584
2017-07-24,TX,1.0978953125078772
2017-07-24,UT,0.4172473108228476
2017-07-24,VA,0.63343773097599
2017-07-24,VT,0.6136737299407318
2017-07-24,WA,0.2900719622525894
2017-07-24,WI,0.35471001318978923
2017-07-24,WV,0.3697415258591
2017-07-24,WY,0.47786971800067524
2017-07-31,AK,0.3640449445410431
2017-07-31,AL,0.635381796011223
2017-07-31,AR,0.4591421931463221
2017-07-31,AZ,0.9160186904956391
2017-07-31,CA,0.7985757070736693
2017-07-31,CO,0.35027419943754
2017-07-31,CT,0.2543842831639515
2017-07-31,DE,0.307347822857898
2017-07-31,GA,0.8271324389595109
2017-07-31,HI,0.8398438704185979
2017-07-31,IA,0.3200104990946259
2017-07-31,ID,0.31791374269051836
2017-07-31,IL,0.6342520081701477
2017-07-31,IN,0.45856382568248255
2017-07-31,KS,0.594184141448652
2017-07-31,KY,0.3306048250865367
2017-07-31,LA,0.7497251466994147
2017-07-31,MA,0.4548674896706281
2017-07-31,MD,0.9039500063525138
2017-07-31,ME,0.6032958456366309
2017-07-31,MI,0.4742822249876426
2017-07-31,MN,0.7979080220652981
2017-07-31,MO,0.32612664922286877
2017-07-31,MS,0.8787867561314886
2017-07-31,MT,0.300867320120922
2017-07-31,NC,0.6347722254145307
2017-07-31,ND,0.3289377554125279
2017-07-31,NE,0.2777720322687373
2017-07-31,NH,0.5362957583237848
2017-07-31,NJ,1.0786865464681803
2017-07-31,NM,0.9985463173259234
2017-07-31,NV,0.3086969766208866
2017-07-31,NY,0.9817648156233463
2017-07-31,OH,0.5217164730728506
2017-07-31,OK,0.5391819881501972
2017-07-31,OR,0.30905226416040504
2017-07-31,PA,0.5805530182809209
2017-07-31,RI,0.23262782789026812
2017-07-31,SC,0.41399519831542175
2017-07-31,SD,0.5043046753565696
2017-07-31,TN,0.2268201596870947
2017-07-31,TX,1.0361287392733378
2017-07-31,UT,0.43211295015861656
2017-07-31,VA,0.6059729812772883
2017-07-31,VT,0.6001245616137867
2017-07-31,WA,0.2635519911563761
2017-07-31,WI,0.3819547576467277
2017-07-31,WV,0.354114375951909
2017-07-31,WY,0.4189624443858583
2017-08-07,AK,0.8158948510665447
2017-08-07,AL,0.6617549298047984
2017-08-07,AR,0.5969939786504596
2017-08-07,AZ,0.990236643118579
2017-08-07,CA,0.7638630765738741
2017-08-07,CO,0.6444334555071999
2017-08-07,CT,0.29059073442936545
2017-08-07,DE,0.3291658233682303
2017-08-07,GA,0.8379213055059305
2017-08-07,HI,1.0719896016911248
2017-08-07,IA,0.36200547263383304
2017-08-07,ID,0.35339246172886224
2017-08-07,IL,0.7028301505301944
2017-08-07,IN,0.710559016319285
2017-08-07,KS,0.3039799681461556
2017-08-07,KY,0.36206433754465484
2017-08-07,LA,0.9582912202834271
2017-08-07,MA,0.566101542936281
2017-08-07,MD,0.9003002407258793
2017-08-07,ME,0.4838835518099097
2017-08-07,MI,0.5182784989409438
2017-08-07,MN,0.7714752905961739
2017-08-07,MO,0.3142432414752401
2017-08-07,MS,0.9963817189210125
2017-08-07,MT,0.3316963676247135
2017-08-07,NC,0.39066510019139017
2017-08-07,ND,0.5206811350295248
2017-08-07,NE,0.9057861742708027
2017-08-07,NH,0.43710662626171115
2017-08-07,NJ,1.1007863262168849
2017-08-07,NM,1.0684772764165358
2017-08-07,NV,0.4862082418400563
2017-08-07,NY,0.9306769009835522
2017-08-07,OH,0.5868453285227563
2017-08-07,OK,0.6144425045509679
2017-08-07,OR,0.5640704712755972
2017-08-07,PA,0.7408508554219433
2017-08-07,RI,0.2393854498563032
2017-08-07,SC,0.4256976368239924
2017-08-07,SD,0.5148777395343258
2017-08-07,TN,0.4445790859830064
2017-08-07,TX,1.046254189709652
2017-08-07,UT,0.47265184990269715
2017-08-07,VA,0.6807776870577018
2017-08-07,VT,0.684793795310392
2017-08-07,WA,0.44666215202052345
2017-08-07,WI,0.4481732684469396
2017-08-07,WV,0.38884416851727366
2017-08-07,WY,0.4182472677123507
2017-08-14,AK,0.6948928507284797
2017-08-14,AL,0.7967312140694336
2017-08-14,AR,0.5469369828665775
2017-08-14,AZ,0.8726664558200545
2017-08-14,CA,0.8375742902939494
2017-08-14,CO,0.5967372526438879
2017-08-14,CT,0.2625263541514992
2017-08-14,DE,0.2949359131645246
2017-08-14,GA,1.0300894037151291
2017-08-14,HI,0.7591823697568927
2017-08-14,IA,0.34282428278823274
2017-08-14,ID,0.3244936909118254
2017-08-14,IL,0.6613492206601268
2017-08-14,IN,0.8457577650098578
2017-08-14,KS,0.37114939001894454
2017-08-14,KY,0.3373085901732453
2017-08-14,LA,0.8337751256805801
2017-08-14,MA,0.5320728246849629
2017-08-14,MD,0.7073348734802245
2017-08-14,ME,0.40881041605750645
2017-08-14,MI,0.39363205833495496
2017-08-14,MN,0.7298691936642423
2017-08-14,MO,0.2655707539617522
2017-08-14,MS,1.1720369443203011
2017-08-14,MT,0.2974664574210078
2017-08-14,NC,0.39236563280561076
2017-08-14,ND,0.373580405806511
2017-08-14,NE,0.6030475519016761
2017-08-14,NH,0.40327188708866935
2017-08-14,NJ,0.9660410289910404
2017-08-14,NM,0.9075502338169379
2017-08-14,NV,0.4997198708695618
2017-08-14,NY,0.9805670348309125
2017-08-14,OH,0.5511789680165358
2017-08-14,OK,0.5670208810233216
2017-08-14,OR,0.47374659761730875
2017-08-14,PA,0.40844689465253364
2017-08-14,RI,0.21217776694205753
2017-08-14,SC,0.36102459422192135
2017-08-14,SD,0.42907369412124036
2017-08-14,TN,0.32497832768841206
2017-08-14,TX,0.8707111660646241
2017-08-14,UT,0.4441918067160102
2017-08-14,VA,0.6351948166835713
2017-08-14,VT,0.4220050551031699
2017-08-14,WA,0.230878342706729
2017-08-14,WI,0.3751803312672053
2017-08-14,WV,0.37335786425799267
2017-08-14,WY,0.4543948987862676
2017-08-21,AK,0.646183539305117
2017-08-21,AL,1.1958608435201694
2017-08-21,AR,0.3579356160520065
2017-08-21,AZ,1.0911837845301418
2017-08-21,CA,0.8870001632630627
2017-08-21,CO,0.5233562376131181
2017-08-21,CT,0.2811129958467307
2017-08-21,DE,0.3308914911854261
2017-08-21,GA,1.2051287472855008
2017-08-21,HI,0.665422664575379
2017-08-21,IA,0.3713000967406587
2017-08-21,ID,0.3421514510487307
2017-08-21,IL,0.6975871199920243
2017-08-21,IN,0.6088419054495393
2017-08-21,KS,0.38129414944746043
2017-08-21,KY,0.412910117320982
2017-08-21,LA,1.016391032354482
2017-08-21,MA,0.5603278141288528
2017-08-21,MD,0.8264455543050746
2017-08-21,ME,0.5033383876508787
2017-08-21,MI,0.47375948025498005
2017-08-21,MN,0.7758762491344596
2017-08-21,MO,0.36034590110696807
2017-08-21,MS,1.2240316943460636
2017-08-21,MT,0.30918935033606576
2017-08-21,NC,0.4866016948895786
2017-08-21,ND,0.38511511705263857
2017-08-21,NE,0.3906962694715093
2017-08-21,NH,0.6080316554837035
2017-08-21,NJ,1.0375609770307241
2017-08-21,NM,1.0598675143831888
2017-08-21,NV,0.4722814521183061
2017-08-21,NY,0.840455424008181
2017-08-21,OH,0.4916508375391161
2017-08-21,OK,0.6158495341015677
2017-08-21,OR,0.24908531097961475
2017-08-21,PA,0.5431723986454076
2017-08-21,RI,0.22390065985711552
2017-08-21,SC,0.38287932258787627
2017-08-21,SD,0.5738693186490353
2017-08-21,TN,0.34463039818631186
2017-08-21,TX,0.9653431194546671
2017-08-21,UT,0.4561677003377324
2017-08-21,VA,0.6718931090252391
2017-08-21,VT,0.5990691727043704
2017-08-21,WA,0.263669291242919
2017-08-21,WI,0.5655180539954096
2017-08-21,WV,0.3750670949982996
2017-08-21,WY,0.4200564873247935
2017-08-28,AK,0.8277624838309285
2017-08-28,AL,1.3921600540307497
2017-08-28,AR,0.9244850473586114
2017-08-28,AZ,1.6610464165057854
2017-08-28,CA,1.0449953919134751
2017-08-28,CO,0.7745345063662706
2017-08-28,CT,0.35687269195751564
2017-08-28,DE,0.41576430640251805
2017-08-28,GA,1.2586639083234996
2017-08-28,HI,1.0600537788080624
2017-08-28,IA,0.4578107405335802
2017-08-28,ID,0.4169013197668134
2017-08-28,IL,0.7528699399052433
2017-08-28,IN,0.8438960480352075
2017-08-28,KS,0.4762684320708973
2017-08-28,KY,0.4234790315826658
2017-08-28,LA,1.2665804986949554
2017-08-28,MA,0.6016559929446008
2017-08-28,MD,0.9154580506292509
2017-08-28,ME,0.6395276847874494
2017-08-28,MI,0.5986026679303749
2017-08-28,MN,0.7672903423615115
2017-08-28,MO,0.4241398492423906
2017-08-28,MS,2.137833683270238
2017-08-28,MT,0.3774871677253744
2017-08-28,NC,0.3828791384693883
2017-08-28,ND,0.4728129909104082
2017-08-28,NE,1.0010516690037283
2017-08-28,NH,0.5690089237540226
2017-08-28,NJ,1.281708600086696
2017-08-28,NM,1.220940749591465
2017-08-28,NV,0.5314168999192296
2017-08-28,NY,1.0290512708671777
2017-08-28,OH,0.6018988569209411
2017-08-28,OK,0.6689027478603791
2017-08-28,OR,0.5172941885331506
2017-08-28,PA,0.5811484754398633
2017-08-28,RI,0.2921984772464241
2017-08-28,SC,0.4214107416101514
2017-08-28,SD,0.6264442037444016
2017-08-28,TN,0.5006815871229389
2017-08-28,TX,1.568063529390926
2017-08-28,UT,0.5514690970723812
2017-08-28,VA,0.7310150430039629
2017-08-28,VT,0.7331188732781944
2017-08-28,WA,0.40503760217138923
2017-08-28,WI,0.5521630629793906
2017-08-28,WV,0.44595594957385365
2017-08-28,WY,0.5507492527976623
2017-09-04,AK,1.0268396445715104
2017-09-04,AL,1.234158349844877
2017-09-04,AR,1.3094456861192727
2017-09-04,AZ,1.5124720653066284
2017-09-04,CA,1.1227913478724283
2017-09-04,CO,1.158985841442326
2017-09-04,CT,0.5479125115556587
2017-09-04,DE,0.4385828043069697
2017-09-04,GA,1.3927247896441963
2017-09-04,HI,1.3266883662220774
2017-09-04,IA,0.5547368549479647
2017-09-04,ID,0.48031730107790693
2017-09-04,IL,0.8706037765148276
2017-09-04,IN,0.8741003696587509
2017-09-04,KS,0.38832394557917893
2017-09-04,KY,0.6689264659877102
2017-09-04,LA,1.3845014613221351
2017-09-04,MA,0.6332948596273393
2017-09-04,MD,1.1413568928989273
2017-09-04,ME,0.685079272964424
2017-09-04,MI,0.7681376408890068
2017-09-04,MN,0.7835516856613083
2017-09-04,MO,0.49097529079659047
2017-09-04,MS,2.373463278270103
2017-09-04,MT,0.4340279990378948
2017-09-04,NC,0.8755429788508658
2017-09-04,ND,0.9100742984339006
2017-09-04,NE,0.8603794579265948
2017-09-04,NH,0.515972671327025
2017-09-04,NJ,0.9974000954621037
2017-09-04,NM,1.5687326726697033
2017-09-04,NV,0.693884729746977
2017-09-04,NY,1.0602165406951238
2017-09-04,OH,0.8135946385155012
2017-09-04,OK,0.6697929188514018
2017-09-04,OR,0.6978932453919313
2017-09-04,PA,0.77647398762824
2017-09-04,RI,0.41358399450672645
2017-09-04,SC,0.572783581346811
2017-09-04,SD,0.8859271553603412
2017-09-04,TN,0.5469325734351842
2017-09-04,TX,1.5392217204922471
2017-09-04,UT,0.6296479527864152
2017-09-04,VA,0.8096046934948739
2017-09-04,VT,0.8385024104878587
2017-09-04,WA,0.40649592840356186
2017-09-04,WI,0.6061487489441286
2017-09-04,WV,0.5541531936751682
2017-09-04,WY,0.6820365564530209
2017-09-11,AK,1.3186533913443927
2017-09-11,AL,1.4978802495312564
2017-09-11,AR,0.9978602566003101
2017-09-11,AZ,1.3146590499580797
2017-09-11,CA,1.2038159720181116
2017-09-11,CO,1.1725543637355815
2017-09-11,CT,0.4121903311845675
2017-09-11,DE,0.48292682177623114
2017-09-11,GA,1.4436782007874518
2017-09-11,HI,1.7348164550503835
2017-09-11,IA,0.5993617188438821
2017-09-11,ID,0.5078071871040531
2017-09-11,IL,1.03893337415245
2017-09-11,IN,1.0572605155515618
2017-09-11,KS,0.5331601868356932
2017-09-11,KY,0.5940907090287126
2017-09-11,LA,1.3519566704667256
2017-09-11,MA,0.6979915790344966
2017-09-11,MD,1.323189160306835
2017-09-11,ME,0.6316542355440253
2017-09-11,MI,0.9065168219502182
2017-09-11,MN,0.7865897423340853
2017-09-11,MO,0.741063020524415
2017-09-11,MS,1.6179428986424451
2017-09-11,MT,0.45431989156413766
2017-09-11,NC,0.94373907121227
2017-09-11,ND,1.0471481259161646
2017-09-11,NE,1.263415531472067
2017-09-11,NH,0.5599744913765994
2017-09-11,NJ,1.3206636508877914
2017-09-11,NM,1.3237159938769203
2017-09-11,NV,0.7409160403813699
2017-09-11,NY,1.033381450683121
2017-09-11,OH,0.8398486304224817
2017-09-11,OK,0.8861608136505249
2017-09-11,OR,0.33532746605197983
2017-09-11,PA,0.7129386136609317
2017-09-11,RI,0.3497617566185771
2017-09-11,SC,0.744948300868705
2017-09-11,SD,0.8436425040572209
2017-09-11,TN,0.7455899614771215
2017-09-11,TX,1.655114649173545
2017-09-11,UT,0.6650174011441934
2017-09-11,VA,0.9178871634377141
2017-09-11,VT,0.8331151517073343
2017-09-11,WA,0.4668482022991385
2017-09-11,WI,0.6602046756506577
2017-09-11,WV,0.6171814608095588
2017-09-11,WY,0.8581468247907482
2017-09-18,AK,1.4974829917333237
2017-09-18,AL,1.462200831472189
2017-09-18,AR,0.9789950880201352
2017-09-18,AZ,1.6415391153441128
2017-09-18,CA,1.4091207437589317
2017-09-18,CO,0.3925661616298828
2017-09-18,CT,0.6665813632578448
2017-09-18,DE,0.4582803654474349
2017-09-18,GA,1.4912073778914254
2017-09-18,HI,1.4651495011047857
2017-09-18,IA,0.5964297657406565
2017-09-18,ID,0.5155932579771654
2017-09-18,IL,1.1661258110800121
2017-09-18,IN,0.992145855682921
2017-09-18,KS,0.43817764978388557
2017-09-18,KY,0.7075146021706417
2017-09-18,LA,1.3802908211690263
2017-09-18,MA,0.8223497502439274
2017-09-18,MD,0.9299705590356224
2017-09-18,ME,0.7338147619038665
2017-09-18,MI,0.8606671090773644
2017-09-18,MN,0.8852666412947561
2017-09-18,MO,0.7606272994186472
2017-09-18,MS,1.5829324775838958
2017-09-18,MT,0.4546900883897147
2017-09-18,NC,0.8034660176050541
2017-09-18,ND,0.6650710210583803
2017-09-18,NE,0.7088019621847303
2017-09-18,NH,0.8654975681110657
2017-09-18,NJ,1.5540599432514166
2017-09-18,NM,1.4220315438449913
2017-09-18,NV,0.7278330212713225
2017-09-18,NY,1.2167654994231263
2017-09-18,OH,0.8212027574477804
2017-09-18,OK,0.9966061949156259
2017-09-18,OR,0.9923179715941823
2017-09-18,PA,0.7865129961602262
2017-09-18,RI,0.4396569144500962
2017-09-18,SC,0.846524655184142
2017-09-18,SD,0.9342823094613156
2017-09-18,TN,0.7534675914753877
2017-09-18,TX,1.596763996216211
2017-09-18,UT,0.6740799541083924
2017-09-18,VA,0.8831938611015441
2017-09-18,VT,0.7661807930303186
2017-09-18,WA,0.4587926036737379
2017-09-18,WI,1.0873666090736585
2017-09-18,WV,0.6238114071839632
2017-09-18,WY,0.751828044721329
2017-09-25,AK,1.5993031854033048
2017-09-25,AL,1.38285682688773
2017-09-25,AR,0.9294750391238626
2017-09-25,AZ,1.4218935974060027
2017-09-25,CA,1.3321496397430417
2017-09-25,CO,0.8080514701207941
2017-09-25,CT,0.5141033237245923
2017-09-25,DE,0.4689871080969352
2017-09-25,GA,1.4091803448700262
2017-09-25,HI,1.4456000305485235
2017-09-25,IA,0.634645467488071
2017-09-25,ID,0.5399464363933291
2017-09-25,IL,1.1327618122372385
2017-09-25,IN,0.9992009767743049
2017-09-25,KS,0.7782249977249652
2017-09-25,KY,0.7495133066777037
2017-09-25,LA,1.344708207013608
2017-09-25,MA,0.8049414154550578
2017-09-25,MD,1.2421790678483686
2017-09-25,ME,0.8827869191652227
2017-09-25,MI,1.0150697453984698
2017-09-25,MN,0.8498367347131159
2017-09-25,MO,0.862217502897971
2017-09-25,MS,1.68468886112158
2017-09-25,MT,0.4715176523534184
2017-09-25,NC,0.7248366133888648
2017-09-25,ND,1.46085903760778
2017-09-25,NE,1.0730388993841122
2017-09-25,NH,0.7167237238115574
2017-09-25,NJ,1.6224254713070307
2017-09-25,NM,1.270205849059941
2017-09-25,NV,0.7115765320654908
2017-09-25,NY,1.411898773107076
2017-09-25,OH,0.9232670441774418
2017-09-25,OK,0.9850649915508651
2017-09-25,OR,0.6276821323015307
2017-09-25,PA,0.8216443472353147
2017-09-25,RI,0.5286721290770939
2017-09-25,SC,0.8784717384123801
2017-09-25,SD,0.8391750668867248
2017-09-25,TN,0.886232338207971
2017-09-25,TX,1.527713375372255
2017-09-25,UT,0.5844428613381187
2017-09-25,VA,0.9996198881124798
2017-09-25,VT,0.8362988620825014
2017-09-25,WA,0.5550496730544324
2017-09-25,WI,1.2141608820316732
2017-09-25,WV,0.6866584131219515
2017-09-25,WY,0.7070807038509412
2017-10-02,AK,1.549001160223489
2017-10-02,AL,1.5994888103343616
2017-10-02,AR,1.1649872326065407
2017-10-02,AZ,1.261281827435805
2017-10-02,CA,1.4236758077784473
2017-10-02,CO,0.8033303842522622
2017-10-02,CT,0.7150680546664828
2017-10-02,DE,0.5378424665967418
2017-10-02,GA,1.6562556876727308
2017-10-02,HI,1.2977662342559724
2017-10-02,IA,0.6918246810149202
2017-10-02,ID,0.5843098354320061
2017-10-02,IL,1.1779038928226546
2017-10-02,IN,1.31329037825143
2017-10-02,KS,0.6665618239843484
2017-10-02,KY,0.7710881509967298
2017-10-02,LA,1.5458188153726131
2017-10-02,MA,0.8274028423407122
2017-10-02,MD,1.1209847813516098
2017-10-02,ME,0.8406737224579621
2017-10-02,MI,1.104626004693623
2017-10-02,MN,0.9822213086368918
2017-10-02,MO,1.0001886602347165
2017-10-02,MS,1.9153244158816127
2017-10-02,MT,0.5083554369396355
2017-10-02,NC,0.9835671202228389
2017-10-02,ND,1.9017123271203866
2017-10-02,NE,1.0053821759144128
2017-10-02,NH,0.8372024584221003
2017-10-02,NJ,1.8186074210743297
2017-10-02,NM,1.2465534357539743
2017-10-02,NV,0.7960941194933941
2017-10-02,NY,1.2699740505013817
2017-10-02,OH,1.1067291254601364
2017-10-02,OK,1.110596760553736
2017-10-02,OR,0.5946103262793364
2017-10-02,PA,1.0772451467309738
2017-10-02,RI,0.6181802355523737
2017-10-02,SC,0.9845070646704785
2017-10-02,SD,1.0154842440777128
2017-10-02,TN,0.9409915376957698
2017-10-02,TX,1.7310304647255255
2017-10-02,UT,0.6375157287440215
2017-10-02,VA,1.0726925569471166
2017-10-02,VT,0.7414668023293669
2017-10-02,WA,0.5666217024559904
2017-10-02,WI,1.2683678898041113
2017-10-02,WV,0.709107393855874
2017-10-02,WY,0.9382755019506455
2017-10-09,AK,1.974209688572912
2017-10-09,AL,1.5705170518130847
2017-10-09,AR,1.1000132145186106
2017-10-09,AZ,1.8361420196115943
2017-10-09,CA,1.586629686511496
2017-10-09,CO,0.9221211909085849
2017-10-09,CT,1.3066413243517594
2017-10-09,DE,0.5384234381647172
2017-10-09,GA,1.6533995537387534
2017-10-09,HI,1.3447590464900725
2017-10-09,IA,0.8541711680515586
2017-10-09,ID,0.6803710433424572
2017-10-09,IL,1.1936353912624613
2017-10-09,IN,1.0337497085092957
2017-10-09,KS,0.8588732030187316
2017-10-09,KY,1.0532885305515447
2017-10-09,LA,1.61122484959322
2017-10-09,MA,0.9800060786966085
2017-10-09,MD,0.9360082374925869
2017-10-09,ME,0.6643506057728784
2017-10-09,MI,1.0012801539598561
2017-10-09,MN,1.0641067278294862
2017-10-09,MO,0.744291608936026
2017-10-09,MS,2.010564863807993
2017-10-09,MT,0.5780209797421865
2017-10-09,NC,1.267377666101639
2017-10-09,ND,0.9062968366165265
2017-10-09,NE,1.375832667449453
2017-10-09,NH,0.907079006360193
2017-10-09,NJ,1.6013809098708494
2017-10-09,NM,1.0813039059347476
2017-10-09,NV,0.9357938326122996
2017-10-09,NY,1.288453874655248
2017-10-09,OH,0.6760177875411003
2017-10-09,OK,1.2248596619854681
2017-10-09,OR,1.021571797402324
2017-10-09,PA,0.9358287189125776
2017-10-09,RI,0.6073192115174393
2017-10-09,SC,1.1283148548286392
2017-10-09,SD,1.2503568646477585
2017-10-09,TN,0.8688054538823444
2017-10-09,TX,1.845119041461654
2017-10-09,UT,0.6497821940951592
2017-10-09,VA,1.374227546015149
2017-10-09,VT,0.8001095467632634
2017-10-09,WA,0.47933068915931315
2017-10-09,WI,1.412334034302464
2017-10-09,WV,0.8626093386554757
2017-10-09,WY,1.1045705654509939
2017-10-16,AK,2.043657866234857
2017-10-16,AL,1.6699657874948945
2017-10-16,AR,1.236992386840213
2017-10-16,AZ,1.7411981267541252
2017-10-16,CA,1.3717728883959563
2017-10-16,CO,0.9614103165903264
2017-10-16,CT,1.145613534801138
2017-10-16,DE,0.5564534973929581
2017-10-16,GA,1.829179453919799
2017-10-16,HI,1.160250578234908
2017-10-16,IA,0.9050754268127453
2017-10-16,ID,0.8497353494325307
2017-10-16,IL,1.287142485415934
2017-10-16,IN,1.1082187121311904
2017-10-16,KS,0.9043103042315441
2017-10-16,KY,1.2157568431290935
2017-10-16,LA,1.5714496144255503
2017-10-16,MA,1.145080951023957
2017-10-16,MD,1.1707495615655517
2017-10-16,ME,0.9024008932196079
2017-10-16,MI,1.093961392705272
2017-10-16,MN,1.0961964481277422
2017-10-16,MO,0.9189630711619574
2017-10-16,MS,1.91539165851194
2017-10-16,MT,0.5570725184194485
2017-10-16,NC,1.3264665046345492
2017-10-16,ND,0.965216573426336
2017-10-16,NE,1.4184814674991917
2017-10-16,NH,0.7298951734020068
2017-10-16,NJ,1.7435363612539534
2017-10-16,NM,1.068569948061583
2017-10-16,NV,0.9580667717460463
2017-10-16,NY,1.4416249850617675
2017-10-16,OH,0.8094157675852776
2017-10-16,OK,1.6410264896244733
2017-10-16,OR,0.965988479899013
2017-10-16,PA,1.0498140304481867
2017-10-16,RI,0.5487549708511595
2017-10-16,SC,1.063283367730366
2017-10-16,SD,1.3218563698847337
2017-10-16,TN,0.9800997771959219
2017-10-16,TX,1.9029478895197818
2017-10-16,UT,0.6872914060014252
2017-10-16,VA,1.3430481403708052
2017-10-16,VT,0.7860517074953957
2017-10-16,WA,0.585788109919676
2017-10-16,WI,1.2323263546488632
2017-10-16,WV,0.8605009701135379
2017-10-16,WY,1.4479394803332626
2017-10-23,AK,2.521494275575521
2017-10-23,AL,1.6811927531678705
2017-10-23,AR,1.1550461465668802
2017-10-23,AZ,1.6353601794820576
2017-10-23,CA,1.5028924172693823
2017-10-23,CO,1.0003412977136772
2017-10-23,CT,1.2055790560389616
2017-10-23,DE,0.5674323993365757
2017-10-23,GA,1.8632310393282785
2017-10-23,HI,1.661739564682771
2017-10-23,IA,0.9017489421972518
2017-10-23,ID,0.8417139152063062
2017-10-23,IL,1.098182608621991
2017-10-23,IN,1.1317990399906306
2017-10-23,KS,0.8639772710941317
2017-10-23,KY,1.2003895895409855
2017-10-23,LA,1.9749100782991738
2017-10-23,MA,1.033801363678392
2017-10-23,MD,1.0450356805062246
2017-10-23,ME,1.105202003820622
2017-10-23,MI,1.2165896354629921
2017-10-23,MN,1.1166095087594339
2017-10-23,MO,1.1105646412401533
2017-10-23,MS,1.9143568431377995
2017-10-23,MT,0.5786003115356493
2017-10-23,NC,1.047774824499243
2017-10-23,ND,1.0271495271423778
2017-10-23,NE,1.7368912632933073
2017-10-23,NH,0.7995306685403547
2017-10-23,NJ,1.9393737717699862
2017-10-23,NM,1.1914507984657272
2017-10-23,NV,1.0276428223584924
2017-10-23,NY,1.6350513261529385
2017-10-23,OH,0.8944099123864182
2017-10-23,OK,1.6308070346549104
2017-10-23,OR,1.0898861539618743
2017-10-23,PA,1.118063381287038
2017-10-23,RI,0.723283838168978
2017-10-23,SC,1.1915496555492402
2017-10-23,SD,1.4336044874473013
2017-10-23,TN,1.0594427672053581
2017-10-23,TX,1.8699077086197557
2017-10-23,UT,0.7539909045683519
2017-10-23,VA,1.4842928085314133
2017-10-23,VT,0.7222146785655656
2017-10-23,WA,0.6828356975185824
2017-10-23,WI,1.2535304831807415
2017-10-23,WV,0.8243946734318753
2017-10-23,WY,1.2214305614503616
2017-10-30,AK,2.441518110676771
2017-10-30,AL,1.974836876286565
2017-10-30,AR,1.4690823962277952
2017-10-30,AZ,1.8287418428548596
2017-10-30,CA,1.6826577043686524
2017-10-30,CO,1.027521416404758
2017-10-30,CT,1.4873749781064074
2017-10-30,DE,0.6505009233114979
2017-10-30,GA,2.146166073533413
2017-10-30,HI,1.7317560560322207
2017-10-30,IA,0.9967065723969417
2017-10-30,ID,0.950254840102454
2017-10-30,IL,1.3221640816966627
2017-10-30,IN,1.3200026706653327
2017-10-30,KS,1.0528792019989792
2017-10-30,KY,1.6049672836011755
2017-10-30,LA,2.0573112605250454
2017-10-30,MA,1.2664126687999895
2017-10-30,MD,1.2317887995284607
2017-10-30,ME,1.1272914774590648
2017-10-30,MI,1.2917783466698238
2017-10-30,MN,1.1373588203265423
2017-10-30,MO,1.1968629583237198
2017-10-30,MS,2.407747086490292
2017-10-30,MT,0.6405293002247479
2017-10-30,NC,1.601776899918612
2017-10-30,ND,1.1753047689235143
2017-10-30,NE,1.8337309387522782
2017-10-30,NH,1.0224785162452417
2017-10-30,NJ,1.9147106990603613
2017-10-30,NM,1.2162483188295155
2017-10-30,NV,1.0236756812385353
2017-10-30,NY,1.6709957540201914
2017-10-30,OH,0.983030332785026
2017-10-30,OK,1.757702110010194
2017-10-30,OR,1.0938911684499737
2017-10-30,PA,1.2082126182776034
2017-10-30,RI,0.8441275846477727
2017-10-30,SC,1.4923089519212827
2017-10-30,SD,1.6458278520533423
2017-10-30,TN,1.1487796604668938
2017-10-30,TX,2.093132930186707
2017-10-30,UT,0.997331485335683
2017-10-30,VA,1.6588422693041907
2017-10-30,VT,0.8759789205410755
2017-10-30,WA,0.6313933018387581
2017-10-30,WI,1.4552986712122975
2017-10-30,WV,0.9185012037097455
2017-10-30,WY,1.5808169863969481
2017-11-06,AK,2.288472402965274
2017-11-06,AL,2.2402335591045843
2017-11-06,AR,1.502356546576903
2017-11-06,AZ,2.138450226088119
2017-11-06,CA,1.9075055764472397
2017-11-06,CO,1.2638719213749294
2017-11-06,CT,1.4803446983790827
2017-11-06,DE,0.8390905577277002
2017-11-06,GA,2.2792446608548
2017-11-06,HI,1.950640169908207
2017-11-06,IA,1.1583289380261241
2017-11-06,ID,1.2654745028434724
2017-11-06,IL,1.3884367939935105
2017-11-06,IN,1.4435069585527391
2017-11-06,KS,1.1070929532694733
2017-11-06,KY,1.7448598772037727
2017-11-06,LA,2.4869750142207225
2017-11-06,MA,1.304121486886359
2017-11-06,MD,1.1786322292372389
2017-11-06,ME,0.910349277228939
2017-11-06,MI,1.2583994913622858
2017-11-06,MN,1.2095084818541142
2017-11-06,MO,1.4559727455360139
2017-11-06,MS,2.6274759356005033
2017-11-06,MT,0.7454736336489769
2017-11-06,NC,1.5569236551025498
2017-11-06,ND,1.2079218668483804
2017-11-06,NE,1.9872442174662095
2017-11-06,NH,1.1210940415675432
2017-11-06,NJ,2.20183568068589
2017-11-06,NM,1.3998787948944464
2017-11-06,NV,1.2404461919410679
2017-11-06,NY,1.7405426648665894
2017-11-06,OH,1.0178425062819771
2017-11-06,OK,2.019576401768658
2017-11-06,OR,1.3047513947224156
2017-11-06,PA,1.3547900157475334
2017-11-06,RI,0.7958652055171523
2017-11-06,SC,1.6294943905212669
2017-11-06,SD,1.7047448635531166
2017-11-06,TN,1.6338460498931802
2017-11-06,TX,2.737175001558942
2017-11-06,UT,0.8666891120186385
2017-11-06,VA,1.734842464574996
2017-11-06,VT,0.8753670377764957
2017-11-06,WA,0.8942843301131085
2017-11-06,WI,1.3881901507084609
2017-11-06,WV,0.9745532469217857
2017-11-06,WY,1.6556275870739707
2017-11-13,AK,2.4208786843658228
2017-11-13,AL,2.1462126809766997
2017-11-13,AR,1.5441020365167384
2017-11-13,AZ,1.9027618652867493
2017-11-13,CA,1.8345512930105112
2017-11-13,CO,1.361027163554279
2017-11-13,CT,1.6154483040266103
2017-11-13,DE,0.8160242558310237
2017-11-13,GA,2.7315249630767484
2017-11-13,HI,2.5045967561213143
2017-11-13,IA,1.2611822512264634
2017-11-13,ID,1.115064411783295
2017-11-13,IL,1.5663124480106725
2017-11-13,IN,1.192367906373418
2017-11-13,KS,1.3496865077704945
2017-11-13,KY,1.73334619307029
2017-11-13,LA,2.600334021364935
2017-11-13,MA,1.543780970456942
2017-11-13,MD,1.4827974628544065
2017-11-13,ME,1.0533705841100458
2017-11-13,MI,1.5103881940113828
2017-11-13,MN,1.2863599904197152
2017-11-13,MO,1.329133765452982
2017-11-13,MS,3.417202466989008
2017-11-13,MT,0.778089984442315
2017-11-13,NC,1.6838221509729459
2017-11-13,ND,1.4411071405955886
2017-11-13,NE,2.3509841079122404
2017-11-13,NH,1.0981391116829025
2017-11-13,NJ,2.3005990261457603
2017-11-13,NM,1.6173703891357503
2017-11-13,NV,1.4033975708671202
2017-11-13,NY,1.7442899894743629
2017-11-13,OH,1.160871272063893
2017-11-13,OK,2.3056860656199047
2017-11-13,OR,1.4520672983905691
2017-11-13,PA,1.4740818503246538
2017-11-13,RI,0.9672393216034203
2017-11-13,SC,1.7138317162320105
2017-11-13,SD,2.001381137520181
2017-11-13,TN,1.911001051486438
2017-11-13,TX,2.978470749458494
2017-11-13,UT,0.8993580510960643
2017-11-13,VA,1.8629811492884225
2017-11-13,VT,0.9665342050593961
2017-11-13,WA,0.9357004871809792
2017-11-13,WI,1.5389921718094222
2017-11-13,WV,0.9937769077415723
2017-11-13,WY,1.645900813338327
2017-11-20,AK,2.6634842062437043
2017-11-20,AL,2.5459823056446584
2017-11-20,AR,2.0593988675929826
2017-11-20,AZ,2.1600313187841946
2017-11-20,CA,1.9932302485946598
2017-11-20,CO,1.482251149368693
2017-11-20,CT,1.8735270144754486
2017-11-20,DE,0.8161165134921341
2017-11-20,GA,2.6561005798109134
2017-11-20,HI,2.359385868043508
2017-11-20,IA,1.2555737946928636
2017-11-20,ID,1.2255558656218253
2017-11-20,IL,1.5413158136929401
2017-11-20,IN,1.1609580907547634
2017-11-20,KS,1.5006957306997455
2017-11-20,KY,2.185760208279933
2017-11-20,LA,2.8701799610124974
2017-11-20,MA,1.5850609757645169
2017-11-20,MD,2.148347571387953
2017-11-20,ME,1.3402915727160116
2017-11-20,MI,1.517715328566145
2017-11-20,MN,1.3857044394099167
2017-11-20,MO,1.634182194175517
2017-11-20,MS,3.8946304693553646
2017-11-20,MT,0.8166667138545675
2017-11-20,NC,1.9539202731777838
2017-11-20,ND,1.3528740854624255
2017-11-20,NE,2.405878443289025
2017-11-20,NH,0.9894140644929714
2017-11-20,NJ,2.344803331921195
2017-11-20,NM,1.6865150153981063
2017-11-20,NV,1.3649864277364332
2017-11-20,NY,2.386033912136747
2017-11-20,OH,1.2287776108803992
2017-11-20,OK,2.2987808484652597
2017-11-20,OR,1.2694710091347585
2017-11-20,PA,1.5485280198173692
2017-11-20,RI,0.9921412535137573
2017-11-20,SC,1.8336041154433376
2017-11-20,SD,2.288625292662745
2017-11-20,TN,1.6531892938447745
2017-11-20,TX,3.4835014271919187
2017-11-20,UT,1.0511499353937477
2017-11-20,VA,2.073235247564951
2017-11-20,VT,1.0712542219869878
2017-11-20,WA,0.9238967671886168
2017-11-20,WI,1.1969509231729518
2017-11-20,WV,1.0806723710231485
2017-11-20,WY,1.3963403805607335
2017-11-27,AK,2.813719277286924
2017-11-27,AL,2.569565272005457
2017-11-27,AR,2.0369500734097112
2017-11-27,AZ,2.076106102583677
2017-11-27,CA,2.256785610844413
2017-11-27,CO,1.7196740437392988
2017-11-27,CT,2.4453710050740645
2017-11-27,DE,0.9018885973226962
2017-11-27,GA,3.2352843641928186
2017-11-27,HI,2.8013198272764424
2017-11-27,IA,1.5979922673212008
2017-11-27,ID,1.6172623609370285
2017-11-27,IL,1.8638705869631946
2017-11-27,IN,1.5457798330576717
2017-11-27,KS,1.7177771659510193
2017-11-27,KY,1.9245287661283927
2017-11-27,LA,3.497978897754207
2017-11-27,MA,2.014295117997844
2017-11-27,MD,1.8993032652763142
2017-11-27,ME,1.5059999076642714
2017-11-27,MI,1.8203050794393736
2017-11-27,MN,1.505378204452781
2017-11-27,MO,1.7730032717027133
2017-11-27,MS,4.410689887694633
2017-11-27,MT,0.9728743640954457
2017-11-27,NC,2.6145285003149885
2017-11-27,ND,1.767030532855892
2017-11-27,NE,2.8705228716191122
2017-11-27,NH,1.3352051893172932
2017-11-27,NJ,2.773226299723946
2017-11-27,NM,1.8123745405145906
2017-11-27,NV,1.6499971163199492
2017-11-27,NY,2.0204990676753947
2017-11-27,OH,1.407981714157578
2017-11-27,OK,2.55745626515541
2017-11-27,OR,1.7258472771600932
2017-11-27,PA,1.6589036193683415
2017-11-27,RI,1.1492155704215286
2017-11-27,SC,2.2441314092395177
2017-11-27,SD,2.084861709471004
2017-11-27,TN,2.3753269241245056
2017-11-27,TX,3.6048862142698455
2017-11-27,UT,1.1182317447903785
2017-11-27,VA,2.2609143569550794
2017-11-27,VT,1.314865577738681
2017-11-27,WA,1.216519193725091
2017-11-27,WI,1.8412194529612906
2017-11-27,WV,1.4683219296770846
2017-11-27,WY,1.499093652878836
2017-12-04,AK,2.932013662549834
2017-12-04,AL,2.714411355394468
2017-12-04,AR,2.3762124514386076
2017-12-04,AZ,2.727974597084612
2017-12-04,CA,1.96157117557981
2017-12-04,CO,1.7134404561383452
2017-12-04,CT,2.488815343715984
2017-12-04,DE,0.9299317408623331
2017-12-04,GA,2.7034838236999277
2017-12-04,HI,3.155806214052848
2017-12-04,IA,1.5598609602763678
2017-12-04,ID,1.6248741988958737
2017-12-04,IL,2.0301076598331713
2017-12-04,IN,1.8755177393330058
2017-12-04,KS,1.3844697253869687
2017-12-04,KY,2.225881996672463
2017-12-04,LA,3.1356459179917935
2017-12-04,MA,1.6453367351191686
2017-12-04,MD,1.6697191076002744
2017-12-04,ME,1.5837105221250198
2017-12-04,MI,1.6429969126596233
2017-12-04,MN,1.4539041759682256
2017-12-04,MO,1.7668330803012753
2017-12-04,MS,4.015143264687783
2017-12-04,MT,0.9093782622024349
2017-12-04,NC,1.5223967259367335
2017-12-04,ND,1.5876664209402016
2017-12-04,NE,2.2732176484451143
2017-12-04,NH,1.3846433447772093
2017-12-04,NJ,2.588613385790201
2017-12-04,NM,1.6746500465091692
2017-12-04,NV,1.616227319011013
2017-12-04,NY,1.812490057129572
2017-12-04,OH,1.400616263991751
2017-12-04,OK,2.5507744971343005
2017-12-04,OR,1.5475228289086624
2017-12-04,PA,1.6930295387895573
2017-12-04,RI,0.9921065481532633
2017-12-04,SC,2.1928747991564044
2017-12-04,SD,2.0183926636047183
2017-12-04,TN,1.4790978386196048
2017-12-04,TX,4.050994915235717
2017-12-04,UT,1.136093300978429
2017-12-04,VA,2.3285778924561917
2017-12-04,VT,1.2629559195193276
2017-12-04,WA,1.1155443489591232
2017-12-04,WI,1.6689175171052995
2017-12-04,WV,1.2983953904959902
2017-12-04,WY,1.6531983197958877
2017-12-11,AK,3.251345939406163
2017-12-11,AL,3.2812656677735976
2017-12-11,AR,3.124074186199856
2017-12-11,AZ,2.84309359362945
2017-12-11,CA,2.6218870458215795
2017-12-11,CO,2.0342842579734075
2017-12-11,CT,2.568111982529281
2017-12-11,DE,1.0499374863871944
2017-12-11,GA,3.16105464731853
2017-12-11,HI,3.2626251483587505
2017-12-11,IA,1.738071550866588
2017-12-11,ID,1.6983014148876858
2017-12-11,IL,2.1872226551686484
2017-12-11,IN,2.1343964114148855
2017-12-11,KS,1.9536133763042487
2017-12-11,KY,3.120549679595305
2017-12-11,LA,3.509717712896089
2017-12-11,MA,1.9541769145887433
2017-12-11,MD,1.9132660654394502
2017-12-11,ME,1.5259475038937471
2017-12-11,MI,1.90642779906767
2017-12-11,MN,1.712891121471547
2017-12-11,MO,2.503654511133094
2017-12-11,MS,4.397560950502322
2017-12-11,MT,1.0236908894447616
2017-12-11,NC,2.382229128918892
2017-12-11,ND,1.9419241248302228
2017-12-11,NE,2.461145057077186
2017-12-11,NH,1.3682173846019408
2017-12-11,NJ,2.763003875553345
2017-12-11,NM,2.0357654793629125
2017-12-11,NV,1.8378068575611033
2017-12-11,NY,2.924171891768517
2017-12-11,OH,1.6877923984282277
2017-12-11,OK,2.7895733055062752
2017-12-11,OR,1.9018516911202539
2017-12-11,PA,1.8023545888540835
2017-12-11,RI,1.9448775331955557
2017-12-11,SC,2.366866902224947
2017-12-11,SD,2.14618132468474
2017-12-11,TN,2.137800336234484
2017-12-11,TX,4.45774641716419
2017-12-11,UT,1.2443488684974071
2017-12-11,VA,2.438925641277338
2017-12-11,VT,1.385909287645745
2017-12-11,WA,1.0006258040482054
2017-12-11,WI,1.9721819367410944
2017-12-11,WV,1.4258224374781614
2017-12-11,WY,1.9832961936512756
2017-12-18,AK,3.370888779232362
2017-12-18,AL,4.186427573141353
2017-12-18,AR,4.077091263385131
2017-12-18,AZ,4.027189103498911
2017-12-18,CA,3.3984901315595737
2017-12-18,CO,2.3916863092152774
2017-12-18,CT,2.916879086942664
2017-12-18,DE,1.2883073837025014
2017-12-18,GA,3.3851507711725732
2017-12-18,HI,3.133362261192741
2017-12-18,IA,2.0358080434105172
2017-12-18,ID,1.7232324920417013
2017-12-18,IL,3.1246208492305207
2017-12-18,IN,2.1554154782707307
2017-12-18,KS,2.781419102970215
2017-12-18,KY,4.169062416737063
2017-12-18,LA,4.787008829797802
2017-12-18,MA,2.3115389283623213
2017-12-18,MD,2.211508334620857
2017-12-18,ME,1.6692417962410162
2017-12-18,MI,2.3351501279536215
2017-12-18,MN,1.9882842265639873
2017-12-18,MO,2.8917744420900338
2017-12-18,MS,6.147368500903935
2017-12-18,MT,1.227855228354296
2017-12-18,NC,2.2957190388079765
2017-12-18,ND,2.3578473164608473
2017-12-18,NE,3.2659567206208457
2017-12-18,NH,1.682280578729653
2017-12-18,NJ,3.336592055000394
2017-12-18,NM,2.543888711954889
2017-12-18,NV,2.583867446848356
2017-12-18,NY,2.6870475215580996
2017-12-18,OH,1.8166814617148277
2017-12-18,OK,4.036812534428622
2017-12-18,OR,2.505048771069114
2017-12-18,PA,2.0884837804989766
2017-12-18,RI,1.6853322737059615
2017-12-18,SC,2.688064674712741
2017-12-18,SD,2.348383589683414
2017-12-18,TN,2.96496892714023
2017-12-18,TX,6.988813198997547
2017-12-18,UT,1.5501316217398564
2017-12-18,VA,2.8234004697323387
2017-12-18,VT,1.9722462607025273
2017-12-18,WA,1.3566245008235953
2017-12-18,WI,2.088954073179681
2017-12-18,WV,2.0163487208344457
2017-12-18,WY,2.3203213841987074
2017-12-25,AK,3.950812680263419
2017-12-25,AL,6.803842181833822
2017-12-25,AR,6.886712175289027
2017-12-25,AZ,5.072389275398396
2017-12-25,CA,4.62687820114583
2017-12-25,CO,3.187836670787605
2017-12-25,CT,4.207086240229496
2017-12-25,DE,1.8553302926616957
2017-12-25,GA,4.745519978783875
2017-12-25,HI,4.706889679540029
2017-12-25,IA,2.7164562191355435
2017-12-25,ID,2.852716814884703
2017-12-25,IL,4.312654666885443
2017-12-25,IN,4.173651291627008
2017-12-25,KS,4.146600004645773
2017-12-25,KY,7.708838064613035
2017-12-25,LA,6.907792029238239
2017-12-25,MA,3.0661742569009345
2017-12-25,MD,3.2420391844478624
2017-12-25,ME,2.3122735405790884
2017-12-25,MI,3.1244741026483673
2017-12-25,MN,2.62785828590944
2017-12-25,MO,4.844342838180655
2017-12-25,MS,8.67931942404019
2017-12-25,MT,1.7077836965739939
2017-12-25,NC,2.8220765045805245
2017-12-25,ND,3.787581987625796
2017-12-25,NE,4.094599222419275
2017-12-25,NH,2.214844148011355
2017-12-25,NJ,3.9310004955190676
2017-12-25,NM,3.406108652178247
2017-12-25,NV,3.368785188340191
2017-12-25,NY,3.7040207743491997
2017-12-25,OH,2.699020434076864
2017-12-25,OK,5.578747193841166
2017-12-25,OR,3.795614788784907
2017-12-25,PA,2.734288808924527
2017-12-25,RI,2.328129598081312
2017-12-25,SC,3.821006377008321
2017-12-25,SD,3.0876177029459937
2017-12-25,TN,5.167312686143071
2017-12-25,TX,9.783795220659918
2017-12-25,UT,2.463245515491246
2017-12-25,VA,3.5959968099777617
2017-12-25,VT,2.0804420557885237
2017-12-25,WA,2.1838467168542586
2017-12-25,WI,3.006965135801583
2017-12-25,WV,2.971199672473393
2017-12-25,WY,3.0790772117132326
2018-01-01,AK,4.618505280150913
2018-01-01,AL,7.391407968597221
2018-01-01,AR,8.179095210491
2018-01-01,AZ,6.770553446739103
2018-01-01,CA,6.610610546008247
2018-01-01,CO,3.775850019580955
2018-01-01,CT,4.622921259619237
2018-01-01,DE,2.2448788035638505
2018-01-01,GA,5.4834285672324015
2018-01-01,HI,6.200909885504431
2018-01-01,IA,4.002831412109576
2018-01-01,ID,2.9646117363612
2018-01-01,IL,6.20461032112886
2018-01-01,IN,6.103369462004413
2018-01-01,KS,5.1275395110563045
2018-01-01,KY,6.862056657083658
2018-01-01,LA,7.70550370216293
2018-01-01,MA,4.270153306957406
2018-01-01,MD,5.122531946771925
2018-01-01,ME,2.916803181083243
2018-01-01,MI,3.991613444619243
2018-01-01,MN,3.26053676775814
2018-01-01,MO,8.049478252975637
2018-01-01,MS,9.751845566910209
2018-01-01,MT,2.198937319619946
2018-01-01,NC,5.004547457476772
2018-01-01,ND,3.7217683593030277
2018-01-01,NE,5.469433800489604
2018-01-01,NH,2.615837554760789
2018-01-01,NJ,5.284959106183683
2018-01-01,NM,4.5280711008366055
2018-01-01,NV,4.30784461216181
2018-01-01,NY,4.309384554053489
2018-01-01,OH,4.007274268892293
2018-01-01,OK,6.789482091248194
2018-01-01,OR,4.679923326321072
2018-01-01,PA,3.7591030626940647
2018-01-01,RI,2.7294068996449288
2018-01-01,SC,4.768182785076116
2018-01-01,SD,4.060114097739138
2018-01-01,TN,4.367678890221679
2018-01-01,TX,8.023676736844951
2018-01-01,UT,3.426087696143623
2018-01-01,VA,4.59436827645807
2018-01-01,VT,2.818137233315312
2018-01-01,WA,4.895402076511688
2018-01-01,WI,3.7840460909016267
2018-01-01,WV,4.666269444720827
2018-01-01,WY,4.399638591973352
2018-01-08,AK,4.452871260236638
2018-01-08,AL,7.315677428787277
2018-01-08,AR,6.410943868106008
2018-01-08,AZ,6.1096637584192575
2018-01-08,CA,5.751870348806964
2018-01-08,CO,3.7524168301950676
2018-01-08,CT,4.703318639270616
2018-01-08,DE,2.271221774941447
2018-01-08,GA,5.803346828641102
2018-01-08,HI,4.88044523109885
2018-01-08,IA,3.36106624402895
2018-01-08,ID,3.9611429076483784
2018-01-08,IL,5.247809849460754
2018-01-08,IN,4.882748712570622
2018-01-08,KS,5.150944656922902
2018-01-08,KY,8.39946684671828
2018-01-08,LA,6.429158818427785
2018-01-08,MA,3.659856619572417
2018-01-08,MD,4.106730741419417
2018-01-08,ME,2.6243904637484246
2018-01-08,MI,3.582454323011265
2018-01-08,MN,3.3654317261065154
2018-01-08,MO,8.024742369807294
2018-01-08,MS,7.144355024735749
2018-01-08,MT,2.1149354580931563
2018-01-08,NC,3.3326783680610887
2018-01-08,ND,3.742910804253162
2018-01-08,NE,5.003228513331784
2018-01-08,NH,3.2154918670254826
2018-01-08,NJ,4.98515770771217
2018-01-08,NM,4.493405981256595
2018-01-08,NV,4.163860261126246
2018-01-08,NY,4.09887326391118
2018-01-08,OH,3.6418209651264792
2018-01-08,OK,5.7641554923163945
2018-01-08,OR,4.230886044069579
2018-01-08,PA,3.524482853345315
2018-01-08,RI,3.215224957600676
2018-01-08,SC,4.646591292942234
2018-01-08,SD,3.72474252101272
2018-01-08,TN,5.273785795466221
2018-01-08,TX,9.384474802418588
2018-01-08,UT,3.31900612074186
2018-01-08,VA,4.681088060226788
2018-01-08,VT,3.0832294540374487
2018-01-08,WA,4.512206641819117
2018-01-08,WI,3.801862011287617
2018-01-08,WV,3.900686095270035
2018-01-08,WY,5.19047980547303
2018-01-15,AK,4.581498349657389
2018-01-15,AL,8.808614449435122
2018-01-15,AR,7.419784255323469
2018-01-15,AZ,5.235601666126735
2018-01-15,CA,4.34410371577723
2018-01-15,CO,3.6615707200600722
2018-01-15,CT,5.3281917828974406
2018-01-15,DE,2.458080004037819
2018-01-15,GA,7.932849917401937
2018-01-15,HI,5.8440939003038626
2018-01-15,IA,3.541498395178887
2018-01-15,ID,4.177924670799042
2018-01-15,IL,4.9536905353922975
2018-01-15,IN,5.623146237642395
2018-01-15,KS,5.448291364204492
2018-01-15,KY,9.083596142960136
2018-01-15,LA,7.174488290683673
2018-01-15,MA,3.323859486066447
2018-01-15,MD,4.303389414563976
2018-01-15,ME,2.454954183007411
2018-01-15,MI,4.24877761837591
2018-01-15,MN,3.670982074609532
2018-01-15,MO,6.492021511094549
2018-01-15,MS,8.072588814809
2018-01-15,MT,2.4109178059950738
2018-01-15,NC,4.9325578419347895
2018-01-15,ND,4.832649261208113
2018-01-15,NE,4.017709745904968
2018-01-15,NH,3.259924113637144
2018-01-15,NJ,4.677091858913581
2018-01-15,NM,4.5680865724965045
2018-01-15,NV,3.7521220153386903
2018-01-15,NY,4.588586274480531
2018-01-15,OH,3.744041536703338
2018-01-15,OK,6.65236190779749
2018-01-15,OR,4.286846181162851
2018-01-15,PA,3.855071027566793
2018-01-15,RI,3.607141684395473
2018-01-15,SC,4.815175312476612
2018-01-15,SD,3.9217698731215673
2018-01-15,TN,5.515968592502107
2018-01-15,TX,9.449803002050887
2018-01-15,UT,3.3996018690836136
2018-01-15,VA,5.066961411113816
2018-01-15,VT,3.093833766604296
2018-01-15,WA,3.7332975479731383
2018-01-15,WI,4.121145233871202
2018-01-15,WV,4.137066450685321
2018-01-15,WY,4.9213679399615495
2018-01-22,AK,4.641461733994961
2018-01-22,AL,10.248486509020658
2018-01-22,AR,7.686290300595243
2018-01-22,AZ,5.6145238435075004
2018-01-22,CA,4.573846966353692
2018-01-22,CO,3.9314937039395854
2018-01-22,CT,6.008035279412169
2018-01-22,DE,2.8504130141159947
2018-01-22,GA,10.070411317005268
2018-01-22,HI,5.594311064646249
2018-01-22,IA,4.016968005989321
2018-01-22,ID,4.072210107548998
2018-01-22,IL,5.369864685254253
2018-01-22,IN,5.626735667405834
2018-01-22,KS,6.345264222752348
2018-01-22,KY,8.118649998365601
2018-01-22,LA,7.042675152025423
2018-01-22,MA,4.530698086479833
2018-01-22,MD,5.495485347362532
2018-01-22,ME,2.929100074362953
2018-01-22,MI,5.060304988889259
2018-01-22,MN,4.133106553505941
2018-01-22,MO,9.051122985545454
2018-01-22,MS,7.414239409525637
2018-01-22,MT,2.628901888533517
2018-01-22,NC,6.887746617637518
2018-01-22,ND,4.5272998038404815
2018-01-22,NE,4.942409770394937
2018-01-22,NH,4.2887814229582695
2018-01-22,NJ,6.688629304472478
2018-01-22,NM,5.415440384078629
2018-01-22,NV,3.7168669874569975
2018-01-22,NY,6.089805971617076
2018-01-22,OH,4.385033797428031
2018-01-22,OK,7.657917639717994
2018-01-22,OR,4.780147258266946
2018-01-22,PA,4.789644719856666
2018-01-22,RI,4.567311933313979
2018-01-22,SC,5.62425574192178
2018-01-22,SD,4.657817800031925
2018-01-22,TN,8.649007625620204
2018-01-22,TX,9.777114183621155
2018-01-22,UT,3.9314458800811587
2018-01-22,VA,6.162976931149654
2018-01-22,VT,3.646079393831516
2018-01-22,WA,3.8789604999709937
2018-01-22,WI,4.30743578672495
2018-01-22,WV,4.5109921411413545
2018-01-22,WY,5.728053112445107
2018-01-29,AK,5.161646652986532
2018-01-29,AL,8.536156821579224
2018-01-29,AR,7.244269552184926
2018-01-29,AZ,5.31440546242167
2018-01-29,CA,4.864574747365902
2018-01-29,CO,4.554868717023548
2018-01-29,CT,6.049006169956686
2018-01-29,DE,3.396965210514793
2018-01-29,GA,10.857255048992174
2018-01-29,HI,6.1074913720127135
2018-01-29,IA,4.513670239713696
2018-01-29,ID,4.1675123656457895
2018-01-29,IL,5.381422868348237
2018-01-29,IN,6.185148674680411
2018-01-29,KS,6.316372564860086
2018-01-29,KY,7.435854371150128
2018-01-29,LA,6.127326591088825
2018-01-29,MA,5.048997600940734
2018-01-29,MD,5.926501727288475
2018-01-29,ME,3.4730702589522298
2018-01-29,MI,5.367364733364738
2018-01-29,MN,4.4508557537620845
2018-01-29,MO,8.608792206518993
2018-01-29,MS,8.385048141125447
2018-01-29,MT,2.7504101355033317
2018-01-29,NC,7.341812793714114
2018-01-29,ND,4.576590983673587
2018-01-29,NE,6.674715865580906
2018-01-29,NH,4.748852824207431
2018-01-29,NJ,7.980273572794987
2018-01-29,NM,6.0194570637289635
2018-01-29,NV,4.01726026026285
2018-01-29,NY,6.897740185512996
2018-01-29,OH,4.565416149051627
2018-01-29,OK,8.800243933704941
2018-01-29,OR,4.626635525449956
2018-01-29,PA,5.388173979872299
2018-01-29,RI,5.090299903309706
2018-01-29,SC,6.766331745606529
2018-01-29,SD,5.182102907358008
2018-01-29,TN,4.184379638119461
2018-01-29,TX,10.955022909616279
2018-01-29,UT,3.6416902715569064
2018-01-29,VA,7.815304296082083
2018-01-29,VT,4.0897545113444105
2018-01-29,WA,4.363495563553742
2018-01-29,WI,4.771264809528613
2018-01-29,WV,4.698745682669096
2018-01-29,WY,6.051727313490357
2018-02-05,AK,5.887825741687598
2018-02-05,AL,9.858779950073028
2018-02-05,AR,8.564039482194286
2018-02-05,AZ,5.453527031685886
2018-02-05,CA,5.3287993612161
2018-02-05,CO,5.085991341512202
2018-02-05,CT,6.281729859276842
2018-02-05,DE,4.00652781388857
2018-02-05,GA,11.25753649199021
2018-02-05,HI,5.771300937295525
2018-02-05,IA,4.675432912677495
2018-02-05,ID,4.612844215059947
2018-02-05,IL,6.2279032962938015
2018-02-05,IN,6.097856559734685
2018-02-05,KS,6.792739445394189
2018-02-05,KY,8.453084640903102
2018-02-05,LA,7.23141206274449
2018-02-05,MA,6.384947095715249
2018-02-05,MD,6.091429483207017
2018-02-05,ME,3.5865561114689957
2018-02-05,MI,5.733169829005744
2018-02-05,MN,4.689901952804051
2018-02-05,MO,8.535029785893048
2018-02-05,MS,7.851031268617404
2018-02-05,MT,3.051633011855139
2018-02-05,NC,7.627307500133326
2018-02-05,ND,4.759026331151787
2018-02-05,NE,6.747333920219375
2018-02-05,NH,5.584298006529474
2018-02-05,NJ,8.897588296590346
2018-02-05,NM,7.813788377230091
2018-02-05,NV,4.443613288897099
2018-02-05,NY,7.721121861900217
2018-02-05,OH,4.968138480308281
2018-02-05,OK,7.968002939576595
2018-02-05,OR,4.874659986688192
2018-02-05,PA,6.252743737729792
2018-02-05,RI,5.42636276491308
2018-02-05,SC,7.2187080721190995
2018-02-05,SD,5.6849269784386145
2018-02-05,TN,7.528996151060069
2018-02-05,TX,10.51181263236461
2018-02-05,UT,3.9600320573213184
2018-02-05,VA,9.061737326347046
2018-02-05,VT,4.499219652372439
2018-02-05,WA,3.9743546433396624
2018-02-05,WI,5.019775745259352
2018-02-05,WV,4.660459604249173
2018-02-05,WY,6.299238677284338
2018-02-12,AK,5.9309731863857635
2018-02-12,AL,9.122667932620296
2018-02-12,AR,8.191922840420233
2018-02-12,AZ,5.697927581005134
2018-02-12,CA,4.8826201707800605
2018-02-12,CO,4.503156273208346
2018-02-12,CT,7.088294873765564
2018-02-12,DE,5.0017842533604355
2018-02-12,GA,10.902165580897101
2018-02-12,HI,5.605161970050322
2018-02-12,IA,4.626186846475981
2018-02-12,ID,4.170143756408525
2018-02-12,IL,5.883960764200271
2018-02-12,IN,6.5130609436195925
2018-02-12,KS,6.908562292938349
2018-02-12,KY,8.115072691817389
2018-02-12,LA,6.172697443192979
2018-02-12,MA,5.833524875140846
2018-02-12,MD,5.682796614544145
2018-02-12,ME,3.7244987127850746
2018-02-12,MI,5.501203667760683
2018-02-12,MN,4.796202321093676
2018-02-12,MO,8.065462402119206
2018-02-12,MS,7.5186040643302325
2018-02-12,MT,2.9955074752681075
2018-02-12,NC,9.02164456026301
2018-02-12,ND,5.231408639700082
2018-02-12,NE,7.910857098074835
2018-02-12,NH,6.780577691176757
2018-02-12,NJ,9.059273931633554
2018-02-12,NM,7.090097851891151
2018-02-12,NV,4.4630623870312025
2018-02-12,NY,8.083832940106799
2018-02-12,OH,5.5706816733360895
2018-02-12,OK,6.982266307852806
2018-02-12,OR,4.161773104148904
2018-02-12,PA,6.604297108657719
2018-02-12,RI,6.656459366582084
2018-02-12,SC,7.661329185588363
2018-02-12,SD,5.370487325233098
2018-02-12,TN,5.959533565546655
2018-02-12,TX,9.925426677586763
2018-02-12,UT,4.295618198643671
2018-02-12,VA,8.97309256640424
2018-02-12,VT,4.926016226866144
2018-02-12,WA,3.7576013584047816
2018-02-12,WI,5.025881053440671
2018-02-12,WV,4.998044996174201
2018-02-12,WY,6.402303680657211
2018-02-19,AK,6.026200216070915
2018-02-19,AL,4.7941835012121885
2018-02-19,AR,6.593357522533905
2018-02-19,AZ,5.316530016506965
2018-02-19,CA,4.602703825887983
2018-02-19,CO,4.102582555403996
2018-02-19,CT,5.74132583921111
2018-02-19,DE,4.3414316902411745
2018-02-19,GA,8.043171637070934
2018-02-19,HI,5.256618568513943
2018-02-19,IA,3.8891425898073635
2018-02-19,ID,3.674427250677173
2018-02-19,IL,5.111437069677056
2018-02-19,IN,4.88345329149186
2018-02-19,KS,6.52803276652965
2018-02-19,KY,7.2078449417942885
2018-02-19,LA,5.471014866814311
2018-02-19,MA,5.200443824666783
2018-02-19,MD,5.06098328528365
2018-02-19,ME,3.3830617563794996
2018-02-19,MI,4.431981125870122
2018-02-19,MN,4.227527077331135
2018-02-19,MO,6.985420796453726
2018-02-19,MS,6.621047442934314
2018-02-19,MT,2.6601675069472615
2018-02-19,NC,5.837824553157224
2018-02-19,ND,4.281222987143576
2018-02-19,NE,6.487258545273717
2018-02-19,NH,6.0430891509941125
2018-02-19,NJ,8.792709980642849
2018-02-19,NM,5.928107752759668
2018-02-19,NV,3.9395737974968563
2018-02-19,NY,7.322898703540461
2018-02-19,OH,4.197761342494789
2018-02-19,OK,5.890365006460769
2018-02-19,OR,3.778210552210478
2018-02-19,PA,6.20094709181261
2018-02-19,RI,5.5676941097987545
2018-02-19,SC,6.58617603436516
2018-02-19,SD,4.714342667244124
2018-02-19,TN,5.61168970201166
2018-02-19,TX,8.384274570450145
2018-02-19,UT,4.171914266913319
2018-02-19,VA,8.417594652559611
2018-02-19,VT,4.15862726423065
2018-02-19,WA,3.3541871679255566
2018-02-19,WI,4.43584900409417
2018-02-19,WV,4.56302537513472
2018-02-19,WY,6.029767797929837
2018-02-26,AK,5.212728336073769
2018-02-26,AL,5.281246315599975
2018-02-26,AR,5.291889386247083
2018-02-26,AZ,4.763462170758815
2018-02-26,CA,3.918144966044432
2018-02-26,CO,3.484389271107376
2018-02-26,CT,4.702485956706331
2018-02-26,DE,3.0866141393556568
2018-02-26,GA,4.305028561399378
2018-02-26,HI,4.376151565936745
2018-02-26,IA,3.122423935314165
2018-02-26,ID,3.318168623707835
2018-02-26,IL,4.005214867093308
2018-02-26,IN,3.1338315268872714
2018-02-26,KS,4.905036434548178
2018-02-26,KY,6.51834304689424
2018-02-26,LA,3.525537207869817
2018-02-26,MA,4.3853070389124555
2018-02-26,MD,4.191786209461172
2018-02-26,ME,2.8525179008141115
2018-02-26,MI,3.5910253629655053
2018-02-26,MN,3.57824820765601
2018-02-26,MO,4.250302688441157
2018-02-26,MS,5.000396226570576
2018-02-26,MT,2.1829675125860835
2018-02-26,NC,4.087363268558848
2018-02-26,ND,3.768536243509801
2018-02-26,NE,5.364826394511885
2018-02-26,NH,3.51743102099377
2018-02-26,NJ,5.623676236395711
2018-02-26,NM,4.6726263168710656
2018-02-26,NV,3.1379143513845698
2018-02-26,NY,4.230091297690997
2018-02-26,OH,3.332960891474634
2018-02-26,OK,4.858312454128986
2018-02-26,OR,3.367482438260814
2018-02-26,PA,4.564037112064548
2018-02-26,RI,3.7035915326632116
2018-02-26,SC,4.922321217194551
2018-02-26,SD,4.248404751598171
2018-02-26,TN,3.2745737809463193
2018-02-26,TX,6.298295186008214
2018-02-26,UT,3.662018506764375
2018-02-26,VA,5.7717855848420205
2018-02-26,VT,3.385222293043718
2018-02-26,WA,2.96459053584249
2018-02-26,WI,3.760125023948155
2018-02-26,WV,2.9043527534617404
2018-02-26,WY,5.166093058827376
2018-03-05,AK,5.098254831406975
2018-03-05,AL,2.9248673546077892
2018-03-05,AR,3.821607409019885
2018-03-05,AZ,3.919674064378947
2018-03-05,CA,3.6256903415141792
2018-03-05,CO,2.6025551085140184
2018-03-05,CT,4.356283565952847
2018-03-05,DE,2.2136277791203067
2018-03-05,GA,3.8398009791839245
2018-03-05,HI,3.70924004141368
2018-03-05,IA,2.371253148556004
2018-03-05,ID,2.334131227684957
2018-03-05,IL,2.766566543625345
2018-03-05,IN,3.1698187857129447
2018-03-05,KS,3.4536224960680757
2018-03-05,KY,4.308128024149397
2018-03-05,LA,3.1192783169505405
2018-03-05,MA,2.656327543122909
2018-03-05,MD,3.025674287609331
2018-03-05,ME,1.9801000065086956
2018-03-05,MI,2.977135985441417
2018-03-05,MN,2.907297761857662
2018-03-05,MO,3.211317430546016
2018-03-05,MS,3.5253721343475464
2018-03-05,MT,1.8402526148897604
2018-03-05,NC,2.7555191566530386
2018-03-05,ND,3.0924105940171245
2018-03-05,NE,4.492766969356336
2018-03-05,NH,3.117040777522679
2018-03-05,NJ,3.401377245067148
2018-03-05,NM,3.872277138087039
2018-03-05,NV,2.4515227467438896
2018-03-05,NY,2.8750292129533737
2018-03-05,OH,2.139561447643204
2018-03-05,OK,3.5673987594543926
2018-03-05,OR,2.5669233881156774
2018-03-05,PA,3.1487333703349103
2018-03-05,RI,2.326873845126044
2018-03-05,SC,3.623517702428365
2018-03-05,SD,3.500563598113339
2018-03-05,TN,2.6476544757074185
2018-03-05,TX,4.67786494515726
2018-03-05,UT,2.331270395751926
2018-03-05,VA,3.8379523104058952
2018-03-05,VT,2.9300917166588967
2018-03-05,WA,2.2723954072673633
2018-03-05,WI,3.06526276157237
2018-03-05,WV,2.364666345253538
2018-03-05,WY,4.0934940068847085
2018-03-12,AK,5.087905083894876
2018-03-12,AL,2.99297678143684
2018-03-12,AR,2.8981756991847862
2018-03-12,AZ,3.4582891103432223
2018-03-12,CA,3.142130421164765
2018-03-12,CO,2.2192777360867466
2018-03-12,CT,3.071590787388484
2018-03-12,DE,1.6836240525405743
2018-03-12,GA,3.6502050216015975
2018-03-12,HI,4.323578713800091
2018-03-12,IA,2.231995926113889
2018-03-12,ID,1.5640269805170552
2018-03-12,IL,2.4860127376062575
2018-03-12,IN,2.400402494175969
2018-03-12,KS,2.928102097075383
2018-03-12,KY,3.7848284921335997
2018-03-12,LA,2.710285900288999
2018-03-12,MA,2.432998491445569
2018-03-12,MD,2.5565627367319337
2018-03-12,ME,1.5494531882047144
2018-03-12,MI,2.3648720581404223
2018-03-12,MN,2.6980746352749807
2018-03-12,MO,2.925582301750893
2018-03-12,MS,3.036621077883991
2018-03-12,MT,1.4741433384958371
2018-03-12,NC,2.939923463621178
2018-03-12,ND,2.223387995453531
2018-03-12,NE,4.491221015404326
2018-03-12,NH,2.103260867204005
2018-03-12,NJ,3.7027345078020737
2018-03-12,NM,3.0373951154233128
2018-03-12,NV,2.03288508384521
2018-03-12,NY,2.9069924360760475
2018-03-12,OH,2.0166412611420106
2018-03-12,OK,2.988944414803697
2018-03-12,OR,2.0835268363908943
2018-03-12,PA,2.594104298585907
2018-03-12,RI,2.0608454199163324
2018-03-12,SC,2.759309700360598
2018-03-12,SD,3.1332941254799223
2018-03-12,TN,2.0672991368637224
2018-03-12,TX,3.90965604439954
2018-03-12,UT,2.2038555130616606
2018-03-12,VA,3.3456612156494634
2018-03-12,VT,2.561861613789211
2018-03-12,WA,1.9072081473112208
2018-03-12,WI,2.909386584419668
2018-03-12,WV,1.9189353810575218
2018-03-12,WY,3.789659704261746
2018-03-19,AK,4.50110090674972
2018-03-19,AL,2.6192672405039215
2018-03-19,AR,2.4265917447745524
2018-03-19,AZ,3.2405917098030264
2018-03-19,CA,2.918574491288069
2018-03-19,CO,1.9802897335091854
2018-03-19,CT,3.1103921425432963
2018-03-19,DE,1.6181573173129347
2018-03-19,GA,3.0675892297656113
2018-03-19,HI,3.631396501620795
2018-03-19,IA,2.161644624628442
2018-03-19,ID,1.7124987006203038
2018-03-19,IL,2.4227530397984145
2018-03-19,IN,2.4154517148987553
2018-03-19,KS,2.1831462036516482
2018-03-19,KY,2.4363426405870037
2018-03-19,LA,2.297793067020992
2018-03-19,MA,2.404395894063512
2018-03-19,MD,2.145713646599029
2018-03-19,ME,1.7195828049129374
2018-03-19,MI,1.90240880863099
2018-03-19,MN,2.3053992951492592
2018-03-19,MO,1.688747390540814
2018-03-19,MS,2.902742661564972
2018-03-19,MT,1.276465635464622
2018-03-19,NC,2.4717999536615287
2018-03-19,ND,1.7487064389413476
2018-03-19,NE,3.6799924935110395
2018-03-19,NH,1.3875161394507285
2018-03-19,NJ,3.123302202542205
2018-03-19,NM,2.8665184547846096
2018-03-19,NV,1.9380531757944917
2018-03-19,NY,2.483835813629505
2018-03-19,OH,1.9775066451271155
2018-03-19,OK,2.453953919405441
2018-03-19,OR,2.3248244612134323
2018-03-19,PA,2.4528604049013083
2018-03-19,RI,2.424314532434286
2018-03-19,SC,2.4728207250555827
2018-03-19,SD,2.842940020294537
2018-03-19,TN,1.6919884041768356
2018-03-19,TX,3.1361146517007006
2018-03-19,UT,1.8726602323590884
2018-03-19,VA,3.312385355299101
2018-03-19,VT,1.9968834656047671
2018-03-19,WA,2.310206239364907
2018-03-19,WI,2.2236774652275377
2018-03-19,WV,1.6416400720083772
2018-03-19,WY,3.3953205673856863
2018-03-26,AK,4.223814220535053
2018-03-26,AL,2.333687035588821
2018-03-26,AR,1.9861017351041026
2018-03-26,AZ,3.065300475655863
2018-03-26,CA,2.6485112640706703
2018-03-26,CO,1.6998425208609425
2018-03-26,CT,3.004451514086254
2018-03-26,DE,1.5268720010096866
2018-03-26,GA,2.570973574334902
2018-03-26,HI,3.189671125349045
2018-03-26,IA,1.6914522204088822
2018-03-26,ID,1.7741074769812468
2018-03-26,IL,2.235110531884086
2018-03-26,IN,2.481741523604157
2018-03-26,KS,2.178107417862549
2018-03-26,KY,2.737433813553034
2018-03-26,LA,2.1028896562487382
2018-03-26,MA,1.8242140894332333
2018-03-26,MD,2.081634879891634
2018-03-26,ME,1.4317388257317543
2018-03-26,MI,2.0764188997578215
2018-03-26,MN,1.998537770079283
2018-03-26,MO,3.0131391501595806
2018-03-26,MS,2.555887706413012
2018-03-26,MT,1.1739802332104907
2018-03-26,NC,2.139901221250355
2018-03-26,ND,1.4130565284077317
2018-03-26,NE,2.7941260121642166
2018-03-26,NH,1.3561720678453435
2018-03-26,NJ,2.782818415269325
2018-03-26,NM,2.5563331287578643
2018-03-26,NV,1.6365183980098248
2018-03-26,NY,2.428537415117977
2018-03-26,OH,1.7195428047071255
2018-03-26,OK,2.4280416433087213
2018-03-26,OR,2.0742746766675033
2018-03-26,PA,2.2776979809587394
2018-03-26,RI,1.8134057539240032
2018-03-26,SC,2.133458115936803
2018-03-26,SD,2.520228909868673
2018-03-26,TN,1.5882839918483231
2018-03-26,TX,2.732855820104617
2018-03-26,UT,1.5058620266018665
2018-03-26,VA,3.03107205813236
2018-03-26,VT,2.0475063688652
2018-03-26,WA,1.7641328948442823
2018-03-26,WI,2.0122410551447865
2018-03-26,WV,1.5678497898672723
2018-03-26,WY,3.0207366617048064
2018-04-02,AK,4.17649393411952
2018-04-02,AL,2.0680006961451647
2018-04-02,AR,1.7104099490515394
2018-04-02,AZ,2.7819480463501747
2018-04-02,CA,2.471343522940436
2018-04-02,CO,1.3905614810187266
2018-04-02,CT,3.39059238164725
2018-04-02,DE,1.3385010290318218
2018-04-02,GA,2.6838516331216207
2018-04-02,HI,2.6709492810538875
2018-04-02,IA,1.652311659873237
2018-04-02,ID,1.3338913547847873
2018-04-02,IL,2.1524381313713894
2018-04-02,IN,2.097919217931489
2018-04-02,KS,1.7686914585881017
2018-04-02,KY,2.575516894618125
2018-04-02,LA,1.945833652221645
2018-04-02,MA,1.9837487991124965
2018-04-02,MD,2.18103137315798
2018-04-02,ME,1.2021535611677825
2018-04-02,MI,2.1251077377756715
2018-04-02,MN,1.8458183557658039
2018-04-02,MO,1.4669512891738574
2018-04-02,MS,2.29664037901372
2018-04-02,MT,1.078454433653799
2018-04-02,NC,2.4834511436585456
2018-04-02,ND,1.39083070063184
2018-04-02,NE,2.7743022228335423
2018-04-02,NH,1.2043129101083567
2018-04-02,NJ,2.823663206865993
2018-04-02,NM,2.0680758760280575
2018-04-02,NV,1.4992145283764216
2018-04-02,NY,2.2116097675778406
2018-04-02,OH,1.7004032739967976
2018-04-02,OK,1.835186826845939
2018-04-02,OR,1.826796613596232
2018-04-02,PA,2.074456779998719
2018-04-02,RI,1.4507222606099441
2018-04-02,SC,1.9608432428092248
2018-04-02,SD,2.2532009656151404
2018-04-02,TN,1.4307975618663975
2018-04-02,TX,3.0185777055722527
2018-04-02,UT,1.5181018924382657
2018-04-02,VA,2.900001077380545
2018-04-02,VT,2.0779411826192904
2018-04-02,WA,1.536849061226758
2018-04-02,WI,1.8475927764147817
2018-04-02,WV,1.679410971437468
2018-04-02,WY,2.4442504141990224
2018-04-09,AK,4.156400560416447
2018-04-09,AL,1.8595020350044769
2018-04-09,AR,1.3735261990007803
2018-04-09,AZ,2.6659870342881935
2018-04-09,CA,2.05042565827434
2018-04-09,CO,1.4177953686314124
2018-04-09,CT,2.371987709678195
2018-04-09,DE,0.9685733677618059
2018-04-09,GA,2.300429380248352
2018-04-09,HI,3.0318187445934384
2018-04-09,IA,1.4103175032872355
2018-04-09,ID,1.498634130820348
2018-04-09,IL,1.7410000099218224
2018-04-09,IN,1.7388132158338343
2018-04-09,KS,1.5717854013398327
2018-04-09,KY,2.2545344496235167
2018-04-09,LA,1.8103148495198969
2018-04-09,MA,1.9572493880347916
2018-04-09,MD,1.54020459100345
2018-04-09,ME,1.1428400567401684
2018-04-09,MI,1.740054822207844
2018-04-09,MN,1.5613446576403907
2018-04-09,MO,1.6859118587125932
2018-04-09,MS,2.166909579701632
2018-04-09,MT,1.0503051521415672
2018-04-09,NC,1.7702514198629613
2018-04-09,ND,1.8277728829805853
2018-04-09,NE,2.540792429242468
2018-04-09,NH,1.4635204523364185
2018-04-09,NJ,2.4018676061601143
2018-04-09,NM,1.8728480373512724
2018-04-09,NV,1.2819966014163873
2018-04-09,NY,1.8086827165289323
2018-04-09,OH,1.4703909825809398
2018-04-09,OK,1.658052866925343
2018-04-09,OR,1.502665197133735
2018-04-09,PA,1.7198167184672841
2018-04-09,RI,1.4176527307416418
2018-04-09,SC,1.7029668057707625
2018-04-09,SD,1.6429556225918138
2018-04-09,TN,1.1997384103325843
2018-04-09,TX,2.4724795225934866
2018-04-09,UT,1.5352896930641053
2018-04-09,VA,2.3495347683942
2018-04-09,VT,1.9318882786282454
2018-04-09,WA,1.333094874123036
2018-04-09,WI,1.756549480914254
2018-04-09,WV,1.652348690032408
2018-04-09,WY,1.9309122873655635
2018-04-16,AK,3.423438847101913
2018-04-16,AL,1.6421225174262344
2018-04-16,AR,1.306372045006552
2018-04-16,AZ,2.5040927490383478
2018-04-16,CA,1.6486460125695181
2018-04-16,CO,1.0133793129011681
2018-04-16,CT,2.3398255779947252
2018-04-16,DE,0.838935298111227
2018-04-16,GA,2.215547258307814
2018-04-16,HI,2.2800285623766996
2018-04-16,IA,1.0302552218552021
2018-04-16,ID,0.9449364228640744
2018-04-16,IL,1.5404756950080785
2018-04-16,IN,1.919561927951277
2018-04-16,KS,1.3519323796271094
2018-04-16,KY,1.5695752817695405
2018-04-16,LA,1.6634396101297522
2018-04-16,MA,1.7257661922639038
2018-04-16,MD,1.503431302443397
2018-04-16,ME,1.0366861181291944
2018-04-16,MI,1.4894350461193437
2018-04-16,MN,1.4873461806248918
2018-04-16,MO,1.3306461633174946
2018-04-16,MS,2.2415199991209582
2018-04-16,MT,0.9565733754866604
2018-04-16,NC,1.1912464580068272
2018-04-16,ND,1.1336192830320306
2018-04-16,NE,1.8328106429633206
2018-04-16,NH,0.9901715586794831
2018-04-16,NJ,2.0193799694424746
2018-04-16,NM,1.5655506500230585
2018-04-16,NV,1.1682101092498054
2018-04-16,NY,1.7248272576103407
2018-04-16,OH,1.1486039330435234
2018-04-16,OK,1.4090887446811173
2018-04-16,OR,1.2491342484015995
2018-04-16,PA,1.5802379204161818
2018-04-16,RI,1.5222760667444146
2018-04-16,SC,1.4207671462072833
2018-04-16,SD,2.099244031517455
2018-04-16,TN,1.1551775303414016
2018-04-16,TX,2.0922213976336934
2018-04-16,UT,1.2071959594974524
2018-04-16,VA,1.8839123277853846
2018-04-16,VT,1.6337803780361018
2018-04-16,WA,0.9625466036418073
2018-04-16,WI,1.717628429214533
2018-04-16,WV,1.5187821065932963
2018-04-16,WY,1.4834552372873735
2018-04-23,AK,3.2654823120482317
2018-04-23,AL,1.53233212949829
2018-04-23,AR,1.322234829287209
2018-04-23,AZ,2.3754730895910408
2018-04-23,CA,1.7244955482489335
2018-04-23,CO,1.0106694382016936
2018-04-23,CT,2.1404284908811624
2018-04-23,DE,0.7870670036215026
2018-04-23,GA,1.819069707558695
2018-04-23,HI,2.0839335423816854
2018-04-23,IA,0.8806567342918838
2018-04-23,ID,0.8606192664876388
2018-04-23,IL,1.2261580903829392
2018-04-23,IN,1.394048070508818
2018-04-23,KS,1.0842904847249137
2018-04-23,KY,1.3254587188308105
2018-04-23,LA,1.5903147975251115
2018-04-23,MA,1.5008500829894706
2018-04-23,MD,1.5588674041742139
2018-04-23,ME,0.9795487322727001
2018-04-23,MI,1.3249138054503855
2018-04-23,MN,1.448552220992418
2018-04-23,MO,0.8963221008940054
2018-04-23,MS,1.8768008792566424
2018-04-23,MT,0.7391506615123047
2018-04-23,NC,1.3784700183267915
2018-04-23,ND,1.1325969315549347
2018-04-23,NE,1.5804863402301768
2018-04-23,NH,0.9745320967195792
2018-04-23,NJ,1.8218274695025563
2018-04-23,NM,1.4763498172683596
2018-04-23,NV,1.014146116890706
2018-04-23,NY,1.6125504380340416
2018-04-23,OH,0.9982336802593559
2018-04-23,OK,1.1526488253756433
2018-04-23,OR,1.1462999585849545
2018-04-23,PA,1.3105243641245756
2018-04-23,RI,1.1602922668907185
2018-04-23,SC,1.161301462587605
2018-04-23,SD,1.149956748704836
2018-04-23,TN,1.037647472617581
2018-04-23,TX,2.07564822306297
2018-04-23,UT,1.0605697364420408
2018-04-23,VA,1.6281682123769499
2018-04-23,VT,1.6580744399984795
2018-04-23,WA,0.9180389613493579
2018-04-23,WI,1.6387413635575196
2018-04-23,WV,1.1732903493682947
2018-04-23,WY,1.3540327076805685
2018-04-30,AK,2.705753311105665
2018-04-30,AL,1.3846627592380654
2018-04-30,AR,1.4907085838756298
2018-04-30,AZ,2.171221538368187
2018-04-30,CA,1.7136542984956096
2018-04-30,CO,1.055290123153803
2018-04-30,CT,2.055526076187899
2018-04-30,DE,0.6841152521225252
2018-04-30,GA,1.7207249013455752
2018-04-30,HI,2.2624709165423713
2018-04-30,IA,0.8507823560800609
2018-04-30,ID,0.8355352964955334
2018-04-30,IL,1.32695695754697
2018-04-30,IN,1.1307792827003862
2018-04-30,KS,1.0012594547160945
2018-04-30,KY,1.224050472187268
2018-04-30,LA,1.6012474049761765
2018-04-30,MA,1.209449565947538
2018-04-30,MD,1.0496178774631675
2018-04-30,ME,0.7399237662878524
2018-04-30,MI,1.2162615840559667
2018-04-30,MN,1.3302284401051163
2018-04-30,MO,1.0838753436026203
2018-04-30,MS,1.8910115092653421
2018-04-30,MT,0.6314394488779861
2018-04-30,NC,1.2355283523100997
2018-04-30,ND,1.1437647382976135
2018-04-30,NE,1.8403526236723904
2018-04-30,NH,1.025146539096017
2018-04-30,NJ,1.9645473355470768
2018-04-30,NM,1.4669866457218976
2018-04-30,NV,1.0341815169418775
2018-04-30,NY,1.528829053890204
2018-04-30,OH,1.1224406554818334
2018-04-30,OK,1.0478566804318965
2018-04-30,OR,1.0267811025878326
2018-04-30,PA,1.2977139931606678
2018-04-30,RI,0.6263074831329115
2018-04-30,SC,1.0554746368575243
2018-04-30,SD,1.230333682426576
2018-04-30,TN,0.7795305662032308
2018-04-30,TX,1.9092864776374472
2018-04-30,UT,1.1313175903439663
2018-04-30,VA,1.6538777266713298
2018-04-30,VT,1.6199349377296115
2018-04-30,WA,0.6382071538500395
2018-04-30,WI,1.5553312692668446
2018-04-30,WV,1.022262894377008
2018-04-30,WY,1.2450594158079928
2018-05-07,AK,2.2528019213492128
2018-05-07,AL,1.2821988321715192
2018-05-07,AR,1.227175149066601
2018-05-07,AZ,2.238023297162537
2018-05-07,CA,1.5819550581768742
2018-05-07,CO,0.8277430919694739
2018-05-07,CT,1.7132277595392158
2018-05-07,DE,0.6513010190494553
2018-05-07,GA,1.8304683043649272
2018-05-07,HI,1.7611200688413295
2018-05-07,IA,0.7246831264212952
2018-05-07,ID,0.9123853095901331
2018-05-07,IL,1.0575917973627542
2018-05-07,IN,1.2585567532048945
2018-05-07,KS,0.7803205664001931
2018-05-07,KY,0.8539379025588794
2018-05-07,LA,1.3016799248565782
2018-05-07,MA,1.174609837752799
2018-05-07,MD,1.1900790254212725
2018-05-07,ME,0.7458883773733938
2018-05-07,MI,0.8022470774502142
2018-05-07,MN,1.2432439692027406
2018-05-07,MO,0.4999637415994853
2018-05-07,MS,1.8840460458961585
2018-05-07,MT,0.5678248269321632
2018-05-07,NC,1.1300216650345505
2018-05-07,ND,0.7048213341667946
2018-05-07,NE,1.2900851964679085
2018-05-07,NH,0.8054597401816721
2018-05-07,NJ,1.4743017324422645
2018-05-07,NM,1.340262652600895
2018-05-07,NV,0.9744889612568773
2018-05-07,NY,1.5836188983400754
2018-05-07,OH,0.9306106137602038
2018-05-07,OK,1.0318754311301417
2018-05-07,OR,0.9955368065020922
2018-05-07,PA,1.0912770149465016
2018-05-07,RI,0.9518838030406418
2018-05-07,SC,1.0066345975963302
2018-05-07,SD,1.0636753497328297
2018-05-07,TN,0.9657601835796152
2018-05-07,TX,1.8687640841178248
2018-05-07,UT,1.1072320454109486
2018-05-07,VA,1.4616906992828458
2018-05-07,VT,1.2631671448019124
2018-05-07,WA,0.6612442783120784
2018-05-07,WI,1.4305041124278866
2018-05-07,WV,1.0368717351257741
2018-05-07,WY,0.977917077483125
2018-05-14,AK,2.106870885628653
2018-05-14,AL,1.1067642583691077
2018-05-14,AR,1.387036786875345
2018-05-14,AZ,1.886223443224969
2018-05-14,CA,1.471634112988792
2018-05-14,CO,0.7081841958283251
2018-05-14,CT,1.0020996104305
2018-05-14,DE,0.5583691293180569
2018-05-14,GA,1.5550834105638858
2018-05-14,HI,1.8308354171502392
2018-05-14,IA,0.6475247530919163
2018-05-14,ID,0.6038008486652706
2018-05-14,IL,1.0036948365978853
2018-05-14,IN,0.868138313675559
2018-05-14,KS,0.768972471103679
2018-05-14,KY,0.8528142854613963
2018-05-14,LA,1.4640387979740386
2018-05-14,MA,1.0032095768377531
2018-05-14,MD,0.9386996211557026
2018-05-14,ME,0.5660276296154607
2018-05-14,MI,0.868928320940492
2018-05-14,MN,1.1372643229043886
2018-05-14,MO,0.7058440541634563
2018-05-14,MS,1.5683049658649562
2018-05-14,MT,0.5310651758219702
2018-05-14,NC,0.7888333881994862
2018-05-14,ND,0.6037870800885183
2018-05-14,NE,1.107984752480432
2018-05-14,NH,0.6618674724510827
2018-05-14,NJ,1.6093540509930941
2018-05-14,NM,1.3776289618790067
2018-05-14,NV,0.8622458177127102
2018-05-14,NY,1.3129909030606481
2018-05-14,OH,0.8313661438170437
2018-05-14,OK,0.7745246998227822
2018-05-14,OR,0.8580821198807449
2018-05-14,PA,0.9266531852154987
2018-05-14,RI,0.5934857986921847
2018-05-14,SC,0.8061944155041199
2018-05-14,SD,0.8250884159022199
2018-05-14,TN,0.6954152549880145
2018-05-14,TX,1.7013852921209889
2018-05-14,UT,0.8764152321273737
2018-05-14,VA,0.8726738406015789
2018-05-14,VT,1.2159373857119387
2018-05-14,WA,0.6550437433858434
2018-05-14,WI,1.1864128120122102
2018-05-14,WV,0.7316976053983172
2018-05-14,WY,0.8586299186249607
2018-05-21,AK,1.8072754988379713
2018-05-21,AL,1.0649554972083086
2018-05-21,AR,1.177391393463717
2018-05-21,AZ,1.8232219798655418
2018-05-21,CA,1.3003241439489475
2018-05-21,CO,0.6695365853743629
2018-05-21,CT,1.2441787912363078
2018-05-21,DE,0.4934377581510317
2018-05-21,GA,1.6201258425516671
2018-05-21,HI,1.4460621441270816
2018-05-21,IA,0.6372419162164181
2018-05-21,ID,0.6044947542229115
2018-05-21,IL,0.9200525687038947
2018-05-21,IN,0.9098961453959349
2018-05-21,KS,0.9034996261628325
2018-05-21,KY,0.758370038565902
2018-05-21,LA,1.2701078678275608
2018-05-21,MA,0.9828212020801668
2018-05-21,MD,0.9576997090775341
2018-05-21,ME,0.45627795958316036
2018-05-21,MI,0.7570885475334039
2018-05-21,MN,1.0201630561307315
2018-05-21,MO,0.6006614512824933
2018-05-21,MS,1.5113081593872748
2018-05-21,MT,0.47665394754419915
2018-05-21,NC,0.7312955523217745
2018-05-21,ND,0.5947768809206877
2018-05-21,NE,1.112445438287727
2018-05-21,NH,0.6395318921560867
2018-05-21,NJ,1.426315519765475
2018-05-21,NM,1.2885699466333165
2018-05-21,NV,0.718469309146112
2018-05-21,NY,1.4090520118630612
2018-05-21,OH,0.756937188442845
2018-05-21,OK,0.6810744189762321
2018-05-21,OR,0.770317599844244
2018-05-21,PA,0.8304080331133654
2018-05-21,RI,0.47929121898407556
2018-05-21,SC,0.8418698412320341
2018-05-21,SD,0.9095134430528571
2018-05-21,TN,0.6317872434858522
2018-05-21,TX,1.3607474966458124
2018-05-21,UT,0.9573253223662741
2018-05-21,VA,1.0899045144574036
2018-05-21,VT,1.1004077076382632
2018-05-21,WA,0.5629069459328998
2018-05-21,WI,1.2690847814915818
2018-05-21,WV,0.7034618819264061
2018-05-21,WY,0.8047889228345358
2018-05-28,AK,1.811443021831851
2018-05-28,AL,1.0248084679468998
2018-05-28,AR,1.071701986485038
2018-05-28,AZ,1.7349759777373204
2018-05-28,CA,1.4617949188362491
2018-05-28,CO,0.617285601754703
2018-05-28,CT,2.536174634883137
2018-05-28,DE,0.5174357466666022
2018-05-28,GA,1.4332680671850961
2018-05-28,HI,1.726474884038791
2018-05-28,IA,0.5851351954549796
2018-05-28,ID,0.7712645282868994
2018-05-28,IL,0.9937956096469776
2018-05-28,IN,0.9928753484810275
2018-05-28,KS,1.0011746501376302
2018-05-28,KY,0.6679140286026461
2018-05-28,LA,1.322570692212748
2018-05-28,MA,1.0673941877036155
2018-05-28,MD,1.2240742825351931
2018-05-28,ME,0.5500798352529308
2018-05-28,MI,0.7563528712199163
2018-05-28,MN,0.9793759221041785
2018-05-28,MO,0.5494509982248784
2018-05-28,MS,1.5008444853150218
2018-05-28,MT,0.5044574228992236
2018-05-28,NC,0.8824005877492394
2018-05-28,ND,1.1485698314769863
2018-05-28,NE,1.5576653943334442
2018-05-28,NH,0.633917248219081
2018-05-28,NJ,1.5586564865308539
2018-05-28,NM,1.2320321330620065
2018-05-28,NV,0.7304322977744914
2018-05-28,NY,1.4396051890706654
2018-05-28,OH,0.902645223833543
2018-05-28,OK,0.7874165570621552
2018-05-28,OR,0.8025702749093201
2018-05-28,PA,0.839620202932577
2018-05-28,RI,0.5009212392337753
2018-05-28,SC,0.8151123635505954
2018-05-28,SD,0.960765876490927
2018-05-28,TN,0.8721504565203988
2018-05-28,TX,1.6158697318476494
2018-05-28,UT,0.9225594347410699
2018-05-28,VA,1.0808259599640635
2018-05-28,VT,0.9421158070678557
2018-05-28,WA,0.48424584012317623
2018-05-28,WI,1.3188025677553459
2018-05-28,WV,0.6897203012474832
2018-05-28,WY,0.8125908115596367
2018-06-04,AK,1.4278220584538568
2018-06-04,AL,1.0361872401124768
2018-06-04,AR,1.06065923085439
2018-06-04,AZ,1.8508470022994952
2018-06-04,CA,1.24357725058791
2018-06-04,CO,0.6916865581302365
2018-06-04,CT,0.24793561162113717
2018-06-04,DE,0.45538101447235196
2018-06-04,GA,1.5650777722917577
2018-06-04,HI,1.3910582050048204
2018-06-04,IA,0.4578017957887948
2018-06-04,ID,0.5747590836848724
2018-06-04,IL,0.8980238103477082
2018-06-04,IN,0.9999291114489257
2018-06-04,KS,0.6821583879254404
2018-06-04,KY,0.573639973756558
2018-06-04,LA,1.1413232556458732
2018-06-04,MA,0.8435196849574315
2018-06-04,MD,1.2347574180842205
2018-06-04,ME,0.4371646475370744
2018-06-04,MI,0.6486130826077598
2018-06-04,MN,0.8712888956962478
2018-06-04,MO,0.568894981516334
2018-06-04,MS,1.5250566694679417
2018-06-04,MT,0.4553271838571481
2018-06-04,NC,0.5280584515629887
2018-06-04,ND,0.7169407867598262
2018-06-04,NE,1.464844594283985
2018-06-04,NH,0.6477442109197352
2018-06-04,NJ,1.3549337536789485
2018-06-04,NM,1.3898849946191003
2018-06-04,NV,0.8139585517689838
2018-06-04,NY,1.3005293522529968
2018-06-04,OH,0.7691043417941495
2018-06-04,OK,0.5521076576341942
2018-06-04,OR,0.8124654368881786
2018-06-04,PA,0.7934085187412578
2018-06-04,RI,0.40441250919765953
2018-06-04,SC,0.7638948305437901
2018-06-04,SD,0.7299148668488751
2018-06-04,TN,0.5113245182495684
2018-06-04,TX,1.361265967052834
2018-06-04,UT,1.3015174342515579
2018-06-04,VA,1.0283205344462738
2018-06-04,VT,0.9626200822298588
2018-06-04,WA,0.37832033342536253
2018-06-04,WI,1.3226386404358368
2018-06-04,WV,0.588750270297333
2018-06-04,WY,0.7169588279365482
2018-06-11,AK,1.3126055328432469
2018-06-11,AL,0.7207994257695924
2018-06-11,AR,1.0191773451311787
2018-06-11,AZ,1.2420050083720287
2018-06-11,CA,1.095278323516336
2018-06-11,CO,0.491167822836787
2018-06-11,CT,0.6641182331663962
2018-06-11,DE,0.4135273591506138
2018-06-11,GA,1.282428030110163
2018-06-11,HI,1.3861075320250185
2018-06-11,IA,0.4097195298287214
2018-06-11,ID,0.611832653328352
2018-06-11,IL,0.6665755808409889
2018-06-11,IN,1.0179026690118693
2018-06-11,KS,0.7546315128934782
2018-06-11,KY,0.4844544518989996
2018-06-11,LA,0.996501555083223
2018-06-11,MA,0.6727047630505805
2018-06-11,MD,1.6653158864730617
2018-06-11,ME,0.3459699068591998
2018-06-11,MI,0.5440342449924902
2018-06-11,MN,0.752231873288962
2018-06-11,MO,0.36867005597787916
2018-06-11,MS,1.1316598763735382
2018-06-11,MT,0.416057903407097
2018-06-11,NC,0.8900036604692418
2018-06-11,ND,0.602282911708985
2018-06-11,NE,0.9986108909983011
2018-06-11,NH,0.6066521167016086
2018-06-11,NJ,1.4988409963138682
2018-06-11,NM,1.3180568492724
2018-06-11,NV,0.731013695090591
2018-06-11,NY,1.1986281762587518
2018-06-11,OH,0.6923033022893872
2018-06-11,OK,0.5334621820777384
2018-06-11,OR,0.7791690902381305
2018-06-11,PA,0.7767288099228347
2018-06-11,RI,0.32617968677673803
2018-06-11,SC,0.5827527801596787
2018-06-11,SD,0.5899005549462758
2018-06-11,TN,0.47529359863297527
2018-06-11,TX,1.264953840249246
2018-06-11,UT,0.8020060738266097
2018-06-11,VA,0.8257625586719886
2018-06-11,VT,1.1812540985149047
2018-06-11,WA,0.37779757674590675
2018-06-11,WI,1.1603676738657014
2018-06-11,WV,0.5040255678050104
2018-06-11,WY,0.7413519719638186
2018-06-18,AK,0.8715345701443337
2018-06-18,AL,0.7760202171038759
2018-06-18,AR,1.0541573587784954
2018-06-18,AZ,1.2997032239908584
2018-06-18,CA,1.0897114639953251
2018-06-18,CO,0.46083244747340546
2018-06-18,CT,0.8608392060731805
2018-06-18,DE,0.37517425726434883
2018-06-18,GA,1.044438263050609
2018-06-18,HI,1.096326881894726
2018-06-18,IA,0.3515724395376337
2018-06-18,ID,0.465775660285091
2018-06-18,IL,0.6389415767561184
2018-06-18,IN,0.4089171682532961
2018-06-18,KS,0.6293175503718971
2018-06-18,KY,0.46785334942244516
2018-06-18,LA,0.9351612907234189
2018-06-18,MA,0.6587484680203788
2018-06-18,MD,0.5158587978800004
2018-06-18,ME,0.36742076974968263
2018-06-18,MI,0.6927516635279197
2018-06-18,MN,0.637966546202398
2018-06-18,MO,0.36359209200881637
2018-06-18,MS,1.0555475199881341
2018-06-18,MT,0.364300593144412
2018-06-18,NC,0.4078545797907126
2018-06-18,ND,0.6139193557588478
2018-06-18,NE,0.8731270043683055
2018-06-18,NH,0.7254415127755567
2018-06-18,NJ,1.3122506992246064
2018-06-18,NM,1.0391448949176199
2018-06-18,NV,0.6246849232660792
2018-06-18,NY,1.1277823053788678
2018-06-18,OH,0.751236226877447
2018-06-18,OK,0.620615831175107
2018-06-18,OR,0.6682707659020022
2018-06-18,PA,0.6377787258111725
2018-06-18,RI,0.3676784035228551
2018-06-18,SC,0.5063311205161579
2018-06-18,SD,0.6561918245509519
2018-06-18,TN,0.44753415802230934
2018-06-18,TX,1.2402172985883815
2018-06-18,UT,0.49800080241390654
2018-06-18,VA,0.8702831489897687
2018-06-18,VT,0.971952279942742
2018-06-18,WA,0.4352617898525035
2018-06-18,WI,0.4275860725123577
2018-06-18,WV,0.4775119429940151
2018-06-18,WY,0.6743420704270484
2018-06-25,AK,1.0320220945711824
2018-06-25,AL,0.6624544296252799
2018-06-25,AR,0.6707730878954223
2018-06-25,AZ,1.3870817371259392
2018-06-25,CA,1.3343892062975105
2018-06-25,CO,0.41214691017671845
2018-06-25,CT,1.0066063743751676
2018-06-25,DE,0.3744887830855065
2018-06-25,GA,1.0466294374785043
2018-06-25,HI,1.3070508637944231
2018-06-25,IA,0.34556998922383675
2018-06-25,ID,0.45820579021555274
2018-06-25,IL,0.7340994477402518
2018-06-25,IN,0.7125027719138661
2018-06-25,KS,0.29987310087934627
2018-06-25,KY,0.4330794587881116
2018-06-25,LA,0.9598666197493801
2018-06-25,MA,0.7040298739009518
2018-06-25,MD,0.7792698844615791
2018-06-25,ME,0.37136838506503456
2018-06-25,MI,0.5075688007867851
2018-06-25,MN,0.7113325974383402
2018-06-25,MO,0.4526782830688416
2018-06-25,MS,0.987790242312006
2018-06-25,MT,0.359583124317889
2018-06-25,NC,0.581448196347135
2018-06-25,ND,0.5653376145437439
2018-06-25,NE,0.40503734451697715
2018-06-25,NH,0.8647103313635651
2018-06-25,NJ,1.2678180156551744
2018-06-25,NM,1.0467414497350345
2018-06-25,NV,0.5763262522609243
2018-06-25,NY,0.9698184805114398
2018-06-25,OH,0.5663220949246175
2018-06-25,OK,0.29466880816199514
2018-06-25,OR,0.6443671421987973
2018-06-25,PA,0.5745120419534031
2018-06-25,RI,0.414020290188627
2018-06-25,SC,0.5387441221525202
2018-06-25,SD,0.5954162395590351
2018-06-25,TN,0.5754795997057865
2018-06-25,TX,1.0489560513582652
2018-06-25,UT,0.6393744738952059
2018-06-25,VA,0.8603413877001755
2018-06-25,VT,0.85755383855013
2018-06-25,WA,0.4239135702047614
2018-06-25,WI,0.4332182733491803
2018-06-25,WV,0.46390510679024666
2018-06-25,WY,0.7518019962241616
2018-07-02,AK,1.2740496069249754
2018-07-02,AL,0.6924067881139149
2018-07-02,AR,0.6526139455663318
2018-07-02,AZ,1.3124238972744258
2018-07-02,CA,1.1530500560665515
2018-07-02,CO,0.49291375874003607
2018-07-02,CT,1.4920677455549087
2018-07-02,DE,0.480805691350897
2018-07-02,GA,0.9972864471532554
2018-07-02,HI,1.005478251519331
2018-07-02,IA,0.35131014196441435
2018-07-02,ID,0.4678529704554863
2018-07-02,IL,0.6504266208009095
2018-07-02,IN,0.6333004852249982
2018-07-02,KS,0.8333766652575187
2018-07-02,KY,0.3227444447039281
2018-07-02,LA,0.9490242961180029
2018-07-02,MA,0.7152760844596877
2018-07-02,MD,0.8605387953173587
2018-07-02,ME,0.3025571285559592
2018-07-02,MI,0.5194949776323111
2018-07-02,MN,0.763043629195485
2018-07-02,MO,0.4643240833993648
2018-07-02,MS,1.01365706343536
2018-07-02,MT,0.36403829557119266
2018-07-02,NC,0.4465039064432539
2018-07-02,ND,0.5530192352895846
2018-07-02,NE,0.4928412251116382
2018-07-02,NH,0.5419320360397653
2018-07-02,NJ,1.0496351674525852
2018-07-02,NM,1.0171385725782127
2018-07-02,NV,0.43374072834928346
2018-07-02,NY,0.9915040377961782
2018-07-02,OH,0.65611112972453
2018-07-02,OK,0.4094523056504443
2018-07-02,OR,0.5773746203054559
2018-07-02,PA,0.5804844412339538
2018-07-02,RI,0.24807950241253351
2018-07-02,SC,0.5663702957228495
2018-07-02,SD,0.6485875550182847
2018-07-02,TN,0.38036583320244416
2018-07-02,TX,1.370733678341832
2018-07-02,UT,0.4389580890693111
2018-07-02,VA,0.8280475341049862
2018-07-02,VT,1.0095001973538733
2018-07-02,WA,0.5125346897042979
2018-07-02,WI,0.40168690760312675
2018-07-02,WV,0.4416321257072606
2018-07-02,WY,0.7579957731594243
2018-07-09,AK,1.2025886974048232
2018-07-09,AL,0.7278153929382595
2018-07-09,AR,0.6698413661735199
2018-07-09,AZ,1.3391842707712183
2018-07-09,CA,0.8163458931569931
2018-07-09,CO,0.39877599125841534
2018-07-09,CT,0.061766974042967854
2018-07-09,DE,0.36715198052365156
2018-07-09,GA,0.9559934275844414
2018-07-09,HI,1.3682463238411344
2018-07-09,IA,0.33791163338643215
2018-07-09,ID,0.45974254155091776
2018-07-09,IL,0.7231880296659796
2018-07-09,IN,0.6852174521167352
2018-07-09,KS,0.34856957158041435
2018-07-09,KY,0.41048087203492917
2018-07-09,LA,0.9123967191230266
2018-07-09,MA,0.6778396018351958
2018-07-09,MD,0.8090472847448933
2018-07-09,ME,0.344693678995852
2018-07-09,MI,0.4743731126307288
2018-07-09,MN,0.6588911668187476
2018-07-09,MO,0.23047792434703315
2018-07-09,MS,1.1176098227508722
2018-07-09,MT,0.3468035804549995
2018-07-09,NC,0.5802579288410041
2018-07-09,ND,0.6016085824220645
2018-07-09,NE,1.167158606741651
2018-07-09,NH,0.34653407269681097
2018-07-09,NJ,1.1964401123020063
2018-07-09,NM,1.0625529187057474
2018-07-09,NV,0.48023345115209537
2018-07-09,NY,0.8517954902670082
2018-07-09,OH,0.5873058578180987
2018-07-09,OK,0.4605354660657226
2018-07-09,OR,0.605974908211369
2018-07-09,PA,0.5583343809157609
2018-07-09,RI,0.3378134564777045
2018-07-09,SC,0.5053989551885121
2018-07-09,SD,0.650812295257758
2018-07-09,TN,0.6602099191265101
2018-07-09,TX,0.9841805983361388
2018-07-09,UT,0.31840711686198647
2018-07-09,VA,0.7934918336927579
2018-07-09,VT,0.983779491964715
2018-07-09,WA,0.36485563605177534
2018-07-09,WI,0.44096136842695194
2018-07-09,WV,0.48151161213239785
2018-07-09,WY,0.7608744577224025
2018-07-16,AK,1.2289936686716145
2018-07-16,AL,0.5915494491105653
2018-07-16,AR,0.6760082798059669
2018-07-16,AZ,1.1869373161890717
2018-07-16,CA,0.8386442575824705
2018-07-16,CO,0.4353910950511415
2018-07-16,CT,1.125601989509537
2018-07-16,DE,0.3239814830556705
2018-07-16,GA,0.9337219642085783
2018-07-16,HI,0.8725511354527057
2018-07-16,IA,0.3983866062039262
2018-07-16,ID,0.33656379504189876
2018-07-16,IL,0.6546253649391927
2018-07-16,IN,0.6922885667192133
2018-07-16,KS,0.280705595716029
2018-07-16,KY,0.4065946692881762
2018-07-16,LA,0.8438408805214042
2018-07-16,MA,0.7527525730926707
2018-07-16,MD,0.8630671642877551
2018-07-16,ME,0.2970586801850086
2018-07-16,MI,0.427295451737242
2018-07-16,MN,0.6421945428282552
2018-07-16,MO,0.28559425250682
2018-07-16,MS,0.9522686991440696
2018-07-16,MT,0.3265120273121537
2018-07-16,NC,0.6366362267997165
2018-07-16,ND,0.4762669520898095
2018-07-16,NE,0.8551561423572225
2018-07-16,NH,0.47351489560404203
2018-07-16,NJ,1.0084671645131982
2018-07-16,NM,1.0093018062460926
2018-07-16,NV,0.48818511532049985
2018-07-16,NY,0.9409954125567731
2018-07-16,OH,0.5591187835740573
2018-07-16,OK,0.46793920906136344
2018-07-16,OR,0.48324949960963415
2018-07-16,PA,0.5338338957203241
2018-07-16,RI,0.23345921207975429
2018-07-16,SC,0.47886751344727974
2018-07-16,SD,0.4329373360536256
2018-07-16,TN,0.18087505956247577
2018-07-16,TX,1.0803813888301663
2018-07-16,UT,0.3975493284760656
2018-07-16,VA,0.7297185695419317
2018-07-16,VT,0.7795331850352063
2018-07-16,WA,0.30464961780551564
2018-07-16,WI,0.4637542806471645
2018-07-16,WV,0.4560670411676513
2018-07-16,WY,0.809109268520295
2018-07-23,AK,1.081148235883282
2018-07-23,AL,0.6463077557573997
2018-07-23,AR,0.7115540663789759
2018-07-23,AZ,0.9643669436144824
2018-07-23,CA,0.8038107419480387
2018-07-23,CO,0.3895687753948577
2018-07-23,CT,1.7746315128617864
2018-07-23,DE,0.4075094035151428
2018-07-23,GA,0.8279502293851313
2018-07-23,HI,1.0172035122385785
2018-07-23,IA,0.3528663558149542
2018-07-23,ID,0.32777450074112163
2018-07-23,IL,0.5747549595688246
2018-07-23,IN,0.8131574713663272
2018-07-23,KS,0.37340577947026404
2018-07-23,KY,0.45780696964678436
2018-07-23,LA,0.8049842707536321
2018-07-23,MA,0.5843472155082892
2018-07-23,MD,0.3737340455675605
2018-07-23,ME,0.26180376499203617
2018-07-23,MI,0.3788485773646233
2018-07-23,MN,0.7071240589409304
2018-07-23,MO,0.3445131902878492
2018-07-23,MS,0.8817397285175348
2018-07-23,MT,0.3146284791728389
2018-07-23,NC,0.1120830866261569
2018-07-23,ND,0.4033672725073456
2018-07-23,NE,0.8040447922879872
2018-07-23,NH,0.2532097440888316
2018-07-23,NJ,1.0172828017848323
2018-07-23,NM,0.8768546822497232
2018-07-23,NV,0.5224854598728934
2018-07-23,NY,0.819835102021899
2018-07-23,OH,0.5506994287608438
2018-07-23,OK,0.4505538989797231
2018-07-23,OR,0.4721468397692099
2018-07-23,PA,0.4312072346032898
2018-07-23,RI,0.22440690844030442
2018-07-23,SC,0.418855057442273
2018-07-23,SD,0.4763490854337644
2018-07-23,TN,0.6613181296681556
2018-07-23,TX,0.873899790510521
2018-07-23,UT,0.381245831681703
2018-07-23,VA,0.698541519903277
2018-07-23,VT,0.8685134619403594
2018-07-23,WA,0.32308527704634804
2018-07-23,WI,0.5130948276847358
2018-07-23,WV,0.4011830266603796
2018-07-23,WY,0.6210473227746725
2018-07-30,AK,0.9975496489571338
2018-07-30,AL,0.6157704567929262
2018-07-30,AR,0.5461208773521949
2018-07-30,AZ,1.2178092269903378
2018-07-30,CA,0.8059642973102641
2018-07-30,CO,0.33295854308303874
2018-07-30,CT,-0.018716183363908095
2018-07-30,DE,0.34925413192706023
2018-07-30,GA,0.9845689165340052
2018-07-30,HI,0.7912646585958975
2018-07-30,IA,0.34410092837016315
2018-07-30,ID,0.47433658445478977
2018-07-30,IL,0.47763989218407266
2018-07-30,IN,0.5495290814143561
2018-07-30,KS,0.29759111783951325
2018-07-30,KY,0.36399524823694035
2018-07-30,LA,0.8932741462514763
2018-07-30,MA,0.6231103938836058
2018-07-30,MD,0.5466029850007919
2018-07-30,ME,0.31008103134926085
2018-07-30,MI,0.43876615392589824
2018-07-30,MN,0.6476846151398714
2018-07-30,MO,0.2628741334265654
2018-07-30,MS,0.9741770488974717
2018-07-30,MT,0.2914556188083003
2018-07-30,NC,0.49693068475717195
2018-07-30,ND,0.397879547971963
2018-07-30,NE,0.548955923509731
2018-07-30,NH,0.5556867185453316
2018-07-30,NJ,0.9211173857849788
2018-07-30,NM,0.8974039355971414
2018-07-30,NV,0.4632172697852809
2018-07-30,NY,0.6806149428486362
2018-07-30,OH,0.40103852483423963
2018-07-30,OK,0.38654578601442585
2018-07-30,OR,0.40902043099004515
2018-07-30,PA,0.43734785915871977
2018-07-30,RI,0.2230930401306369
2018-07-30,SC,0.44936196464156497
2018-07-30,SD,0.5935812394867203
2018-07-30,TN,0.39234951732482004
2018-07-30,TX,0.8604097975584227
2018-07-30,UT,0.3004643731747072
2018-07-30,VA,0.6556657103336425
2018-07-30,VT,0.7390075460746988
2018-07-30,WA,0.33745101778347764
2018-07-30,WI,0.41421845557670667
2018-07-30,WV,0.3641632993971109
2018-07-30,WY,0.5172698268251386
2018-08-06,AK,1.0372705161045759
2018-08-06,AL,0.6449548566328267
2018-08-06,AR,0.5691860136690436
2018-08-06,AZ,1.001572507632654
2018-08-06,CA,0.7951496909546026
2018-08-06,CO,0.3805695199988019
2018-08-06,CT,0.164388497168439
2018-08-06,DE,0.29152972932074916
2018-08-06,GA,0.8090889400498259
2018-08-06,HI,0.5919961321582531
2018-08-06,IA,0.3440773123623044
2018-08-06,ID,0.3075840678166373
2018-08-06,IL,0.5399683454149756
2018-08-06,IN,0.5314656238692751
2018-08-06,KS,0.3202120855030786
2018-08-06,KY,0.2593655385311367
2018-08-06,LA,0.9052506323648661
2018-08-06,MA,0.5294181476224886
2018-08-06,MD,0.5053563483785516
2018-08-06,ME,0.3034413906158613
2018-08-06,MI,0.5019871698168207
2018-08-06,MN,0.6963071110163604
2018-08-06,MO,0.32000805034123514
2018-08-06,MS,0.9095661494949626
2018-08-06,MT,0.28588797371248853
2018-08-06,NC,0.29963408050434176
2018-08-06,ND,0.3946091733189582
2018-08-06,NE,0.5565896938906703
2018-08-06,NH,0.9633440144376748
2018-08-06,NJ,0.9465223572893413
2018-08-06,NM,0.9503650403416576
2018-08-06,NV,0.4056048345598843
2018-08-06,NY,0.8549546530653012
2018-08-06,OH,0.5782836837151641
2018-08-06,OK,0.42818083051351763
2018-08-06,OR,0.3862713555208586
2018-08-06,PA,0.49440721831824463
2018-08-06,RI,0.22932439383688247
2018-08-06,SC,0.4158370943441179
2018-08-06,SD,0.38220008185334853
2018-08-06,TN,0.34130338047397213
2018-08-06,TX,0.8896564791079662
2018-08-06,UT,0.36256305189354476
2018-08-06,VA,0.6433933219377376
2018-08-06,VT,0.842278794940444
2018-08-06,WA,0.2214071374704347
2018-08-06,WI,0.36263744136000975
2018-08-06,WV,0.3844164028477114
2018-08-06,WY,0.6352804303086542
2018-08-13,AK,1.1012291278083635
2018-08-13,AL,0.679758684341877
2018-08-13,AR,0.7387127756236422
2018-08-13,AZ,1.2311358759679454
2018-08-13,CA,0.8447893850607998
2018-08-13,CO,0.39941574893058607
2018-08-13,CT,1.321210570279029
2018-08-13,DE,0.3158960576770577
2018-08-13,GA,1.056094611784395
2018-08-13,HI,0.7717590659005552
2018-08-13,IA,0.41413496218169243
2018-08-13,ID,0.3454538354243585
2018-08-13,IL,0.5190010811932901
2018-08-13,IN,0.9363355501004564
2018-08-13,KS,0.34171307996141287
2018-08-13,KY,0.4536543956912424
2018-08-13,LA,0.8379099166683986
2018-08-13,MA,0.6827687393358103
2018-08-13,MD,0.6746803286711791
2018-08-13,ME,0.31250169047278686
2018-08-13,MI,0.4031415133985319
2018-08-13,MN,0.5525175119248282
2018-08-13,MO,0.3823946747175051
2018-08-13,MS,0.9941430406547123
2018-08-13,MT,0.3184266019335409
2018-08-13,NC,0.28145616506783744
2018-08-13,ND,0.3836175526217087
2018-08-13,NE,1.0523309718969514
2018-08-13,NH,0.6903662727355746
2018-08-13,NJ,1.0679379516046366
2018-08-13,NM,1.0363113482527018
2018-08-13,NV,0.423564551837321
2018-08-13,NY,0.8668143732555054
2018-08-13,OH,0.5826847122911023
2018-08-13,OK,0.6132754745046358
2018-08-13,OR,0.4985511070956805
2018-08-13,PA,0.4693483379053544
2018-08-13,RI,0.28399968098859957
2018-08-13,SC,0.44425168064750886
2018-08-13,SD,0.5320852587959892
2018-08-13,TN,0.5517926844546224
2018-08-13,TX,1.1065683292277702
2018-08-13,UT,0.5194161603699459
2018-08-13,VA,0.6732730921666339
2018-08-13,VT,0.9511810533088402
2018-08-13,WA,0.36215243416966414
2018-08-13,WI,0.44103988964498286
2018-08-13,WV,0.3845751859323321
2018-08-13,WY,0.6589094470536212
2018-08-20,AK,1.289415954925617
2018-08-20,AL,0.8944060019218611
2018-08-20,AR,0.6455794055678801
2018-08-20,AZ,1.2296217654985755
2018-08-20,CA,0.8429916488555468
2018-08-20,CO,0.43281892901501806
2018-08-20,CT,0.20656267779884
2018-08-20,DE,0.31898715797852256
2018-08-20,GA,1.443656515674559
2018-08-20,HI,0.6179045657031987
2018-08-20,IA,0.4728363979054082
2018-08-20,ID,0.3544798029476707
2018-08-20,IL,0.5674774448654344
2018-08-20,IN,0.7507524422730519
2018-08-20,KS,0.29846033337591316
2018-08-20,KY,0.5263212532489773
2018-08-20,LA,0.978423094547973
2018-08-20,MA,0.6927262002548291
2018-08-20,MD,0.5988048263196727
2018-08-20,ME,0.34070711801337483
2018-08-20,MI,0.4567568770828103
2018-08-20,MN,0.5720815246807449
2018-08-20,MO,0.3676011918548763
2018-08-20,MS,1.2755242007191665
2018-08-20,MT,0.32151770223500575
2018-08-20,NC,0.5358910733013204
2018-08-20,ND,0.3974434689515785
2018-08-20,NE,0.9527911730420694
2018-08-20,NH,0.7479016642572104
2018-08-20,NJ,1.1743412020065955
2018-08-20,NM,1.1594934981864717
2018-08-20,NV,0.4618276793636277
2018-08-20,NY,0.8577791282015192
2018-08-20,OH,0.5856310730971849
2018-08-20,OK,0.7061939554864659
2018-08-20,OR,0.4966444116348231
2018-08-20,PA,0.5294205929555132
2018-08-20,RI,0.2544096446863132
2018-08-20,SC,0.4904776297927396
2018-08-20,SD,0.5521102686093167
2018-08-20,TN,0.33984763746922764
2018-08-20,TX,0.8649741146413461
2018-08-20,UT,0.5222289111545844
2018-08-20,VA,0.6951047395541774
2018-08-20,VT,0.7026833658220545
2018-08-20,WA,0.2610439959165282
2018-08-20,WI,0.47599255233684135
2018-08-20,WV,0.3999102646617436
2018-08-20,WY,0.6527969036697554
2018-08-27,AK,0.7838261029148044
2018-08-27,AL,1.1984260720857702
2018-08-27,AR,0.7157181629197082
2018-08-27,AZ,1.5732892993304473
2018-08-27,CA,0.8084950381244176
2018-08-27,CO,0.5735997317608639
2018-08-27,CT,1.1165925013504225
2018-08-27,DE,0.3564686656636912
2018-08-27,GA,1.484748924731342
2018-08-27,HI,0.8062800672961803
2018-08-27,IA,0.5145270520008532
2018-08-27,ID,0.39841336196161337
2018-08-27,IL,0.6321155124502631
2018-08-27,IN,0.8805605834103052
2018-08-27,KS,0.4125004446875594
2018-08-27,KY,0.6923967423537931
2018-08-27,LA,1.212240971378984
2018-08-27,MA,0.746089044396383
2018-08-27,MD,1.046918576010912
2018-08-27,ME,0.37534485373088905
2018-08-27,MI,0.563510830411081
2018-08-27,MN,0.5722541880369569
2018-08-27,MO,0.3550216088065192
2018-08-27,MS,1.4002334121890787
2018-08-27,MT,0.35899920992017437
2018-08-27,NC,0.38302142467653205
2018-08-27,ND,0.5302237185783332
2018-08-27,NE,1.6371625152992142
2018-08-27,NH,0.8496695438684438
2018-08-27,NJ,1.3337205798313148
2018-08-27,NM,1.0277304785272845
2018-08-27,NV,0.5468136142629055
2018-08-27,NY,0.8852202703961125
2018-08-27,OH,0.692384222261299
2018-08-27,OK,0.8652795074931472
2018-08-27,OR,0.5173634248563281
2018-08-27,PA,0.5631948450219993
2018-08-27,RI,0.2812485525341576
2018-08-27,SC,0.4566565969157378
2018-08-27,SD,0.6677032485154766
2018-08-27,TN,0.5884147709783293
2018-08-27,TX,1.2323330983678178
2018-08-27,UT,0.36257825772646846
2018-08-27,VA,0.8336982786733487
2018-08-27,VT,0.9252257364167527
2018-08-27,WA,0.3433465720171115
2018-08-27,WI,0.5465777782424553
2018-08-27,WV,0.4297052815939909
2018-08-27,WY,0.7293419336533438
2018-09-03,AK,1.787511786435089
2018-09-03,AL,1.0857265923951827
2018-09-03,AR,0.9661900519215474
2018-09-03,AZ,1.56440531691771
2018-09-03,CA,1.0232792061466558
2018-09-03,CO,0.5815523102984475
2018-09-03,CT,0.5579368617184803
2018-09-03,DE,0.3972080042081354
2018-09-03,GA,1.5152455067065864
2018-09-03,HI,1.1365654439097048
2018-09-03,IA,0.57258375857692
2018-09-03,ID,0.4460278505046307
2018-09-03,IL,0.8239898150693676
2018-09-03,IN,0.9537592437124545
2018-09-03,KS,0.37249447134894326
2018-09-03,KY,0.6650909767164295
2018-09-03,LA,1.2353827399457564
2018-09-03,MA,0.7946229378789169
2018-09-03,MD,0.712889885595481
2018-09-03,ME,0.38869279015894354
2018-09-03,MI,0.5655005692458838
2018-09-03,MN,0.6539701766430948
2018-09-03,MO,0.6252857177012767
2018-09-03,MS,1.7496519174858487
2018-09-03,MT,0.3997385484646186
2018-09-03,NC,0.6700473636170565
2018-09-03,ND,0.7417969905431726
2018-09-03,NE,1.643687182486435
2018-09-03,NH,0.38277833032438846
2018-09-03,NJ,1.2100450034840418
2018-09-03,NM,1.2772316099750223
2018-09-03,NV,0.6232188509407338
2018-09-03,NY,0.9529947402119066
2018-09-03,OH,0.7875161561657582
2018-09-03,OK,0.9874076709567725
2018-09-03,OR,0.6244451553603421
2018-09-03,PA,0.6499025909348854
2018-09-03,RI,0.3236965476983041
2018-09-03,SC,0.5500725388746303
2018-09-03,SD,0.7506808510973133
2018-09-03,TN,0.6936664367755859
2018-09-03,TX,1.1020580871332508
2018-09-03,UT,0.6175222389514762
2018-09-03,VA,0.8584619038450052
2018-09-03,VT,1.1476581820588585
2018-09-03,WA,0.38654655702794244
2018-09-03,WI,0.5962784311302826
2018-09-03,WV,0.504595494318399
2018-09-03,WY,0.6719647467052307
2018-09-10,AK,1.9375361963588382
2018-09-10,AL,1.3566122612849556
2018-09-10,AR,0.9960739047484503
2018-09-10,AZ,1.6274872478674973
2018-09-10,CA,1.3155837838446929
2018-09-10,CO,0.8474755862364528
2018-09-10,CT,0.7841047333359434
2018-09-10,DE,0.4610206848369413
2018-09-10,GA,1.764950715905006
2018-09-10,HI,1.241178778849259
2018-09-10,IA,0.6672499666937497
2018-09-10,ID,0.51703852463334
2018-09-10,IL,0.8752379091697805
2018-09-10,IN,0.7222964394860626
2018-09-10,KS,0.5687615563400286
2018-09-10,KY,1.0696792225666552
2018-09-10,LA,1.502047420370931
2018-09-10,MA,0.9916062612884233
2018-09-10,MD,0.9962386852640862
2018-09-10,ME,0.4989682667894596
2018-09-10,MI,0.9445720410816885
2018-09-10,MN,0.8750517074884265
2018-09-10,MO,0.9209356926531613
2018-09-10,MS,1.579865657107944
2018-09-10,MT,0.4635512290934245
2018-09-10,NC,0.7989468130681864
2018-09-10,ND,0.7610221261883459
2018-09-10,NE,1.751865500041892
2018-09-10,NH,0.7148497088409145
2018-09-10,NJ,1.4339951332911383
2018-09-10,NM,1.429871402429025
2018-09-10,NV,0.7423978155901215
2018-09-10,NY,1.106094137503205
2018-09-10,OH,0.8258249081856546
2018-09-10,OK,1.033842557126593
2018-09-10,OR,0.7522864528379396
2018-09-10,PA,0.7988077851640034
2018-09-10,RI,0.4509939384930881
2018-09-10,SC,0.906389217998825
2018-09-10,SD,0.9432271706814438
2018-09-10,TN,0.7939621876523244
2018-09-10,TX,1.704236643223563
2018-09-10,UT,0.8189927557595889
2018-09-10,VA,1.0484913061813135
2018-09-10,VT,1.4169953258197274
2018-09-10,WA,0.4975766079013323
2018-09-10,WI,0.7799451896706711
2018-09-10,WV,0.5754821536136837
2018-09-10,WY,0.824629223697508
2018-09-17,AK,1.8511885957064602
2018-09-17,AL,1.2918343406436843
2018-09-17,AR,0.9824368535599433
2018-09-17,AZ,1.662933530601531
2018-09-17,CA,1.384700000362705
2018-09-17,CO,0.6474276790393809
2018-09-17,CT,1.6648091815248416
2018-09-17,DE,0.49078609816719787
2018-09-17,GA,1.5684021901593945
2018-09-17,HI,1.5956864822089412
2018-09-17,IA,0.7031466822862786
2018-09-17,ID,0.5274796190438988
2018-09-17,IL,0.8848990564865524
2018-09-17,IN,1.1375477340759024
2018-09-17,KS,0.6282907268923876
2018-09-17,KY,0.7532707277718929
2018-09-17,LA,1.1178640241214644
2018-09-17,MA,1.009012058091507
2018-09-17,MD,0.7370056556518467
2018-09-17,ME,0.4821890984493725
2018-09-17,MI,1.0748928385019323
2018-09-17,MN,0.9769165607525288
2018-09-17,MO,0.6590312701687964
2018-09-17,MS,1.5092010135569935
2018-09-17,MT,0.4665764494564481
2018-09-17,NC,0.8331604744287902
2018-09-17,ND,0.642866704654211
2018-09-17,NE,1.3711269272255084
2018-09-17,NH,0.7010225930658012
2018-09-17,NJ,1.6722419039591192
2018-09-17,NM,1.362516113846163
2018-09-17,NV,0.7232992095492004
2018-09-17,NY,1.2405812386244683
2018-09-17,OH,0.7215202286887831
2018-09-17,OK,0.9930962640711638
2018-09-17,OR,0.6405603747112483
2018-09-17,PA,0.886517719972648
2018-09-17,RI,0.43292416441543907
2018-09-17,SC,1.0178330622536937
2018-09-17,SD,0.9692745886691763
2018-09-17,TN,0.6499258140014104
2018-09-17,TX,1.7514237793653231
2018-09-17,UT,0.7469353749494658
2018-09-17,VA,1.1934475937465236
2018-09-17,VT,1.2211284102167805
2018-09-17,WA,0.5395868672292327
2018-09-17,WI,0.8867901663627782
2018-09-17,WV,0.6379577221854943
2018-09-17,WY,0.8026557926002663
2018-09-24,AK,1.704972156099561
2018-09-24,AL,1.4752928680315225
2018-09-24,AR,1.0614016439198497
2018-09-24,AZ,1.5617029918035097
2018-09-24,CA,1.214804197151318
2018-09-24,CO,0.7068694829210487
2018-09-24,CT,1.95108972154528
2018-09-24,DE,0.501593738801249
2018-09-24,GA,1.6718575022060813
2018-09-24,HI,1.2389814616323478
2018-09-24,IA,0.7539391938552138
2018-09-24,ID,0.7237261832075469
2018-09-24,IL,0.9832900300704508
2018-09-24,IN,0.8433193065362277
2018-09-24,KS,0.533122214226291
2018-09-24,KY,0.5767121509194755
2018-09-24,LA,1.4192076898681614
2018-09-24,MA,1.0847134427493765
2018-09-24,MD,0.9451580701598816
2018-09-24,ME,0.5758870149049174
2018-09-24,MI,1.2631130142756073
2018-09-24,MN,0.9728471510564968
2018-09-24,MO,0.8495749136939371
2018-09-24,MS,1.6207195363729763
2018-09-24,MT,0.4763808964660978
2018-09-24,NC,0.8846853961202332
2018-09-24,ND,0.7766934728246915
2018-09-24,NE,1.1637076431000568
2018-09-24,NH,0.8314698935334524
2018-09-24,NJ,2.028456150080637
2018-09-24,NM,1.3667352715601695
2018-09-24,NV,0.8019145816982995
2018-09-24,NY,1.5868491838099108
2018-09-24,OH,0.9428723838253733
2018-09-24,OK,0.5200846357089715
2018-09-24,OR,0.7688918317242415
2018-09-24,PA,0.9808811113067343
2018-09-24,RI,0.4752885042036968
2018-09-24,SC,0.8551460022016637
2018-09-24,SD,0.8890344786025364
2018-09-24,TN,0.7356463536772007
2018-09-24,TX,1.582143686141387
2018-09-24,UT,1.2951970395368715
2018-09-24,VA,1.1965387898673545
2018-09-24,VT,1.0405476931991218
2018-09-24,WA,0.5814332554561563
2018-09-24,WI,1.0517525447978708
2018-09-24,WV,0.7304764832087379
2018-09-24,WY,0.8185100647747926
2018-10-01,AK,2.191708652132308
2018-10-01,AL,1.413616304427282
2018-10-01,AR,1.4925928300483255
2018-10-01,AZ,1.703036447231281
2018-10-01,CA,1.2750740232887432
2018-10-01,CO,0.7500086314088578
2018-10-01,CT,0.7521813837858721
2018-10-01,DE,0.5624501869371721
2018-10-01,GA,1.8750606677037998
2018-10-01,HI,1.8052929414689085
2018-10-01,IA,0.8061785512327576
2018-10-01,ID,0.6481814593905466
2018-10-01,IL,0.9310711252235753
2018-10-01,IN,0.9281921388898253
2018-10-01,KS,0.6075746448100751
2018-10-01,KY,0.9368379672546976
2018-10-01,LA,1.4576966726811993
2018-10-01,MA,1.1445508076140674
2018-10-01,MD,1.0806689923345683
2018-10-01,ME,0.5945611557061581
2018-10-01,MI,1.289452507502302
2018-10-01,MN,0.9845561324197312
2018-10-01,MO,0.7189398886408098
2018-10-01,MS,1.8008993549948946
2018-10-01,MT,0.5226526697902341
2018-10-01,NC,0.8468712385458874
2018-10-01,ND,1.057612717320328
2018-10-01,NE,1.4094871559067101
2018-10-01,NH,0.9268535572479222
2018-10-01,NJ,2.1978832192628217
2018-10-01,NM,1.3309428730286366
2018-10-01,NV,0.8119534185732322
2018-10-01,NY,1.4668496372422228
2018-10-01,OH,0.8523404155014712
2018-10-01,OK,1.6511547017681363
2018-10-01,OR,0.8532345458216049
2018-10-01,PA,1.1207352723770934
2018-10-01,RI,0.5661555008974866
2018-10-01,SC,0.9379383503425383
2018-10-01,SD,1.1645627879968254
2018-10-01,TN,0.8937617906487275
2018-10-01,TX,1.8698010843904576
2018-10-01,UT,1.1574772936609667
2018-10-01,VA,1.3661993371634684
2018-10-01,VT,1.4888484482573607
2018-10-01,WA,0.4961253187837063
2018-10-01,WI,0.9899614735574833
2018-10-01,WV,0.7994711247955782
2018-10-01,WY,0.6679884097962447
2018-10-08,AK,1.7439445012155015
2018-10-08,AL,1.5930680632699314
2018-10-08,AR,1.3241185013158947
2018-10-08,AZ,1.5561455631164265
2018-10-08,CA,1.4819990891463233
2018-10-08,CO,2.333938330933424
2018-10-08,CT,1.554825584251279
2018-10-08,DE,0.5674694027732478
2018-10-08,GA,1.9930881117955592
2018-10-08,HI,1.40853392862137
2018-10-08,IA,0.988386675869886
2018-10-08,ID,0.9156031921555738
2018-10-08,IL,1.0378339080349588
2018-10-08,IN,1.1566279744036057
2018-10-08,KS,0.9241612865028305
2018-10-08,KY,1.2479439157790517
2018-10-08,LA,1.7966708979087949
2018-10-08,MA,1.1474676035368643
2018-10-08,MD,0.9767234060942891
2018-10-08,ME,1.204629841136382
2018-10-08,MI,1.0110722558343503
2018-10-08,MN,1.076927675276945
2018-10-08,MO,0.9952888195254381
2018-10-08,MS,1.7797510463537705
2018-10-08,MT,0.8152931730858143
2018-10-08,NC,1.2174605271985086
2018-10-08,ND,1.2373293451319802
2018-10-08,NE,1.7880991092635379
2018-10-08,NH,0.8904589007867665
2018-10-08,NJ,2.2020447895423616
2018-10-08,NM,1.1588408316818382
2018-10-08,NV,0.8071227455848466
2018-10-08,NY,1.4758781853361538
2018-10-08,OH,0.945683267232766
2018-10-08,OK,1.5696915383065488
2018-10-08,OR,0.9203288268261327
2018-10-08,PA,1.0515713313279784
2018-10-08,RI,0.5802421979553879
2018-10-08,SC,1.021254433167942
2018-10-08,SD,1.0814849605444974
2018-10-08,TN,0.9703303699593997
2018-10-08,TX,2.154262770975953
2018-10-08,UT,1.232656548032571
2018-10-08,VA,1.5256667815929787
2018-10-08,VT,0.9856870948967733
2018-10-08,WA,0.6431643294396826
2018-10-08,WI,1.1655989260923396
2018-10-08,WV,0.8659831741625286
2018-10-08,WY,1.294684568157077
2018-10-15,AK,1.9397989826941724
2018-10-15,AL,1.6621846833511724
2018-10-15,AR,1.2911375893384656
2018-10-15,AZ,1.5505098917296998
2018-10-15,CA,1.277908611443617
2018-10-15,CO,1.9966865764877118
2018-10-15,CT,1.4861736244991475
2018-10-15,DE,0.6076895955226951
2018-10-15,GA,2.034177072837111
2018-10-15,HI,1.4571053745986307
2018-10-15,IA,1.0284515126384728
2018-10-15,ID,0.8125851816294887
2018-10-15,IL,1.2162022125162915
2018-10-15,IN,1.032049770401224
2018-10-15,KS,0.8648525324522778
2018-10-15,KY,1.421983262570603
2018-10-15,LA,1.7124886179009526
2018-10-15,MA,1.3271455567399204
2018-10-15,MD,1.0474223480473295
2018-10-15,ME,1.2737408661521226
2018-10-15,MI,1.0569244766441765
2018-10-15,MN,1.206307232720477
2018-10-15,MO,0.9506884384764673
2018-10-15,MS,1.8682418989018315
2018-10-15,MT,0.7981294763983308
2018-10-15,NC,1.2307619629117523
2018-10-15,ND,1.4583086280219097
2018-10-15,NE,2.1867468260102023
2018-10-15,NH,0.6494160047779289
2018-10-15,NJ,2.135153232177162
2018-10-15,NM,1.158079611943576
2018-10-15,NV,0.9761865117678477
2018-10-15,NY,1.5474182211504839
2018-10-15,OH,0.8734385452185611
2018-10-15,OK,1.6851125481883407
2018-10-15,OR,0.9308733051026846
2018-10-15,PA,1.2254826278641398
2018-10-15,RI,0.6625572192516095
2018-10-15,SC,1.1083528833561231
2018-10-15,SD,1.0008517187510324
2018-10-15,TN,1.1716444937104395
2018-10-15,TX,1.8308450238695113
2018-10-15,UT,1.1328743145347104
2018-10-15,VA,1.615240863760655
2018-10-15,VT,1.0148230416114672
2018-10-15,WA,0.7513978826528707
2018-10-15,WI,1.2515533813989252
2018-10-15,WV,0.865283784387366
2018-10-15,WY,1.423399190046631
2018-10-22,AK,1.9109418454473994
2018-10-22,AL,1.7512713314472408
2018-10-22,AR,1.5978649518688433
2018-10-22,AZ,1.6323883126681307
2018-10-22,CA,1.498062150364937
2018-10-22,CO,2.1836582227899
2018-10-22,CT,1.3262998352444375
2018-10-22,DE,0.6343023461224768
2018-10-22,GA,2.241645475096361
2018-10-22,HI,1.514952342078056
2018-10-22,IA,1.0519264583338677
2018-10-22,ID,0.7398258518838807
2018-10-22,IL,1.2186006745470603
2018-10-22,IN,0.9084419183776342
2018-10-22,KS,0.9482120618666798
2018-10-22,KY,1.4835552364991216
2018-10-22,LA,1.9123618054340756
2018-10-22,MA,1.3917032910893088
2018-10-22,MD,1.358417844126827
2018-10-22,ME,1.1471776262685731
2018-10-22,MI,1.1081372626333232
2018-10-22,MN,1.1621092455451185
2018-10-22,MO,1.1573663385057738
2018-10-22,MS,2.0084433548634903
2018-10-22,MT,0.8815370819145658
2018-10-22,NC,1.3076696439057272
2018-10-22,ND,1.2837885038682246
2018-10-22,NE,1.491655361605692
2018-10-22,NH,0.9797009947168387
2018-10-22,NJ,2.279412562308739
2018-10-22,NM,1.2979388893104746
2018-10-22,NV,0.9815458840181266
2018-10-22,NY,1.783515454240266
2018-10-22,OH,0.8894064293744837
2018-10-22,OK,1.8304288405110114
2018-10-22,OR,0.987040395247438
2018-10-22,PA,1.2256967159518368
2018-10-22,RI,0.6552913382469486
2018-10-22,SC,1.103393724026625
2018-10-22,SD,1.0874036515532353
2018-10-22,TN,0.8197828883524514
2018-10-22,TX,1.9709559895688047
2018-10-22,UT,1.3976547155739079
2018-10-22,VA,1.8447794727433364
2018-10-22,VT,1.0372034350563433
2018-10-22,WA,0.616722994405636
2018-10-22,WI,1.2665168035879006
2018-10-22,WV,0.9339011079124746
2018-10-22,WY,1.2128511718182122
2018-10-29,AK,1.4342150483795204
2018-10-29,AL,2.1131389917801737
2018-10-29,AR,1.622433893380471
2018-10-29,AZ,1.591442514501186
2018-10-29,CA,1.623555659322494
2018-10-29,CO,1.9105244710204192
2018-10-29,CT,1.6651485655476308
2018-10-29,DE,0.6960747716858173
2018-10-29,GA,2.4921068253551177
2018-10-29,HI,1.5629933706927708
2018-10-29,IA,1.1769312212349723
2018-10-29,ID,0.9395869125696923
2018-10-29,IL,1.3562884151467705
2018-10-29,IN,1.1361735948951166
2018-10-29,KS,1.0748441953319365
2018-10-29,KY,1.6506029592767817
2018-10-29,LA,2.1999041416754572
2018-10-29,MA,1.2976279206592751
2018-10-29,MD,1.245236033023052
2018-10-29,ME,1.4045948229337335
2018-10-29,MI,1.2187099820721483
2018-10-29,MN,1.2296535584704884
2018-10-29,MO,1.286269384957754
2018-10-29,MS,2.246224203870986
2018-10-29,MT,0.8735391330768887
2018-10-29,NC,1.5311556009157221
2018-10-29,ND,1.3218794249713983
2018-10-29,NE,1.9101344104002793
2018-10-29,NH,1.127090700749009
2018-10-29,NJ,2.564122154683698
2018-10-29,NM,1.3539885811306662
2018-10-29,NV,1.0162654918668355
2018-10-29,NY,1.885390538639144
2018-10-29,OH,1.1073647443769397
2018-10-29,OK,2.10842893496837
2018-10-29,OR,1.0326182161101485
2018-10-29,PA,1.3276772040987164
2018-10-29,RI,0.790191291503219
2018-10-29,SC,1.2959724462998035
2018-10-29,SD,1.1313216036506468
2018-10-29,TN,1.6364863870194442
2018-10-29,TX,2.3094968396882485
2018-10-29,UT,1.646303493611764
2018-10-29,VA,1.7806885754552906
2018-10-29,VT,1.194890313970723
2018-10-29,WA,0.7819196235410797
2018-10-29,WI,1.2688200228402287
2018-10-29,WV,1.0188667458629896
2018-10-29,WY,1.1641817438230255
2018-11-05,AK,2.085553914296843
2018-11-05,AL,2.160886647203987
2018-11-05,AR,2.006598338974751
2018-11-05,AZ,1.8744433486840035
2018-11-05,CA,1.799414232049039
2018-11-05,CO,2.3536639398083903
2018-11-05,CT,1.8468369257886859
2018-11-05,DE,0.7599198739479662
2018-11-05,GA,2.756785809394289
2018-11-05,HI,1.6574699808236353
2018-11-05,IA,1.240627519367901
2018-11-05,ID,0.9289984004731794
2018-11-05,IL,1.5095034951227335
2018-11-05,IN,1.3216454735005758
2018-11-05,KS,1.0928119183752094
2018-11-05,KY,1.8861927311187165
2018-11-05,LA,2.211250495033708
2018-11-05,MA,1.3884905295004497
2018-11-05,MD,1.8563480761698563
2018-11-05,ME,1.2206933536128717
2018-11-05,MI,1.2533954865458161
2018-11-05,MN,1.461209610645171
2018-11-05,MO,1.671428630713483
2018-11-05,MS,2.409337976793686
2018-11-05,MT,0.9867791782183034
2018-11-05,NC,1.5847853766013396
2018-11-05,ND,1.5593811064565397
2018-11-05,NE,2.114312174649317
2018-11-05,NH,1.1440271972291838
2018-11-05,NJ,2.5108325642358094
2018-11-05,NM,1.5148048310355746
2018-11-05,NV,1.0751147914604142
2018-11-05,NY,1.7382316133241988
2018-11-05,OH,1.2317493049253478
2018-11-05,OK,2.2839857492779285
2018-11-05,OR,1.1246732543239475
2018-11-05,PA,1.4266023349580101
2018-11-05,RI,0.8927581221266407
2018-11-05,SC,1.424592481813904
2018-11-05,SD,1.2627454283668116
2018-11-05,TN,1.2309100558289727
2018-11-05,TX,2.501823868714605
2018-11-05,UT,1.579196635953195
2018-11-05,VA,1.9942705241438607
2018-11-05,VT,1.162445540882323
2018-11-05,WA,0.7977155220834502
2018-11-05,WI,1.3919263780827942
2018-11-05,WV,1.0798828954268869
2018-11-05,WY,1.1940823310438171
2018-11-12,AK,1.9663208605928444
2018-11-12,AL,2.4830428846579506
2018-11-12,AR,1.9840653910676223
2018-11-12,AZ,1.912243776727814
2018-11-12,CA,1.8523433255169224
2018-11-12,CO,2.379230598720052
2018-11-12,CT,2.1529502827988676
2018-11-12,DE,0.8916154349214397
2018-11-12,GA,2.7245368009947417
2018-11-12,HI,1.5213417433607646
2018-11-12,IA,1.2205824973517208
2018-11-12,ID,1.1025953993080946
2018-11-12,IL,1.4633346012751882
2018-11-12,IN,1.299184783025853
2018-11-12,KS,1.2095849533282381
2018-11-12,KY,1.7249304782466233
2018-11-12,LA,2.519724034825826
2018-11-12,MA,1.499300280478451
2018-11-12,MD,1.585929141187103
2018-11-12,ME,1.2865930812901185
2018-11-12,MI,1.3843603778369489
2018-11-12,MN,1.3888224077358982
2018-11-12,MO,1.507439034510369
2018-11-12,MS,2.5031099823036502
2018-11-12,MT,0.9533266846941018
2018-11-12,NC,1.6434864844884105
2018-11-12,ND,1.4458504610467942
2018-11-12,NE,2.1033605223685585
2018-11-12,NH,1.1958449574594512
2018-11-12,NJ,2.507866544137613
2018-11-12,NM,1.5376489160818188
2018-11-12,NV,1.0942182367892817
2018-11-12,NY,1.8505131700923592
2018-11-12,OH,1.1272707168501537
2018-11-12,OK,2.2577701720921457
2018-11-12,OR,1.1742727680876923
2018-11-12,PA,1.524138486868047
2018-11-12,RI,0.9319233679852832
2018-11-12,SC,1.5585429770966672
2018-11-12,SD,1.247830019014263
2018-11-12,TN,1.5074010874985233
2018-11-12,TX,2.6688010245624687
2018-11-12,UT,1.9304482177168694
2018-11-12,VA,2.140870862045414
2018-11-12,VT,1.0750959029087892
2018-11-12,WA,0.8649658539260996
2018-11-12,WI,1.3432404275835
2018-11-12,WV,1.0997919110886185
2018-11-12,WY,1.245071706568296
2018-11-19,AK,2.253876970367771
2018-11-19,AL,2.5696384462027733
2018-11-19,AR,2.2369480313235233
2018-11-19,AZ,1.995642494295384
2018-11-19,CA,2.0522384358376415
2018-11-19,CO,2.700130112219591
2018-11-19,CT,2.239997630211926
2018-11-19,DE,0.9257289933012135
2018-11-19,GA,3.0864927707163563
2018-11-19,HI,1.6859342502440184
2018-11-19,IA,1.2469009543401293
2018-11-19,ID,1.5528561915589796
2018-11-19,IL,1.6114961557703005
2018-11-19,IN,1.4472646288176598
2018-11-19,KS,1.2568667675070817
2018-11-19,KY,1.8600630082468121
2018-11-19,LA,2.7433821709160244
2018-11-19,MA,1.5004933620883434
2018-11-19,MD,1.1707852762971909
2018-11-19,ME,1.4918120414689526
2018-11-19,MI,1.4834659055553943
2018-11-19,MN,1.4367879306585287
2018-11-19,MO,1.0051035207358159
2018-11-19,MS,2.803792735569886
2018-11-19,MT,1.0488516816303748
2018-11-19,NC,1.8269015749623774
2018-11-19,ND,1.6409604294707978
2018-11-19,NE,2.4001506504435026
2018-11-19,NH,0.8825510364679604
2018-11-19,NJ,2.8551069683649555
2018-11-19,NM,1.627634346856441
2018-11-19,NV,1.2017982900601305
2018-11-19,NY,2.0345917128379045
2018-11-19,OH,1.1142225730784332
2018-11-19,OK,2.9075851589270063
2018-11-19,OR,1.3253246515666064
2018-11-19,PA,1.5948722629573227
2018-11-19,RI,0.7591216168518247
2018-11-19,SC,1.5363178534451598
2018-11-19,SD,1.0219300574556454
2018-11-19,TN,1.6306648280008615
2018-11-19,TX,2.843156240642563
2018-11-19,UT,1.9606020963449986
2018-11-19,VA,2.2882528787378305
2018-11-19,VT,1.2091580360461036
2018-11-19,WA,0.8942736310480929
2018-11-19,WI,1.4863434213383884
2018-11-19,WV,1.1645212518079964
2018-11-19,WY,1.2235122257999889
2018-11-26,AK,2.383925107167017
2018-11-26,AL,2.6995041109952744
2018-11-26,AR,2.494969151160587
2018-11-26,AZ,2.4011647981089514
2018-11-26,CA,2.082641042422845
2018-11-26,CO,2.4374743640089505
2018-11-26,CT,2.4252131045254677
2018-11-26,DE,0.9531487446376357
2018-11-26,GA,3.676849966506241
2018-11-26,HI,1.753736778241453
2018-11-26,IA,1.4730132728064413
2018-11-26,ID,1.3039892233414352
2018-11-26,IL,1.8114214405824074
2018-11-26,IN,1.7213118841980548
2018-11-26,KS,1.3860759035978756
2018-11-26,KY,2.0556952401555924
2018-11-26,LA,3.1768149183830863
2018-11-26,MA,1.9829258093248776
2018-11-26,MD,1.8709636383945796
2018-11-26,ME,1.5757290701386277
2018-11-26,MI,1.689630131400182
2018-11-26,MN,1.6080519091076078
2018-11-26,MO,1.7809924632511704
2018-11-26,MS,2.861894502571235
2018-11-26,MT,1.367580382397582
2018-11-26,NC,1.8287606973508281
2018-11-26,ND,1.5405395373869313
2018-11-26,NE,2.762809602829493
2018-11-26,NH,0.9443162878907371
2018-11-26,NJ,3.0006932766721173
2018-11-26,NM,1.677422086772966
2018-11-26,NV,1.5645160843824018
2018-11-26,NY,2.306296562536798
2018-11-26,OH,1.3873713910239736
2018-11-26,OK,3.215192116150712
2018-11-26,OR,1.5167676277374023
2018-11-26,PA,1.839603306153637
2018-11-26,RI,0.9966073446738557
2018-11-26,SC,1.8319023098813119
2018-11-26,SD,1.5204403978318468
2018-11-26,TN,2.086934648859387
2018-11-26,TX,3.0958047398167263
2018-11-26,UT,2.6059441351688593
2018-11-26,VA,2.5384324186120457
2018-11-26,VT,1.1572677469857715
2018-11-26,WA,1.1471552794147883
2018-11-26,WI,1.5638869142069824
2018-11-26,WV,1.34935674278473
2018-11-26,WY,1.2202484088363563
2018-12-03,AK,2.232343257767847
2018-12-03,AL,2.661580082742936
2018-12-03,AR,2.157942415520673
2018-12-03,AZ,2.3685328428922516
2018-12-03,CA,2.2850120860509024
2018-12-03,CO,3.087845716361709
2018-12-03,CT,2.327185528774744
2018-12-03,DE,0.8899766191700346
2018-12-03,GA,3.0419587114799556
2018-12-03,HI,1.8305166527230798
2018-12-03,IA,1.4028507866895965
2018-12-03,ID,1.254230704775807
2018-12-03,IL,1.6613641473337333
2018-12-03,IN,1.510430623819718
2018-12-03,KS,1.3082358070242595
2018-12-03,KY,1.9151521209710682
2018-12-03,LA,2.7828948925642187
2018-12-03,MA,1.5968185095409595
2018-12-03,MD,1.4790983679111185
2018-12-03,ME,1.318439571275725
2018-12-03,MI,1.5346714561341772
2018-12-03,MN,1.5581892083541722
2018-12-03,MO,1.6619615032044726
2018-12-03,MS,2.921312586027382
2018-12-03,MT,1.1660737404338986
2018-12-03,NC,1.9431755999559934
2018-12-03,ND,1.7735600389229367
2018-12-03,NE,2.4422422788635756
2018-12-03,NH,0.9643841764423259
2018-12-03,NJ,2.7956114537984704
2018-12-03,NM,1.6778955789394825
2018-12-03,NV,1.499252104908437
2018-12-03,NY,1.964613316970155
2018-12-03,OH,1.4066449380272152
2018-12-03,OK,2.4466347755717948
2018-12-03,OR,1.3173125215452741
2018-12-03,PA,1.6165375419983485
2018-12-03,RI,1.025840522923199
2018-12-03,SC,1.7917935362217863
2018-12-03,SD,1.4191607741883512
2018-12-03,TN,1.6916906331330523
2018-12-03,TX,2.975059350246776
2018-12-03,UT,2.197600525320111
2018-12-03,VA,2.366302704031074
2018-12-03,VT,1.1848456539728685
2018-12-03,WA,1.0171486517048378
2018-12-03,WI,1.5566947536020064
2018-12-03,WV,1.2774394589827462
2018-12-03,WY,1.260398552803771
2018-12-10,AK,2.30171634331443
2018-12-10,AL,2.6230130347275114
2018-12-10,AR,2.059093149814416
2018-12-10,AZ,2.3760962197803206
2018-12-10,CA,2.3978392332568905
2018-12-10,CO,3.232487955905615
2018-12-10,CT,3.2194954255393204
2018-12-10,DE,1.0581453637198979
2018-12-10,GA,3.296435359066381
2018-12-10,HI,1.9903426498304935
2018-12-10,IA,1.4200189189362615
2018-12-10,ID,1.3306455225484886
2018-12-10,IL,1.7892073552278358
2018-12-10,IN,1.6496940151642696
2018-12-10,KS,1.2831614250492018
2018-12-10,KY,1.8234480921245073
2018-12-10,LA,2.567642950851498
2018-12-10,MA,1.80947990935483
2018-12-10,MD,1.4647337414053503
2018-12-10,ME,1.3557425939493115
2018-12-10,MI,1.4880753327723972
2018-12-10,MN,1.5406712909403721
2018-12-10,MO,1.9086760515400534
2018-12-10,MS,2.8211824002435435
2018-12-10,MT,1.108505044660231
2018-12-10,NC,1.8886005378419617
2018-12-10,ND,1.622629181918628
2018-12-10,NE,2.2393503595500075
2018-12-10,NH,1.3470354798404118
2018-12-10,NJ,3.121372534041214
2018-12-10,NM,1.7932664649721939
2018-12-10,NV,1.5160935005744327
2018-12-10,NY,2.3997637648215946
2018-12-10,OH,1.3858686665511672
2018-12-10,OK,2.571834772706505
2018-12-10,OR,1.4345026056783259
2018-12-10,PA,1.7737833664922804
2018-12-10,RI,1.2769740886473167
2018-12-10,SC,1.7610301850809447
2018-12-10,SD,1.386432998887614
2018-12-10,TN,2.1020632807051687
2018-12-10,TX,3.008825197222108
2018-12-10,UT,2.288195723628589
2018-12-10,VA,2.4278925632858255
2018-12-10,VT,1.346403522257606
2018-12-10,WA,1.0232475617645305
2018-12-10,WI,1.5229338647052266
2018-12-10,WV,1.2199792618082694
2018-12-10,WY,1.4612344272812545
2018-12-17,AK,2.5861015229872955
2018-12-17,AL,3.363901805639604
2018-12-17,AR,2.706649672148539
2018-12-17,AZ,2.839755240453133
2018-12-17,CA,2.774851681084151
2018-12-17,CO,4.227808482567925
2018-12-17,CT,2.876151973306995
2018-12-17,DE,1.2238353530735673
2018-12-17,GA,4.456723840788708
2018-12-17,HI,1.8341890539804382
2018-12-17,IA,1.597473105592305
2018-12-17,ID,1.3443244371933458
2018-12-17,IL,2.01798351778904
2018-12-17,IN,2.0362735905393228
2018-12-17,KS,1.7101444169359628
2018-12-17,KY,3.031608067287069
2018-12-17,LA,2.8944563040797706
2018-12-17,MA,2.0691859737334055
2018-12-17,MD,2.072137792170723
2018-12-17,ME,1.6301592236800753
2018-12-17,MI,1.7744883008261043
2018-12-17,MN,1.848366681091591
2018-12-17,MO,2.5176410401789546
2018-12-17,MS,3.0931170288254437
2018-12-17,MT,1.3347264442776448
2018-12-17,NC,2.2250380935063423
2018-12-17,ND,1.934406324453009
2018-12-17,NE,3.0257822027149297
2018-12-17,NH,1.1842209102072845
2018-12-17,NJ,3.6358707214122834
2018-12-17,NM,2.2940853171123607
2018-12-17,NV,1.8747219775673702
2018-12-17,NY,2.7901762117053375
2018-12-17,OH,1.5619997335845164
2018-12-17,OK,2.8485156166421772
2018-12-17,OR,1.7574967829023649
2018-12-17,PA,2.167896129152818
2018-12-17,RI,1.2530192322702873
2018-12-17,SC,2.0793884704412284
2018-12-17,SD,1.339479641822963
2018-12-17,TN,2.379237724377828
2018-12-17,TX,3.5301652392742056
2018-12-17,UT,2.437246881933371
2018-12-17,VA,2.8171649356318307
2018-12-17,VT,1.7773796984854964
2018-12-17,WA,1.2537454204482006
2018-12-17,WI,1.7469524585682246
2018-12-17,WV,1.5499783484230099
2018-12-17,WY,1.827782385582986
2018-12-24,AK,2.862506712543267
2018-12-24,AL,3.646445250211669
2018-12-24,AR,3.0959195465546294
2018-12-24,AZ,3.0107054715057764
2018-12-24,CA,3.068735355762061
2018-12-24,CO,4.895568746241984
2018-12-24,CT,3.7530476392530394
2018-12-24,DE,1.5902418692059563
2018-12-24,GA,5.17899985965016
2018-12-24,HI,2.090259894740451
2018-12-24,IA,1.8257432927795867
2018-12-24,ID,1.6185042166677217
2018-12-24,IL,2.4723457800394737
2018-12-24,IN,3.118945855389029
2018-12-24,KS,1.7790445134428654
2018-12-24,KY,3.3298306167377794
2018-12-24,LA,3.183081486347822
2018-12-24,MA,2.6912909797794433
2018-12-24,MD,2.7659455595285216
2018-12-24,ME,1.924602907673868
2018-12-24,MI,2.446974022367759
2018-12-24,MN,2.0370627299657804
2018-12-24,MO,2.66442493668284
2018-12-24,MS,3.9641283809965566
2018-12-24,MT,1.5426550615710701
2018-12-24,NC,2.344765699265124
2018-12-24,ND,1.981524266435911
2018-12-24,NE,4.491758132320615
2018-12-24,NH,1.6082312852715503
2018-12-24,NJ,4.224180398137005
2018-12-24,NM,3.433601863210985
2018-12-24,NV,2.7825084076008473
2018-12-24,NY,3.268101516436675
2018-12-24,OH,1.826237071759505
2018-12-24,OK,3.546566208366607
2018-12-24,OR,1.8802038698876857
2018-12-24,PA,2.450366059981127
2018-12-24,RI,1.6332926615357906
2018-12-24,SC,2.489910405260726
2018-12-24,SD,1.551048264889975
2018-12-24,TN,2.5781510675651393
2018-12-24,TX,4.18879798896691
2018-12-24,UT,3.0957774250412085
2018-12-24,VA,3.054986878700678
2018-12-24,VT,1.8713147343341756
2018-12-24,WA,1.5340201077788782
2018-12-24,WI,2.0109957416466893
2018-12-24,WV,1.7373151717152173
2018-12-24,WY,1.864820386022862
2018-12-31,AK,3.248773122359068
2018-12-31,AL,4.8177281678020485
2018-12-31,AR,4.025910658485612
2018-12-31,AZ,3.9304616484329538
2018-12-31,CA,3.5635541324228326
2018-12-31,CO,6.240017577686365
2018-12-31,CT,4.351781573229378
2018-12-31,DE,1.8841549098721169
2018-12-31,GA,5.765107490778054
2018-12-31,HI,2.6092193725972503
2018-12-31,IA,2.734777426910888
2018-12-31,ID,2.8336800028617315
2018-12-31,IL,3.7177641267953536
2018-12-31,IN,4.316441173449406
2018-12-31,KS,2.8758785626652354
2018-12-31,KY,4.338170302121591
2018-12-31,LA,4.308186502787417
2018-12-31,MA,3.822069965907894
2018-12-31,MD,3.308976822589795
2018-12-31,ME,2.5570304775710104
2018-12-31,MI,2.776947804631593
2018-12-31,MN,2.619330547785599
2018-12-31,MO,4.631050489297157
2018-12-31,MS,4.5352097815022026
2018-12-31,MT,2.3748301879740437
2018-12-31,NC,3.466460478042763
2018-12-31,ND,3.1439993708132903
2018-12-31,NE,6.852349559030073
2018-12-31,NH,2.7387073383722593
2018-12-31,NJ,5.808535553514804
2018-12-31,NM,4.9035689820713495
2018-12-31,NV,3.6024291130050523
2018-12-31,NY,4.080493170757308
2018-12-31,OH,2.769173472928948
2018-12-31,OK,4.677516597856304
2018-12-31,OR,2.3914947308646033
2018-12-31,PA,3.462607463633219
2018-12-31,RI,2.8702225418209535
2018-12-31,SC,3.30824821029534
2018-12-31,SD,2.439444725002332
2018-12-31,TN,4.1883636264193145
2018-12-31,TX,5.458592811330879
2018-12-31,UT,4.386867709170081
2018-12-31,VA,3.7987997117545715
2018-12-31,VT,2.763860815616032
2018-12-31,WA,2.1502711934521432
2018-12-31,WI,2.4336011531711446
2018-12-31,WV,2.2568417826808904
2018-12-31,WY,2.8163258108185825
2019-01-07,AK,3.120070017179131
2019-01-07,AL,3.493567239194191
2019-01-07,AR,3.2230702225891736
2019-01-07,AZ,3.578365131980627
2019-01-07,CA,3.296054644168735
2019-01-07,CO,4.3190233705939525
2019-01-07,CT,4.296586831866281
2019-01-07,DE,1.6353714098599943
2019-01-07,GA,3.8955333536088244
2019-01-07,HI,2.7853234984869584
2019-01-07,IA,2.313377426015002
2019-01-07,ID,2.144500100458747
2019-01-07,IL,2.961002486500781
2019-01-07,IN,2.6600683490856083
2019-01-07,KS,2.303577397184673
2019-01-07,KY,3.656534186098117
2019-01-07,LA,3.206559834247785
2019-01-07,MA,3.170295656577434
2019-01-07,MD,3.437573696049168
2019-01-07,ME,2.4433119884997296
2019-01-07,MI,2.347862211267185
2019-01-07,MN,2.4188065850271467
2019-01-07,MO,2.581253023322431
2019-01-07,MS,3.6929049612634524
2019-01-07,MT,2.0061515878069796
2019-01-07,NC,2.808812989423292
2019-01-07,ND,2.166782448085913
2019-01-07,NE,5.688483240204153
2019-01-07,NH,1.8613753211121746
2019-01-07,NJ,4.437453421871971
2019-01-07,NM,4.092036819457158
2019-01-07,NV,2.848641675613881
2019-01-07,NY,3.1681449011574836
2019-01-07,OH,2.2426001195037726
2019-01-07,OK,4.301461148307115
2019-01-07,OR,2.4293160415459747
2019-01-07,PA,2.909702984117283
2019-01-07,RI,2.1240908908105425
2019-01-07,SC,2.9305252984741523
2019-01-07,SD,2.340320605638226
2019-01-07,TN,3.2035146956874896
2019-01-07,TX,4.197922141655363
2019-01-07,UT,3.9753577358615706
2019-01-07,VA,3.5033914801058303
2019-01-07,VT,2.3470917289496804
2019-01-07,WA,2.299434922813953
2019-01-07,WI,2.2152201432135277
2019-01-07,WV,2.0441444727471296
2019-01-07,WY,2.5213944552138603
2019-01-14,AK,2.8116596228703417
2019-01-14,AL,3.110255013152913
2019-01-14,AR,2.59045538331224
2019-01-14,AZ,3.6025448207618074
2019-01-14,CA,3.046062830268008
2019-01-14,CO,4.088510763777972
2019-01-14,CT,4.229348948147477
2019-01-14,DE,1.51924183351642
2019-01-14,GA,3.412977918263067
2019-01-14,HI,2.8097061460624904
2019-01-14,IA,2.0975924382107523
2019-01-14,ID,2.16536329947294
2019-01-14,IL,2.384623422336988
2019-01-14,IN,2.5403298423748
2019-01-14,KS,2.2640846436669433
2019-01-14,KY,3.876752125354484
2019-01-14,LA,3.0305933970663936
2019-01-14,MA,2.8502480559114303
2019-01-14,MD,2.7582852960208966
2019-01-14,ME,2.411522210807023
2019-01-14,MI,2.1251317209495397
2019-01-14,MN,2.6615392664097404
2019-01-14,MO,2.3032015477549783
2019-01-14,MS,3.375164483431372
2019-01-14,MT,1.8803702244955784
2019-01-14,NC,2.525498874191673
2019-01-14,ND,2.31053383743377
2019-01-14,NE,4.548614439288512
2019-01-14,NH,3.363008757577947
2019-01-14,NJ,4.132377920578
2019-01-14,NM,3.607426811098157
2019-01-14,NV,2.782636025728848
2019-01-14,NY,3.056191011425007
2019-01-14,OH,1.984356672062706
2019-01-14,OK,3.8047672386048537
2019-01-14,OR,1.849262918943471
2019-01-14,PA,2.537201090782136
2019-01-14,RI,2.6525851879995734
2019-01-14,SC,2.52553349209264
2019-01-14,SD,1.9948897312575147
2019-01-14,TN,2.070646117884835
2019-01-14,TX,3.9622694242173813
2019-01-14,UT,3.3731958274008775
2019-01-14,VA,3.2736638689484883
2019-01-14,VT,2.5323448911139805
2019-01-14,WA,2.22990821389425
2019-01-14,WI,2.1331397676848876
2019-01-14,WV,2.0076101724387607
2019-01-14,WY,2.544173609979886
2019-01-21,AK,3.3669436958775893
2019-01-21,AL,4.223494592818452
2019-01-21,AR,2.9058025443355797
2019-01-21,AZ,3.4062735385775333
2019-01-21,CA,3.006564706238767
2019-01-21,CO,4.034974783295971
2019-01-21,CT,4.4010511352234225
2019-01-21,DE,1.6755004172101087
2019-01-21,GA,3.840906163380355
2019-01-21,HI,2.729366081613219
2019-01-21,IA,2.3941857492107603
2019-01-21,ID,2.4795245254084715
2019-01-21,IL,2.6436489919026815
2019-01-21,IN,3.340548678366577
2019-01-21,KS,2.6504323816675983
2019-01-21,KY,5.488827054483704
2019-01-21,LA,3.4822292501375713
2019-01-21,MA,3.1799582814504124
2019-01-21,MD,3.9567733900973687
2019-01-21,ME,2.550164783576987
2019-01-21,MI,2.443858155144712
2019-01-21,MN,2.4872647530631444
2019-01-21,MO,2.890342495717209
2019-01-21,MS,3.8704064829955875
2019-01-21,MT,2.0323854142060984
2019-01-21,NC,3.0403526944574377
2019-01-21,ND,3.114590918785863
2019-01-21,NE,5.93669446928817
2019-01-21,NH,3.3133625948105543
2019-01-21,NJ,4.665136613906305
2019-01-21,NM,3.771035731517766
2019-01-21,NV,2.840924554364955
2019-01-21,NY,3.8537984655279205
2019-01-21,OH,2.33191762506054
2019-01-21,OK,4.297851151561747
2019-01-21,OR,2.150216141795073
2019-01-21,PA,2.7736248144665265
2019-01-21,RI,3.1693060885964472
2019-01-21,SC,2.7584852850649533
2019-01-21,SD,2.375332481259355
2019-01-21,TN,2.851237381565662
2019-01-21,TX,4.751860920314933
2019-01-21,UT,3.2527737154725616
2019-01-21,VA,3.48006748751697
2019-01-21,VT,2.7762009726604546
2019-01-21,WA,2.4195738712664197
2019-01-21,WI,2.261304267322611
2019-01-21,WV,2.303547013403527
2019-01-21,WY,3.056116788061266
2019-01-28,AK,4.755622891895663
2019-01-28,AL,4.99636180324507
2019-01-28,AR,4.055355935900901
2019-01-28,AZ,3.735200164316348
2019-01-28,CA,3.1767442067343823
2019-01-28,CO,4.1756985481405975
2019-01-28,CT,4.213427834184245
2019-01-28,DE,1.9631898172909752
2019-01-28,GA,4.356493951779157
2019-01-28,HI,3.9195634936653416
2019-01-28,IA,2.6674093054493304
2019-01-28,ID,2.9597344531902783
2019-01-28,IL,2.906335767269623
2019-01-28,IN,3.0892936062462235
2019-01-28,KS,2.6929649243135785
2019-01-28,KY,7.2981106792648305
2019-01-28,LA,4.245863313205425
2019-01-28,MA,3.456184232227434
2019-01-28,MD,3.696111603822459
2019-01-28,ME,3.0147626080116376
2019-01-28,MI,2.794744443932869
2019-01-28,MN,2.7702912439920544
2019-01-28,MO,3.1922663084664045
2019-01-28,MS,4.681916520951652
2019-01-28,MT,2.3955473645112453
2019-01-28,NC,3.955601488019063
2019-01-28,ND,3.136120877512404
2019-01-28,NE,5.804456787256234
2019-01-28,NH,2.929284692102299
2019-01-28,NJ,5.019618940728703
2019-01-28,NM,4.052576262385209
2019-01-28,NV,2.983413395609512
2019-01-28,NY,3.8976064622521087
2019-01-28,OH,2.6421685211792254
2019-01-28,OK,5.143786956876843
2019-01-28,OR,2.5102383794379013
2019-01-28,PA,3.324594564697616
2019-01-28,RI,3.701137010835626
2019-01-28,SC,3.1291805489225304
2019-01-28,SD,2.883491254420191
2019-01-28,TN,4.0639945800592665
2019-01-28,TX,5.853548938807844
2019-01-28,UT,3.954337583802748
2019-01-28,VA,4.265982994630239
2019-01-28,VT,3.1960128145984292
2019-01-28,WA,2.8133463078312286
2019-01-28,WI,2.525346684012568
2019-01-28,WV,2.679780387129952
2019-01-28,WY,3.893313199725606
2019-02-04,AK,5.5869555450648445
2019-02-04,AL,6.834515890329131
2019-02-04,AR,5.070848223690479
2019-02-04,AZ,3.901329986450434
2019-02-04,CA,3.850773982567849
2019-02-04,CO,4.762708051883502
2019-02-04,CT,4.617452117425619
2019-02-04,DE,2.6644027649486794
2019-02-04,GA,4.863964340355723
2019-02-04,HI,4.278778462868067
2019-02-04,IA,2.991088863442445
2019-02-04,ID,3.303676659169721
2019-02-04,IL,3.6412879563180267
2019-02-04,IN,4.060723301864367
2019-02-04,KS,4.193836611695721
2019-02-04,KY,7.262322170189922
2019-02-04,LA,7.363016787712505
2019-02-04,MA,3.6667913965836774
2019-02-04,MD,3.1169186083577305
2019-02-04,ME,3.2386973565429287
2019-02-04,MI,2.768527150092454
2019-02-04,MN,3.5506825476784325
2019-02-04,MO,4.611490397090606
2019-02-04,MS,5.978527082132029
2019-02-04,MT,3.501977044808677
2019-02-04,NC,4.717615373543298
2019-02-04,ND,3.8151254597163056
2019-02-04,NE,5.49452953354327
2019-02-04,NH,2.876018863886905
2019-02-04,NJ,5.16156218342778
2019-02-04,NM,4.278735414389393
2019-02-04,NV,3.0636717438789622
2019-02-04,NY,3.962914824506255
2019-02-04,OH,2.880104344133652
2019-02-04,OK,7.186868090648176
2019-02-04,OR,3.294078408441936
2019-02-04,PA,3.431934822657247
2019-02-04,RI,4.694850953272548
2019-02-04,SC,6.508875802298823
2019-02-04,SD,3.147069546828658
2019-02-04,TN,4.528439984269404
2019-02-04,TX,6.895226937213469
2019-02-04,UT,5.0053515638536075
2019-02-04,VA,5.167223894257738
2019-02-04,VT,3.90796215733245
2019-02-04,WA,3.2171046878613834
2019-02-04,WI,2.9521262122484107
2019-02-04,WV,4.199994348978207
2019-02-04,WY,4.375691244763031
2019-02-11,AK,6.8346802057795175
2019-02-11,AL,6.916987517612159
2019-02-11,AR,6.423430806281861
2019-02-11,AZ,4.14766293218364
2019-02-11,CA,3.9245876446312544
2019-02-11,CO,5.026363392050856
2019-02-11,CT,4.993648476496289
2019-02-11,DE,2.8712126472002386
2019-02-11,GA,5.903414775320991
2019-02-11,HI,4.421069366254666
2019-02-11,IA,3.0715833958016026
2019-02-11,ID,4.752635223419933
2019-02-11,IL,3.2615876429969783
2019-02-11,IN,3.729124769793322
2019-02-11,KS,3.4107658708743553
2019-02-11,KY,7.220093576461376
2019-02-11,LA,7.553554801147733
2019-02-11,MA,4.117309908518889
2019-02-11,MD,4.647197890126669
2019-02-11,ME,3.6437288161647974
2019-02-11,MI,2.975453925443868
2019-02-11,MN,3.121485784589888
2019-02-11,MO,4.480413477457532
2019-02-11,MS,7.005718087015817
2019-02-11,MT,3.3138392205138136
2019-02-11,NC,6.095904374739934
2019-02-11,ND,3.8999662842231437
2019-02-11,NE,5.719093115760554
2019-02-11,NH,3.1747011788238746
2019-02-11,NJ,5.322194211990859
2019-02-11,NM,4.5939624780016945
2019-02-11,NV,3.3201485723448543
2019-02-11,NY,4.4285380640312075
2019-02-11,OH,3.3208124314154195
2019-02-11,OK,7.736367881625925
2019-02-11,OR,3.2654319194107524
2019-02-11,PA,3.715169348713626
2019-02-11,RI,5.349752409470286
2019-02-11,SC,5.112955684146752
2019-02-11,SD,3.272456633349189
2019-02-11,TN,5.721709802529886
2019-02-11,TX,7.9909476241116115
2019-02-11,UT,5.5723971281388875
2019-02-11,VA,6.03941698123447
2019-02-11,VT,3.2203806425687267
2019-02-11,WA,3.3396910948847784
2019-02-11,WI,2.7645423945607632
2019-02-11,WV,3.3303884387678737
2019-02-11,WY,5.425579790350198
2019-02-18,AK,6.875200537183401
2019-02-18,AL,7.0499953472714
2019-02-18,AR,6.779917425315426
2019-02-18,AZ,4.037584680022299
2019-02-18,CA,4.418843754312501
2019-02-18,CO,5.948800655209247
2019-02-18,CT,5.01951702109154
2019-02-18,DE,2.970783817910769
2019-02-18,GA,5.093493193469451
2019-02-18,HI,4.742743613969351
2019-02-18,IA,3.346703317424546
2019-02-18,ID,3.786856143288004
2019-02-18,IL,3.7857332186102903
2019-02-18,IN,3.8209270930080574
2019-02-18,KS,4.047979142627339
2019-02-18,KY,6.610835882639397
2019-02-18,LA,7.7096439071068215
2019-02-18,MA,3.6012872822731614
2019-02-18,MD,3.9335124117443643
2019-02-18,ME,4.041745543019051
2019-02-18,MI,3.1732214795083427
2019-02-18,MN,3.208725330057569
2019-02-18,MO,4.867761795444572
2019-02-18,MS,7.544641075165383
2019-02-18,MT,3.5281706927442134
2019-02-18,NC,5.452235948190529
2019-02-18,ND,4.069837720338328
2019-02-18,NE,5.025300231238079
2019-02-18,NH,3.567176295239447
2019-02-18,NJ,5.20060632320122
2019-02-18,NM,5.338899212881884
2019-02-18,NV,3.428828901939612
2019-02-18,NY,4.639046985448781
2019-02-18,OH,3.4287891564756343
2019-02-18,OK,7.879974255419663
2019-02-18,OR,3.536747683246949
2019-02-18,PA,4.060926514260764
2019-02-18,RI,4.519550290520902
2019-02-18,SC,5.020356456371293
2019-02-18,SD,3.4699110453584936
2019-02-18,TN,4.875599222812058
2019-02-18,TX,7.869921899436477
2019-02-18,UT,5.678407574698183
2019-02-18,VA,6.160039126139967
2019-02-18,VT,3.603450424802541
2019-02-18,WA,4.187891161580601
2019-02-18,WI,2.924722575910766
2019-02-18,WV,3.7888242639282868
2019-02-18,WY,6.004893864085808
2019-02-25,AK,6.259193441486299
2019-02-25,AL,5.649539860235815
2019-02-25,AR,6.839062765175352
2019-02-25,AZ,4.290428041249502
2019-02-25,CA,3.9374890846658928
2019-02-25,CO,5.870026075808454
2019-02-25,CT,4.575555934952808
2019-02-25,DE,2.790669762190782
2019-02-25,GA,4.967236948377774
2019-02-25,HI,4.812248859899393
2019-02-25,IA,3.4185699137713437
2019-02-25,ID,4.324654287768107
2019-02-25,IL,3.9511137716377265
2019-02-25,IN,4.256443201550374
2019-02-25,KS,4.178401335242986
2019-02-25,KY,6.704508568819629
2019-02-25,LA,7.148637194772345
2019-02-25,MA,4.0029512733379
2019-02-25,MD,3.9148842504253314
2019-02-25,ME,3.9811465763318363
2019-02-25,MI,3.1313501193349254
2019-02-25,MN,3.256810616806429
2019-02-25,MO,5.960457900674553
2019-02-25,MS,6.044897024572997
2019-02-25,MT,3.6006901431626868
2019-02-25,NC,5.191105276381032
2019-02-25,ND,4.660512230614566
2019-02-25,NE,4.79714924881544
2019-02-25,NH,3.234387987286409
2019-02-25,NJ,5.211441787401639
2019-02-25,NM,5.453450795767454
2019-02-25,NV,4.144205882815686
2019-02-25,NY,4.042140628080505
2019-02-25,OH,3.9011955007862955
2019-02-25,OK,7.809812118743058
2019-02-25,OR,3.884124098983535
2019-02-25,PA,3.8440392348580046
2019-02-25,RI,4.092730835401789
2019-02-25,SC,4.957927441828655
2019-02-25,SD,3.5136129236167886
2019-02-25,TN,3.9700112189372403
2019-02-25,TX,7.186200877474001
2019-02-25,UT,5.7950874624663875
2019-02-25,VA,6.604283272686839
2019-02-25,VT,3.503409531173382
2019-02-25,WA,3.254707635938206
2019-02-25,WI,3.099166889365228
2019-02-25,WV,4.23737850575927
2019-02-25,WY,5.532328931004891
2019-03-04,AK,5.503982333714313
2019-03-04,AL,4.940987631977457
2019-03-04,AR,6.241443309484706
2019-03-04,AZ,4.1381753626702835
2019-03-04,CA,4.0280575089392165
2019-03-04,CO,5.442473098829437
2019-03-04,CT,4.734159882740913
2019-03-04,DE,2.5395246094138573
2019-03-04,GA,4.002531447211165
2019-03-04,HI,4.740450409082905
2019-03-04,IA,3.512163283248687
2019-03-04,ID,3.29379847006833
2019-03-04,IL,3.6876146586353045
2019-03-04,IN,4.711202418567053
2019-03-04,KS,4.615866446026241
2019-03-04,KY,4.417721822296027
2019-03-04,LA,6.570664830912084
2019-03-04,MA,3.038241226061193
2019-03-04,MD,4.201587799156584
2019-03-04,ME,3.5864095655446864
2019-03-04,MI,3.2317795711010153
2019-03-04,MN,3.5425874471698986
2019-03-04,MO,4.80999322325518
2019-03-04,MS,5.387841153422843
2019-03-04,MT,3.8120785311247722
2019-03-04,NC,4.126615472036888
2019-03-04,ND,4.5257327655451345
2019-03-04,NE,3.924652542471574
2019-03-04,NH,2.9479907050547567
2019-03-04,NJ,4.329561845920985
2019-03-04,NM,5.310771884191859
2019-03-04,NV,3.736948573701233
2019-03-04,NY,3.172531648853503
2019-03-04,OH,3.712066123882156
2019-03-04,OK,6.723691905656988
2019-03-04,OR,4.230876342177551
2019-03-04,PA,3.5965682067915545
2019-03-04,RI,3.7909302674290783
2019-03-04,SC,5.858744965225795
2019-03-04,SD,2.9780984400789974
2019-03-04,TN,3.7148982855657753
2019-03-04,TX,7.313511582795206
2019-03-04,UT,5.231063386939022
2019-03-04,VA,5.504828525381409
2019-03-04,VT,3.2963808477512853
2019-03-04,WA,3.40882569932271
2019-03-04,WI,3.4966558327580826
2019-03-04,WV,4.778455746066248
2019-03-04,WY,5.340804835901225
2019-03-11,AK,5.179985113938332
2019-03-11,AL,4.476090526071621
2019-03-11,AR,4.556109613123481
2019-03-11,AZ,3.9686579708951757
2019-03-11,CA,3.794605830735115
2019-03-11,CO,5.894508861926251
2019-03-11,CT,4.5851176235279025
2019-03-11,DE,2.2759551153694946
2019-03-11,GA,4.365727848144748
2019-03-11,HI,4.27147821716384
2019-03-11,IA,3.904960247820376
2019-03-11,ID,3.01113676077782
2019-03-11,IL,3.673982175268761
2019-03-11,IN,3.764573887907836
2019-03-11,KS,3.713438003473681
2019-03-11,KY,4.116364823580074
2019-03-11,LA,5.8951850812135085
2019-03-11,MA,3.0868933444622533
2019-03-11,MD,3.8082688441281727
2019-03-11,ME,3.2060828058274673
2019-03-11,MI,3.26850359300661
2019-03-11,MN,2.94505850272334
2019-03-11,MO,5.124021180658753
2019-03-11,MS,5.1447385467352795
2019-03-11,MT,3.0646950018701427
2019-03-11,NC,3.7630391700543675
2019-03-11,ND,4.263728136418418
2019-03-11,NE,3.3517025278122836
2019-03-11,NH,2.64786461650653
2019-03-11,NJ,4.553668093463058
2019-03-11,NM,4.782971655643726
2019-03-11,NV,3.335731695412804
2019-03-11,NY,3.5893854795614306
2019-03-11,OH,4.023070712899398
2019-03-11,OK,6.3684957782078495
2019-03-11,OR,3.6526687248698684
2019-03-11,PA,3.6057537368598434
2019-03-11,RI,3.367102432539187
2019-03-11,SC,3.989176597804446
2019-03-11,SD,3.3008194363309045
2019-03-11,TN,3.9220498212487156
2019-03-11,TX,6.609504805706052
2019-03-11,UT,4.757544422885784
2019-03-11,VA,5.55983012129939
2019-03-11,VT,3.000409218402055
2019-03-11,WA,4.107444590843761
2019-03-11,WI,3.268811456479799
2019-03-11,WV,3.1473629573071396
2019-03-11,WY,5.295397552168277
2019-03-18,AK,4.604816337603835
2019-03-18,AL,4.328559997783856
2019-03-18,AR,4.549194382901381
2019-03-18,AZ,3.7477492683455216
2019-03-18,CA,3.5941535173377472
2019-03-18,CO,4.956703430725832
2019-03-18,CT,3.2928585113369353
2019-03-18,DE,2.0871920402051636
2019-03-18,GA,3.8965051791147634
2019-03-18,HI,4.001097594332012
2019-03-18,IA,3.600254520622996
2019-03-18,ID,2.640432589100822
2019-03-18,IL,3.8245403955139823
2019-03-18,IN,4.48363264371179
2019-03-18,KS,3.352475032239113
2019-03-18,KY,4.654290143696472
2019-03-18,LA,4.4021813191358925
2019-03-18,MA,3.0858484585435457
2019-03-18,MD,4.347586339717669
2019-03-18,ME,3.3267769718018667
2019-03-18,MI,3.564587840500489
2019-03-18,MN,2.8508050427161598
2019-03-18,MO,6.288648288282248
2019-03-18,MS,4.134052551052678
2019-03-18,MT,3.0737541439730256
2019-03-18,NC,3.533200268050691
2019-03-18,ND,3.628234055968468
2019-03-18,NE,3.4158983965421976
2019-03-18,NH,2.4040362044078654
2019-03-18,NJ,4.224227554400891
2019-03-18,NM,4.4526522029399995
2019-03-18,NV,3.174495290719424
2019-03-18,NY,3.330743599661471
2019-03-18,OH,3.442678147239391
2019-03-18,OK,5.377781724563109
2019-03-18,OR,4.073610843848596
2019-03-18,PA,3.4668814872663702
2019-03-18,RI,3.551777305901897
2019-03-18,SC,3.555524280788699
2019-03-18,SD,2.7642178684426084
2019-03-18,TN,3.3051873744338436
2019-03-18,TX,5.993447370191678
2019-03-18,UT,4.38524208979704
2019-03-18,VA,5.349797275337846
2019-03-18,VT,2.7696181951126917
2019-03-18,WA,4.643140959608918
2019-03-18,WI,3.266711597454627
2019-03-18,WV,2.979444505654598
2019-03-18,WY,4.341265478059668
2019-03-25,AK,3.1135009085533065
2019-03-25,AL,3.261275050066926
2019-03-25,AR,4.099938987034587
2019-03-25,AZ,3.611845579605136
2019-03-25,CA,3.4660907444150824
2019-03-25,CO,3.6859683845040268
2019-03-25,CT,3.7247457748633663
2019-03-25,DE,1.7587345417412457
2019-03-25,GA,3.456208279564685
2019-03-25,HI,3.0827642910408226
2019-03-25,IA,2.9147631115871846
2019-03-25,ID,2.4305300302847073
2019-03-25,IL,3.0710943823654846
2019-03-25,IN,2.6505404763497005
2019-03-25,KS,2.449545873158847
2019-03-25,KY,4.2291905422226845
2019-03-25,LA,3.9633740303485947
2019-03-25,MA,2.6478795917634157
2019-03-25,MD,3.411082713771571
2019-03-25,ME,3.1144339754069064
2019-03-25,MI,3.4083006796374207
2019-03-25,MN,2.4668671132926514
2019-03-25,MO,5.132659866406134
2019-03-25,MS,3.22377658552618
2019-03-25,MT,2.3502806957869327
2019-03-25,NC,2.800532441109356
2019-03-25,ND,3.027318794553643
2019-03-25,NE,2.7645601385222087
2019-03-25,NH,2.1751638740594994
2019-03-25,NJ,3.6473259859872873
2019-03-25,NM,3.4866419136872215
2019-03-25,NV,2.743594013988539
2019-03-25,NY,2.695147843384098
2019-03-25,OH,3.181653215061841
2019-03-25,OK,4.035059946070969
2019-03-25,OR,3.608205975720695
2019-03-25,PA,2.8420266917982824
2019-03-25,RI,2.7067817725252175
2019-03-25,SC,3.0369951630552356
2019-03-25,SD,2.086689031237817
2019-03-25,TN,2.956862261861445
2019-03-25,TX,4.471974460226963
2019-03-25,UT,3.673647536787938
2019-03-25,VA,4.111324171963919
2019-03-25,VT,2.657332533180191
2019-03-25,WA,3.5708272306309294
2019-03-25,WI,3.0798529383580804
2019-03-25,WV,2.3971776812788863
2019-03-25,WY,3.449563837660423
2019-04-01,AK,1.9412381447888545
2019-04-01,AL,2.8823094971616405
2019-04-01,AR,3.128185891405881
2019-04-01,AZ,3.1332751392350007
2019-04-01,CA,2.754286318428967
2019-04-01,CO,2.996036259677167
2019-04-01,CT,3.551426654017914
2019-04-01,DE,1.544157189913822
2019-04-01,GA,3.2702860950556287
2019-04-01,HI,2.9423916338716527
2019-04-01,IA,2.280810511426877
2019-04-01,ID,2.483574335262399
2019-04-01,IL,2.4979273410046554
2019-04-01,IN,2.5156004097810376
2019-04-01,KS,2.3993942454649675
2019-04-01,KY,2.962945668118903
2019-04-01,LA,3.654310515377837
2019-04-01,MA,2.581363873919366
2019-04-01,MD,2.597545999435688
2019-04-01,ME,2.556135344954083
2019-04-01,MI,2.7397355369086007
2019-04-01,MN,2.2798598981011367
2019-04-01,MO,3.8313842287486715
2019-04-01,MS,2.973867704245313
2019-04-01,MT,2.126346839566814
2019-04-01,NC,2.544271815901891
2019-04-01,ND,2.401856528533459
2019-04-01,NE,2.6661011561695918
2019-04-01,NH,1.8699479001123227
2019-04-01,NJ,3.233507627900347
2019-04-01,NM,2.827797541553602
2019-04-01,NV,2.3686426078844014
2019-04-01,NY,2.7395717290614634
2019-04-01,OH,2.542986464993428
2019-04-01,OK,3.065173718029323
2019-04-01,OR,2.1382048644368763
2019-04-01,PA,2.7061271804269182
2019-04-01,RI,3.2533493170245498
2019-04-01,SC,3.224057681519623
2019-04-01,SD,1.90792613065301
2019-04-01,TN,2.037534695348252
2019-04-01,TX,3.8763131623021803
2019-04-01,UT,3.0952618311438713
2019-04-01,VA,3.5226232883054696
2019-04-01,VT,2.18900820854451
2019-04-01,WA,2.3372750169783423
2019-04-01,WI,2.619299661978019
2019-04-01,WV,2.3995266008888563
2019-04-01,WY,2.3374747409829126
2019-04-08,AK,2.1846222500243675
2019-04-08,AL,2.3823805334609625
2019-04-08,AR,2.511575527983205
2019-04-08,AZ,2.9385733711145687
2019-04-08,CA,2.7173031743099316
2019-04-08,CO,3.081814722503832
2019-04-08,CT,2.623141360993231
2019-04-08,DE,1.3049121948586182
2019-04-08,GA,2.730691874746004
2019-04-08,HI,2.9214295593976622
2019-04-08,IA,1.7617617768235059
2019-04-08,ID,1.6481000598482223
2019-04-08,IL,2.1532519402569235
2019-04-08,IN,1.7188967402535593
2019-04-08,KS,1.579013621366723
2019-04-08,KY,2.150109404524427
2019-04-08,LA,2.823507274608365
2019-04-08,MA,2.3039328712790446
2019-04-08,MD,1.7106792327464801
2019-04-08,ME,2.2605361645358597
2019-04-08,MI,2.2478917572491963
2019-04-08,MN,1.8768531313112513
2019-04-08,MO,2.0797448166229167
2019-04-08,MS,2.7906405367205056
2019-04-08,MT,1.545997111038122
2019-04-08,NC,2.0262081339458256
2019-04-08,ND,2.352387652801553
2019-04-08,NE,2.4554978596532457
2019-04-08,NH,1.868028302914706
2019-04-08,NJ,2.9540152987787875
2019-04-08,NM,2.426024789948093
2019-04-08,NV,2.031833358049187
2019-04-08,NY,2.5232028992538327
2019-04-08,OH,1.8318145522438787
2019-04-08,OK,2.650009582121885
2019-04-08,OR,1.7249718191447887
2019-04-08,PA,2.16107531213847
2019-04-08,RI,2.1890415740002207
2019-04-08,SC,2.46119644766171
2019-04-08,SD,1.664719662059777
2019-04-08,TN,2.4762339117781935
2019-04-08,TX,3.4829899067577066
2019-04-08,UT,2.84637370954265
2019-04-08,VA,3.030010374993703
2019-04-08,VT,1.8734322578688358
2019-04-08,WA,1.7895654680162183
2019-04-08,WI,2.252471954141392
2019-04-08,WV,1.9077256133787954
2019-04-08,WY,2.016964231681744
2019-04-15,AK,1.9201242156461753
2019-04-15,AL,1.9934824114115197
2019-04-15,AR,1.9226920388775073
2019-04-15,AZ,2.6772025798354457
2019-04-15,CA,2.0964468402170047
2019-04-15,CO,2.4476469317082405
2019-04-15,CT,2.491820411134332
2019-04-15,DE,1.0343042694205913
2019-04-15,GA,2.348689197341665
2019-04-15,HI,2.9243549383484133
2019-04-15,IA,1.559129619639571
2019-04-15,ID,1.272083289821611
2019-04-15,IL,1.9566685385613656
2019-04-15,IN,1.6846374400012452
2019-04-15,KS,1.301772848649379
2019-04-15,KY,1.3901210958647212
2019-04-15,LA,2.451179660325125
2019-04-15,MA,2.0349387377847914
2019-04-15,MD,1.6121043625742844
2019-04-15,ME,1.937596058018062
2019-04-15,MI,1.6749784299752055
2019-04-15,MN,1.655502065748014
2019-04-15,MO,2.1069265723969828
2019-04-15,MS,2.256146904380769
2019-04-15,MT,1.3372572918749666
2019-04-15,NC,1.7363447360204116
2019-04-15,ND,1.8040173612993762
2019-04-15,NE,1.980963762990278
2019-04-15,NH,1.4277884231975446
2019-04-15,NJ,2.6423868406556332
2019-04-15,NM,2.2053603547069027
2019-04-15,NV,1.60400593998875
2019-04-15,NY,2.000432420530474
2019-04-15,OH,1.4867857340557196
2019-04-15,OK,1.92236820672235
2019-04-15,OR,1.3003824095922214
2019-04-15,PA,1.78640683515621
2019-04-15,RI,2.1807863643444585
2019-04-15,SC,1.9331817109936111
2019-04-15,SD,1.2933437944883557
2019-04-15,TN,1.428362997312723
2019-04-15,TX,3.0508361294981414
2019-04-15,UT,2.168553723891833
2019-04-15,VA,2.287401397148228
2019-04-15,VT,1.633919208910311
2019-04-15,WA,1.2864801568322335
2019-04-15,WI,1.8689847470949856
2019-04-15,WV,1.5040670331211645
2019-04-15,WY,1.3660395605300337
2019-04-22,AK,2.5670661922180273
2019-04-22,AL,1.8411942722019372
2019-04-22,AR,1.7079451231821006
2019-04-22,AZ,2.3706149159934413
2019-04-22,CA,2.0502288867128606
2019-04-22,CO,2.3353093977116983
2019-04-22,CT,2.435159719931697
2019-04-22,DE,0.8743266268671265
2019-04-22,GA,2.074368266619037
2019-04-22,HI,2.1945079045054605
2019-04-22,IA,1.1883431228063177
2019-04-22,ID,0.9826356497762541
2019-04-22,IL,1.5071904764697948
2019-04-22,IN,1.6220989471314113
2019-04-22,KS,1.1789040013699832
2019-04-22,KY,1.2980166498327133
2019-04-22,LA,2.1634540749656352
2019-04-22,MA,1.7356812038881935
2019-04-22,MD,1.341846115497841
2019-04-22,ME,1.6773885069563308
2019-04-22,MI,1.5444015588474427
2019-04-22,MN,1.5205172028090232
2019-04-22,MO,1.1210289826389666
2019-04-22,MS,2.328119712929556
2019-04-22,MT,1.1366764335496689
2019-04-22,NC,1.4045412058166815
2019-04-22,ND,1.5736724193811122
2019-04-22,NE,1.781853758338721
2019-04-22,NH,1.0862803267796417
2019-04-22,NJ,2.124271473444243
2019-04-22,NM,2.0024029402410433
2019-04-22,NV,1.3871877033619642
2019-04-22,NY,1.8301414798735136
2019-04-22,OH,1.4369576684083287
2019-04-22,OK,1.7470302890112146
2019-04-22,OR,1.3500211968089082
2019-04-22,PA,1.456141862776912
2019-04-22,RI,1.4857571379566439
2019-04-22,SC,1.6380214024100979
2019-04-22,SD,1.2476411609193288
2019-04-22,TN,1.5759101215719695
2019-04-22,TX,2.6478144755687807
2019-04-22,UT,2.2673305961684713
2019-04-22,VA,1.8732771193404845
2019-04-22,VT,1.4132807558160188
2019-04-22,WA,1.177107304139215
2019-04-22,WI,1.6801558655724196
2019-04-22,WV,1.2276642118508783
2019-04-22,WY,1.319925378459546
2019-04-29,AK,2.521188157201076
2019-04-29,AL,1.9344914515796883
2019-04-29,AR,1.471300289892882
2019-04-29,AZ,2.290405432261987
2019-04-29,CA,1.7617640674049955
2019-04-29,CO,2.0572818417401093
2019-04-29,CT,1.7910346316242594
2019-04-29,DE,0.7729457471142913
2019-04-29,GA,2.049364141034342
2019-04-29,HI,2.268787496104178
2019-04-29,IA,0.9847241107941165
2019-04-29,ID,1.0968507473572382
2019-04-29,IL,1.346198641136168
2019-04-29,IN,1.1116903666740774
2019-04-29,KS,1.0289661669300871
2019-04-29,KY,0.9914236816308706
2019-04-29,LA,2.0506703657137315
2019-04-29,MA,1.2792270036871811
2019-04-29,MD,1.0273511042352532
2019-04-29,ME,1.340688398629803
2019-04-29,MI,1.2481040722563672
2019-04-29,MN,1.492084252362269
2019-04-29,MO,1.2885022540946436
2019-04-29,MS,2.0833786581805778
2019-04-29,MT,1.037021720484362
2019-04-29,NC,1.295580827925515
2019-04-29,ND,1.282963043982666
2019-04-29,NE,1.4810992268684973
2019-04-29,NH,0.9210305476686433
2019-04-29,NJ,2.106675124529077
2019-04-29,NM,1.6965476769692758
2019-04-29,NV,1.3233531001758478
2019-04-29,NY,1.4214340192876784
2019-04-29,OH,1.1663733309494497
2019-04-29,OK,1.4678647675629866
2019-04-29,OR,1.26193582830547
2019-04-29,PA,1.2321859390593817
2019-04-29,RI,1.1034052614439516
2019-04-29,SC,1.4451520327712983
2019-04-29,SD,1.0779551057227472
2019-04-29,TN,1.4878070227882387
2019-04-29,TX,2.1348708672528245
2019-04-29,UT,1.9415863242578182
2019-04-29,VA,1.6181152794466542
2019-04-29,VT,1.057927491454207
2019-04-29,WA,0.8753781612967262
2019-04-29,WI,1.3285171272191139
2019-04-29,WV,1.2257622940340593
2019-04-29,WY,1.1955418625046161
2019-05-06,AK,2.436437582795113
2019-05-06,AL,1.6609884980021126
2019-05-06,AR,1.450192898541094
2019-05-06,AZ,2.2141960240391856
2019-05-06,CA,1.438593765505487
2019-05-06,CO,2.284513959762103
2019-05-06,CT,1.315404248539023
2019-05-06,DE,0.7302004056412306
2019-05-06,GA,1.8048972304656319
2019-05-06,HI,1.7532745145202635
2019-05-06,IA,0.8595429641312031
2019-05-06,ID,1.0726722701484293
2019-05-06,IL,1.2623278819685448
2019-05-06,IN,1.489662569424857
2019-05-06,KS,1.040068124885904
2019-05-06,KY,0.914244181686362
2019-05-06,LA,1.8036496470744514
2019-05-06,MA,1.3126293300384444
2019-05-06,MD,0.9575410801918544
2019-05-06,ME,1.2616860228034747
2019-05-06,MI,1.0917851578134872
2019-05-06,MN,1.4933166052776081
2019-05-06,MO,1.1185563832345562
2019-05-06,MS,1.8306126342141136
2019-05-06,MT,0.983019972380942
2019-05-06,NC,1.045029446177403
2019-05-06,ND,1.2218956427404353
2019-05-06,NE,1.4865220451852919
2019-05-06,NH,0.9688955244807509
2019-05-06,NJ,1.930041230940914
2019-05-06,NM,1.5786941740444806
2019-05-06,NV,1.240833390082119
2019-05-06,NY,1.4830559599398936
2019-05-06,OH,1.0370634620200216
2019-05-06,OK,1.2084283138940994
2019-05-06,OR,1.1457338693660737
2019-05-06,PA,1.1714587732961008
2019-05-06,RI,1.2402186013519103
2019-05-06,SC,1.5211225143454867
2019-05-06,SD,0.9297337288368709
2019-05-06,TN,1.0595513150584626
2019-05-06,TX,2.055936823352059
2019-05-06,UT,1.9387847621076855
2019-05-06,VA,1.4798603739509875
2019-05-06,VT,1.0884430717734612
2019-05-06,WA,0.9700660312359946
2019-05-06,WI,1.4225826133700035
2019-05-06,WV,1.017792594059368
2019-05-06,WY,1.0199341443999357
2019-05-13,AK,2.0665718350403037
2019-05-13,AL,1.512911699312888
2019-05-13,AR,1.3068858083936519
2019-05-13,AZ,1.7673729181306959
2019-05-13,CA,1.6614939236595316
2019-05-13,CO,1.9373689251873607
2019-05-13,CT,1.5496325069184769
2019-05-13,DE,0.6554340660790697
2019-05-13,GA,1.7728036197262984
2019-05-13,HI,1.845314223644312
2019-05-13,IA,0.8628196543761784
2019-05-13,ID,1.009863999455599
2019-05-13,IL,1.1065027944591233
2019-05-13,IN,1.21184129048182
2019-05-13,KS,0.8623269541413148
2019-05-13,KY,1.0046595853916485
2019-05-13,LA,1.738953970507565
2019-05-13,MA,1.1045636841429307
2019-05-13,MD,0.9144441416768085
2019-05-13,ME,1.0993992577861618
2019-05-13,MI,1.0886759925010008
2019-05-13,MN,1.2400699177825587
2019-05-13,MO,0.7887649822659113
2019-05-13,MS,1.686899949348931
2019-05-13,MT,0.8685286411543204
2019-05-13,NC,0.9536770180487446
2019-05-13,ND,1.0032127908345694
2019-05-13,NE,1.4225204671301732
2019-05-13,NH,0.8431956071074551
2019-05-13,NJ,1.7416131638013965
2019-05-13,NM,1.3829142024653756
2019-05-13,NV,1.0636912596313037
2019-05-13,NY,1.2424657041461242
2019-05-13,OH,0.9668860277572193
2019-05-13,OK,1.1029078856415107
2019-05-13,OR,1.0029073644937319
2019-05-13,PA,1.0382396386470378
2019-05-13,RI,0.6953415438395769
2019-05-13,SC,1.160527294469149
2019-05-13,SD,0.8795139632556478
2019-05-13,TN,1.0590680769374683
2019-05-13,TX,1.9801107707552812
2019-05-13,UT,1.8259127155794266
2019-05-13,VA,1.4426457648364235
2019-05-13,VT,1.0028909404392015
2019-05-13,WA,0.8394715045195029
2019-05-13,WI,1.131567310510134
2019-05-13,WV,0.8305444567543783
2019-05-13,WY,0.8172309532027938
2019-05-20,AK,2.027568993283407
2019-05-20,AL,1.4232692420340136
2019-05-20,AR,1.3323929329458162
2019-05-20,AZ,2.0749774957771248
2019-05-20,CA,1.4259272042925957
2019-05-20,CO,1.9930355763410315
2019-05-20,CT,1.2682665123551082
2019-05-20,DE,0.6459626188474105
2019-05-20,GA,1.7360707568139127
2019-05-20,HI,1.6338181220911354
2019-05-20,IA,0.7905293499941122
2019-05-20,ID,0.7153908203401091
2019-05-20,IL,1.1231905843130936
2019-05-20,IN,0.913460403893039
2019-05-20,KS,0.8715881139246748
2019-05-20,KY,0.9437619777456969
2019-05-20,LA,1.9015021876214584
2019-05-20,MA,1.266642314702167
2019-05-20,MD,0.904420719791724
2019-05-20,ME,1.1501015500175193
2019-05-20,MI,1.0260835316748445
2019-05-20,MN,1.367174367715264
2019-05-20,MO,0.9116853868913135
2019-05-20,MS,1.8139024673594977
2019-05-20,MT,0.9185756364259008
2019-05-20,NC,0.9359094132091983
2019-05-20,ND,1.0196784255254578
2019-05-20,NE,1.2342775885064716
2019-05-20,NH,0.9194857874107896
2019-05-20,NJ,1.9710974026483077
2019-05-20,NM,1.434961242311792
2019-05-20,NV,1.0458991999386782
2019-05-20,NY,1.367725719000551
2019-05-20,OH,1.0329076757846836
2019-05-20,OK,1.0794917599885723
2019-05-20,OR,0.9713785168727125
2019-05-20,PA,0.8675377235455333
2019-05-20,RI,0.8503638433422671
2019-05-20,SC,1.0905244843840385
2019-05-20,SD,0.804823794487519
2019-05-20,TN,1.260330640669301
2019-05-20,TX,1.9737936589050198
2019-05-20,UT,1.8249899471705482
2019-05-20,VA,1.4772239535099831
2019-05-20,VT,1.0146217901374044
2019-05-20,WA,0.7515326439539831
2019-05-20,WI,1.2781502287442434
2019-05-20,WV,0.8278742389561409
2019-05-20,WY,0.6939115003795571
2019-05-27,AK,1.35948038020686
2019-05-27,AL,1.3597605424769679
2019-05-27,AR,1.1833729027112878
2019-05-27,AZ,1.9135826769286541
2019-05-27,CA,1.3760523632790953
2019-05-27,CO,1.868797419607205
2019-05-27,CT,0.7414941982986051
2019-05-27,DE,0.5593227012747872
2019-05-27,GA,1.4526794869593478
2019-05-27,HI,1.672985431891986
2019-05-27,IA,0.8088894046602486
2019-05-27,ID,0.6671304128679978
2019-05-27,IL,1.0280174997363294
2019-05-27,IN,0.9891184422559435
2019-05-27,KS,0.8283235622107118
2019-05-27,KY,0.6873977516222787
2019-05-27,LA,1.5775663686366104
2019-05-27,MA,1.066065731491011
2019-05-27,MD,0.9641962832453295
2019-05-27,ME,0.99692602233209
2019-05-27,MI,0.8758566664318574
2019-05-27,MN,1.307785482254621
2019-05-27,MO,0.7645790686404299
2019-05-27,MS,1.5535838928624028
2019-05-27,MT,0.8796911749689935
2019-05-27,NC,0.90893927166912
2019-05-27,ND,1.4741844474823853
2019-05-27,NE,1.3021209961645819
2019-05-27,NH,0.7410014134589492
2019-05-27,NJ,1.7235067101478763
2019-05-27,NM,1.2749739327980976
2019-05-27,NV,1.1169005660770015
2019-05-27,NY,1.366046762386738
2019-05-27,OH,0.9252108258065509
2019-05-27,OK,1.1588012049404537
2019-05-27,OR,0.9354312500264725
2019-05-27,PA,1.0435206488948436
2019-05-27,RI,0.4931919548264076
2019-05-27,SC,1.0206679479550684
2019-05-27,SD,0.8721824111728658
2019-05-27,TN,0.6772211963866938
2019-05-27,TX,2.197326152172458
2019-05-27,UT,1.6127312532024742
2019-05-27,VA,1.365400398807444
2019-05-27,VT,0.9412926046852994
2019-05-27,WA,0.8583931243654489
2019-05-27,WI,1.0878298965824604
2019-05-27,WV,0.7806120405301662
2019-05-27,WY,0.6665953287281601
2019-06-03,AK,2.2936554007248926
2019-06-03,AL,1.2258221615069094
2019-06-03,AR,0.9990940486835191
2019-06-03,AZ,1.8333960490854049
2019-06-03,CA,1.5118264865832511
2019-06-03,CO,1.58013821382825
2019-06-03,CT,0.7262181058720624
2019-06-03,DE,0.5915669924747795
2019-06-03,GA,1.547094613304937
2019-06-03,HI,1.8252428065200932
2019-06-03,IA,0.7722725869204602
2019-06-03,ID,0.705950827150722
2019-06-03,IL,0.9958369757033481
2019-06-03,IN,1.4089790513812677
2019-06-03,KS,0.9536507942365418
2019-06-03,KY,0.7783294255687655
2019-06-03,LA,1.7220808444043012
2019-06-03,MA,1.318470188276174
2019-06-03,MD,1.0452476774320012
2019-06-03,ME,0.9858877272615636
2019-06-03,MI,0.8590388126484689
2019-06-03,MN,1.3639349287315654
2019-06-03,MO,0.5761250147245818
2019-06-03,MS,1.6059212140542514
2019-06-03,MT,0.8182218048241441
2019-06-03,NC,0.8832165849447627
2019-06-03,ND,1.1381058226986103
2019-06-03,NE,1.2570871100920238
2019-06-03,NH,0.6766607486263351
2019-06-03,NJ,1.8546561147226643
2019-06-03,NM,1.3038133061102537
2019-06-03,NV,1.0248540816595901
2019-06-03,NY,1.2966304789519203
2019-06-03,OH,0.9294081719129144
2019-06-03,OK,0.8482541818923439
2019-06-03,OR,1.015869661793862
2019-06-03,PA,1.0194151749436118
2019-06-03,RI,0.6128534930831455
2019-06-03,SC,1.254414627732583
2019-06-03,SD,0.4692231223031024
2019-06-03,TN,1.2309048719058588
2019-06-03,TX,1.6827433481690914
2019-06-03,UT,1.8321045133039344
2019-06-03,VA,1.3176241807280507
2019-06-03,VT,0.9393802229501921
2019-06-03,WA,0.8220805222417045
2019-06-03,WI,1.152244496976602
2019-06-03,WV,0.857014133286536
2019-06-03,WY,0.6763154500801567
2019-06-10,AK,0.9389057561836531
2019-06-10,AL,1.0527714258181304
2019-06-10,AR,1.2671771276606154
2019-06-10,AZ,1.5301655560204581
2019-06-10,CA,1.2664635966068254
2019-06-10,CO,1.6428991691350274
2019-06-10,CT,0.30643794062781604
2019-06-10,DE,0.4820753053521003
2019-06-10,GA,1.1580094030995194
2019-06-10,HI,1.7421234834304116
2019-06-10,IA,0.6209878887171466
2019-06-10,ID,0.6336470505206034
2019-06-10,IL,0.8605235802328846
2019-06-10,IN,0.806382412824842
2019-06-10,KS,0.761559980763931
2019-06-10,KY,0.5910898389061898
2019-06-10,LA,1.3691974970682408
2019-06-10,MA,0.8749004436054164
2019-06-10,MD,0.8102764305148554
2019-06-10,ME,0.8715392402181799
2019-06-10,MI,0.766378430300986
2019-06-10,MN,1.1551352279773586
2019-06-10,MO,0.6399819465937436
2019-06-10,MS,1.2112817827134243
2019-06-10,MT,0.7835397584451618
2019-06-10,NC,0.7476215355931264
2019-06-10,ND,1.1545121348814735
2019-06-10,NE,1.0091143684784245
2019-06-10,NH,0.9441812251491792
2019-06-10,NJ,1.4806255822263985
2019-06-10,NM,1.1081324351491455
2019-06-10,NV,0.9840226071880585
2019-06-10,NY,1.2369775342753797
2019-06-10,OH,0.9250620191877621
2019-06-10,OK,0.6835605387036711
2019-06-10,OR,0.7451758051710832
2019-06-10,PA,0.8239142715208638
2019-06-10,RI,0.400294327485846
2019-06-10,SC,0.8730467161979167
2019-06-10,SD,0.772634950744899
2019-06-10,TN,0.6464497180720189
2019-06-10,TX,1.6934142909977696
2019-06-10,UT,1.5896843854711946
2019-06-10,VA,1.2160726025375688
2019-06-10,VT,0.8458805893676398
2019-06-10,WA,0.7200512775861005
2019-06-10,WI,0.9683255410642497
2019-06-10,WV,0.6314017291820903
2019-06-10,WY,0.5593164509824696
2019-06-17,AK,0.9987199873594145
2019-06-17,AL,0.912142383517293
2019-06-17,AR,1.0596406652997294
2019-06-17,AZ,1.0929352874666654
2019-06-17,CA,1.193916094492841
2019-06-17,CO,1.2343569093988094
2019-06-17,CT,0.3695554904176352
2019-06-17,DE,0.44979263760398586
2019-06-17,GA,1.1906979333754557
2019-06-17,HI,1.377692951674605
2019-06-17,IA,0.5748976465914524
2019-06-17,ID,0.43474345924241903
2019-06-17,IL,0.7521695711602914
2019-06-17,IN,0.9315574571193574
2019-06-17,KS,0.7005976512077545
2019-06-17,KY,0.5655815201170367
2019-06-17,LA,1.1924059776133697
2019-06-17,MA,0.7990079973860769
2019-06-17,MD,0.5188813754409636
2019-06-17,ME,0.7207829669163524
2019-06-17,MI,0.6808853216113379
2019-06-17,MN,0.9503175888978804
2019-06-17,MO,0.2965054324401381
2019-06-17,MS,1.2897216500737847
2019-06-17,MT,0.6853828743917463
2019-06-17,NC,0.675496034519101
2019-06-17,ND,0.6578774758585433
2019-06-17,NE,0.9701487228640614
2019-06-17,NH,0.5743767140975372
2019-06-17,NJ,1.587902817311722
2019-06-17,NM,1.0096970266517884
2019-06-17,NV,0.9099636835630748
2019-06-17,NY,1.1260433050947023
2019-06-17,OH,0.7882765412956249
2019-06-17,OK,0.8415666388592045
2019-06-17,OR,0.7068772143808751
2019-06-17,PA,0.7214484675523378
2019-06-17,RI,0.35050868629159965
2019-06-17,SC,0.7990461920614605
2019-06-17,SD,0.5947826647954676
2019-06-17,TN,0.7322202951037133
2019-06-17,TX,1.668405042470245
2019-06-17,UT,1.305269615222707
2019-06-17,VA,1.051734498545672
2019-06-17,VT,0.8197639083890237
2019-06-17,WA,0.558139950373469
2019-06-17,WI,0.901646075981882
2019-06-17,WV,0.630936901865501
2019-06-17,WY,0.5239638521462255
2019-06-24,AK,1.0890811939760665
2019-06-24,AL,0.9502072830775
2019-06-24,AR,0.7320824235436163
2019-06-24,AZ,1.0668673205245924
2019-06-24,CA,1.0430658996158297
2019-06-24,CO,1.1325392294214545
2019-06-24,CT,0.36490310308372403
2019-06-24,DE,0.42636079426904155
2019-06-24,GA,0.9720048705662575
2019-06-24,HI,1.602053350160396
2019-06-24,IA,0.4990532085846728
2019-06-24,ID,0.4301623189229036
2019-06-24,IL,0.6599480208273799
2019-06-24,IN,0.71612611804067
2019-06-24,KS,0.617015460825461
2019-06-24,KY,0.6536567718985187
2019-06-24,LA,1.2395675260640826
2019-06-24,MA,0.8145782677336975
2019-06-24,MD,0.33780856451687535
2019-06-24,ME,0.6701227231501573
2019-06-24,MI,0.5869365112076634
2019-06-24,MN,0.9827939529212362
2019-06-24,MO,0.4225182483135211
2019-06-24,MS,1.0604837981138964
2019-06-24,MT,0.5908309560333457
2019-06-24,NC,0.6539285541941577
2019-06-24,ND,0.7700969957947172
2019-06-24,NE,0.9371384232098585
2019-06-24,NH,0.7341017557268499
2019-06-24,NJ,1.3243509191440126
2019-06-24,NM,0.9291015039645325
2019-06-24,NV,0.7615906181725458
2019-06-24,NY,0.968466951673352
2019-06-24,OH,0.7661153265381977
2019-06-24,OK,0.6634040157742738
2019-06-24,OR,0.731138936203696
2019-06-24,PA,0.7462722423557846
2019-06-24,RI,0.4030075020116779
2019-06-24,SC,0.7117012656119102
2019-06-24,SD,0.5781920101805633
2019-06-24,TN,0.4470002895771541
2019-06-24,TX,1.478736840131193
2019-06-24,UT,1.2152364045486514
2019-06-24,VA,1.029602368605035
2019-06-24,VT,0.7542166282979945
2019-06-24,WA,0.5212637219157471
2019-06-24,WI,0.8406097563143016
2019-06-24,WV,0.661279149067775
2019-06-24,WY,0.528176434693529
2019-07-01,AK,1.0239783995627192
2019-07-01,AL,0.724683400865859
2019-07-01,AR,0.6455587104624325
2019-07-01,AZ,1.0040766794178941
2019-07-01,CA,1.0306302129259997
2019-07-01,CO,1.0574953632465942
2019-07-01,CT,0.3151582491833069
2019-07-01,DE,0.41665635497794745
2019-07-01,GA,1.0062731952446575
2019-07-01,HI,1.2295436942393787
2019-07-01,IA,0.4991526126847475
2019-07-01,ID,0.38034621800809076
2019-07-01,IL,0.7780356849801395
2019-07-01,IN,0.9405782115483385
2019-07-01,KS,0.665617411032965
2019-07-01,KY,0.545715170155632
2019-07-01,LA,1.333916999137781
2019-07-01,MA,0.7872670539607409
2019-07-01,MD,0.4886580116124556
2019-07-01,ME,0.6053026795054127
2019-07-01,MI,0.613183189705973
2019-07-01,MN,0.9547381322783792
2019-07-01,MO,0.39979611556462935
2019-07-01,MS,0.9882246612779642
2019-07-01,MT,0.5157425852516562
2019-07-01,NC,0.553567031186603
2019-07-01,ND,0.5547631711189391
2019-07-01,NE,0.8066072461678395
2019-07-01,NH,0.6851564775643879
2019-07-01,NJ,1.3810392581590931
2019-07-01,NM,0.7932561010491856
2019-07-01,NV,0.7172217755217041
2019-07-01,NY,1.0255047664345898
2019-07-01,OH,0.5947015174617316
2019-07-01,OK,0.47993605640869247
2019-07-01,OR,0.6283604134774943
2019-07-01,PA,0.6066129236002848
2019-07-01,RI,0.46298672163593313
2019-07-01,SC,0.9229126000058503
2019-07-01,SD,0.5487143603498594
2019-07-01,TN,0.477413348032232
2019-07-01,TX,1.4274334186686695
2019-07-01,UT,1.1764130725785809
2019-07-01,VA,0.8990287629149134
2019-07-01,VT,0.5880764255641199
2019-07-01,WA,0.41982967018118167
2019-07-01,WI,0.7422972614315755
2019-07-01,WV,0.7121742388582555
2019-07-01,WY,0.45928427901763264
2019-07-08,AK,1.1417007188564365
2019-07-08,AL,0.698968342013733
2019-07-08,AR,0.673327640512601
2019-07-08,AZ,0.8118075288414883
2019-07-08,CA,0.8410727262918116
2019-07-08,CO,0.8029288079082391
2019-07-08,CT,0.30882370749597365
2019-07-08,DE,0.3634596477203892
2019-07-08,GA,0.9161447277872823
2019-07-08,HI,1.1732140898940184
2019-07-08,IA,0.4678274094180284
2019-07-08,ID,0.37379897421947456
2019-07-08,IL,0.6645550585831476
2019-07-08,IN,0.965175000101496
2019-07-08,KS,0.4865382501958555
2019-07-08,KY,0.8396957206481199
2019-07-08,LA,1.0614062297278661
2019-07-08,MA,0.7194355225780107
2019-07-08,MD,0.3992985228919935
2019-07-08,ME,0.6391750706884629
2019-07-08,MI,0.49781387084208384
2019-07-08,MN,0.8842594644979807
2019-07-08,MO,0.28093065979251064
2019-07-08,MS,0.9317711183620019
2019-07-08,MT,0.566879083889263
2019-07-08,NC,0.536792137144033
2019-07-08,ND,0.5765513695580656
2019-07-08,NE,0.881874168277462
2019-07-08,NH,0.49509941125765533
2019-07-08,NJ,1.3745014225293808
2019-07-08,NM,0.8223504859888588
2019-07-08,NV,0.6219604866007764
2019-07-08,NY,0.8616560935384486
2019-07-08,OH,0.694664334430153
2019-07-08,OK,0.5353222170639711
2019-07-08,OR,0.5971477324994316
2019-07-08,PA,0.5575651767996925
2019-07-08,RI,0.2717040878771027
2019-07-08,SC,0.6296121533741239
2019-07-08,SD,0.49334808346870185
2019-07-08,TN,0.5504749070838066
2019-07-08,TX,1.3369747190164878
2019-07-08,UT,1.1860260896367336
2019-07-08,VA,0.838264332275185
2019-07-08,VT,0.6342704916015374
2019-07-08,WA,0.6793860326437708
2019-07-08,WI,0.7816403739317375
2019-07-08,WV,0.5706405694306369
2019-07-08,WY,0.5108033953373294
2019-07-15,AK,1.0280456783601282
2019-07-15,AL,0.7108046452031974
2019-07-15,AR,0.47777515376047697
2019-07-15,AZ,0.9248944233966925
2019-07-15,CA,0.7865075426227205
2019-07-15,CO,0.803371239644215
2019-07-15,CT,0.2747898016806299
2019-07-15,DE,0.3268317009053326
2019-07-15,GA,0.8456081425698996
2019-07-15,HI,1.0447867537522457
2019-07-15,IA,0.4995292794604324
2019-07-15,ID,0.33941401289156087
2019-07-15,IL,0.5801269347538092
2019-07-15,IN,0.2521706441553724
2019-07-15,KS,0.4518787821648055
2019-07-15,KY,0.3300012958424039
2019-07-15,LA,1.1397796942710734
2019-07-15,MA,0.5864176879918093
2019-07-15,MD,0.3733964560632322
2019-07-15,ME,0.581066022716366
2019-07-15,MI,0.4667377383941199
2019-07-15,MN,0.7971915231938279
2019-07-15,MO,0.40864488270357024
2019-07-15,MS,0.8430273658587847
2019-07-15,MT,0.5435407417675782
2019-07-15,NC,0.4491525288148474
2019-07-15,ND,0.5100072644631521
2019-07-15,NE,0.707029851995663
2019-07-15,NH,0.4385579933238787
2019-07-15,NJ,1.1763453990448438
2019-07-15,NM,0.7949927511797205
2019-07-15,NV,0.5449882480572603
2019-07-15,NY,0.7583924549639381
2019-07-15,OH,0.6459542606059452
2019-07-15,OK,0.4720215346985762
2019-07-15,OR,0.49961651136970464
2019-07-15,PA,0.541201566213865
2019-07-15,RI,0.27083078975122016
2019-07-15,SC,0.5603048671407096
2019-07-15,SD,0.5399992868078398
2019-07-15,TN,0.5842645589133553
2019-07-15,TX,1.2079893362550553
2019-07-15,UT,0.9425908278858465
2019-07-15,VA,0.8057476054568613
2019-07-15,VT,0.5481520914054099
2019-07-15,WA,0.41156935838900205
2019-07-15,WI,0.6627494284265907
2019-07-15,WV,0.4584468657483134
2019-07-15,WY,0.4544400427750566
2019-07-22,AK,0.9503308365528573
2019-07-22,AL,0.7508542294060779
2019-07-22,AR,0.6399797413492472
2019-07-22,AZ,0.7807265143716408
2019-07-22,CA,0.8169985979756836
2019-07-22,CO,0.8582898687310897
2019-07-22,CT,0.27256102737734383
2019-07-22,DE,0.3210243830195333
2019-07-22,GA,0.8396212282277473
2019-07-22,HI,0.8178762558525803
2019-07-22,IA,0.4356897394397077
2019-07-22,ID,0.3367009488442992
2019-07-22,IL,0.554742681267202
2019-07-22,IN,0.6029766289730325
2019-07-22,KS,0.5755196735386081
2019-07-22,KY,0.5438165874978519
2019-07-22,LA,1.0004368152482166
2019-07-22,MA,0.6606926941026836
2019-07-22,MD,0.4525733080744796
2019-07-22,ME,0.5002694902317287
2019-07-22,MI,0.3949848188236153
2019-07-22,MN,0.7587018361457146
2019-07-22,MO,0.23586260110290014
2019-07-22,MS,0.8492908350580679
2019-07-22,MT,0.5141710148655708
2019-07-22,NC,0.4531622036114537
2019-07-22,ND,0.4300923654711336
2019-07-22,NE,0.842200453628254
2019-07-22,NH,0.7306899592294368
2019-07-22,NJ,1.0881941119643905
2019-07-22,NM,0.7830372172031267
2019-07-22,NV,0.607959753465229
2019-07-22,NY,0.7777538710326105
2019-07-22,OH,0.6644457078716002
2019-07-22,OK,0.48092576829874123
2019-07-22,OR,0.4416471446649882
2019-07-22,PA,0.5054613805835844
2019-07-22,RI,0.26131391699957
2019-07-22,SC,0.5562264163941338
2019-07-22,SD,0.4642593856855194
2019-07-22,TN,0.47225533083815696
2019-07-22,TX,1.0371915417061763
2019-07-22,UT,1.0037201666379751
2019-07-22,VA,0.7869063841279469
2019-07-22,VT,0.5072866878876828
2019-07-22,WA,0.4158521597374917
2019-07-22,WI,0.720662440534505
2019-07-22,WV,0.5120769820488165
2019-07-22,WY,0.3969653016748039
2019-07-29,AK,1.1070346366332013
2019-07-29,AL,0.7437167907331124
2019-07-29,AR,0.6701855999293274
2019-07-29,AZ,0.5462486573929909
2019-07-29,CA,0.7968150153691257
2019-07-29,CO,0.7072643022116966
2019-07-29,CT,0.2717999110669146
2019-07-29,DE,0.3157524037674018
2019-07-29,GA,0.9197279597596462
2019-07-29,HI,1.019322826894282
2019-07-29,IA,0.42972160407924614
2019-07-29,ID,0.33532937059348145
2019-07-29,IL,0.6090416665218786
2019-07-29,IN,0.3784785431203326
2019-07-29,KS,0.43515726451123526
2019-07-29,KY,0.49224080181424257
2019-07-29,LA,1.0635191806258875
2019-07-29,MA,0.5715601919297087
2019-07-29,MD,0.3779116120793101
2019-07-29,ME,0.5449180316558611
2019-07-29,MI,0.4568834988722971
2019-07-29,MN,0.8713504817186162
2019-07-29,MO,0.3304116211857129
2019-07-29,MS,0.8894584067573231
2019-07-29,MT,0.48117663442511566
2019-07-29,NC,0.4728422119770108
2019-07-29,ND,0.5233718162421314
2019-07-29,NE,0.8824025898947778
2019-07-29,NH,0.2467776486061978
2019-07-29,NJ,1.0538782884399527
2019-07-29,NM,0.7744443607809873
2019-07-29,NV,0.5236225162499241
2019-07-29,NY,0.7582749717939166
2019-07-29,OH,0.6069099766218568
2019-07-29,OK,0.4463765794681131
2019-07-29,OR,0.4608094374319872
2019-07-29,PA,0.55987879566639
2019-07-29,RI,0.22326102630521508
2019-07-29,SC,0.524793311935249
2019-07-29,SD,0.42686073270622876
2019-07-29,TN,0.6164258822046074
2019-07-29,TX,1.2292254248497663
2019-07-29,UT,1.0197257461214664
2019-07-29,VA,0.7421606197221193
2019-07-29,VT,0.548798524908363
2019-07-29,WA,0.4631887934024011
2019-07-29,WI,0.621790020194262
2019-07-29,WV,0.4221145204923916
2019-07-29,WY,0.3955413907343508
2019-08-05,AK,1.2002540804261732
2019-08-05,AL,0.8070939578352092
2019-08-05,AR,0.6943910102215046
2019-08-05,AZ,0.590096402594106
2019-08-05,CA,0.7520356514349339
2019-08-05,CO,0.8340325499836281
2019-08-05,CT,0.27728386657978393
2019-08-05,DE,0.3158589555186488
2019-08-05,GA,0.87119755250161
2019-08-05,HI,0.7772213722260172
2019-08-05,IA,0.5274834370083399
2019-08-05,ID,0.3400855938792807
2019-08-05,IL,0.5932743168246709
2019-08-05,IN,0.599893070531315
2019-08-05,KS,0.6372601757932503
2019-08-05,KY,0.3957382422698576
2019-08-05,LA,1.1609914638325745
2019-08-05,MA,0.6022450215615969
2019-08-05,MD,0.3851360502182841
2019-08-05,ME,0.45688750780662246
2019-08-05,MI,0.4393306755299484
2019-08-05,MN,0.9351385517064391
2019-08-05,MO,0.27136512362004056
2019-08-05,MS,0.9109582398853578
2019-08-05,MT,0.5412787419929423
2019-08-05,NC,0.4762922029003861
2019-08-05,ND,0.7899681086835162
2019-08-05,NE,0.7077598792405061
2019-08-05,NH,0.32594866952001894
2019-08-05,NJ,1.1393934519212578
2019-08-05,NM,0.7768994438105259
2019-08-05,NV,0.49703777563618307
2019-08-05,NY,0.8529450181715037
2019-08-05,OH,0.5398529531380176
2019-08-05,OK,0.5216686318231769
2019-08-05,OR,0.51734554877818
2019-08-05,PA,0.5303204466793866
2019-08-05,RI,0.34748736782974776
2019-08-05,SC,0.8101607305370083
2019-08-05,SD,0.4737219260540185
2019-08-05,TN,0.6675565394081379
2019-08-05,TX,1.044685683407128
2019-08-05,UT,0.8868429935512729
2019-08-05,VA,0.7514477092045175
2019-08-05,VT,0.7060537284272995
2019-08-05,WA,0.35402637984710317
2019-08-05,WI,0.5847604963728901
2019-08-05,WV,0.5683453880843656
2019-08-05,WY,0.3818563491723852
2019-08-12,AK,0.9296880924875688
2019-08-12,AL,0.7142473411572119
2019-08-12,AR,0.5914304410245832
2019-08-12,AZ,1.1048054304258268
2019-08-12,CA,0.909731850215147
2019-08-12,CO,0.7749483551131335
2019-08-12,CT,0.2826154677232106
2019-08-12,DE,0.315025026736236
2019-08-12,GA,0.9678762011260025
2019-08-12,HI,0.7949216894645881
2019-08-12,IA,0.47723349644947693
2019-08-12,ID,0.3445828044835368
2019-08-12,IL,0.6124344184651667
2019-08-12,IN,0.5343681838627874
2019-08-12,KS,0.4616497365286286
2019-08-12,KY,0.4135840406142549
2019-08-12,LA,1.107175841539967
2019-08-12,MA,0.653028873415847
2019-08-12,MD,0.42022779358211304
2019-08-12,ME,0.5380102761010789
2019-08-12,MI,0.449416426645388
2019-08-12,MN,0.8212575861372773
2019-08-12,MO,0.38109876515053026
2019-08-12,MS,1.0074019972360428
2019-08-12,MT,0.4866496399472985
2019-08-12,NC,0.4619783116203043
2019-08-12,ND,0.8233935990690384
2019-08-12,NE,0.7660841053941718
2019-08-12,NH,0.6316587239801524
2019-08-12,NJ,1.160146906089642
2019-08-12,NM,0.7127620780605988
2019-08-12,NV,0.5255651011419777
2019-08-12,NY,0.812772513587119
2019-08-12,OH,0.6028176353820971
2019-08-12,OK,0.496129815001912
2019-08-12,OR,0.460647105484293
2019-08-12,PA,0.5132789539683736
2019-08-12,RI,0.22735041522812163
2019-08-12,SC,0.5667996716224792
2019-08-12,SD,0.45618972097743815
2019-08-12,TN,0.7677073251844755
2019-08-12,TX,0.9795784663546507
2019-08-12,UT,0.9587787895698678
2019-08-12,VA,0.7541524321414286
2019-08-12,VT,0.4896339309666947
2019-08-12,WA,0.4137103571380779
2019-08-12,WI,0.5440476089392339
2019-08-12,WV,0.48110804044106414
2019-08-12,WY,0.406315953231694
2019-08-19,AK,1.1191144207661834
2019-08-19,AL,1.023206936263764
2019-08-19,AR,0.7977723782996704
2019-08-19,AZ,1.2608067507607668
2019-08-19,CA,0.7298288412150791
2019-08-19,CO,1.0321896167883369
2019-08-19,CT,0.5716273041086793
2019-08-19,DE,0.3314225161987698
2019-08-19,GA,1.3671946009959495
2019-08-19,HI,0.6197455594142895
2019-08-19,IA,0.5013391091014546
2019-08-19,ID,0.3669151611679179
2019-08-19,IL,0.551795285484175
2019-08-19,IN,0.45875777552567615
2019-08-19,KS,0.45121625850677394
2019-08-19,KY,0.6188596343345836
2019-08-19,LA,1.1382444929143998
2019-08-19,MA,0.5745258018637246
2019-08-19,MD,0.3625907438397191
2019-08-19,ME,0.5581967475796417
2019-08-19,MI,0.4733757166591739
2019-08-19,MN,0.875058717975081
2019-08-19,MO,0.3260363257729641
2019-08-19,MS,1.0201247817215169
2019-08-19,MT,0.4826292939425395
2019-08-19,NC,0.5199728263258157
2019-08-19,ND,0.7242375632435538
2019-08-19,NE,0.8520934172212478
2019-08-19,NH,0.5994323213713735
2019-08-19,NJ,1.2896545415633942
2019-08-19,NM,0.7987958598813312
2019-08-19,NV,0.5515834154985653
2019-08-19,NY,0.8563926926917149
2019-08-19,OH,0.642297821952384
2019-08-19,OK,0.5705016443218374
2019-08-19,OR,0.48111872166322023
2019-08-19,PA,0.5734850978649235
2019-08-19,RI,0.3069212808443406
2019-08-19,SC,0.5236306301390936
2019-08-19,SD,0.46587225927213743
2019-08-19,TN,0.6437587228562605
2019-08-19,TX,0.8203006989214652
2019-08-19,UT,0.902546731739158
2019-08-19,VA,0.8049374555268406
2019-08-19,VT,0.48790077073439886
2019-08-19,WA,0.30876813313572826
2019-08-19,WI,0.5906185124304362
2019-08-19,WV,0.512978143092909
2019-08-19,WY,0.4681091334478844
2019-08-26,AK,1.0512950229825209
2019-08-26,AL,1.2338087497471772
2019-08-26,AR,1.0319479382638288
2019-08-26,AZ,1.24128458853213
2019-08-26,CA,0.8051776551993994
2019-08-26,CO,1.208844272320819
2019-08-26,CT,0.7143893809203923
2019-08-26,DE,0.36714296848557704
2019-08-26,GA,1.4887874784826316
2019-08-26,HI,1.0039848041210904
2019-08-26,IA,0.5308456449032056
2019-08-26,ID,0.4090876647834992
2019-08-26,IL,0.6003542684741316
2019-08-26,IN,0.4716336563002459
2019-08-26,KS,0.5299556357262563
2019-08-26,KY,0.6821575492484122
2019-08-26,LA,1.6029780119359707
2019-08-26,MA,0.7067219377978932
2019-08-26,MD,0.4490878163445914
2019-08-26,ME,0.725215036768416
2019-08-26,MI,0.5169286301180439
2019-08-26,MN,0.8927227793393597
2019-08-26,MO,0.49548939332600694
2019-08-26,MS,1.358565573434033
2019-08-26,MT,0.5452330637415802
2019-08-26,NC,0.5915731827702636
2019-08-26,ND,0.808687954202034
2019-08-26,NE,1.189769144733962
2019-08-26,NH,0.4789572925416337
2019-08-26,NJ,1.3082516851453574
2019-08-26,NM,0.9345359919125573
2019-08-26,NV,0.5258120007418103
2019-08-26,NY,0.7511801675354658
2019-08-26,OH,0.6508293887332006
2019-08-26,OK,0.6212642449325769
2019-08-26,OR,0.5468584739204669
2019-08-26,PA,0.6205352668865101
2019-08-26,RI,0.34823741819424237
2019-08-26,SC,0.6136542527335327
2019-08-26,SD,0.5957742714887588
2019-08-26,TN,0.6703461853124228
2019-08-26,TX,1.1690878561171634
2019-08-26,UT,0.9644729272269799
2019-08-26,VA,0.9357605560303563
2019-08-26,VT,0.5790889918619451
2019-08-26,WA,0.5812642388632867
2019-08-26,WI,0.5890127560625664
2019-08-26,WV,0.4663752533968424
2019-08-26,WY,0.47506108002598824
2019-09-02,AK,1.610608780469524
2019-09-02,AL,1.3459050201916751
2019-09-02,AR,1.0865353163297728
2019-09-02,AZ,1.3734719366904475
2019-09-02,CA,1.049842284101753
2019-09-02,CO,1.7105902797102523
2019-09-02,CT,0.6313427821990005
2019-09-02,DE,0.4595537635144567
2019-09-02,GA,1.501552592886013
2019-09-02,HI,1.331106705732678
2019-09-02,IA,0.6537654781341249
2019-09-02,ID,0.46308315569859204
2019-09-02,IL,0.6993277204269702
2019-09-02,IN,0.8084734856220142
2019-09-02,KS,0.88089411252094
2019-09-02,KY,0.8729044431015691
2019-09-02,LA,2.2765171498754735
2019-09-02,MA,0.8384923542765037
2019-09-02,MD,0.5283216752878106
2019-09-02,ME,0.57320854506216
2019-09-02,MI,0.6397856566129876
2019-09-02,MN,0.9262452636696052
2019-09-02,MO,0.5388313948075245
2019-09-02,MS,1.5111617103587256
2019-09-02,MT,0.6558581453363553
2019-09-02,NC,0.7315364744353701
2019-09-02,ND,0.7905454689388953
2019-09-02,NE,1.2811116567232799
2019-09-02,NH,0.392321400651884
2019-09-02,NJ,1.2633354381621467
2019-09-02,NM,1.0611224144809914
2019-09-02,NV,0.6529271442751479
2019-09-02,NY,0.9814364754813922
2019-09-02,OH,0.8160278739520592
2019-09-02,OK,0.7829362250870187
2019-09-02,OR,0.7255661469797203
2019-09-02,PA,0.6699908058506836
2019-09-02,RI,0.5534950259191529
2019-09-02,SC,1.184513432427579
2019-09-02,SD,0.6661628018692405
2019-09-02,TN,0.8899589093710591
2019-09-02,TX,1.5649700316670334
2019-09-02,UT,1.1355516158972083
2019-09-02,VA,1.0010706115846295
2019-09-02,VT,0.680649029413801
2019-09-02,WA,0.40405362415812146
2019-09-02,WI,0.7608595310763961
2019-09-02,WV,0.6724680534738599
2019-09-02,WY,0.5439215157261036
2019-09-09,AK,1.8342458981891365
2019-09-09,AL,1.5580598141766773
2019-09-09,AR,1.149473871382586
2019-09-09,AZ,1.5787085524326026
2019-09-09,CA,1.053418094671414
2019-09-09,CO,1.727262044252861
2019-09-09,CT,1.5010807976198786
2019-09-09,DE,0.47408697865580424
2019-09-09,GA,1.7564965484565187
2019-09-09,HI,1.7655624510006742
2019-09-09,IA,0.7579581372835715
2019-09-09,ID,0.5301048184522029
2019-09-09,IL,0.9572058628520638
2019-09-09,IN,0.7979301654544178
2019-09-09,KS,0.8000696709073882
2019-09-09,KY,1.0412795516509226
2019-09-09,LA,1.9209169087084796
2019-09-09,MA,0.9393648194515901
2019-09-09,MD,0.5143139649135063
2019-09-09,ME,0.7056152052476766
2019-09-09,MI,0.9186584816654606
2019-09-09,MN,0.9355648932490752
2019-09-09,MO,0.809357864250476
2019-09-09,MS,1.6196688714472152
2019-09-09,MT,0.6454819185836105
2019-09-09,NC,0.8795303011742169
2019-09-09,ND,1.0174231002835188
2019-09-09,NE,1.0897228564833734
2019-09-09,NH,0.5428841587686023
2019-09-09,NJ,1.3379460981265994
2019-09-09,NM,1.1451631038612748
2019-09-09,NV,0.8274357325453403
2019-09-09,NY,0.9825282638006139
2019-09-09,OH,0.9755966405431966
2019-09-09,OK,0.841864937509752
2019-09-09,OR,0.6632752815330428
2019-09-09,PA,0.8921419980259642
2019-09-09,RI,0.49464235598424316
2019-09-09,SC,0.827432973658607
2019-09-09,SD,0.8353391994471834
2019-09-09,TN,1.211389867762584
2019-09-09,TX,1.6091404707547698
2019-09-09,UT,1.4028227029223852
2019-09-09,VA,1.1333333199520257
2019-09-09,VT,0.7312153312268352
2019-09-09,WA,0.5988404879432511
2019-09-09,WI,0.8290370055050643
2019-09-09,WV,0.6450889435250006
2019-09-09,WY,0.5854418229397019
2019-09-16,AK,1.9083276419259285
2019-09-16,AL,1.5226738494822853
2019-09-16,AR,1.1551240309774706
2019-09-16,AZ,1.3849002942560795
2019-09-16,CA,1.1709193150211576
2019-09-16,CO,1.8610099972868765
2019-09-16,CT,2.1505895264757715
2019-09-16,DE,0.4966552958490415
2019-09-16,GA,1.567057663197056
2019-09-16,HI,1.5918489635996524
2019-09-16,IA,0.6957644930547553
2019-09-16,ID,0.5600890096929754
2019-09-16,IL,1.1267668856494282
2019-09-16,IN,0.6909317631968446
2019-09-16,KS,0.7922093032386459
2019-09-16,KY,0.9889280706675496
2019-09-16,LA,1.798031614072508
2019-09-16,MA,0.9751616248596477
2019-09-16,MD,0.7024539094183204
2019-09-16,ME,0.86334531134367
2019-09-16,MI,1.0041244105373486
2019-09-16,MN,1.067707804973899
2019-09-16,MO,0.9776668777815863
2019-09-16,MS,1.6702458984083735
2019-09-16,MT,0.7754704603969343
2019-09-16,NC,0.8770182764939165
2019-09-16,ND,1.1018164927246545
2019-09-16,NE,1.343449724336092
2019-09-16,NH,0.504337311092415
2019-09-16,NJ,1.6920514966027753
2019-09-16,NM,1.0849122822730537
2019-09-16,NV,0.7388510674998241
2019-09-16,NY,1.265091082174338
2019-09-16,OH,1.039351843885099
2019-09-16,OK,0.9611460546573384
2019-09-16,OR,0.7224803182637047
2019-09-16,PA,0.9363598695261748
2019-09-16,RI,0.4390078689972833
2019-09-16,SC,0.9392981829581482
2019-09-16,SD,0.7854889216520325
2019-09-16,TN,0.7883424607656094
2019-09-16,TX,1.7961829189800915
2019-09-16,UT,1.3590478598513225
2019-09-16,VA,1.2993281431667334
2019-09-16,VT,0.7177214459964437
2019-09-16,WA,0.7239610411767962
2019-09-16,WI,1.017863455180492
2019-09-16,WV,0.6975735623554027
2019-09-16,WY,1.073731265863433
2019-09-23,AK,1.7652808243495457
2019-09-23,AL,1.473000169323178
2019-09-23,AR,1.1791404170622173
2019-09-23,AZ,1.5776870373209437
2019-09-23,CA,1.1905946961686282
2019-09-23,CO,1.8416681902834813
2019-09-23,CT,1.310315276636063
2019-09-23,DE,0.521135295855911
2019-09-23,GA,1.743887929549242
2019-09-23,HI,2.007722326102111
2019-09-23,IA,0.8499057399503553
2019-09-23,ID,0.592094624152305
2019-09-23,IL,0.9346638973108397
2019-09-23,IN,0.9362368163238766
2019-09-23,KS,0.7749349587469943
2019-09-23,KY,1.3198741000369367
2019-09-23,LA,2.0937699843619897
2019-09-23,MA,1.0794822378475906
2019-09-23,MD,0.7640770519652771
2019-09-23,ME,0.9579235391974935
2019-09-23,MI,0.9844237726813827
2019-09-23,MN,1.3594308010352192
2019-09-23,MO,0.7866464101860925
2019-09-23,MS,1.642388703010797
2019-09-23,MT,0.844341489685087
2019-09-23,NC,1.0885192923227942
2019-09-23,ND,1.0377929941586412
2019-09-23,NE,1.3100034935587264
2019-09-23,NH,0.48849804630594384
2019-09-23,NJ,1.8167634174202965
2019-09-23,NM,1.105462545051965
2019-09-23,NV,0.7462307177634357
2019-09-23,NY,1.524647971560213
2019-09-23,OH,1.0015954218768268
2019-09-23,OK,1.170238436818916
2019-09-23,OR,0.8863638021028066
2019-09-23,PA,0.9904360803899478
2019-09-23,RI,0.5716170365611681
2019-09-23,SC,1.1276364352055723
2019-09-23,SD,0.8570772064492396
2019-09-23,TN,1.1558323532955272
2019-09-23,TX,1.5965961672320765
2019-09-23,UT,1.3765197487713712
2019-09-23,VA,1.487273382617769
2019-09-23,VT,0.8427548822555453
2019-09-23,WA,0.6008642611755488
2019-09-23,WI,1.0894147281412192
2019-09-23,WV,0.6642952739495246
2019-09-23,WY,0.6671342925209965
2019-09-30,AK,1.2976764326482928
2019-09-30,AL,1.7866505740892626
2019-09-30,AR,1.1047115615701837
2019-09-30,AZ,1.5234844889266363
2019-09-30,CA,1.2329021488765197
2019-09-30,CO,1.8276149088140925
2019-09-30,CT,1.5973072965220845
2019-09-30,DE,0.6155630589429966
2019-09-30,GA,2.0494641675556378
2019-09-30,HI,2.1430521533180897
2019-09-30,IA,0.8843792888681312
2019-09-30,ID,0.91946570382063
2019-09-30,IL,1.22164843227366
2019-09-30,IN,0.8478389425967889
2019-09-30,KS,0.8760614910772733
2019-09-30,KY,1.488119673061129
2019-09-30,LA,2.3113490507031904
2019-09-30,MA,1.1755905232793964
2019-09-30,MD,0.7830566143923458
2019-09-30,ME,1.092877098984364
2019-09-30,MI,0.9837959525064628
2019-09-30,MN,1.3687627841555732
2019-09-30,MO,1.5026791710871223
2019-09-30,MS,1.739757617989869
2019-09-30,MT,0.8532942232711589
2019-09-30,NC,1.1471890486449658
2019-09-30,ND,1.3937371795172084
2019-09-30,NE,1.549838131554337
2019-09-30,NH,0.6705878249689605
2019-09-30,NJ,1.9541284182600456
2019-09-30,NM,1.1797862377821922
2019-09-30,NV,1.0860059211147453
2019-09-30,NY,1.3720374285646098
2019-09-30,OH,1.0446601430198854
2019-09-30,OK,1.3044852792435782
2019-09-30,OR,0.9301679311657998
2019-09-30,PA,1.137927486523563
2019-09-30,RI,0.6137237538184229
2019-09-30,SC,1.0938719486091715
2019-09-30,SD,0.9616342395714487
2019-09-30,TN,1.2557005495040805
2019-09-30,TX,1.8580414188566903
2019-09-30,UT,1.3804640781471904
2019-09-30,VA,1.57300040831986
2019-09-30,VT,0.9228697845839211
2019-09-30,WA,0.9852573043947435
2019-09-30,WI,1.2524082140702815
2019-09-30,WV,0.7319408950418265
2019-09-30,WY,0.7972034348152384
2019-10-07,AK,1.3003419699434038
2019-10-07,AL,1.7584232656943701
2019-10-07,AR,1.3153294861973046
2019-10-07,AZ,1.2179170916841198
2019-10-07,CA,1.443543345887221
2019-10-07,CO,2.106298886547236
2019-10-07,CT,1.1788979545906306
2019-10-07,DE,0.678968756865279
2019-10-07,GA,1.973195933209936
2019-10-07,HI,1.8183165551200386
2019-10-07,IA,1.1662306692712006
2019-10-07,ID,0.9806298864136112
2019-10-07,IL,1.4602698366059048
2019-10-07,IN,1.2290893126993687
2019-10-07,KS,1.3355102512845196
2019-10-07,KY,1.3097061593163541
2019-10-07,LA,3.202627648488278
2019-10-07,MA,1.1189558291257589
2019-10-07,MD,1.535403988611891
2019-10-07,ME,1.0764419692231681
2019-10-07,MI,0.978317218563217
2019-10-07,MN,1.5258588667451463
2019-10-07,MO,0.6749936460891466
2019-10-07,MS,1.8207642790728973
2019-10-07,MT,1.0997367520324741
2019-10-07,NC,1.2490935163027626
2019-10-07,ND,1.2812740214736857
2019-10-07,NE,1.5929733863438291
2019-10-07,NH,0.8432854350327534
2019-10-07,NJ,1.7658825533564588
2019-10-07,NM,1.3006408066841204
2019-10-07,NV,1.144366743494942
2019-10-07,NY,1.298721441782323
2019-10-07,OH,1.0039532449434008
2019-10-07,OK,1.4012748406804691
2019-10-07,OR,1.3016134719304064
2019-10-07,PA,1.0973564531913997
2019-10-07,RI,0.8167669809902958
2019-10-07,SC,1.7958980631792056
2019-10-07,SD,0.9490727485191773
2019-10-07,TN,1.721242938271843
2019-10-07,TX,1.8905968759279972
2019-10-07,UT,1.4456279653973825
2019-10-07,VA,1.615596592386872
2019-10-07,VT,1.1036716600223095
2019-10-07,WA,1.3062579467284656
2019-10-07,WI,1.0677237924407046
2019-10-07,WV,1.2068625415924548
2019-10-07,WY,1.1393352233959853
2019-10-14,AK,1.8922196688929072
2019-10-14,AL,1.7497087623379723
2019-10-14,AR,1.7505453265471114
2019-10-14,AZ,1.3374550240278162
2019-10-14,CA,1.5552883949854768
2019-10-14,CO,2.100635486107029
2019-10-14,CT,1.6147489435582112
2019-10-14,DE,0.6480763954218559
2019-10-14,GA,2.120330773926711
2019-10-14,HI,1.829658589666622
2019-10-14,IA,1.194795398773282
2019-10-14,ID,1.0014811575663987
2019-10-14,IL,1.607409567211736
2019-10-14,IN,1.1385082234179427
2019-10-14,KS,1.093983247708294
2019-10-14,KY,1.2365782927379998
2019-10-14,LA,2.648533843244193
2019-10-14,MA,1.2661101702270783
2019-10-14,MD,1.5019544011279795
2019-10-14,ME,1.1592659165053467
2019-10-14,MI,1.1121055777594289
2019-10-14,MN,1.4395650895529186
2019-10-14,MO,0.9089864078094034
2019-10-14,MS,1.9369797014912509
2019-10-14,MT,0.9457320988637501
2019-10-14,NC,1.2462912124214733
2019-10-14,ND,1.3466192502645886
2019-10-14,NE,1.7865118560148256
2019-10-14,NH,0.7415304372346173
2019-10-14,NJ,1.9306478414439878
2019-10-14,NM,1.358704264129535
2019-10-14,NV,1.1208661017259653
2019-10-14,NY,1.4484515871279722
2019-10-14,OH,1.100568728687528
2019-10-14,OK,1.6169365434122867
2019-10-14,OR,1.082848440527001
2019-10-14,PA,1.2370761615906702
2019-10-14,RI,0.7558826249358704
2019-10-14,SC,1.2972317484260032
2019-10-14,SD,0.9598927394149421
2019-10-14,TN,1.5929642394817871
2019-10-14,TX,2.2146045094535256
2019-10-14,UT,1.4526481013590709
2019-10-14,VA,1.705683079694896
2019-10-14,VT,0.8963171778316075
2019-10-14,WA,1.377129617453682
2019-10-14,WI,1.2913204189522451
2019-10-14,WV,0.9910369470857581
2019-10-14,WY,1.1428374153389165
2019-10-21,AK,1.6491978817276962
2019-10-21,AL,2.1012394203160314
2019-10-21,AR,1.9215302853003517
2019-10-21,AZ,1.4509720683329088
2019-10-21,CA,1.6674431125468998
2019-10-21,CO,2.1836044074395544
2019-10-21,CT,1.772540568526314
2019-10-21,DE,0.6774866343436973
2019-10-21,GA,2.211167207943144
2019-10-21,HI,1.868211784548126
2019-10-21,IA,1.2941496748425503
2019-10-21,ID,1.0035372630799204
2019-10-21,IL,1.7017503502402371
2019-10-21,IN,0.9911178445262621
2019-10-21,KS,1.117600299759947
2019-10-21,KY,1.6135561641040568
2019-10-21,LA,3.042710462382617
2019-10-21,MA,1.328490667052606
2019-10-21,MD,1.465904745996241
2019-10-21,ME,1.2478525465924295
2019-10-21,MI,1.1760389473578445
2019-10-21,MN,1.454926069215845
2019-10-21,MO,1.1117124799565397
2019-10-21,MS,2.010829952098196
2019-10-21,MT,0.9471392231435241
2019-10-21,NC,1.4594861765207998
2019-10-21,ND,1.5498098518583365
2019-10-21,NE,2.1179299186853338
2019-10-21,NH,0.9231699252575486
2019-10-21,NJ,2.439975688834914
2019-10-21,NM,1.5409581954195444
2019-10-21,NV,1.3975232269286906
2019-10-21,NY,1.592548852451757
2019-10-21,OH,1.1673349060985116
2019-10-21,OK,1.8571683290409393
2019-10-21,OR,1.2420374466728639
2019-10-21,PA,1.417453179442478
2019-10-21,RI,0.7112286544988147
2019-10-21,SC,1.4646096320914863
2019-10-21,SD,1.0733347370113153
2019-10-21,TN,1.7715830156329035
2019-10-21,TX,2.2298834318418574
2019-10-21,UT,1.6876635948026044
2019-10-21,VA,1.9079691354652983
2019-10-21,VT,1.0836019546508648
2019-10-21,WA,1.4532072522803703
2019-10-21,WI,1.3656372338268001
2019-10-21,WV,1.0372389516279963
2019-10-21,WY,1.2286616208769776
2019-10-28,AK,1.6647495855919217
2019-10-28,AL,2.1552618839815296
2019-10-28,AR,1.8306584525089047
2019-10-28,AZ,1.546730810019168
2019-10-28,CA,1.7718386720646966
2019-10-28,CO,2.3129356035835302
2019-10-28,CT,1.7475394419696482
2019-10-28,DE,0.7377928254369532
2019-10-28,GA,2.653784864629696
2019-10-28,HI,1.8556137111964888
2019-10-28,IA,1.4224201279988238
2019-10-28,ID,1.2217865391970786
2019-10-28,IL,1.8466474513633866
2019-10-28,IN,1.2704427306330843
2019-10-28,KS,1.216138179484625
2019-10-28,KY,1.734984071425003
2019-10-28,LA,3.457266677498726
2019-10-28,MA,1.3092762042498407
2019-10-28,MD,1.6693662625525127
2019-10-28,ME,1.2799717467140306
2019-10-28,MI,1.1460011977684041
2019-10-28,MN,1.5337104788180909
2019-10-28,MO,1.225047610810432
2019-10-28,MS,2.6088578126813253
2019-10-28,MT,1.0194681039384
2019-10-28,NC,1.4923137377478666
2019-10-28,ND,1.5586614999769435
2019-10-28,NE,2.025457527849209
2019-10-28,NH,1.1481600870687476
2019-10-28,NJ,2.0697920818174826
2019-10-28,NM,1.6796476904922013
2019-10-28,NV,1.488833138772378
2019-10-28,NY,1.6716360296257
2019-10-28,OH,1.3722631815706254
2019-10-28,OK,1.9044378766283194
2019-10-28,OR,1.2672856634695715
2019-10-28,PA,1.549407210877247
2019-10-28,RI,0.773152174498173
2019-10-28,SC,1.5629197464887503
2019-10-28,SD,1.1419686018868167
2019-10-28,TN,1.9478906706391337
2019-10-28,TX,2.7441980929881504
2019-10-28,UT,1.8318033315551232
2019-10-28,VA,2.004028517934937
2019-10-28,VT,1.0647633537451375
2019-10-28,WA,1.2882161311083542
2019-10-28,WI,1.254976810065578
2019-10-28,WV,1.1635392402153153
2019-10-28,WY,1.2734430099932368
2019-11-04,AK,1.7569046554249854
2019-11-04,AL,2.4449607397797415
2019-11-04,AR,2.1756825231277825
2019-11-04,AZ,1.6185297888115275
2019-11-04,CA,1.9193571729185575
2019-11-04,CO,2.467631765242008
2019-11-04,CT,1.8584047059272781
2019-11-04,DE,1.05398717131317
2019-11-04,GA,2.8058330575647634
2019-11-04,HI,2.2553709190769555
2019-11-04,IA,1.472516168565559
2019-11-04,ID,1.404641861107335
2019-11-04,IL,1.8223563878317286
2019-11-04,IN,1.685264097200838
2019-11-04,KS,1.7684689135484408
2019-11-04,KY,2.0090311480649166
2019-11-04,LA,5.297624607903565
2019-11-04,MA,1.4667895981685273
2019-11-04,MD,1.8076093857053932
2019-11-04,ME,1.3488942507522825
2019-11-04,MI,1.286059893219158
2019-11-04,MN,1.7845190382376765
2019-11-04,MO,1.443719519280744
2019-11-04,MS,2.388877148802135
2019-11-04,MT,1.2545987243802927
2019-11-04,NC,1.5541253208752475
2019-11-04,ND,1.6972530918024753
2019-11-04,NE,2.048408308487465
2019-11-04,NH,1.1835180578581088
2019-11-04,NJ,2.5263270883536695
2019-11-04,NM,1.842121963579006
2019-11-04,NV,1.7487233860500915
2019-11-04,NY,1.9032539116085918
2019-11-04,OH,1.3605462952734193
2019-11-04,OK,2.2245744381673047
2019-11-04,OR,1.430584947978081
2019-11-04,PA,1.440638552360433
2019-11-04,RI,1.0295166481758113
2019-11-04,SC,2.411218864660062
2019-11-04,SD,1.2373904301920216
2019-11-04,TN,2.1852597850666315
2019-11-04,TX,3.0414236587694883
2019-11-04,UT,1.8328453944076522
2019-11-04,VA,2.0573965957278952
2019-11-04,VT,1.3152587110364142
2019-11-04,WA,1.5810444726238513
2019-11-04,WI,1.5560686810031128
2019-11-04,WV,1.5613751346015183
2019-11-04,WY,1.392801866597273
2019-11-11,AK,2.256394602845784
2019-11-11,AL,3.0437286658793554
2019-11-11,AR,2.4585966344553674
2019-11-11,AZ,2.360546719811854
2019-11-11,CA,2.2642104816615736
2019-11-11,CO,2.4400023073589523
2019-11-11,CT,2.1236257838435133
2019-11-11,DE,0.9566707050250519
2019-11-11,GA,3.3013964518331287
2019-11-11,HI,1.8676508706045394
2019-11-11,IA,1.654979199533288
2019-11-11,ID,1.3980763408402783
2019-11-11,IL,1.9778198886592386
2019-11-11,IN,1.512135249316043
2019-11-11,KS,1.3861939798576106
2019-11-11,KY,2.177854820067444
2019-11-11,LA,5.3930871822882045
2019-11-11,MA,1.6896240267434022
2019-11-11,MD,2.0437525125655784
2019-11-11,ME,1.4620886527859667
2019-11-11,MI,1.3988531542666285
2019-11-11,MN,1.6806403568360557
2019-11-11,MO,1.3837058188035927
2019-11-11,MS,3.4274584005434003
2019-11-11,MT,1.2536875251518504
2019-11-11,NC,1.8486647976590578
2019-11-11,ND,1.9129896069692778
2019-11-11,NE,2.361188116905229
2019-11-11,NH,1.4741289618997502
2019-11-11,NJ,2.6599390112547003
2019-11-11,NM,2.0488456423882244
2019-11-11,NV,2.2918008022999796
2019-11-11,NY,2.141911530024293
2019-11-11,OH,1.5276234446171926
2019-11-11,OK,2.487317205682144
2019-11-11,OR,1.4692285556184124
2019-11-11,PA,1.7731192760247012
2019-11-11,RI,0.883087306029331
2019-11-11,SC,1.98306869866164
2019-11-11,SD,1.3590086036542197
2019-11-11,TN,2.5940762876863013
2019-11-11,TX,3.7939894267183862
2019-11-11,UT,2.196933618979522
2019-11-11,VA,2.2486624298772213
2019-11-11,VT,1.3462973056845757
2019-11-11,WA,1.7009484749544161
2019-11-11,WI,1.6765152778107524
2019-11-11,WV,1.3867276721536959
2019-11-11,WY,1.4702243785248839
2019-11-18,AK,2.567318991276509
2019-11-18,AL,3.164793473073985
2019-11-18,AR,3.1009983850332032
2019-11-18,AZ,2.6190014069129095
2019-11-18,CA,2.483971973531327
2019-11-18,CO,2.852758229344828
2019-11-18,CT,2.1911270256687203
2019-11-18,DE,1.020355335161108
2019-11-18,GA,3.731696549510676
2019-11-18,HI,2.246267776022899
2019-11-18,IA,1.7847408802597817
2019-11-18,ID,1.289107905418038
2019-11-18,IL,2.1910758231978686
2019-11-18,IN,1.8325096019076796
2019-11-18,KS,1.6329640644553436
2019-11-18,KY,2.558493948815669
2019-11-18,LA,5.965672696494223
2019-11-18,MA,1.9609227481348301
2019-11-18,MD,2.344458056760344
2019-11-18,ME,1.6884342534309655
2019-11-18,MI,1.5388997696685118
2019-11-18,MN,1.81695154251931
2019-11-18,MO,2.1144194394886773
2019-11-18,MS,3.982701017837899
2019-11-18,MT,1.4413909502858329
2019-11-18,NC,1.9404541382270608
2019-11-18,ND,2.242969965093678
2019-11-18,NE,2.6690184688019567
2019-11-18,NH,1.2402077362616843
2019-11-18,NJ,3.069295392798333
2019-11-18,NM,2.403653384222893
2019-11-18,NV,2.9619503638310145
2019-11-18,NY,2.1851031403159284
2019-11-18,OH,1.628344339784213
2019-11-18,OK,2.7316521561138365
2019-11-18,OR,1.3996136990429466
2019-11-18,PA,1.86443731405234
2019-11-18,RI,1.1558777668797235
2019-11-18,SC,2.2621452197662193
2019-11-18,SD,1.6769327376979872
2019-11-18,TN,2.8507760906509203
2019-11-18,TX,3.812663431087462
2019-11-18,UT,2.320741337016235
2019-11-18,VA,2.5997481504212323
2019-11-18,VT,1.430571364208701
2019-11-18,WA,2.099749204719357
2019-11-18,WI,1.633386526661149
2019-11-18,WV,1.4668131103513677
2019-11-18,WY,1.6051819804719152
2019-11-25,AK,2.3670971885845926
2019-11-25,AL,4.0420625324232216
2019-11-25,AR,2.9845791832328796
2019-11-25,AZ,2.6369131287132133
2019-11-25,CA,2.4793876326282165
2019-11-25,CO,3.0636113045537945
2019-11-25,CT,2.6232635175766914
2019-11-25,DE,1.1300233081767164
2019-11-25,GA,4.256221998611782
2019-11-25,HI,2.456369077590648
2019-11-25,IA,1.8109361812542866
2019-11-25,ID,1.8256466003089622
2019-11-25,IL,2.3396918058170355
2019-11-25,IN,1.6174485622734425
2019-11-25,KS,1.5270785084495835
2019-11-25,KY,2.776608696089684
2019-11-25,LA,6.962799757542289
2019-11-25,MA,1.9571569684883405
2019-11-25,MD,2.397086386387244
2019-11-25,ME,1.8641309078678696
2019-11-25,MI,1.7283761561579243
2019-11-25,MN,1.9849312560768195
2019-11-25,MO,1.770951814432674
2019-11-25,MS,4.6244108453886685
2019-11-25,MT,1.553837339708398
2019-11-25,NC,2.1280589842523243
2019-11-25,ND,2.3608716180435207
2019-11-25,NE,3.2494578591917156
2019-11-25,NH,1.4320004705562397
2019-11-25,NJ,2.806444809516078
2019-11-25,NM,2.7914922049880744
2019-11-25,NV,2.8703311553469835
2019-11-25,NY,2.4110408217272163
2019-11-25,OH,1.7851826269743398
2019-11-25,OK,2.8385927705629284
2019-11-25,OR,2.132863940339644
2019-11-25,PA,2.1245304604069477
2019-11-25,RI,1.228426469509111
2019-11-25,SC,2.403165965589163
2019-11-25,SD,2.0445171908055895
2019-11-25,TN,3.5830717312553277
2019-11-25,TX,5.061418099756585
2019-11-25,UT,2.548197681613421
2019-11-25,VA,2.8727159657107166
2019-11-25,VT,1.4308779171222943
2019-11-25,WA,2.7480699534007282
2019-11-25,WI,1.8153726392773937
2019-11-25,WV,1.5293752106263034
2019-11-25,WY,1.722089206523024
2019-12-02,AK,2.6307221623034276
2019-12-02,AL,3.9124050325334943
2019-12-02,AR,3.3300051792379253
2019-12-02,AZ,2.8904822733595195
2019-12-02,CA,2.9688176104262585
2019-12-02,CO,3.5776118326537865
2019-12-02,CT,2.8328115626596606
2019-12-02,DE,1.682462241775978
2019-12-02,GA,4.601911394470841
2019-12-02,HI,3.172199046072153
2019-12-02,IA,2.2484569868799187
2019-12-02,ID,1.9870894703805386
2019-12-02,IL,2.8253232851927255
2019-12-02,IN,2.8301572395668604
2019-12-02,KS,2.8605685938012595
2019-12-02,KY,3.104825453719711
2019-12-02,LA,6.789205213864494
2019-12-02,MA,2.560829499917422
2019-12-02,MD,3.054657380496188
2019-12-02,ME,1.9959399900417574
2019-12-02,MI,1.925328395440819
2019-12-02,MN,3.3132740512980674
2019-12-02,MO,1.6661111076673873
2019-12-02,MS,5.460701822908598
2019-12-02,MT,2.1017540982406473
2019-12-02,NC,2.4218812871855926
2019-12-02,ND,3.013097132536761
2019-12-02,NE,4.444399876292939
2019-12-02,NH,1.7058229555947446
2019-12-02,NJ,3.964361237013449
2019-12-02,NM,3.254748935049607
2019-12-02,NV,3.2725795190320914
2019-12-02,NY,3.126930462280171
2019-12-02,OH,1.9741893570216578
2019-12-02,OK,3.4827145678803038
2019-12-02,OR,2.720923882713391
2019-12-02,PA,2.3197466771500412
2019-12-02,RI,1.898433626913421
2019-12-02,SC,4.6148924677284295
2019-12-02,SD,2.1499479484718687
2019-12-02,TN,4.6270813686301135
2019-12-02,TX,5.588563205139223
2019-12-02,UT,3.425647154653242
2019-12-02,VA,3.374384929914379
2019-12-02,VT,2.065445014602342
2019-12-02,WA,3.443046252896456
2019-12-02,WI,2.2222398137023562
2019-12-02,WV,2.243870542737944
2019-12-02,WY,1.8097557072529113
2019-12-09,AK,2.6699311565172428
2019-12-09,AL,4.2269737698262295
2019-12-09,AR,3.2275856560287552
2019-12-09,AZ,2.9388245005146016
2019-12-09,CA,2.797052492425233
2019-12-09,CO,3.666655176705242
2019-12-09,CT,2.7376935968752685
2019-12-09,DE,1.3587787896185914
2019-12-09,GA,3.9602430357876885
2019-12-09,HI,2.77701692070125
2019-12-09,IA,2.0413285671011754
2019-12-09,ID,1.9127753529606633
2019-12-09,IL,2.724867716556296
2019-12-09,IN,2.3020814557256806
2019-12-09,KS,2.019793692676855
2019-12-09,KY,3.4181077889241562
2019-12-09,LA,4.86920550729173
2019-12-09,MA,2.334264289278148
2019-12-09,MD,2.8188733823493095
2019-12-09,ME,2.177068316475501
2019-12-09,MI,2.0288344630370516
2019-12-09,MN,2.3636457547245846
2019-12-09,MO,2.0454551373342786
2019-12-09,MS,4.0136284161605955
2019-12-09,MT,1.693521977910799
2019-12-09,NC,2.5690238273685564
2019-12-09,ND,2.709011515140455
2019-12-09,NE,4.056402709214918
2019-12-09,NH,1.623302264578901
2019-12-09,NJ,3.4320196730598003
2019-12-09,NM,3.2866203894866475
2019-12-09,NV,2.835591244276581
2019-12-09,NY,2.9410126202536615
2019-12-09,OH,1.9954494960368896
2019-12-09,OK,3.3557199505809487
2019-12-09,OR,2.5583133158573412
2019-12-09,PA,2.334569705032626
2019-12-09,RI,1.56639004675658
2019-12-09,SC,2.839045292837752
2019-12-09,SD,2.160390673945014
2019-12-09,TN,4.35421762337387
2019-12-09,TX,4.583918921945928
2019-12-09,UT,2.664910315144749
2019-12-09,VA,3.3224359520968925
2019-12-09,VT,1.7252187793957807
2019-12-09,WA,3.8263381626248334
2019-12-09,WI,2.164497401009716
2019-12-09,WV,1.6625687241670528
2019-12-09,WY,2.169617876359014
2019-12-16,AK,3.182382276892618
2019-12-16,AL,4.765558435944742
2019-12-16,AR,4.0936902151043535
2019-12-16,AZ,3.1350255391324406
2019-12-16,CA,3.0833624247100904
2019-12-16,CO,4.30764614026717
2019-12-16,CT,3.0328052086775674
2019-12-16,DE,1.6141490250466293
2019-12-16,GA,5.736100207158452
2019-12-16,HI,2.91914466736948
2019-12-16,IA,2.331284012248483
2019-12-16,ID,2.4129089953615845
2019-12-16,IL,3.376325614275562
2019-12-16,IN,2.8007840120667704
2019-12-16,KS,2.717433589701648
2019-12-16,KY,4.669452633019297
2019-12-16,LA,5.3249000962139625
2019-12-16,MA,2.481703376190227
2019-12-16,MD,3.5698906516704847
2019-12-16,ME,2.501953250310719
2019-12-16,MI,2.469955639353199
2019-12-16,MN,2.567174070322247
2019-12-16,MO,2.0823275719454797
2019-12-16,MS,4.8096133072178935
2019-12-16,MT,1.9562250940615167
2019-12-16,NC,2.8869465974388757
2019-12-16,ND,3.6000039865558744
2019-12-16,NE,4.7754613402112644
2019-12-16,NH,2.162824339413689
2019-12-16,NJ,3.833127559002539
2019-12-16,NM,4.043605509945041
2019-12-16,NV,2.732601172261772
2019-12-16,NY,3.7272680762073165
2019-12-16,OH,2.4387028274609017
2019-12-16,OK,3.832409771953536
2019-12-16,OR,3.3404131353458975
2019-12-16,PA,2.713821289283817
2019-12-16,RI,2.072111117920051
2019-12-16,SC,3.376398808003144
2019-12-16,SD,2.3726762791407294
2019-12-16,TN,5.82205543397756
2019-12-16,TX,6.726930552573381
2019-12-16,UT,3.3772014699295125
2019-12-16,VA,4.312591616870058
2019-12-16,VT,2.0302736188598494
2019-12-16,WA,5.033375159742452
2019-12-16,WI,2.4466484372666324
2019-12-16,WV,1.8615074890891365
2019-12-16,WY,2.7357428914290463
2019-12-23,AK,5.919097109796002
2019-12-23,AL,6.227653858627172
2019-12-23,AR,4.694642011853935
2019-12-23,AZ,3.742637668326575
2019-12-23,CA,3.8933618488315247
2019-12-23,CO,5.193331928502607
2019-12-23,CT,4.071471415197159
2019-12-23,DE,2.3198009439600074
2019-12-23,GA,7.933490236008654
2019-12-23,HI,3.2898309303690514
2019-12-23,IA,2.8880988804196788
2019-12-23,ID,3.108805545857318
2019-12-23,IL,4.180248894331598
2019-12-23,IN,3.777155930166839
2019-12-23,KS,3.7297641216075275
2019-12-23,KY,5.596838468695487
2019-12-23,LA,5.792919519733309
2019-12-23,MA,3.4541668629638567
2019-12-23,MD,4.609942877347603
2019-12-23,ME,3.214257410456409
2019-12-23,MI,3.4056038034786953
2019-12-23,MN,3.494954416169736
2019-12-23,MO,2.9400871189213342
2019-12-23,MS,6.032675829250212
2019-12-23,MT,2.5074660381783436
2019-12-23,NC,4.0059939511351565
2019-12-23,ND,5.413372395768201
2019-12-23,NE,5.446924053218257
2019-12-23,NH,2.822457857742113
2019-12-23,NJ,4.948072595340873
2019-12-23,NM,5.529383816050984
2019-12-23,NV,3.088811103095952
2019-12-23,NY,4.866316942344024
2019-12-23,OH,3.3500274699574972
2019-12-23,OK,5.588944656587238
2019-12-23,OR,4.237544054901679
2019-12-23,PA,3.5520149717768352
2019-12-23,RI,2.8255804201518533
2019-12-23,SC,4.418300423270491
2019-12-23,SD,3.0820335576291775
2019-12-23,TN,8.328032443834298
2019-12-23,TX,8.925971609856235
2019-12-23,UT,4.2389463791371345
2019-12-23,VA,5.474873578471432
2019-12-23,VT,2.6476316033539815
2019-12-23,WA,6.104817757980663
2019-12-23,WI,3.3761713416970256
2019-12-23,WV,2.7958624228919495
2019-12-23,WY,3.5871466310362994
2019-12-30,AK,8.337199231477992
2019-12-30,AL,7.925330468968426
2019-12-30,AR,6.8924452979795525
2019-12-30,AZ,5.461130667204284
2019-12-30,CA,5.774384720700714
2019-12-30,CO,7.371517664113409
2019-12-30,CT,5.762097175378356
2019-12-30,DE,4.040233576452366
2019-12-30,GA,9.962217345825268
2019-12-30,HI,4.371209579632283
2019-12-30,IA,5.024874748142469
2019-12-30,ID,4.063442552263185
2019-12-30,IL,6.366777727350669
2019-12-30,IN,5.770779414399259
2019-12-30,KS,5.264498888147883
2019-12-30,KY,8.921131556096684
2019-12-30,LA,8.26821159915766
2019-12-30,MA,5.147186443505235
2019-12-30,MD,6.877963732129002
2019-12-30,ME,4.717871341589495
2019-12-30,MI,4.372483055889861
2019-12-30,MN,5.321768901764415
2019-12-30,MO,5.51456228622393
2019-12-30,MS,7.4738769465722825
2019-12-30,MT,3.5897643090863016
2019-12-30,NC,5.876977399602936
2019-12-30,ND,7.098962933287044
2019-12-30,NE,8.799754261526322
2019-12-30,NH,4.526135065263069
2019-12-30,NJ,7.602575602108962
2019-12-30,NM,8.566293642217678
2019-12-30,NV,3.8870928063263417
2019-12-30,NY,7.148489083972194
2019-12-30,OH,4.6030415605133435
2019-12-30,OK,7.538447301904441
2019-12-30,OR,5.7384247271099795
2019-12-30,PA,5.053872228473858
2019-12-30,RI,4.262603609304846
2019-12-30,SC,6.402279835182894
2019-12-30,SD,4.237078640294858
2019-12-30,TN,11.857130384201707
2019-12-30,TX,11.70505922227575
2019-12-30,UT,6.387482423178641
2019-12-30,VA,7.6168133486536345
2019-12-30,VT,3.6955155062793716
2019-12-30,WA,7.688481417092239
2019-12-30,WI,4.489645654563505
2019-12-30,WV,4.297539767611585
2019-12-30,WY,5.293854376417171
2020-01-06,AK,4.991089468665089
2020-01-06,AL,5.732458093670612
2020-01-06,AR,4.68404032870251
2020-01-06,AZ,4.665100545014547
2020-01-06,CA,4.984011458816575
2020-01-06,CO,5.865134416899696
2020-01-06,CT,5.348083621797835
2020-01-06,DE,3.5589087214663353
2020-01-06,GA,6.162783670458513
2020-01-06,HI,4.120992904223089
2020-01-06,IA,3.940261784761793
2020-01-06,ID,3.3078229258901493
2020-01-06,IL,4.872820254558109
2020-01-06,IN,3.913444481484393
2020-01-06,KS,6.072834767708748
2020-01-06,KY,5.5371152603668925
2020-01-06,LA,6.101473395020747
2020-01-06,MA,4.547837828249934
2020-01-06,MD,5.6567618775486075
2020-01-06,ME,4.244156221500988
2020-01-06,MI,3.5519490721717806
2020-01-06,MN,4.678669251220839
2020-01-06,MO,3.994486730543414
2020-01-06,MS,5.6104017662712025
2020-01-06,MT,3.5638391375872236
2020-01-06,NC,4.592418264891526
2020-01-06,ND,5.933504701094602
2020-01-06,NE,6.7496145234781935
2020-01-06,NH,3.584160053317567
2020-01-06,NJ,6.24518497822352
2020-01-06,NM,7.836143921830489
2020-01-06,NV,3.1200584172689867
2020-01-06,NY,5.605680701253331
2020-01-06,OH,3.810312472817129
2020-01-06,OK,6.306021868730664
2020-01-06,OR,4.635669093765314
2020-01-06,PA,4.74124382556599
2020-01-06,RI,4.375401333841685
2020-01-06,SC,7.550051090960496
2020-01-06,SD,3.723722438367603
2020-01-06,TN,6.909254764608589
2020-01-06,TX,8.001661881218366
2020-01-06,UT,5.811506011482014
2020-01-06,VA,6.142011767463421
2020-01-06,VT,3.690391687203232
2020-01-06,WA,5.857338832276195
2020-01-06,WI,4.22031251939665
2020-01-06,WV,4.720944926888696
2020-01-06,WY,4.272588747752639
2020-01-13,AK,4.455410912220584
2020-01-13,AL,4.518701668510342
2020-01-13,AR,4.106973654638676
2020-01-13,AZ,3.6329648261366994
2020-01-13,CA,4.0505371636050835
2020-01-13,CO,5.49713653458902
2020-01-13,CT,4.854072510801902
2020-01-13,DE,2.60953526086543
2020-01-13,GA,5.411815779538857
2020-01-13,HI,3.3422260641592754
2020-01-13,IA,3.3583677433890946
2020-01-13,ID,2.774545421829899
2020-01-13,IL,4.153525466745721
2020-01-13,IN,3.0923611218190916
2020-01-13,KS,3.8744795331201924
2020-01-13,KY,4.59638506274368
2020-01-13,LA,4.971416206069146
2020-01-13,MA,3.601220736771049
2020-01-13,MD,4.69866402810638
2020-01-13,ME,3.3543733626400782
2020-01-13,MI,3.092427558820755
2020-01-13,MN,3.006467261337897
2020-01-13,MO,2.68591603229935
2020-01-13,MS,4.515548454293866
2020-01-13,MT,2.6578919487751858
2020-01-13,NC,3.690026725793314
2020-01-13,ND,4.745243006770579
2020-01-13,NE,5.202242772746406
2020-01-13,NH,3.264308530346409
2020-01-13,NJ,5.575763959280621
2020-01-13,NM,6.460648076974794
2020-01-13,NV,2.68525281294352
2020-01-13,NY,4.644536113361864
2020-01-13,OH,2.8478620528254797
2020-01-13,OK,5.170468009664248
2020-01-13,OR,3.1592511247165995
2020-01-13,PA,3.4776429152598016
2020-01-13,RI,3.7828396019755983
2020-01-13,SC,4.538640538942045
2020-01-13,SD,3.294051798900929
2020-01-13,TN,6.240298452165266
2020-01-13,TX,7.379655509707812
2020-01-13,UT,4.676823196664323
2020-01-13,VA,4.971116396737526
2020-01-13,VT,2.661119158131703
2020-01-13,WA,3.986512746915358
2020-01-13,WI,3.3202595273227358
2020-01-13,WV,2.9622366474683064
2020-01-13,WY,3.987578355407734
2020-01-20,AK,4.441793532191284
2020-01-20,AL,5.483025549529971
2020-01-20,AR,5.550436815438023
2020-01-20,AZ,4.463338853136922
2020-01-20,CA,4.5821478055772875
2020-01-20,CO,5.588019579206989
2020-01-20,CT,5.504977140184085
2020-01-20,DE,2.866682140751962
2020-01-20,GA,6.134804771377846
2020-01-20,HI,3.8745214081015256
2020-01-20,IA,3.5013927052572225
2020-01-20,ID,2.8964598664961887
2020-01-20,IL,4.617476493537694
2020-01-20,IN,3.3478260462195752
2020-01-20,KS,4.283940258995345
2020-01-20,KY,6.486015822005592
2020-01-20,LA,5.645257979602906
2020-01-20,MA,4.65141586001426
2020-01-20,MD,5.455063930281168
2020-01-20,ME,4.321535759057435
2020-01-20,MI,3.286896355351435
2020-01-20,MN,3.0975699640524548
2020-01-20,MO,6.155272581663029
2020-01-20,MS,5.043102642347003
2020-01-20,MT,2.8665504900225947
2020-01-20,NC,4.5020936715290905
2020-01-20,ND,4.441383775632697
2020-01-20,NE,5.148571307258137
2020-01-20,NH,3.5943715887389263
2020-01-20,NJ,6.299453392396644
2020-01-20,NM,6.826161256529979
2020-01-20,NV,2.760665464596113
2020-01-20,NY,6.2009328453434955
2020-01-20,OH,3.3748265270376137
2020-01-20,OK,6.840539775193355
2020-01-20,OR,3.3281587395017467
2020-01-20,PA,4.1585680562145155
2020-01-20,RI,4.986153123424858
2020-01-20,SC,4.441937933175212
2020-01-20,SD,3.743738142324588
2020-01-20,TN,7.2655492189776725
2020-01-20,TX,8.106743724333839
2020-01-20,UT,5.735523348644553
2020-01-20,VA,5.281345893842862
2020-01-20,VT,3.0623377555491693
2020-01-20,WA,4.119535005956275
2020-01-20,WI,3.581838428293954
2020-01-20,WV,3.353039487320835
2020-01-20,WY,4.660859358213372
2020-01-27,AK,4.900790915356401
2020-01-27,AL,6.216249930263746
2020-01-27,AR,5.606133198034314
2020-01-27,AZ,5.174318215184238
2020-01-27,CA,5.145286705447735
2020-01-27,CO,6.84982224575314
2020-01-27,CT,6.74279631985785
2020-01-27,DE,2.934118348420097
2020-01-27,GA,5.98995495499985
2020-01-27,HI,4.108307774226514
2020-01-27,IA,3.6682508683903814
2020-01-27,ID,3.304183358400738
2020-01-27,IL,5.5538512604028645
2020-01-27,IN,4.794846748546231
2020-01-27,KS,4.405473715254626
2020-01-27,KY,6.619217516518856
2020-01-27,LA,6.4585861749371585
2020-01-27,MA,5.3726582001350724
2020-01-27,MD,6.153987797035851
2020-01-27,ME,4.8038457075573575
2020-01-27,MI,4.20506977791535
2020-01-27,MN,3.459643954646106
2020-01-27,MO,6.957084513554356
2020-01-27,MS,5.610284083781561
2020-01-27,MT,3.5050877238992575
2020-01-27,NC,4.839904945181836
2020-01-27,ND,4.962001901909332
2020-01-27,NE,5.181456907619368
2020-01-27,NH,4.0101465578483655
2020-01-27,NJ,6.856919960824928
2020-01-27,NM,6.762725027389992
2020-01-27,NV,3.298875991293725
2020-01-27,NY,6.796226629986574
2020-01-27,OH,4.42243927399612
2020-01-27,OK,7.26421567151605
2020-01-27,OR,3.8441494750060317
2020-01-27,PA,4.626972831196676
2020-01-27,RI,4.660111905174979
2020-01-27,SC,4.754990355943914
2020-01-27,SD,4.242522085360246
2020-01-27,TN,7.0765275435912045
2020-01-27,TX,8.39357330063959
2020-01-27,UT,6.336923711664697
2020-01-27,VA,6.155559746540282
2020-01-27,VT,3.5125147357431263
2020-01-27,WA,4.670179302433128
2020-01-27,WI,4.009135716193967
2020-01-27,WV,4.082814848436597
2020-01-27,WY,5.43515586787158
2020-02-03,AK,4.998692652902945
2020-02-03,AL,8.213254764846054
2020-02-03,AR,7.855469262987819
2020-02-03,AZ,5.037490421779073
2020-02-03,CA,5.4721130457541864
2020-02-03,CO,7.178061680127799
2020-02-03,CT,8.114110326010064
2020-02-03,DE,3.8662857451504555
2020-02-03,GA,7.525392197200766
2020-02-03,HI,5.02793490389498
2020-02-03,IA,4.216281941361545
2020-02-03,ID,3.593098792552727
2020-02-03,IL,6.582904125845813
2020-02-03,IN,5.791841626671251
2020-02-03,KS,7.556175830632318
2020-02-03,KY,7.923794864580682
2020-02-03,LA,8.936921025536357
2020-02-03,MA,5.873024653657707
2020-02-03,MD,6.793721289782244
2020-02-03,ME,5.416391719735385
2020-02-03,MI,4.821434093265711
2020-02-03,MN,5.402412730346427
2020-02-03,MO,7.633750476643952
2020-02-03,MS,6.577111836614202
2020-02-03,MT,4.8882769065745855
2020-02-03,NC,5.763282925712533
2020-02-03,ND,5.031646605953558
2020-02-03,NE,5.210677218023204
2020-02-03,NH,5.162872686306807
2020-02-03,NJ,7.195913675216
2020-02-03,NM,6.898159405695564
2020-02-03,NV,3.6054653782162154
2020-02-03,NY,6.9878220776694455
2020-02-03,OH,5.5685281363029855
2020-02-03,OK,7.8117727103504055
2020-02-03,OR,4.556467685876674
2020-02-03,PA,5.473296302116102
2020-02-03,RI,7.951196516316553
2020-02-03,SC,8.255053379895596
2020-02-03,SD,4.631372042807565
2020-02-03,TN,8.570390596671398
2020-02-03,TX,8.961273436524754
2020-02-03,UT,6.731357477403666
2020-02-03,VA,7.308882461569544
2020-02-03,VT,5.331514757185369
2020-02-03,WA,5.1105810341805755
2020-02-03,WI,5.480671082109652
2020-02-03,WV,6.8468164448457305
2020-02-03,WY,6.054548554944839
2020-02-10,AK,4.710837153768024
2020-02-10,AL,7.572084852769802
2020-02-10,AR,6.811247737632028
2020-02-10,AZ,5.020234619870405
2020-02-10,CA,5.555726411860139
2020-02-10,CO,6.902463259384259
2020-02-10,CT,8.646583053252812
2020-02-10,DE,3.1353802921174587
2020-02-10,GA,6.752889053167118
2020-02-10,HI,5.174775421582754
2020-02-10,IA,4.658140653848461
2020-02-10,ID,3.621917663973402
2020-02-10,IL,6.909761712846585
2020-02-10,IN,5.736451277207333
2020-02-10,KS,5.657929837076784
2020-02-10,KY,8.954621164631027
2020-02-10,LA,7.817758303213925
2020-02-10,MA,6.3875432733698325
2020-02-10,MD,6.3658605840445945
2020-02-10,ME,5.620180448625055
2020-02-10,MI,5.051858595415063
2020-02-10,MN,4.24901922626055
2020-02-10,MO,7.524196567026928
2020-02-10,MS,6.429799612652791
2020-02-10,MT,4.106029635256904
2020-02-10,NC,6.359246478234732
2020-02-10,ND,5.425435375901869
2020-02-10,NE,5.471271244814571
2020-02-10,NH,5.471308103820986
2020-02-10,NJ,7.05281411148467
2020-02-10,NM,6.61818471143812
2020-02-10,NV,3.6151948319700047
2020-02-10,NY,6.643750132989263
2020-02-10,OH,5.289480374687681
2020-02-10,OK,8.304196964071192
2020-02-10,OR,3.955091394759208
2020-02-10,PA,5.45547893490612
2020-02-10,RI,6.833891125033441
2020-02-10,SC,6.639483466682279
2020-02-10,SD,4.816711892973504
2020-02-10,TN,7.586419947545702
2020-02-10,TX,8.683270604191332
2020-02-10,UT,6.669808143738194
2020-02-10,VA,7.83100715687371
2020-02-10,VT,4.605181869662172
2020-02-10,WA,4.770628247767603
2020-02-10,WI,4.9791705263577475
2020-02-10,WV,5.338529313905212
2020-02-10,WY,5.894489727935812
2020-02-17,AK,4.375864180857784
2020-02-17,AL,6.167565157174121
2020-02-17,AR,6.496569441746905
2020-02-17,AZ,4.320068358129614
2020-02-17,CA,5.116802182999893
2020-02-17,CO,5.657573542178673
2020-02-17,CT,7.195738406255709
2020-02-17,DE,3.349725191232837
2020-02-17,GA,5.395387526272096
2020-02-17,HI,4.764305793762471
2020-02-17,IA,4.8206504620588575
2020-02-17,ID,3.3239120394317307
2020-02-17,IL,5.9850092898170235
2020-02-17,IN,5.007202115108373
2020-02-17,KS,5.197379925003653
2020-02-17,KY,7.541207066512658
2020-02-17,LA,6.996951989357228
2020-02-17,MA,5.055683808095431
2020-02-17,MD,5.64152784515097
2020-02-17,ME,5.2033510807978685
2020-02-17,MI,4.759034881215545
2020-02-17,MN,4.20702025169403
2020-02-17,MO,5.5900729892952015
2020-02-17,MS,5.89303819047105
2020-02-17,MT,3.9308090949229655
2020-02-17,NC,4.994868127862741
2020-02-17,ND,6.330500454142069
2020-02-17,NE,5.376371900794881
2020-02-17,NH,5.755158107319753
2020-02-17,NJ,5.782884010458803
2020-02-17,NM,5.816866314331611
2020-02-17,NV,3.5575074145937298
2020-02-17,NY,5.376110543459662
2020-02-17,OH,4.515249168535817
2020-02-17,OK,7.6852647251407
2020-02-17,OR,3.9638296895373646
2020-02-17,PA,4.645694658065947
2020-02-17,RI,6.428675729313249
2020-02-17,SC,5.8309553656914925
2020-02-17,SD,4.630020652484223
2020-02-17,TN,5.857237835664414
2020-02-17,TX,7.762375799043924
2020-02-17,UT,5.706438397585371
2020-02-17,VA,6.9818610394794645
2020-02-17,VT,4.343301587022085
2020-02-17,WA,4.532600687584024
2020-02-17,WI,4.787170017707339
2020-02-17,WV,4.455252124467217
2020-02-17,WY,5.2395543190134894
2020-02-24,AK,5.671615995018911
2020-02-24,AL,7.012480418662444
2020-02-24,AR,5.74753775564621
2020-02-24,AZ,4.525546732220663
2020-02-24,CA,4.748415869939059
2020-02-24,CO,5.31281840624395
2020-02-24,CT,6.3247436326496
2020-02-24,DE,3.574795626991232
2020-02-24,GA,5.101861196617978
2020-02-24,HI,4.614670016678346
2020-02-24,IA,4.389202328126968
2020-02-24,ID,3.242834606554416
2020-02-24,IL,5.61837407307044
2020-02-24,IN,4.611115531573489
2020-02-24,KS,4.786426284209899
2020-02-24,KY,6.4937356790352085
2020-02-24,LA,7.109726423447079
2020-02-24,MA,4.71918938801895
2020-02-24,MD,5.11984417031369
2020-02-24,ME,4.780956588335604
2020-02-24,MI,4.10187745170345
2020-02-24,MN,3.8484267712182945
2020-02-24,MO,5.588275636148557
2020-02-24,MS,5.332316711505328
2020-02-24,MT,3.659003060563509
2020-02-24,NC,4.777925437893471
2020-02-24,ND,4.516234891118274
2020-02-24,NE,5.04666595513036
2020-02-24,NH,4.880241612293198
2020-02-24,NJ,5.635284391898819
2020-02-24,NM,5.111161806487102
2020-02-24,NV,3.2284528268320125
2020-02-24,NY,4.443845564213069
2020-02-24,OH,4.027371026916173
2020-02-24,OK,7.029051599002784
2020-02-24,OR,3.516232344495511
2020-02-24,PA,4.380455799634327
2020-02-24,RI,5.418120223949558
2020-02-24,SC,5.091153396344907
2020-02-24,SD,3.9926330711406104
2020-02-24,TN,5.8020865861915185
2020-02-24,TX,7.219981851429266
2020-02-24,UT,5.987148990981645
2020-02-24,VA,6.360593756719759
2020-02-24,VT,3.8498981260783927
2020-02-24,WA,4.457718264697696
2020-02-24,WI,4.62336749945065
2020-02-24,WV,3.915186736255866
2020-02-24,WY,4.703873384672084
2020-03-02,AK,4.417363234742487
2020-03-02,AL,4.862045504559692
2020-03-02,AR,7.246064082999958
2020-03-02,AZ,3.7882911519194575
2020-03-02,CA,4.463464743518111
2020-03-02,CO,5.0974211261710245
2020-03-02,CT,5.377429816500452
2020-03-02,DE,3.854619205823142
2020-03-02,GA,4.651076950426843
2020-03-02,HI,4.552351834895265
2020-03-02,IA,4.10724637369292
2020-03-02,ID,3.378503928769483
2020-03-02,IL,5.067391692252341
2020-03-02,IN,5.7471631447005365
2020-03-02,KS,5.908378029567115
2020-03-02,KY,6.413813477918671
2020-03-02,LA,7.961372379341752
2020-03-02,MA,3.773693136818936
2020-03-02,MD,5.0750120590935435
2020-03-02,ME,4.66798269652858
2020-03-02,MI,3.652874552335918
2020-03-02,MN,5.1116215709354
2020-03-02,MO,7.524277937231256
2020-03-02,MS,5.390912904349904
2020-03-02,MT,4.610803290420078
2020-03-02,NC,4.214166253736517
2020-03-02,ND,4.9607243442278985
2020-03-02,NE,4.813838129263951
2020-03-02,NH,4.32455589550024
2020-03-02,NJ,4.794166713743265
2020-03-02,NM,4.944000010927031
2020-03-02,NV,3.106004515923815
2020-03-02,NY,3.951821556770729
2020-03-02,OH,4.284784585617487
2020-03-02,OK,6.360053325588639
2020-03-02,OR,4.878343307141453
2020-03-02,PA,4.322971859179948
2020-03-02,RI,4.892156101762708
2020-03-02,SC,7.148723572528464
2020-03-02,SD,3.8484772123502027
2020-03-02,TN,5.138398101037037
2020-03-02,TX,6.353654069781655
2020-03-02,UT,5.005408293801382
2020-03-02,VA,6.0204749284794765
2020-03-02,VT,4.361116585959801
2020-03-02,WA,4.907689556155216
2020-03-02,WI,4.943952570571994
2020-03-02,WV,5.384264860975229
2020-03-02,WY,4.3846370772125205
2020-03-09,AK,4.136953155705964
2020-03-09,AL,5.844005467763699
2020-03-09,AR,5.0519992484654495
2020-03-09,AZ,3.3815411446736916
2020-03-09,CA,4.3035739111671125
2020-03-09,CO,5.516680639422597
2020-03-09,CT,5.503317285622865
2020-03-09,DE,3.070405433962687
2020-03-09,GA,5.518628569803774
2020-03-09,HI,4.4827577518500945
2020-03-09,IA,3.9826345953380904
2020-03-09,ID,3.66585419085831
2020-03-09,IL,5.130047097812157
2020-03-09,IN,4.35875812335634
2020-03-09,KS,4.117792314531602
2020-03-09,KY,6.500953762324308
2020-03-09,LA,6.733332192771558
2020-03-09,MA,4.026478655762983
2020-03-09,MD,5.02690263014222
2020-03-09,ME,4.5817841929333225
2020-03-09,MI,3.858891329467114
2020-03-09,MN,3.66279509459292
2020-03-09,MO,7.418564798006093
2020-03-09,MS,4.9204133067894364
2020-03-09,MT,3.8729494706330883
2020-03-09,NC,4.609013779524047
2020-03-09,ND,4.487183951623038
2020-03-09,NE,4.692426157916394
2020-03-09,NH,3.347911046451169
2020-03-09,NJ,6.181982602637326
2020-03-09,NM,4.618993276980786
2020-03-09,NV,3.0024427370306817
2020-03-09,NY,5.0865263073956966
2020-03-09,OH,4.066648314178606
2020-03-09,OK,6.2704225033884775
2020-03-09,OR,4.603000569052776
2020-03-09,PA,4.224990327703878
2020-03-09,RI,3.790595682283791
2020-03-09,SC,4.777105507071346
2020-03-09,SD,3.8647115144903266
2020-03-09,TN,5.601672801902646
2020-03-09,TX,6.66544071573926
2020-03-09,UT,5.2165397755131755
2020-03-09,VA,6.081566621299633
2020-03-09,VT,3.5456331060428914
2020-03-09,WA,6.273733707831065
2020-03-09,WI,4.173332343786976
2020-03-09,WV,3.9981126669461804
2020-03-09,WY,3.7710327189967323
2020-03-16,AK,3.9041158306111106
2020-03-16,AL,5.51227308041274
2020-03-16,AR,3.8454741198766245
2020-03-16,AZ,3.8662825400352787
2020-03-16,CA,4.729367385735289
2020-03-16,CO,7.081192710832394
2020-03-16,CT,6.332455714696709
2020-03-16,DE,3.0848481355927677
2020-03-16,GA,7.410547311103732
2020-03-16,HI,4.163145080137628
2020-03-16,IA,4.039697022686277
2020-03-16,ID,3.719111538764622
2020-03-16,IL,5.794579362796091
2020-03-16,IN,3.5848949052180252
2020-03-16,KS,4.262272052833795
2020-03-16,KY,5.96506987955042
2020-03-16,LA,8.025015416524912
2020-03-16,MA,5.120147976700233
2020-03-16,MD,6.164784425285983
2020-03-16,ME,4.9683141880447295
2020-03-16,MI,4.342692136573154
2020-03-16,MN,3.608854892790406
2020-03-16,MO,6.375941568933298
2020-03-16,MS,5.278236470604529
2020-03-16,MT,4.1555824834492014
2020-03-16,NC,5.015222749976054
2020-03-16,ND,5.135318300931361
2020-03-16,NE,5.459178616712431
2020-03-16,NH,2.9238144660506045
2020-03-16,NJ,7.813944651065328
2020-03-16,NM,5.115735832864659
2020-03-16,NV,3.2682402914519058
2020-03-16,NY,7.252046181926859
2020-03-16,OH,4.029954252978263
2020-03-16,OK,6.541136392860555
2020-03-16,OR,5.24531945651116
2020-03-16,PA,5.231678419469957
2020-03-16,RI,3.248975833271622
2020-03-16,SC,5.364481609070973
2020-03-16,SD,3.937917303212748
2020-03-16,TN,6.445370357370863
2020-03-16,TX,6.015419250934647
2020-03-16,UT,5.486134101129071
2020-03-16,VA,6.963300725206907
2020-03-16,VT,3.827574911454169
2020-03-16,WA,5.8591069487257155
2020-03-16,WI,4.856714408898762
2020-03-16,WV,3.777710365155832
2020-03-16,WY,4.03551937559863
2020-03-23,AK,4.352602175167949
2020-03-23,AL,6.231292604085532
2020-03-23,AR,4.180249445700081
2020-03-23,AZ,4.367199456866651
2020-03-23,CA,5.356316039694344
2020-03-23,CO,6.03655463257336
2020-03-23,CT,6.6302907890500915
2020-03-23,DE,3.6087700196921597
2020-03-23,GA,7.274477731450142
2020-03-23,HI,4.31855310651939
2020-03-23,IA,3.718613623363259
2020-03-23,ID,4.0935243507370265
2020-03-23,IL,6.496890120151772
2020-03-23,IN,4.4066580195551435
2020-03-23,KS,5.082330907427922
2020-03-23,KY,4.999972800182567
2020-03-23,LA,8.88204011945687
2020-03-23,MA,6.712357091838113
2020-03-23,MD,7.12337690411516
2020-03-23,ME,6.2652713869389505
2020-03-23,MI,3.8530569037374827
2020-03-23,MN,3.587990570387875
2020-03-23,MO,5.924220452710614
2020-03-23,MS,5.641559016549589
2020-03-23,MT,4.211316367876106
2020-03-23,NC,5.3104942874044445
2020-03-23,ND,6.140573376591586
2020-03-23,NE,5.600473954295003
2020-03-23,NH,2.978578492089599
2020-03-23,NJ,11.028677396234778
2020-03-23,NM,5.4268150072540955
2020-03-23,NV,3.2840687547148453
2020-03-23,NY,10.199943750287877
2020-03-23,OH,4.219189823229968
2020-03-23,OK,6.9940717477718675
2020-03-23,OR,5.727337989722844
2020-03-23,PA,6.28194851673557
2020-03-23,RI,2.6381317411018115
2020-03-23,SC,5.630650578141976
2020-03-23,SD,4.102876147287997
2020-03-23,TN,6.501762598832261
2020-03-23,TX,7.14316996333212
2020-03-23,UT,5.869730128737707
2020-03-23,VA,6.3502542740328085
2020-03-23,VT,4.2115224462588685
2020-03-23,WA,5.602573284930447
2020-03-23,WI,5.297353635810078
2020-03-23,WV,3.789387191194476
2020-03-23,WY,4.882823642182442
2020-03-30,AK,3.266829618232308
2020-03-30,AL,3.828146568049905
2020-03-30,AR,3.629965280435687
2020-03-30,AZ,3.8570131478432548
2020-03-30,CA,3.539320187614586
2020-03-30,CO,3.6106219796051184
2020-03-30,CT,5.789078492496235
2020-03-30,DE,2.2608640258058976
2020-03-30,GA,5.261990831655403
2020-03-30,HI,2.8870561333986693
2020-03-30,IA,2.731604257203199
2020-03-30,ID,4.112110109268237
2020-03-30,IL,4.278273571902338
2020-03-30,IN,2.2048552979748717
2020-03-30,KS,3.861474792847768
2020-03-30,KY,3.185996485088636
2020-03-30,LA,6.7865609075435
2020-03-30,MA,4.512207015274834
2020-03-30,MD,5.1708454892424225
2020-03-30,ME,3.0825686255085474
2020-03-30,MI,2.813920473147204
2020-03-30,MN,2.7206445825201295
2020-03-30,MO,3.2443639081145377
2020-03-30,MS,4.341724992606281
2020-03-30,MT,3.286518909157693
2020-03-30,NC,3.141574290404214
2020-03-30,ND,4.710278509565948
2020-03-30,NE,3.4537690485787724
2020-03-30,NH,2.0280606963190273
2020-03-30,NJ,11.597275774831061
2020-03-30,NM,4.217635658100513
2020-03-30,NV,2.4958391864903517
2020-03-30,NY,9.124264792941
2020-03-30,OH,2.9472388417717337
2020-03-30,OK,6.648668007127658
2020-03-30,OR,3.8413898344472543
2020-03-30,PA,4.076824274510325
2020-03-30,RI,1.7663147595067659
2020-03-30,SC,4.222493045256401
2020-03-30,SD,2.712637794808431
2020-03-30,TN,4.803466784652777
2020-03-30,TX,4.11450518229997
2020-03-30,UT,3.9077757254994387
2020-03-30,VA,3.919053294500632
2020-03-30,VT,3.6680076909861086
2020-03-30,WA,3.5327787275572367
2020-03-30,WI,3.8495341464119566
2020-03-30,WV,2.8539191110578153
2020-03-30,WY,3.8750278338577533
2020-04-06,AK,2.1046851826925166
2020-04-06,AL,3.0071842614533626
2020-04-06,AR,2.0209166608742652
2020-04-06,AZ,3.041751733237401
2020-04-06,CA,2.678907983952792
2020-04-06,CO,3.116292697333254
2020-04-06,CT,4.748835826336549
2020-04-06,DE,1.6434975738312878
2020-04-06,GA,3.970098592806729
2020-04-06,HI,2.395033452613612
2020-04-06,IA,2.0466073034453593
2020-04-06,ID,4.329866006557149
2020-04-06,IL,3.424238320925655
2020-04-06,IN,1.8067585729019608
2020-04-06,KS,3.181625761713924
2020-04-06,KY,2.16518084773994
2020-04-06,LA,5.186238577089824
2020-04-06,MA,4.15369502795027
2020-04-06,MD,4.145488716225981
2020-04-06,ME,1.9555984462548544
2020-04-06,MI,1.9697855381750893
2020-04-06,MN,2.6857812830381023
2020-04-06,MO,1.6565583757262745
2020-04-06,MS,3.638657976674872
2020-04-06,MT,2.7239343488537546
2020-04-06,NC,2.3571088707882355
2020-04-06,ND,3.1926172175846323
2020-04-06,NE,2.6050435367190525
2020-04-06,NH,1.649391632661939
2020-04-06,NJ,9.203214264396653
2020-04-06,NM,3.098579677300009
2020-04-06,NV,2.123791529525804
2020-04-06,NY,6.06504523569318
2020-04-06,OH,2.2874005457531785
2020-04-06,OK,5.626369644166825
2020-04-06,OR,2.9334597198760477
2020-04-06,PA,3.1657656922191437
2020-04-06,RI,1.473016440157715
2020-04-06,SC,3.6854279042589626
2020-04-06,SD,2.1489951166835586
2020-04-06,TN,3.1756909924814334
2020-04-06,TX,3.208553811023827
2020-04-06,UT,2.9061571771088013
2020-04-06,VA,3.1461768784761412
2020-04-06,VT,3.184176872442439
2020-04-06,WA,2.4307511624549876
2020-04-06,WI,3.2494944726762434
2020-04-06,WV,2.64243003795616
2020-04-06,WY,2.9184328624477
2020-04-13,AK,2.782043716710254
2020-04-13,AL,2.2225183430512745
2020-04-13,AR,1.5704611084936382
2020-04-13,AZ,2.1154886603255854
2020-04-13,CA,2.151121950070637
2020-04-13,CO,2.076392784139094
2020-04-13,CT,3.344259771512874
2020-04-13,DE,1.094882547340165
2020-04-13,GA,3.228214423010492
2020-04-13,HI,1.653860945580381
2020-04-13,IA,1.490109305340709
2020-04-13,ID,2.4940895755680565
2020-04-13,IL,2.4179528301388933
2020-04-13,IN,1.307349911484048
2020-04-13,KS,1.7057048510487247
2020-04-13,KY,1.8557485481200464
2020-04-13,LA,3.465925036295877
2020-04-13,MA,3.150861514171364
2020-04-13,MD,3.50130323718588
2020-04-13,ME,1.3723893054880583
2020-04-13,MI,1.6362166162012266
2020-04-13,MN,1.7037903424724332
2020-04-13,MO,1.6054446680423826
2020-04-13,MS,2.7314146936526167
2020-04-13,MT,1.6909518587299437
2020-04-13,NC,1.9006392024419347
2020-04-13,ND,1.8445061650757557
2020-04-13,NE,2.32602967596537
2020-04-13,NH,1.2505802168406384
2020-04-13,NJ,6.754511727998384
2020-04-13,NM,2.289712586425243
2020-04-13,NV,1.656582009109187
2020-04-13,NY,3.699015785740964
2020-04-13,OH,1.506831384822377
2020-04-13,OK,3.106706886300562
2020-04-13,OR,1.914681753154138
2020-04-13,PA,2.3564547902185655
2020-04-13,RI,0.9816941006396238
2020-04-13,SC,2.7264376659756437
2020-04-13,SD,1.4082041742050024
2020-04-13,TN,2.5224606551800117
2020-04-13,TX,2.708248968295144
2020-04-13,UT,2.3916537235189166
2020-04-13,VA,2.588576194368053
2020-04-13,VT,2.086929928968242
2020-04-13,WA,1.7075242744504693
2020-04-13,WI,2.5549402379072803
2020-04-13,WV,1.3421980361560113
2020-04-13,WY,2.1125236205916904
2020-04-20,AK,1.6515765674201544
2020-04-20,AL,2.0131198086185558
2020-04-20,AR,1.1906980760367512
2020-04-20,AZ,2.0310504497433257
2020-04-20,CA,1.6096822732449583
2020-04-20,CO,1.5450093892126575
2020-04-20,CT,3.392642029021226
2020-04-20,DE,0.8526404363412915
2020-04-20,GA,2.3629038481820217
2020-04-20,HI,1.239329691155114
2020-04-20,IA,1.1390564059241681
2020-04-20,ID,3.0436826943973623
2020-04-20,IL,2.064953681099268
2020-04-20,IN,0.967410293832411
2020-04-20,KS,1.3847902461994464
2020-04-20,KY,1.341586342745492
2020-04-20,LA,2.7486218715915314
2020-04-20,MA,2.691339150175721
2020-04-20,MD,2.730650037577915
2020-04-20,ME,1.1742001926824972
2020-04-20,MI,1.1995336638197833
2020-04-20,MN,1.3839518554102685
2020-04-20,MO,1.1070329631425264
2020-04-20,MS,2.210423612205706
2020-04-20,MT,1.2949654644870887
2020-04-20,NC,1.483751823097642
2020-04-20,ND,1.5903898247807988
2020-04-20,NE,1.8082476718083726
2020-04-20,NH,1.0750218688983022
2020-04-20,NJ,4.01089741887195
2020-04-20,NM,2.0112639405349464
2020-04-20,NV,1.2901078588821266
2020-04-20,NY,2.7886677796224375
2020-04-20,OH,1.2771515508217464
2020-04-20,OK,2.450099553246459
2020-04-20,OR,1.3163069645293406
2020-04-20,PA,1.7986441598784697
2020-04-20,RI,0.7698822901188245
2020-04-20,SC,1.8955546730648087
2020-04-20,SD,1.0854727599700837
2020-04-20,TN,1.8045848937662545
2020-04-20,TX,1.9616731674330559
2020-04-20,UT,1.5846187579224815
2020-04-20,VA,2.249172205442755
2020-04-20,VT,1.61228703515651
2020-04-20,WA,1.358221003440931
2020-04-20,WI,2.2781919912642223
2020-04-20,WV,1.0279711815473118
2020-04-20,WY,1.48895634867883
2020-04-27,AK,1.4121736763260906
2020-04-27,AL,1.4107600685874255
2020-04-27,AR,0.9103840757407586
2020-04-27,AZ,1.7846858628297395
2020-04-27,CA,1.3994198349819182
2020-04-27,CO,1.3498659999263463
2020-04-27,CT,1.7069083209981424
2020-04-27,DE,0.7703685072882466
2020-04-27,GA,1.967361312615952
2020-04-27,HI,1.004489777647228
2020-04-27,IA,1.1371259400024218
2020-04-27,ID,2.984701833664676
2020-04-27,IL,1.7565777521377
2020-04-27,IN,0.8861435282398598
2020-04-27,KS,1.3925020632671705
2020-04-27,KY,1.3042321894289182
2020-04-27,LA,2.516655065491202
2020-04-27,MA,2.042337265796152
2020-04-27,MD,2.850650883552506
2020-04-27,ME,1.0334670541908941
2020-04-27,MI,1.034632006846214
2020-04-27,MN,1.3072256715031099
2020-04-27,MO,0.7131283200297197
2020-04-27,MS,2.20142143320588
2020-04-27,MT,1.129461628405171
2020-04-27,NC,1.4324538234782238
2020-04-27,ND,1.3324208865660871
2020-04-27,NE,1.363002367419076
2020-04-27,NH,0.7049351716501214
2020-04-27,NJ,2.8517771349955674
2020-04-27,NM,1.6600594479467203
2020-04-27,NV,1.0252765577727707
2020-04-27,NY,1.7759391968859481
2020-04-27,OH,1.5017015552944977
2020-04-27,OK,2.4280364425197627
2020-04-27,OR,1.399448691964643
2020-04-27,PA,1.434305859849527
2020-04-27,RI,0.7009645109295217
2020-04-27,SC,1.657635508805125
2020-04-27,SD,0.9190703339348298
2020-04-27,TN,1.7669468116987872
2020-04-27,TX,1.870371577266258
2020-04-27,UT,1.4928846975909797
2020-04-27,VA,1.7023282865081812
2020-04-27,VT,1.138558400523498
2020-04-27,WA,1.237777106007592
2020-04-27,WI,2.170946494154104
2020-04-27,WV,0.9486060598878059
2020-04-27,WY,1.5559406669474192
2020-05-04,AK,1.0815291576180945
2020-05-04,AL,1.2895739830706634
2020-05-04,AR,0.8389415730595859
2020-05-04,AZ,1.2917564829064418
2020-05-04,CA,1.3115562447190565
2020-05-04,CO,0.9497801589955821
2020-05-04,CT,1.2675083005439716
2020-05-04,DE,0.6645757511045259
2020-05-04,GA,1.7409375486993346
2020-05-04,HI,0.9236508368586651
2020-05-04,IA,0.9391488045975638
2020-05-04,ID,1.8319390294659348
2020-05-04,IL,1.5143600557969368
2020-05-04,IN,0.8616340531264395
2020-05-04,KS,1.3447495104496485
2020-05-04,KY,1.1664427770811594
2020-05-04,LA,1.8892586909480955
2020-05-04,MA,1.7473440939052844
2020-05-04,MD,2.5693019756797932
2020-05-04,ME,0.8854903622179378
2020-05-04,MI,0.7877738601539593
2020-05-04,MN,1.4634265880337454
2020-05-04,MO,1.2108140654149808
2020-05-04,MS,1.4458562461286726
2020-05-04,MT,1.0405068937904094
2020-05-04,NC,1.0197374547355256
2020-05-04,ND,1.22733502159282
2020-05-04,NE,1.1406598705984894
2020-05-04,NH,0.5970341775987631
2020-05-04,NJ,2.6056688870563995
2020-05-04,NM,1.391396309803954
2020-05-04,NV,1.0300877514048008
2020-05-04,NY,1.3872831535494896
2020-05-04,OH,1.1816557938474936
2020-05-04,OK,1.6913979435880249
2020-05-04,OR,1.1361934587959888
2020-05-04,PA,1.1823799902077075
2020-05-04,RI,0.6407308213199965
2020-05-04,SC,1.5025602079097595
2020-05-04,SD,0.6775955103713558
2020-05-04,TN,1.2474659432092559
2020-05-04,TX,1.409196826083145
2020-05-04,UT,1.1923495641139525
2020-05-04,VA,1.4739346830837805
2020-05-04,VT,1.3085564760466886
2020-05-04,WA,1.055479285033364
2020-05-04,WI,2.119576811995388
2020-05-04,WV,1.0646683364592482
2020-05-04,WY,1.1618502235768564
2020-05-11,AK,0.9921084358525692
2020-05-11,AL,1.0627671518502866
2020-05-11,AR,0.8312893262759973
2020-05-11,AZ,1.24997223642109
2020-05-11,CA,1.1033570870547802
2020-05-11,CO,0.8734153036349257
2020-05-11,CT,1.1783454956406836
2020-05-11,DE,0.5335639017257426
2020-05-11,GA,1.4570195539894786
2020-05-11,HI,0.6711013307723428
2020-05-11,IA,0.7564447884814052
2020-05-11,ID,1.9175288168499136
2020-05-11,IL,1.2394779774767273
2020-05-11,IN,0.7458528980451743
2020-05-11,KS,0.7877749847178888
2020-05-11,KY,0.8407681112205481
2020-05-11,LA,1.687582636204964
2020-05-11,MA,1.395512732743319
2020-05-11,MD,1.8862453189495234
2020-05-11,ME,0.808093712452543
2020-05-11,MI,0.6193147888720476
2020-05-11,MN,1.2102834621022176
2020-05-11,MO,0.48108831227637516
2020-05-11,MS,1.4193974980258028
2020-05-11,MT,0.7604319053874082
2020-05-11,NC,1.0501514585647898
2020-05-11,ND,1.015862191299858
2020-05-11,NE,1.1260045851022806
2020-05-11,NH,0.5143159405546364
2020-05-11,NJ,1.608213148457071
2020-05-11,NM,1.3333606661489128
2020-05-11,NV,0.7251369898564275
2020-05-11,NY,0.9793104073023671
2020-05-11,OH,0.9485662553176866
2020-05-11,OK,1.2175528146374277
2020-05-11,OR,0.9942557677405633
2020-05-11,PA,0.9499183640637803
2020-05-11,RI,0.4361725315422243
2020-05-11,SC,1.0571524018142422
2020-05-11,SD,0.726685420649597
2020-05-11,TN,1.158782762411969
2020-05-11,TX,1.237349719560064
2020-05-11,UT,1.0705155795640955
2020-05-11,VA,1.3003855851567845
2020-05-11,VT,1.0296405859724866
2020-05-11,WA,0.8963225505583006
2020-05-11,WI,2.0727440847295453
2020-05-11,WV,0.7310828746636062
2020-05-11,WY,1.0813454121110069
2020-05-18,AK,1.063736765676707
2020-05-18,AL,1.125809417029348
2020-05-18,AR,1.0781915102959398
2020-05-18,AZ,1.164061664873631
2020-05-18,CA,1.133045341776219
2020-05-18,CO,0.8989724395292686
2020-05-18,CT,1.1416507662247546
2020-05-18,DE,0.5044569059240874
2020-05-18,GA,1.3723872575815261
2020-05-18,HI,0.6673954202125523
2020-05-18,IA,0.7559466714909269
2020-05-18,ID,2.117275386874107
2020-05-18,IL,1.070703816670742
2020-05-18,IN,0.49163877502191955
2020-05-18,KS,0.8872703097878568
2020-05-18,KY,0.7945638345536141
2020-05-18,LA,1.4693084404255898
2020-05-18,MA,1.3523276145469145
2020-05-18,MD,1.5951329162047907
2020-05-18,ME,0.7607800286334543
2020-05-18,MI,0.6553632959634161
2020-05-18,MN,0.9907677608869055
2020-05-18,MO,0.5180287175513709
2020-05-18,MS,1.2507551937211505
2020-05-18,MT,0.6484399215456147
2020-05-18,NC,1.022706866706236
2020-05-18,ND,0.8946792968783349
2020-05-18,NE,0.9377773132941691
2020-05-18,NH,0.41517141586080775
2020-05-18,NJ,1.7449185187796725
2020-05-18,NM,1.2201322747002794
2020-05-18,NV,0.7898867551140571
2020-05-18,NY,1.052869943850788
2020-05-18,OH,1.0683330576450845
2020-05-18,OK,1.0872184603232298
2020-05-18,OR,0.8906049815805688
2020-05-18,PA,1.0146308179958328
2020-05-18,RI,0.4216987597016204
2020-05-18,SC,0.8432609282480477
2020-05-18,SD,0.709405410944639
2020-05-18,TN,1.182567046207764
2020-05-18,TX,1.1388777457348909
2020-05-18,UT,0.9185205933792583
2020-05-18,VA,1.1268577726266502
2020-05-18,VT,1.0796304037759419
2020-05-18,WA,0.7439263894211268
2020-05-18,WI,2.180253548123364
2020-05-18,WV,0.8675801375949288
2020-05-18,WY,1.0670245290140707
2020-05-25,AK,0.7140528350532438
2020-05-25,AL,0.9358697057413576
2020-05-25,AR,0.8399828271723736
2020-05-25,AZ,1.0752526564057148
2020-05-25,CA,0.968656659587716
2020-05-25,CO,0.644274296355022
2020-05-25,CT,0.8142973477540161
2020-05-25,DE,0.4170251249580448
2020-05-25,GA,1.228062243747982
2020-05-25,HI,0.6689728816111686
2020-05-25,IA,0.6252469177302991
2020-05-25,ID,0.43270169078281073
2020-05-25,IL,0.8576438373727857
2020-05-25,IN,0.46587504728506185
2020-05-25,KS,0.6030588914245503
2020-05-25,KY,0.592298727282406
2020-05-25,LA,1.4844443293010028
2020-05-25,MA,0.9332421657775882
2020-05-25,MD,1.5345610511659664
2020-05-25,ME,0.60924106905203
2020-05-25,MI,0.45935284073879923
2020-05-25,MN,0.7371690786472833
2020-05-25,MO,0.3558391615366023
2020-05-25,MS,1.0816725444448403
2020-05-25,MT,0.6541488169093057
2020-05-25,NC,0.930713802408899
2020-05-25,ND,0.5947598871167487
2020-05-25,NE,0.8577693576768592
2020-05-25,NH,0.3292517525661151
2020-05-25,NJ,1.1115260391463677
2020-05-25,NM,0.9976073472807996
2020-05-25,NV,0.8315893742009755
2020-05-25,NY,0.8131100170761043
2020-05-25,OH,0.690129017972101
2020-05-25,OK,0.747850073055757
2020-05-25,OR,0.8595484183798277
2020-05-25,PA,0.7612648147579126
2020-05-25,RI,0.5296260671061366
2020-05-25,SC,0.7581769941776328
2020-05-25,SD,0.5475971724015822
2020-05-25,TN,0.9101629338418589
2020-05-25,TX,1.072346241335426
2020-05-25,UT,0.8766489496436294
2020-05-25,VA,0.9922553210627396
2020-05-25,VT,0.7817785549771691
2020-05-25,WA,0.6508565917971251
2020-05-25,WI,2.252802764546636
2020-05-25,WV,0.6258603329485644
2020-05-25,WY,0.7638237660422798
2020-06-01,AK,0.8419117712420867
2020-06-01,AL,0.7967304522813833
2020-06-01,AR,0.7680439904044674
2020-06-01,AZ,1.039408607578286
2020-06-01,CA,0.9278922598424546
2020-06-01,CO,0.6504508988222442
2020-06-01,CT,0.7705157793681757
2020-06-01,DE,0.37593004588487344
2020-06-01,GA,1.0231889752521783
2020-06-01,HI,0.517555684900466
2020-06-01,IA,0.4906025579990103
2020-06-01,ID,1.6490679227085663
2020-06-01,IL,0.7258039622729158
2020-06-01,IN,0.582673801799919
2020-06-01,KS,0.9217782277983728
2020-06-01,KY,0.5528080203719619
2020-06-01,LA,1.2716368969486591
2020-06-01,MA,0.7875491802420813
2020-06-01,MD,1.0810348379096988
2020-06-01,ME,0.519680348464731
2020-06-01,MI,0.5660435509516415
2020-06-01,MN,0.7872606580498419
2020-06-01,MO,0.44057279648720427
2020-06-01,MS,1.2577148603586445
2020-06-01,MT,0.6061783426861365
2020-06-01,NC,0.7330100246056181
2020-06-01,ND,0.582213524709901
2020-06-01,NE,0.6887755386564799
2020-06-01,NH,0.29383777631374436
2020-06-01,NJ,0.9648607157138178
2020-06-01,NM,0.9282018125229068
2020-06-01,NV,0.7445700791368337
2020-06-01,NY,0.6188384555557176
2020-06-01,OH,0.6495251342163314
2020-06-01,OK,0.782747571748377
2020-06-01,OR,0.7179928817640016
2020-06-01,PA,0.6117325236769078
2020-06-01,RI,0.4823662263221016
2020-06-01,SC,0.9334750220224908
2020-06-01,SD,0.578205637166989
2020-06-01,TN,0.872257202554241
2020-06-01,TX,1.0294170877429838
2020-06-01,UT,0.8641153896034688
2020-06-01,VA,0.753899458492715
2020-06-01,VT,0.56790990617406
2020-06-01,WA,0.6412536973229079
2020-06-01,WI,0.7549466741297598
2020-06-01,WV,0.8193627555438903
2020-06-01,WY,0.6221632824327015
2020-06-08,AK,0.6850262199063011
2020-06-08,AL,0.8102358078414155
2020-06-08,AR,0.811049286930438
2020-06-08,AZ,0.9735268302334369
2020-06-08,CA,0.7406500543092335
2020-06-08,CO,0.40917219982681485
2020-06-08,CT,0.5654900927675456
2020-06-08,DE,0.34804933575920943
2020-06-08,GA,1.0815371336097463
2020-06-08,HI,0.5424817779525216
2020-06-08,IA,0.5368136759901287
2020-06-08,ID,0.5410127569279607
2020-06-08,IL,0.6287348452632562
2020-06-08,IN,0.4749149709641529
2020-06-08,KS,0.5630726901979007
2020-06-08,KY,0.7132505084524079
2020-06-08,LA,1.3563173268855593
2020-06-08,MA,0.8234814807302588
2020-06-08,MD,0.8823415291631966
2020-06-08,ME,0.47459196893102085
2020-06-08,MI,0.4775894318518872
2020-06-08,MN,0.660566115270073
2020-06-08,MO,0.3459747089687696
2020-06-08,MS,0.8498700316901946
2020-06-08,MT,0.49669706750981757
2020-06-08,NC,0.5985569622164529
2020-06-08,ND,0.7157028280625526
2020-06-08,NE,0.7091621157887616
2020-06-08,NH,0.2632445013857179
2020-06-08,NJ,0.9363423725466763
2020-06-08,NM,0.7643957109896069
2020-06-08,NV,0.6999088317711435
2020-06-08,NY,0.6248368492641272
2020-06-08,OH,0.673809393343203
2020-06-08,OK,0.731698127066867
2020-06-08,OR,0.8196657135649478
2020-06-08,PA,0.5934873247211452
2020-06-08,RI,0.2871956199822091
2020-06-08,SC,0.6099113057224735
2020-06-08,SD,0.4896558452852995
2020-06-08,TN,0.9291133018344384
2020-06-08,TX,1.075516306429248
2020-06-08,UT,0.7752668871258478
2020-06-08,VA,0.6685065209056523
2020-06-08,VT,0.669450582314528
2020-06-08,WA,0.5726207630458771
2020-06-08,WI,0.6178461661331285
2020-06-08,WV,0.5373927639126614
2020-06-08,WY,0.5700578325555825
2020-06-15,AK,0.7064621216387204
2020-06-15,AL,0.8036048365469105
2020-06-15,AR,0.7322963302842239
2020-06-15,AZ,1.1464661637893445
2020-06-15,CA,0.8217890945938604
2020-06-15,CO,0.5248416039380556
2020-06-15,CT,0.5683844590083704
2020-06-15,DE,0.3480466291289868
2020-06-15,GA,0.98092209680176
2020-06-15,HI,0.5266393576855214
2020-06-15,IA,0.5090867949363922
2020-06-15,ID,0.6111059824300523
2020-06-15,IL,0.5698366079662383
2020-06-15,IN,1.2147132149909297
2020-06-15,KS,0.5663230210355914
2020-06-15,KY,0.44505261980015703
2020-06-15,LA,1.324492034320985
2020-06-15,MA,0.7047299595723716
2020-06-15,MD,0.7284678512479912
2020-06-15,ME,0.45786897568765467
2020-06-15,MI,0.46783940047229045
2020-06-15,MN,0.6662855341296203
2020-06-15,MO,0.35164699863727494
2020-06-15,MS,0.9697149085202454
2020-06-15,MT,0.5299400661900389
2020-06-15,NC,0.6916562420233272
2020-06-15,ND,0.5337178661758599
2020-06-15,NE,0.5727843284531189
2020-06-15,NH,0.41206215433051524
2020-06-15,NJ,0.8917363707967636
2020-06-15,NM,0.8412975025778975
2020-06-15,NV,0.7312764701984641
2020-06-15,NY,0.5732684804782725
2020-06-15,OH,0.6197673101551289
2020-06-15,OK,0.6447415882061763
2020-06-15,OR,0.6748080761373441
2020-06-15,PA,0.5802172600798253
2020-06-15,RI,0.34640106116773667
2020-06-15,SC,0.586483298592752
2020-06-15,SD,0.4074342470385789
2020-06-15,TN,0.7596176525801076
2020-06-15,TX,1.1856716510294358
2020-06-15,UT,0.7539059995219481
2020-06-15,VA,0.5887299241272839
2020-06-15,VT,0.6064448412308094
2020-06-15,WA,0.5746565960495049
2020-06-15,WI,0.6277189457642285
2020-06-15,WV,0.58307147471819
2020-06-15,WY,0.7209921708547775
2020-06-22,AK,0.649853904455582
2020-06-22,AL,0.867994615720711
2020-06-22,AR,0.7413701059666935
2020-06-22,AZ,1.2664936551008692
2020-06-22,CA,0.916729375939412
2020-06-22,CO,0.5256275276233444
2020-06-22,CT,0.5634270958985562
2020-06-22,DE,0.35874745507168676
2020-06-22,GA,1.2980949988104769
2020-06-22,HI,0.5866180781197032
2020-06-22,IA,0.5933691758843669
2020-06-22,ID,0.36727255640481016
2020-06-22,IL,0.49756535595898566
2020-06-22,IN,0.7450865140098675
2020-06-22,KS,0.6297823380238559
2020-06-22,KY,0.5296432932672729
2020-06-22,LA,1.2792934739738229
2020-06-22,MA,0.6567912957503599
2020-06-22,MD,0.8520339417381817
2020-06-22,ME,0.47286276751493544
2020-06-22,MI,0.44655453328152755
2020-06-22,MN,0.6745224701873305
2020-06-22,MO,0.7453501996875934
2020-06-22,MS,1.2744079276809117
2020-06-22,MT,0.5430347485027611
2020-06-22,NC,0.7253058000646633
2020-06-22,ND,0.6374372683853962
2020-06-22,NE,0.6282865594019547
2020-06-22,NH,0.3673595558943972
2020-06-22,NJ,0.9830151320146949
2020-06-22,NM,0.7807377578055555
2020-06-22,NV,0.7231659018787896
2020-06-22,NY,0.6017836908303924
2020-06-22,OH,0.5933230196103276
2020-06-22,OK,0.6012249799075045
2020-06-22,OR,0.6925449508973222
2020-06-22,PA,0.585834272460213
2020-06-22,RI,0.3101689380752086
2020-06-22,SC,0.8223183035333432
2020-06-22,SD,0.5092632912698766
2020-06-22,TN,0.9596209714008452
2020-06-22,TX,1.229436009316498
2020-06-22,UT,0.7420821074655926
2020-06-22,VA,0.6612849058836019
2020-06-22,VT,0.5220978677997278
2020-06-22,WA,0.507505260389123
2020-06-22,WI,0.6903198379907195
2020-06-22,WV,0.6124207948297158
2020-06-22,WY,0.6815742649328649
2020-06-29,AK,0.622906204642648
2020-06-29,AL,0.9828731016125875
2020-06-29,AR,0.8297095126579516
2020-06-29,AZ,1.3235068868293327
2020-06-29,CA,1.2097546453273327
2020-06-29,CO,0.6217103356857097
2020-06-29,CT,0.6289539441696959
2020-06-29,DE,0.4070041410429626
2020-06-29,GA,1.5057546498351804
2020-06-29,HI,0.5355117171696765
2020-06-29,IA,0.9147315463557313
2020-06-29,ID,0.9021180358965837
2020-06-29,IL,0.7593066497476644
2020-06-29,IN,0.8630438698845052
2020-06-29,KS,0.7153393702596986
2020-06-29,KY,0.5120088113424532
2020-06-29,LA,2.0126050827549946
2020-06-29,MA,0.7640449300940051
2020-06-29,MD,0.7722514356934351
2020-06-29,ME,0.5721322096963131
2020-06-29,MI,0.5424701469084566
2020-06-29,MN,0.723637660166786
2020-06-29,MO,0.6932631127727782
2020-06-29,MS,1.3846193419555561
2020-06-29,MT,0.7078161946364452
2020-06-29,NC,0.7861132660193236
2020-06-29,ND,0.6308561926822682
2020-06-29,NE,0.6031602093662702
2020-06-29,NH,0.44516958938102913
2020-06-29,NJ,1.0528913538642266
2020-06-29,NM,0.9203557034836737
2020-06-29,NV,0.8923178468090971
2020-06-29,NY,0.6092770196701756
2020-06-29,OH,0.6935158864661689
2020-06-29,OK,0.7213231770613588
2020-06-29,OR,0.7350942653548883
2020-06-29,PA,0.7369126552040588
2020-06-29,RI,0.39887172323372466
2020-06-29,SC,0.9011961177829239
2020-06-29,SD,0.6058436795780325
2020-06-29,TN,1.0740832764195682
2020-06-29,TX,1.5610480127019946
2020-06-29,UT,0.8008629963680551
2020-06-29,VA,0.7335334998557502
2020-06-29,VT,0.6880330739273612
2020-06-29,WA,0.6671284552275285
2020-06-29,WI,0.815326199194079
2020-06-29,WV,0.7054962415347745
2020-06-29,WY,0.6652782354312488
2020-07-06,AK,0.7466895742859625
2020-07-06,AL,1.198301753328874
2020-07-06,AR,0.9348541964360793
2020-07-06,AZ,1.4737661301539013
2020-07-06,CA,1.3116157730164615
2020-07-06,CO,0.7153738395341596
2020-07-06,CT,0.6894788467626393
2020-07-06,DE,0.4444095176471221
2020-07-06,GA,2.0334714406958945
2020-07-06,HI,0.73226884115859
2020-07-06,IA,0.8754469851792481
2020-07-06,ID,1.2759917749898566
2020-07-06,IL,0.7440954841956601
2020-07-06,IN,0.9012828109398394
2020-07-06,KS,1.0736910460860576
2020-07-06,KY,0.9390342664980815
2020-07-06,LA,1.9801764711842313
2020-07-06,MA,0.6906519050993289
2020-07-06,MD,0.8609519066167346
2020-07-06,ME,0.6420590538881039
2020-07-06,MI,0.5048012900474262
2020-07-06,MN,0.993333942367751
2020-07-06,MO,0.8847905644591036
2020-07-06,MS,1.1228023001950593
2020-07-06,MT,0.920744854369643
2020-07-06,NC,0.8528740933915078
2020-07-06,ND,0.8633784924098031
2020-07-06,NE,0.7593356157997856
2020-07-06,NH,0.40554960689632136
2020-07-06,NJ,1.1044150755118642
2020-07-06,NM,1.0650475707921403
2020-07-06,NV,0.9474034409405312
2020-07-06,NY,0.6701996175612863
2020-07-06,OH,0.676100508438779
2020-07-06,OK,0.7134164796926701
2020-07-06,OR,1.1467851178957988
2020-07-06,PA,0.7179352764887442
2020-07-06,RI,0.6138541316261621
2020-07-06,SC,1.3487823418200335
2020-07-06,SD,0.5491834631073094
2020-07-06,TN,1.3013579928573837
2020-07-06,TX,1.7503835806644978
2020-07-06,UT,0.8797502950143881
2020-07-06,VA,0.8206239846815019
2020-07-06,VT,0.7723082707073707
2020-07-06,WA,0.7621099464079513
2020-07-06,WI,0.9211815657737334
2020-07-06,WV,0.9031418600692105
2020-07-06,WY,0.6256194961107221
2020-07-13,AK,0.7210285584781181
2020-07-13,AL,1.376834690209905
2020-07-13,AR,1.0530053273553386
2020-07-13,AZ,1.1916855820199928
2020-07-13,CA,1.3765429014208435
2020-07-13,CO,0.7440044003206185
2020-07-13,CT,0.8091629127381429
2020-07-13,DE,0.7044545914922491
2020-07-13,GA,2.3385523060481805
2020-07-13,HI,0.827442043756456
2020-07-13,IA,0.8078357418781485
2020-07-13,ID,1.3083427335422857
2020-07-13,IL,0.8494625726815748
2020-07-13,IN,0.6273846000970529
2020-07-13,KS,1.0826197194337759
2020-07-13,KY,0.8542253377966236
2020-07-13,LA,2.5670286250578145
2020-07-13,MA,0.7785242822776861
2020-07-13,MD,1.0624029038415461
2020-07-13,ME,0.5810354838720031
2020-07-13,MI,0.6077181499063038
2020-07-13,MN,0.8492110861450931
2020-07-13,MO,0.9313377426987222
2020-07-13,MS,1.5184938870010043
2020-07-13,MT,0.7833665924119624
2020-07-13,NC,0.9777328945486166
2020-07-13,ND,0.8860281901746225
2020-07-13,NE,0.8843515177278807
2020-07-13,NH,0.469050743253654
2020-07-13,NJ,1.1649832658031598
2020-07-13,NM,1.070752341402929
2020-07-13,NV,0.7453385447464134
2020-07-13,NY,0.7202523478758039
2020-07-13,OH,0.877748869602311
2020-07-13,OK,0.8907229706948587
2020-07-13,OR,0.8958965685678428
2020-07-13,PA,0.783086389099662
2020-07-13,RI,0.4616129270193029
2020-07-13,SC,1.158998285264992
2020-07-13,SD,0.7017143272482851
2020-07-13,TN,1.332773468927292
2020-07-13,TX,1.5384487953446002
2020-07-13,UT,0.9592974177429102
2020-07-13,VA,0.9092323404235865
2020-07-13,VT,0.7046593608570388
2020-07-13,WA,0.7442962642565577
2020-07-13,WI,0.8822722562559879
2020-07-13,WV,0.7169389486269533
2020-07-13,WY,0.6982266373038741
2020-07-20,AK,0.8757484775693878
2020-07-20,AL,1.2852811248911675
2020-07-20,AR,0.9919545490308631
2020-07-20,AZ,1.0937956484392535
2020-07-20,CA,1.2984007547384864
2020-07-20,CO,0.730328287927019
2020-07-20,CT,0.6849475741943185
2020-07-20,DE,0.675125995848332
2020-07-20,GA,2.1891429574303483
2020-07-20,HI,0.8144888026232422
2020-07-20,IA,0.7084058293877904
2020-07-20,ID,1.5386150548203736
2020-07-20,IL,0.8252572084194065
2020-07-20,IN,1.2617870530036635
2020-07-20,KS,0.9997292724138229
2020-07-20,KY,0.881807150152693
2020-07-20,LA,2.175354170850059
2020-07-20,MA,0.7702180563294457
2020-07-20,MD,1.1547464743755025
2020-07-20,ME,0.6443708667871316
2020-07-20,MI,0.5682691551130854
2020-07-20,MN,0.854606269368549
2020-07-20,MO,0.9514559620236834
2020-07-20,MS,1.382428330620569
2020-07-20,MT,0.7651446290992455
2020-07-20,NC,0.8741757241495178
2020-07-20,ND,0.8616857775203375
2020-07-20,NE,0.7933706187727312
2020-07-20,NH,0.4784306689540052
2020-07-20,NJ,1.1803790885848613
2020-07-20,NM,1.0756881508451186
2020-07-20,NV,0.7970396152540655
2020-07-20,NY,0.7949150386717813
2020-07-20,OH,0.9649440904203191
2020-07-20,OK,0.8429765649073397
2020-07-20,OR,0.8133355586684878
2020-07-20,PA,0.8582870774845194
2020-07-20,RI,0.5459897551448807
2020-07-20,SC,1.1677666685310097
2020-07-20,SD,0.7164150784925759
2020-07-20,TN,1.308111760527812
2020-07-20,TX,1.5362404812235844
2020-07-20,UT,0.8396752425813274
2020-07-20,VA,0.9277720573946069
2020-07-20,VT,0.7402500151804318
2020-07-20,WA,0.7880340122416469
2020-07-20,WI,0.926342006226157
2020-07-20,WV,0.6151486847009533
2020-07-20,WY,0.582403604805529
2020-07-27,AK,0.9971451766727899
2020-07-27,AL,1.0118324310687656
2020-07-27,AR,0.9776290899528775
2020-07-27,AZ,0.9954868905421475
2020-07-27,CA,1.1745902804908341
2020-07-27,CO,0.7110100355518805
2020-07-27,CT,0.7538934988729256
2020-07-27,DE,0.6567376161033945
2020-07-27,GA,1.6717776115503646
2020-07-27,HI,0.8599817735520278
2020-07-27,IA,0.7402533309574475
2020-07-27,ID,1.3166814544996777
2020-07-27,IL,0.8697748136199761
2020-07-27,IN,1.4896932318436553
2020-07-27,KS,1.0370516577427362
2020-07-27,KY,1.0400190606783755
2020-07-27,LA,1.9952066035130074
2020-07-27,MA,0.7084497853864453
2020-07-27,MD,1.0487326024894896
2020-07-27,ME,0.605493331072388
2020-07-27,MI,0.5219771073527761
2020-07-27,MN,0.8837440137303327
2020-07-27,MO,0.8204591728015234
2020-07-27,MS,1.4527913145450322
2020-07-27,MT,0.6886674766253793
2020-07-27,NC,0.8703160583930432
2020-07-27,ND,0.7912866723982441
2020-07-27,NE,0.893225151582655
2020-07-27,NH,0.6359307142858751
2020-07-27,NJ,1.098163885695017
2020-07-27,NM,1.062480211013598
2020-07-27,NV,0.761798036537517
2020-07-27,NY,0.7375607930926005
2020-07-27,OH,0.8427713841080211
2020-07-27,OK,0.6679927103446316
2020-07-27,OR,0.8582426389952205
2020-07-27,PA,0.7369881690485349
2020-07-27,RI,0.49177718665636105
2020-07-27,SC,1.208224109965628
2020-07-27,SD,0.6793876898704383
2020-07-27,TN,1.0868873167479107
2020-07-27,TX,1.4168351467770688
2020-07-27,UT,0.9237784879165194
2020-07-27,VA,0.9018092354899174
2020-07-27,VT,0.71782340445307
2020-07-27,WA,0.6544206097390307
2020-07-27,WI,0.8338553517898353
2020-07-27,WV,0.6394236949080261
2020-07-27,WY,0.5724666161782578
2020-08-03,AK,0.6408853636029614
2020-08-03,AL,1.083484140470329
2020-08-03,AR,1.0190376543172772
2020-08-03,AZ,0.8998378114425096
2020-08-03,CA,1.2448131750135083
2020-08-03,CO,0.6847666111467521
2020-08-03,CT,0.7454122930898086
2020-08-03,DE,0.6697426195364309
2020-08-03,GA,1.8861306408343996
2020-08-03,HI,1.0559172517905944
2020-08-03,IA,0.6794064828062678
2020-08-03,ID,1.0947731662074844
2020-08-03,IL,0.9202155597347448
2020-08-03,IN,1.3755792377081555
2020-08-03,KS,1.1060957309924606
2020-08-03,KY,1.0324726005417806
2020-08-03,LA,2.0455298119653995
2020-08-03,MA,0.8072275518459013
2020-08-03,MD,1.0675921270638082
2020-08-03,ME,0.5660158645184041
2020-08-03,MI,0.6211423798261504
2020-08-03,MN,0.9492152040445372
2020-08-03,MO,0.9279889525539955
2020-08-03,MS,1.5052335393270224
2020-08-03,MT,0.8830689405960603
2020-08-03,NC,0.7676173305695798
2020-08-03,ND,0.9188105712013839
2020-08-03,NE,0.9157804241351002
2020-08-03,NH,0.459773439252923
2020-08-03,NJ,1.3843633895422358
2020-08-03,NM,0.9987767935362855
2020-08-03,NV,0.7353720554558436
2020-08-03,NY,0.8917122186281483
2020-08-03,OH,0.7742736203380254
2020-08-03,OK,0.8964275346718336
2020-08-03,OR,0.9920884352895389
2020-08-03,PA,0.8913402277994387
2020-08-03,RI,0.6212280682512308
2020-08-03,SC,1.260383297938234
2020-08-03,SD,0.5550732423080782
2020-08-03,TN,1.1525758355127127
2020-08-03,TX,1.1271996178691794
2020-08-03,UT,0.853702100922772
2020-08-03,VA,0.9133691078533974
2020-08-03,VT,0.7305374459597627
2020-08-03,WA,0.7170937797466206
2020-08-03,WI,0.88991419025643
2020-08-03,WV,0.9772623498973694
2020-08-03,WY,0.5830221254645908
2020-08-10,AK,0.618873522120966
2020-08-10,AL,0.9477402909883148
2020-08-10,AR,0.9205677518577973
2020-08-10,AZ,0.8437538557517708
2020-08-10,CA,1.0215404426122536
2020-08-10,CO,0.6654003625758964
2020-08-10,CT,0.6729522669127547
2020-08-10,DE,0.6367155274227426
2020-08-10,GA,1.6109654906740396
2020-08-10,HI,0.9263565549703934
2020-08-10,IA,0.7563841699171123
2020-08-10,ID,1.0802255648450207
2020-08-10,IL,0.9693076423273075
2020-08-10,IN,1.3604992214526135
2020-08-10,KS,0.7150448037757984
2020-08-10,KY,0.8683001658780052
2020-08-10,LA,1.675808935017075
2020-08-10,MA,0.7737235003289294
2020-08-10,MD,1.0370277644168502
2020-08-10,ME,0.6871697433955668
2020-08-10,MI,0.5319733415606904
2020-08-10,MN,0.8269898988203781
2020-08-10,MO,0.9579390128951397
2020-08-10,MS,1.4276850098648093
2020-08-10,MT,0.6958115776653777
2020-08-10,NC,0.8338322905409334
2020-08-10,ND,0.9847163051442778
2020-08-10,NE,1.0470288278205506
2020-08-10,NH,0.4264921844785731
2020-08-10,NJ,1.3221017951235399
2020-08-10,NM,1.0069572530741366
2020-08-10,NV,0.7645077845979027
2020-08-10,NY,0.7270615789441179
2020-08-10,OH,0.7218381459683935
2020-08-10,OK,0.6597056601108795
2020-08-10,OR,0.8739828638867062
2020-08-10,PA,0.7304874504881471
2020-08-10,RI,0.49713688119128335
2020-08-10,SC,1.0159058856101746
2020-08-10,SD,0.6666635591652039
2020-08-10,TN,1.157685492089578
2020-08-10,TX,1.1791121648603502
2020-08-10,UT,0.7895725587345709
2020-08-10,VA,0.8546838229534104
2020-08-10,VT,0.7428730426109065
2020-08-10,WA,0.5958596758535623
2020-08-10,WI,0.784335114862746
2020-08-10,WV,0.6934939415955752
2020-08-10,WY,0.5303590483267255
2020-08-17,AK,0.5842879088015496
2020-08-17,AL,0.92018442500847
2020-08-17,AR,0.9607287216957009
2020-08-17,AZ,0.6885258072953158
2020-08-17,CA,0.9197858120853272
2020-08-17,CO,0.7535137362313881
2020-08-17,CT,0.6611070868393383
2020-08-17,DE,0.5753657876029223
2020-08-17,GA,1.5424970268690654
2020-08-17,HI,0.7202213549972794
2020-08-17,IA,0.7583406533705503
2020-08-17,ID,0.9271489544950505
2020-08-17,IL,0.7549502086938984
2020-08-17,IN,1.1003530280686382
2020-08-17,KS,0.7003652597554484
2020-08-17,KY,0.8234495710337602
2020-08-17,LA,1.5338411509754943
2020-08-17,MA,0.8529590789779514
2020-08-17,MD,0.8601978245398112
2020-08-17,ME,0.6398083065892297
2020-08-17,MI,0.5548621076545039
2020-08-17,MN,0.7997494934674363
2020-08-17,MO,0.8558938649051193
2020-08-17,MS,1.4562229595884144
2020-08-17,MT,0.6633387597348301
2020-08-17,NC,0.7386124057859891
2020-08-17,ND,0.9259855379274669
2020-08-17,NE,0.9897252614565868
2020-08-17,NH,0.4376603210532766
2020-08-17,NJ,1.2487219501611642
2020-08-17,NM,0.9698894801273178
2020-08-17,NV,0.7005548449167976
2020-08-17,NY,0.8595030901442562
2020-08-17,OH,0.6683564656662817
2020-08-17,OK,0.5394376196190857
2020-08-17,OR,0.6498865997147698
2020-08-17,PA,0.8002744698113546
2020-08-17,RI,0.5126730674789979
2020-08-17,SC,0.9104196194495122
2020-08-17,SD,0.5358127440416538
2020-08-17,TN,0.9331489701735523
2020-08-17,TX,1.0478361369992284
2020-08-17,UT,0.9536469357953724
2020-08-17,VA,0.8542387940655101
2020-08-17,VT,0.6655388895293648
2020-08-17,WA,0.6358920557719125
2020-08-17,WI,0.7020457787831254
2020-08-17,WV,0.7233344544675486
2020-08-17,WY,0.5148072595985901
2020-08-24,AK,0.9804380366450065
2020-08-24,AL,0.9677260453674343
2020-08-24,AR,0.8850438155113001
2020-08-24,AZ,0.6536510376650113
2020-08-24,CA,0.8170410315423557
2020-08-24,CO,0.7325239347398261
2020-08-24,CT,0.7398794747906088
2020-08-24,DE,0.6161959679917184
2020-08-24,GA,1.622122361882542
2020-08-24,HI,0.7244253715754474
2020-08-24,IA,1.0512700245304345
2020-08-24,ID,1.0245203875518067
2020-08-24,IL,0.9122428072121649
2020-08-24,IN,1.8226176337474203
2020-08-24,KS,0.749102045403808
2020-08-24,KY,0.8280612509108554
2020-08-24,LA,1.6253678330912298
2020-08-24,MA,0.817957324112111
2020-08-24,MD,1.0353504897367845
2020-08-24,ME,0.6008882775992612
2020-08-24,MI,0.5611920187279458
2020-08-24,MN,0.7686726356596109
2020-08-24,MO,0.7122636128659564
2020-08-24,MS,1.351036826424933
2020-08-24,MT,0.6430005729213463
2020-08-24,NC,0.7769531532923089
2020-08-24,ND,0.946976629305986
2020-08-24,NE,0.9583028214333056
2020-08-24,NH,0.4000796925231623
2020-08-24,NJ,1.2027258484594086
2020-08-24,NM,0.9713457639354406
2020-08-24,NV,0.7083748699160601
2020-08-24,NY,0.920205744466146
2020-08-24,OH,0.5622236337509346
2020-08-24,OK,0.5589770412375447
2020-08-24,OR,0.7409545989109865
2020-08-24,PA,0.7467381406763203
2020-08-24,RI,0.5854402641021073
2020-08-24,SC,0.934153528456148
2020-08-24,SD,0.5426844754119708
2020-08-24,TN,1.0182687559133197
2020-08-24,TX,1.0783038282851578
2020-08-24,UT,0.7671240743266818
2020-08-24,VA,0.8919410535311987
2020-08-24,VT,0.732742024205302
2020-08-24,WA,0.653224680445756
2020-08-24,WI,0.7330009391521008
2020-08-24,WV,0.7823926138099455
2020-08-24,WY,0.5456562903894076
2020-08-31,AK,0.8158072697128802
2020-08-31,AL,1.0325081555287015
2020-08-31,AR,1.068773348278944
2020-08-31,AZ,0.7097153909272569
2020-08-31,CA,0.9530856860519905
2020-08-31,CO,0.7690448064233454
2020-08-31,CT,0.9081840444206806
2020-08-31,DE,0.7062036462375139
2020-08-31,GA,1.5403337465242812
2020-08-31,HI,0.867616523773649
2020-08-31,IA,5.228195809182227
2020-08-31,ID,0.9493699367456387
2020-08-31,IL,0.8723937616394815
2020-08-31,IN,1.0313958126802507
2020-08-31,KS,0.9183924567448862
2020-08-31,KY,1.045761955276906
2020-08-31,LA,1.3202421626692344
2020-08-31,MA,0.8430672884720907
2020-08-31,MD,1.0217708935323682
2020-08-31,ME,0.6982380621686715
2020-08-31,MI,0.6233916523541037
2020-08-31,MN,0.8810271551489453
2020-08-31,MO,1.0014931366846531
2020-08-31,MS,1.3931700740714992
2020-08-31,MT,0.6947693934094733
2020-08-31,NC,0.9229927525471231
2020-08-31,ND,1.016319627133872
2020-08-31,NE,1.090916657153485
2020-08-31,NH,0.5600187303340055
2020-08-31,NJ,1.2564369350572593
2020-08-31,NM,0.9843300337499465
2020-08-31,NV,0.7350360374105004
2020-08-31,NY,0.9358180903345774
2020-08-31,OH,0.840613543471695
2020-08-31,OK,0.890742339654041
2020-08-31,OR,0.8417287614948028
2020-08-31,PA,0.8702547687859843
2020-08-31,RI,0.48801813288603896
2020-08-31,SC,0.9868192433080578
2020-08-31,SD,0.6856559187414104
2020-08-31,TN,1.231667376283015
2020-08-31,TX,0.9550931661205908
2020-08-31,UT,0.8177245095807799
2020-08-31,VA,0.9462598719420505
2020-08-31,VT,0.7399814972201508
2020-08-31,WA,0.6285936305048799
2020-08-31,WI,0.7835433890976786
2020-08-31,WV,0.7191632612099896
2020-08-31,WY,0.6627577264783335
2020-09-07,AK,0.7722944936090949
2020-09-07,AL,1.0853323646417243
2020-09-07,AR,0.982572393527136
2020-09-07,AZ,0.6905571889080533
2020-09-07,CA,0.8846921877204412
2020-09-07,CO,0.7467007590361712
2020-09-07,CT,0.7144496483057396
2020-09-07,DE,0.6984801944424174
2020-09-07,GA,1.4835891688888145
2020-09-07,HI,0.6571007296120749
2020-09-07,IA,3.1545857309925833
2020-09-07,ID,1.0467392980267765
2020-09-07,IL,0.7850850262074791
2020-09-07,IN,1.1224117038864405
2020-09-07,KS,0.8963461599451257
2020-09-07,KY,0.9142221165347264
2020-09-07,LA,1.4090274896689754
2020-09-07,MA,0.8132663587146733
2020-09-07,MD,0.908646572516429
2020-09-07,ME,0.6917003928822164
2020-09-07,MI,0.5208681629286449
2020-09-07,MN,0.8418423147445095
2020-09-07,MO,0.9653329261440218
2020-09-07,MS,1.33058836793962
2020-09-07,MT,0.812579834160551
2020-09-07,NC,0.7834156742962681
2020-09-07,ND,1.1656327131565067
2020-09-07,NE,0.9559695341350019
2020-09-07,NH,0.4376717367087034
2020-09-07,NJ,1.168184571258717
2020-09-07,NM,1.0224671740887028
2020-09-07,NV,0.8057246742117232
2020-09-07,NY,0.7975010785956085
2020-09-07,OH,0.6061549675279252
2020-09-07,OK,0.6257271308577824
2020-09-07,OR,0.8704424836991609
2020-09-07,PA,0.7504016604557315
2020-09-07,RI,0.6595907267089539
2020-09-07,SC,1.1616506666054938
2020-09-07,SD,0.7087433255641216
2020-09-07,TN,1.0371229026232678
2020-09-07,TX,1.0493430585371113
2020-09-07,UT,0.8988866126804567
2020-09-07,VA,0.8561058434102451
2020-09-07,VT,0.8016197470686643
2020-09-07,WA,0.6917154105395544
2020-09-07,WI,0.811256149187869
2020-09-07,WV,0.7487824665434853
2020-09-07,WY,0.6128646750163953
2020-09-14,AK,0.9835389271708003
2020-09-14,AL,1.0389824995333732
2020-09-14,AR,1.243258453290883
2020-09-14,AZ,0.742310398632326
2020-09-14,CA,0.9579923656802987
2020-09-14,CO,0.9155444241410856
2020-09-14,CT,0.8581488684083984
2020-09-14,DE,0.6505768038590469
2020-09-14,GA,1.4490124529082595
2020-09-14,HI,0.815746232440908
2020-09-14,IA,2.1152808348178613
2020-09-14,ID,1.0979893963052383
2020-09-14,IL,0.8092656980943524
2020-09-14,IN,1.4195451184326418
2020-09-14,KS,0.7601674353656729
2020-09-14,KY,0.9481546257458984
2020-09-14,LA,1.56922361790193
2020-09-14,MA,0.8775313925431496
2020-09-14,MD,0.9177741131246101
2020-09-14,ME,0.8369176696345624
2020-09-14,MI,0.5093175278372735
2020-09-14,MN,0.8399974771293371
2020-09-14,MO,1.099299524144211
2020-09-14,MS,1.3952026208477366
2020-09-14,MT,0.7835015568274155
2020-09-14,NC,0.9002101060473209
2020-09-14,ND,1.2266283259846587
2020-09-14,NE,1.0990085723055305
2020-09-14,NH,0.40631163834570977
2020-09-14,NJ,1.3655854698710435
2020-09-14,NM,0.9808012938303833
2020-09-14,NV,0.7072189728154818
2020-09-14,NY,0.9385294030086412
2020-09-14,OH,0.7146639473779227
2020-09-14,OK,1.3259093032746798
2020-09-14,OR,0.7895466681100339
2020-09-14,PA,0.9291982232679633
2020-09-14,RI,0.5461183688218413
2020-09-14,SC,0.8985653415057927
2020-09-14,SD,0.7455205348455898
2020-09-14,TN,1.206981519524921
2020-09-14,TX,1.35745361623316
2020-09-14,UT,0.9530060861158963
2020-09-14,VA,0.9405245542734533
2020-09-14,VT,0.703046710407018
2020-09-14,WA,0.723407171575909
2020-09-14,WI,0.8418913929816173
2020-09-14,WV,0.7261307920620366
2020-09-14,WY,0.6544915566003826
2020-09-21,AK,0.966812884253414
2020-09-21,AL,1.050271886107526
2020-09-21,AR,1.1341815418101144
2020-09-21,AZ,0.8980464260375
2020-09-21,CA,0.8701508264301213
2020-09-21,CO,1.0046419853308897
2020-09-21,CT,0.8772758529987558
2020-09-21,DE,0.5824500189580385
2020-09-21,GA,1.4721608121417284
2020-09-21,HI,0.7522339189944414
2020-09-21,IA,1.5224931071302057
2020-09-21,ID,0.9359571862560198
2020-09-21,IL,0.7931172004272564
2020-09-21,IN,0.998231402796495
2020-09-21,KS,0.8798170326410726
2020-09-21,KY,1.0059774610801155
2020-09-21,LA,1.402965679919042
2020-09-21,MA,0.8371096723824368
2020-09-21,MD,0.8553846255439204
2020-09-21,ME,0.724417918666211
2020-09-21,MI,0.6021103836846816
2020-09-21,MN,0.8770409538552604
2020-09-21,MO,0.9421744687393419
2020-09-21,MS,1.4973799439008832
2020-09-21,MT,0.7169600791320971
2020-09-21,NC,0.7868672208621746
2020-09-21,ND,1.0555360175909454
2020-09-21,NE,0.9957963328744964
2020-09-21,NH,0.5701279607391838
2020-09-21,NJ,1.2178348134603092
2020-09-21,NM,1.0143564877183304
2020-09-21,NV,0.6765296753598427
2020-09-21,NY,0.9317636167359298
2020-09-21,OH,0.6822462565528209
2020-09-21,OK,0.9860686059846228
2020-09-21,OR,0.8711879098496917
2020-09-21,PA,0.7498717526194685
2020-09-21,RI,0.5104203838232688
2020-09-21,SC,0.908235807329324
2020-09-21,SD,0.7549095740648919
2020-09-21,TN,1.1459200436797041
2020-09-21,TX,1.1671684658858856
2020-09-21,UT,0.8747963197702497
2020-09-21,VA,0.908440538217023
2020-09-21,VT,0.6704412051494466
2020-09-21,WA,0.625477166074089
2020-09-21,WI,0.8262495678636861
2020-09-21,WV,0.4968967052960087
2020-09-21,WY,0.6438549706590048
2020-09-28,AK,0.9972448733046355
2020-09-28,AL,1.1988577490364276
2020-09-28,AR,1.1363268856848756
2020-09-28,AZ,0.9439639084730622
2020-09-28,CA,1.055148331551376
2020-09-28,CO,1.1004945609487824
2020-09-28,CT,1.1759855052341337
2020-09-28,DE,0.6081059973108358
2020-09-28,GA,1.5325285745293054
2020-09-28,HI,0.755084552120611
2020-09-28,IA,1.689917232787683
2020-09-28,ID,1.2051680089680825
2020-09-28,IL,0.9389814252771307
2020-09-28,IN,1.5156199532328565
2020-09-28,KS,0.8490381397415541
2020-09-28,KY,0.9723235784980351
2020-09-28,LA,1.4113772252657255
2020-09-28,MA,0.931600582221441
2020-09-28,MD,1.0615498720112053
2020-09-28,ME,0.855804854809632
2020-09-28,MI,0.6323883828088694
2020-09-28,MN,0.9664159341951435
2020-09-28,MO,1.1262552427490005
2020-09-28,MS,1.4964133008721325
2020-09-28,MT,0.8720835453287485
2020-09-28,NC,1.0627079147929288
2020-09-28,ND,1.292192001175087
2020-09-28,NE,1.1727497104960596
2020-09-28,NH,0.7517861641766274
2020-09-28,NJ,1.3094764761317765
2020-09-28,NM,1.1500504947519508
2020-09-28,NV,0.7560040200920883
2020-09-28,NY,1.0259837805044398
2020-09-28,OH,0.8474861439348265
2020-09-28,OK,1.0555272758035898
2020-09-28,OR,0.9772186564533198
2020-09-28,PA,0.9672012072023932
2020-09-28,RI,0.5548683353041822
2020-09-28,SC,0.9825683821685498
2020-09-28,SD,0.903618211288025
2020-09-28,TN,1.2300858537756856
2020-09-28,TX,1.317157220475706
2020-09-28,UT,1.01842629795794
2020-09-28,VA,0.9940460253769476
2020-09-28,VT,0.7480935124850255
2020-09-28,WA,0.8405049517868406
2020-09-28,WI,0.9728132840901766
2020-09-28,WV,1.4493800091698337
2020-09-28,WY,1.108888859314045
2020-10-05,AK,1.4874513252493087
2020-10-05,AL,1.2258488041532853
2020-10-05,AR,1.2365094253963873
2020-10-05,AZ,1.1136731700777145
2020-10-05,CA,1.0025233495844224
2020-10-05,CO,0.9732724858860677
2020-10-05,CT,1.147575270471826
2020-10-05,DE,0.6701278521633106
2020-10-05,GA,1.5998528147785762
2020-10-05,HI,0.9327907246981365
2020-10-05,IA,1.5232650029376762
2020-10-05,ID,1.2565415199201964
2020-10-05,IL,1.0014741694987586
2020-10-05,IN,0.9293593652207256
2020-10-05,KS,1.143719824784835
2020-10-05,KY,1.3035982127635273
2020-10-05,LA,1.9502974516910228
2020-10-05,MA,0.8896249131718849
2020-10-05,MD,1.0143179700302993
2020-10-05,ME,0.8169278458322118
2020-10-05,MI,0.6120663335439817
2020-10-05,MN,1.0572826950961174
2020-10-05,MO,1.281346728295115
2020-10-05,MS,1.4966104731561387
2020-10-05,MT,1.0930471158394521
2020-10-05,NC,1.0144297492908125
2020-10-05,ND,1.8772577582439403
2020-10-05,NE,1.261328886562203
2020-10-05,NH,0.9229057968783395
2020-10-05,NJ,1.5359576674185975
2020-10-05,NM,1.2017138416616349
2020-10-05,NV,0.8546140737539367
2020-10-05,NY,1.0787493839707856
2020-10-05,OH,0.9815568837317369
2020-10-05,OK,0.9706210653328706
2020-10-05,OR,1.268366980501723
2020-10-05,PA,0.9841068581341871
2020-10-05,RI,0.742282437338919
2020-10-05,SC,1.2461500850484364
2020-10-05,SD,0.9389750178970385
2020-10-05,TN,1.4056201778039572
2020-10-05,TX,1.3779855831805814
2020-10-05,UT,0.9526916264679064
2020-10-05,VA,1.1345158636873514
2020-10-05,VT,1.0033541481920953
2020-10-05,WA,0.8134504592604953
2020-10-05,WI,1.04669394408518
2020-10-05,WV,1.2998891249654685
2020-10-05,WY,1.008623789872622
2020-10-12,AK,1.123368948629163
2020-10-12,AL,1.277024670795809
2020-10-12,AR,1.2603203792772213
2020-10-12,AZ,1.1471718724524749
2020-10-12,CA,1.214222515041266
2020-10-12,CO,1.3780677023298282
2020-10-12,CT,1.2782955155446574
2020-10-12,DE,0.6376310120749006
2020-10-12,GA,1.7632924332631648
2020-10-12,HI,0.9133162349706756
2020-10-12,IA,1.7312838823314987
2020-10-12,ID,1.3360822285446003
2020-10-12,IL,1.1424081829641644
2020-10-12,IN,1.013119383436056
2020-10-12,KS,0.9619140258664232
2020-10-12,KY,1.2201578649017697
2020-10-12,LA,0.32832104787471467
2020-10-12,MA,1.0173460727628725
2020-10-12,MD,1.2070892516703342
2020-10-12,ME,0.9214281078401696
2020-10-12,MI,0.6937301567754337
2020-10-12,MN,0.9359004061585288
2020-10-12,MO,1.2945057454211002
2020-10-12,MS,1.6267466893528417
2020-10-12,MT,1.0678213084094006
2020-10-12,NC,1.220702277195276
2020-10-12,ND,1.6307840287954345
2020-10-12,NE,1.331525946393028
2020-10-12,NH,0.9236044369578904
2020-10-12,NJ,1.6181508488005478
2020-10-12,NM,1.3126548245083225
2020-10-12,NV,0.9558128053690441
2020-10-12,NY,1.123336248673861
2020-10-12,OH,0.9244676585230975
2020-10-12,OK,1.504168655408551
2020-10-12,OR,1.2477778596557272
2020-10-12,PA,1.1225394535181374
2020-10-12,RI,0.7780119331196368
2020-10-12,SC,1.0368359595961802
2020-10-12,SD,0.8439574957085395
2020-10-12,TN,1.425533200281558
2020-10-12,TX,1.5080492084724704
2020-10-12,UT,1.1528389533897458
2020-10-12,VA,1.2743201889105529
2020-10-12,VT,0.8419624013738325
2020-10-12,WA,0.9357573199989511
2020-10-12,WI,1.0876462412687418
2020-10-12,WV,1.3878782945271104
2020-10-12,WY,0.9080650510186967
2020-10-19,AK,1.137931336764057
2020-10-19,AL,1.3202581992786275
2020-10-19,AR,1.1620759218503904
2020-10-19,AZ,1.0679216662451978
2020-10-19,CA,1.0824541963934933
2020-10-19,CO,1.1088004003977627
2020-10-19,CT,1.2543463371403611
2020-10-19,DE,0.7169064799428169
2020-10-19,GA,1.488544056830435
2020-10-19,HI,0.8221445251722886
2020-10-19,IA,1.6034199328690515
2020-10-19,ID,1.2446822954850054
2020-10-19,IL,0.9905519053233574
2020-10-19,IN,1.0042530153319058
2020-10-19,KS,0.7977101272056022
2020-10-19,KY,1.1838204952448388
2020-10-19,LA,0.8951724189875201
2020-10-19,MA,0.8499848602520288
2020-10-19,MD,1.1004682813099453
2020-10-19,ME,0.8206421866161064
2020-10-19,MI,0.6180711949729221
2020-10-19,MN,0.8748806832786596
2020-10-19,MO,1.1194222089407018
2020-10-19,MS,1.5564898058960424
2020-10-19,MT,1.010048235919539
2020-10-19,NC,0.9717697515706347
2020-10-19,ND,1.7003752916102235
2020-10-19,NE,1.2408380330844797
2020-10-19,NH,0.5645933998449701
2020-10-19,NJ,1.5993139200089015
2020-10-19,NM,1.6119125285923743
2020-10-19,NV,0.8341875890433985
2020-10-19,NY,0.9415151408709848
2020-10-19,OH,0.9221260519881229
2020-10-19,OK,1.3965105856438331
2020-10-19,OR,1.0193821767953093
2020-10-19,PA,0.9799109895990445
2020-10-19,RI,0.7225173931052902
2020-10-19,SC,1.1160578204082574
2020-10-19,SD,0.7548239317782597
2020-10-19,TN,1.3347715293064188
2020-10-19,TX,1.4937369388924406
2020-10-19,UT,1.0176240076095637
2020-10-19,VA,1.096282124972924
2020-10-19,VT,0.7975764899995474
2020-10-19,WA,0.7059773487057084
2020-10-19,WI,1.0036605812566184
2020-10-19,WV,0.7827958221757363
2020-10-19,WY,0.8870573687064325
2020-10-26,AK,1.2355073265598686
2020-10-26,AL,1.4103476903675722
2020-10-26,AR,1.312451696406638
2020-10-26,AZ,1.0577058954119405
2020-10-26,CA,1.1533379699840756
2020-10-26,CO,1.2910416103399505
2020-10-26,CT,1.1439306825929003
2020-10-26,DE,0.7717880821018163
2020-10-26,GA,1.7132880259304646
2020-10-26,HI,1.160796173324505
2020-10-26,IA,1.6987973385940098
2020-10-26,ID,1.4044949932160202
2020-10-26,IL,1.1735529783638683
2020-10-26,IN,1.0895072186692583
2020-10-26,KS,1.0813942978865012
2020-10-26,KY,1.505886641524029
2020-10-26,LA,0.841826556270399
2020-10-26,MA,0.9939166722015973
2020-10-26,MD,1.1289135679065376
2020-10-26,ME,0.9232467230080729
2020-10-26,MI,0.651885746767617
2020-10-26,MN,0.8556613006892584
2020-10-26,MO,1.2059100850529385
2020-10-26,MS,1.8323355097062697
2020-10-26,MT,0.9175032508562322
2020-10-26,NC,1.1704194546214282
2020-10-26,ND,2.016581438240582
2020-10-26,NE,1.1763824361090762
2020-10-26,NH,0.8803950049823716
2020-10-26,NJ,1.75662621396016
2020-10-26,NM,1.5349520700465473
2020-10-26,NV,1.0462711243292782
2020-10-26,NY,1.150712340655014
2020-10-26,OH,1.1069100988382201
2020-10-26,OK,1.8959517506294377
2020-10-26,OR,1.1171863948527123
2020-10-26,PA,1.1546681662385736
2020-10-26,RI,0.6562190247498215
2020-10-26,SC,1.0790022796734677
2020-10-26,SD,0.8764392119939837
2020-10-26,TN,1.5320423549780418
2020-10-26,TX,1.4791762096458987
2020-10-26,UT,1.1783648281402412
2020-10-26,VA,1.206731971119467
2020-10-26,VT,0.9410666612027427
2020-10-26,WA,0.8520659333915038
2020-10-26,WI,1.0483247691236164
2020-10-26,WV,0.8492796859619354
2020-10-26,WY,0.9194353714102488
2020-11-02,AK,1.2274479075719413
2020-11-02,AL,1.2585291554852498
2020-11-02,AR,1.3183476066386772
2020-11-02,AZ,1.076585528888541
2020-11-02,CA,1.290457809625922
2020-11-02,CO,1.548970096650795
2020-11-02,CT,1.5013307091742045
2020-11-02,DE,0.8103792779481457
2020-11-02,GA,1.5831978433468865
2020-11-02,HI,0.9997582655704887
2020-11-02,IA,1.9977275357778954
2020-11-02,ID,1.423381104294509
2020-11-02,IL,1.3257489618808895
2020-11-02,IN,1.3146396032485255
2020-11-02,KS,1.286404031265611
2020-11-02,KY,1.4209569750859297
2020-11-02,LA,1.091503611725721
2020-11-02,MA,1.1083344630482364
2020-11-02,MD,1.4023656658465105
2020-11-02,ME,0.9591752081758866
2020-11-02,MI,0.7218459611998099
2020-11-02,MN,1.0010208905022848
2020-11-02,MO,1.316126020605966
2020-11-02,MS,1.5794616516963607
2020-11-02,MT,1.0463587987419296
2020-11-02,NC,1.0592270907952062
2020-11-02,ND,2.138911104028671
2020-11-02,NE,1.4854143507811328
2020-11-02,NH,0.9598077018464329
2020-11-02,NJ,1.8042818468208084
2020-11-02,NM,1.7608306670752147
2020-11-02,NV,1.1145110030740097
2020-11-02,NY,1.074802635924124
2020-11-02,OH,1.1762140018274958
2020-11-02,OK,1.985461836905319
2020-11-02,OR,1.2337218142672095
2020-11-02,PA,1.1639302173931205
2020-11-02,RI,0.7798775944823786
2020-11-02,SC,1.3199948299110327
2020-11-02,SD,1.0411806253565263
2020-11-02,TN,1.4130525743386517
2020-11-02,TX,1.6031589045804682
2020-11-02,UT,1.2335583051097134
2020-11-02,VA,1.1967341136337453
2020-11-02,VT,0.9990028631796708
2020-11-02,WA,0.9697892532833574
2020-11-02,WI,1.1822120322799359
2020-11-02,WV,1.3306756014124344
2020-11-02,WY,1.0809655963800666
2020-11-09,AK,1.370534329167666
2020-11-09,AL,1.6423908917590233
2020-11-09,AR,1.5676708597571392
2020-11-09,AZ,1.3530066953493596
2020-11-09,CA,1.4423474794102162
2020-11-09,CO,1.4884731773797562
2020-11-09,CT,1.4075244052446578
2020-11-09,DE,0.9158619393578156
2020-11-09,GA,2.01774983191899
2020-11-09,HI,1.2654894337380977
2020-11-09,IA,3.370450225615915
2020-11-09,ID,1.810890372731345
2020-11-09,IL,1.585782157458819
2020-11-09,IN,1.326288297637534
2020-11-09,KS,1.3692868129925624
2020-11-09,KY,1.5936800817990542
2020-11-09,LA,1.0198968216706439
2020-11-09,MA,1.3148774794385725
2020-11-09,MD,1.5351050676793712
2020-11-09,ME,1.0680869279915297
2020-11-09,MI,0.8642350938822931
2020-11-09,MN,1.0105093564252288
2020-11-09,MO,1.3991469257616673
2020-11-09,MS,1.96162866983444
2020-11-09,MT,1.0496433269056804
2020-11-09,NC,1.2507545271062055
2020-11-09,ND,2.556815782337184
2020-11-09,NE,1.6130758188475967
2020-11-09,NH,0.9022404244227009
2020-11-09,NJ,2.480563397613789
2020-11-09,NM,1.7944291833946395
2020-11-09,NV,1.6162714194377679
2020-11-09,NY,1.28182747656362
2020-11-09,OH,1.2148927377700711
2020-11-09,OK,2.3115415322542425
2020-11-09,OR,1.3997636304385805
2020-11-09,PA,1.3342312024359784
2020-11-09,RI,1.0043888390477684
2020-11-09,SC,1.2807464526938275
2020-11-09,SD,1.0687900470354426
2020-11-09,TN,1.7403517914541249
2020-11-09,TX,1.8400126815506916
2020-11-09,UT,1.3601330699351308
2020-11-09,VA,1.4201018247545405
2020-11-09,VT,1.2025789681491084
2020-11-09,WA,1.0177346304928336
2020-11-09,WI,1.1697298934405043
2020-11-09,WV,1.067354011109924
2020-11-09,WY,1.0450229404085645
2020-11-16,AK,1.4401864343484747
2020-11-16,AL,1.3678224342969507
2020-11-16,AR,1.567449311875842
2020-11-16,AZ,1.6945659774156079
2020-11-16,CA,1.535617850815954
2020-11-16,CO,1.4292646082623564
2020-11-16,CT,1.4526195201721714
2020-11-16,DE,0.8427190994726309
2020-11-16,GA,1.787105753053519
2020-11-16,HI,1.0760430407339583
2020-11-16,IA,1.3571033203356246
2020-11-16,ID,1.6568561915050655
2020-11-16,IL,1.4762563989372899
2020-11-16,IN,1.3858978312821413
2020-11-16,KS,1.2875498152955913
2020-11-16,KY,1.6469483051358065
2020-11-16,LA,0.9338187382718804
2020-11-16,MA,1.2497708604498805
2020-11-16,MD,1.736393050826336
2020-11-16,ME,1.156521922594014
2020-11-16,MI,0.8210769960031619
2020-11-16,MN,0.976656521720441
2020-11-16,MO,1.525193823434239
2020-11-16,MS,1.9074927271138185
2020-11-16,MT,1.0241361575191341
2020-11-16,NC,1.2359206607995006
2020-11-16,ND,2.1882841028634417
2020-11-16,NE,1.5419999145327932
2020-11-16,NH,0.8788248590350785
2020-11-16,NJ,2.438631382825567
2020-11-16,NM,1.8274336218288085
2020-11-16,NV,1.537050160741381
2020-11-16,NY,1.299856217596682
2020-11-16,OH,1.5061717854324086
2020-11-16,OK,1.9902821780842053
2020-11-16,OR,1.410385304363548
2020-11-16,PA,1.5111021492349364
2020-11-16,RI,0.9227334366668027
2020-11-16,SC,1.206728071257555
2020-11-16,SD,1.190739225781146
2020-11-16,TN,1.7455503342117726
2020-11-16,TX,1.9070823476364005
2020-11-16,UT,1.3455744944509056
2020-11-16,VA,1.3890962632966664
2020-11-16,VT,1.0933312936188508
2020-11-16,WA,1.11926260169802
2020-11-16,WI,1.1333372626224993
2020-11-16,WV,0.9214242254565088
2020-11-16,WY,1.192675626740992
2020-11-23,AK,1.4685634794831146
2020-11-23,AL,1.6192373877536692
2020-11-23,AR,1.5191290759609348
2020-11-23,AZ,1.5576567436232507
2020-11-23,CA,1.5362298131704448
2020-11-23,CO,1.4273734654962391
2020-11-23,CT,1.413575310738427
2020-11-23,DE,0.925716322297351
2020-11-23,GA,2.142121708045569
2020-11-23,HI,1.07047119340265
2020-11-23,IA,1.6541193842037485
2020-11-23,ID,1.4029544109047332
2020-11-23,IL,1.460302111022749
2020-11-23,IN,1.3528953328056752
2020-11-23,KS,1.2913059033523429
2020-11-23,KY,1.5455990436226719
2020-11-23,LA,1.097006716539766
2020-11-23,MA,1.262090932391048
2020-11-23,MD,1.7202117142544235
2020-11-23,ME,0.9878129588545077
2020-11-23,MI,0.899289340607536
2020-11-23,MN,0.9483721370927211
2020-11-23,MO,1.5424743078680816
2020-11-23,MS,2.243523793313695
2020-11-23,MT,0.960732427396837
2020-11-23,NC,1.2675175426724832
2020-11-23,ND,2.005760702676015
2020-11-23,NE,1.438114806191973
2020-11-23,NH,0.7890725782485071
2020-11-23,NJ,2.574404459072661
2020-11-23,NM,2.073379963439866
2020-11-23,NV,1.4831857285831307
2020-11-23,NY,1.295425921274758
2020-11-23,OH,1.4577855050516715
2020-11-23,OK,2.2815624917616106
2020-11-23,OR,1.3531563406746225
2020-11-23,PA,1.489090003223407
2020-11-23,RI,0.8227495067458634
2020-11-23,SC,1.3585091689012478
2020-11-23,SD,0.9768000848858697
2020-11-23,TN,1.780627602197828
2020-11-23,TX,1.8234842103530613
2020-11-23,UT,1.414139892134414
2020-11-23,VA,1.5566975656267008
2020-11-23,VT,1.2290894798957313
2020-11-23,WA,1.10299368263836
2020-11-23,WI,1.021290872823768
2020-11-23,WV,0.9469588091134733
2020-11-23,WY,1.0390614480067897
2020-11-30,AK,1.4652674227787243
2020-11-30,AL,1.5965889136693874
2020-11-30,AR,1.4479553416520754
2020-11-30,AZ,1.7296872953081153
2020-11-30,CA,1.8462553269641941
2020-11-30,CO,1.1873889640755002
2020-11-30,CT,1.3564291159515034
2020-11-30,DE,1.0680392624743043
2020-11-30,GA,2.0123912869461256
2020-11-30,HI,0.9223630363964539
2020-11-30,IA,1.382001809679025
2020-11-30,ID,1.7600933627961177
2020-11-30,IL,1.3543965119458177
2020-11-30,IN,1.2995299875048807
2020-11-30,KS,1.1197126867654301
2020-11-30,KY,1.7404032838154835
2020-11-30,LA,0.9705213885238344
2020-11-30,MA,1.4434629040561762
2020-11-30,MD,1.7907733012570424
2020-11-30,ME,1.0202041264561528
2020-11-30,MI,0.865776820330106
2020-11-30,MN,0.9240279202850953
2020-11-30,MO,1.5284084168189627
2020-11-30,MS,1.8553689843407004
2020-11-30,MT,1.0040211242803307
2020-11-30,NC,1.3590616027088038
2020-11-30,ND,1.8045268661959888
2020-11-30,NE,1.5958179799355825
2020-11-30,NH,0.7015182556508825
2020-11-30,NJ,2.8491325248290758
2020-11-30,NM,1.8036022132018705
2020-11-30,NV,1.6755823341219418
2020-11-30,NY,1.3405277542720353
2020-11-30,OH,1.2766528046108632
2020-11-30,OK,1.9931516789430759
2020-11-30,OR,1.280992790243786
2020-11-30,PA,1.7706952492764636
2020-11-30,RI,1.0267829589686954
2020-11-30,SC,1.313640905440233
2020-11-30,SD,0.8979084844389946
2020-11-30,TN,1.9282445853584893
2020-11-30,TX,1.875417102477623
2020-11-30,UT,1.4428746448149177
2020-11-30,VA,1.6899757787588883
2020-11-30,VT,1.1781248986933752
2020-11-30,WA,1.0706019739383361
2020-11-30,WI,1.0156210814470312
2020-11-30,WV,1.0370571749110975
2020-11-30,WY,1.0529840409287694
2020-12-07,AK,1.2233851325757843
2020-12-07,AL,1.595584998179525
2020-12-07,AR,1.4243199678101317
2020-12-07,AZ,1.6555297528525825
2020-12-07,CA,1.5590522340479676
2020-12-07,CO,1.267186563707368
2020-12-07,CT,1.5360876604788252
2020-12-07,DE,1.0239748604636452
2020-12-07,GA,2.0167240575383896
2020-12-07,HI,0.9174729581826272
2020-12-07,IA,1.4512932970102845
2020-12-07,ID,1.4436741052489377
2020-12-07,IL,1.189956581351126
2020-12-07,IN,1.2439233896538013
2020-12-07,KS,1.4715779688538528
2020-12-07,KY,1.6683555434823374
2020-12-07,LA,1.3216229461572917
2020-12-07,MA,1.2848950385615263
2020-12-07,MD,1.5438792073977998
2020-12-07,ME,0.9517108113241932
2020-12-07,MI,0.7311167878140609
2020-12-07,MN,0.996633770129292
2020-12-07,MO,1.472752700605358
2020-12-07,MS,2.1981438047389132
2020-12-07,MT,1.085978679318932
2020-12-07,NC,1.3730884746243024
2020-12-07,ND,1.7281202644531315
2020-12-07,NE,1.405350363917373
2020-12-07,NH,0.7620133638921242
2020-12-07,NJ,2.6021194401308274
2020-12-07,NM,1.9039328587685191
2020-12-07,NV,1.8341619693542532
2020-12-07,NY,1.3405486543975451
2020-12-07,OH,1.4116135798200542
2020-12-07,OK,2.02419879099973
2020-12-07,OR,1.2731117622570838
2020-12-07,PA,1.6126737265681594
2020-12-07,RI,0.9031147275434381
2020-12-07,SC,1.827540112759817
2020-12-07,SD,0.9438138724292298
2020-12-07,TN,1.968773454955103
2020-12-07,TX,1.7655061011200233
2020-12-07,UT,1.2703308440300014
2020-12-07,VA,1.5667093567942176
2020-12-07,VT,0.9893186135716121
2020-12-07,WA,0.9282558066064034
2020-12-07,WI,1.0263386158996164
2020-12-07,WV,1.3197295554722652
2020-12-07,WY,1.1028325051868972
2020-12-14,AK,1.3235678053617725
2020-12-14,AL,1.645109742499931
2020-12-14,AR,1.4066658326121038
2020-12-14,AZ,1.5113912335072426
2020-12-14,CA,1.836167051262032
2020-12-14,CO,1.1533765545778512
2020-12-14,CT,1.529528546269745
2020-12-14,DE,0.8936346706048428
2020-12-14,GA,2.1450695134649975
2020-12-14,HI,1.0218007380379983
2020-12-14,IA,1.3520599164282667
2020-12-14,ID,1.3512173607472135
2020-12-14,IL,1.2089920627863702
2020-12-14,IN,1.1390078540674806
2020-12-14,KS,1.0044033444572888
2020-12-14,KY,1.3549819608474145
2020-12-14,LA,1.0383663656145572
2020-12-14,MA,1.2478129751922393
2020-12-14,MD,1.5471644505039595
2020-12-14,ME,0.9109114092109356
2020-12-14,MI,0.7427544017743583
2020-12-14,MN,0.8380146105008017
2020-12-14,MO,1.4012934415959384
2020-12-14,MS,2.299806437180574
2020-12-14,MT,0.9297747269852568
2020-12-14,NC,1.3669083866469487
2020-12-14,ND,1.50075279834638
2020-12-14,NE,1.2855252997873112
2020-12-14,NH,0.7152905088364936
2020-12-14,NJ,2.199345675093288
2020-12-14,NM,1.6237472415982768
2020-12-14,NV,1.1640289211561667
2020-12-14,NY,1.5408108182442004
2020-12-14,OH,1.2732996388134952
2020-12-14,OK,2.535755106879184
2020-12-14,OR,1.1989719460168375
2020-12-14,PA,1.5138231690615593
2020-12-14,RI,0.7896524172602504
2020-12-14,SC,1.340832095674342
2020-12-14,SD,1.0095927597831187
2020-12-14,TN,1.7136348236421473
2020-12-14,TX,1.7081162544770803
2020-12-14,UT,1.2556481769409271
2020-12-14,VA,1.5144531327803858
2020-12-14,VT,0.8324382615556276
2020-12-14,WA,0.9471634996180583
2020-12-14,WI,0.9242435185847513
2020-12-14,WV,0.9650332032634237
2020-12-14,WY,1.1627297609168465
2020-12-21,AK,1.180586967243691
2020-12-21,AL,1.5456604808722119
2020-12-21,AR,1.351215539406342
2020-12-21,AZ,1.4576351434706596
2020-12-21,CA,1.7808536096076217
2020-12-21,CO,1.0698855048597267
2020-12-21,CT,1.182377298292931
2020-12-21,DE,0.8621016152562879
2020-12-21,GA,2.2298990254794235
2020-12-21,HI,0.8178269862420113
2020-12-21,IA,1.4915185641699704
2020-12-21,ID,1.27078084678512
2020-12-21,IL,1.127316259466547
2020-12-21,IN,0.9787183749382437
2020-12-21,KS,1.0548541437516905
2020-12-21,KY,1.3594960483632548
2020-12-21,LA,0.9560591958199054
2020-12-21,MA,1.2547452796905274
2020-12-21,MD,1.3831920613240056
2020-12-21,ME,0.9136234339928134
2020-12-21,MI,0.692321576034891
2020-12-21,MN,0.7881290016654967
2020-12-21,MO,1.3225077234784086
2020-12-21,MS,2.3262381596113375
2020-12-21,MT,0.8673345688856573
2020-12-21,NC,1.3137991393453303
2020-12-21,ND,1.5856586941629323
2020-12-21,NE,1.199628854191567
2020-12-21,NH,0.8502947220026917
2020-12-21,NJ,2.236865625196307
2020-12-21,NM,1.4916024077857954
2020-12-21,NV,1.4778719623413195
2020-12-21,NY,1.2710252783033458
2020-12-21,OH,1.3551680235712995
2020-12-21,OK,1.7598519655873883
2020-12-21,OR,1.0221068278090875
2020-12-21,PA,1.2701956917520594
2020-12-21,RI,0.7415922013005121
2020-12-21,SC,1.3438928856023793
2020-12-21,SD,0.8684414817301802
2020-12-21,TN,1.7976945616409739
2020-12-21,TX,1.7156275302280224
2020-12-21,UT,1.2407111299341222
2020-12-21,VA,1.5660305994920434
2020-12-21,VT,1.0174435978353626
2020-12-21,WA,0.9911788145847765
2020-12-21,WI,0.8586190518396548
2020-12-21,WV,0.9001841265320942
2020-12-21,WY,1.050643340927251
2020-12-28,AK,1.2970023177830283
2020-12-28,AL,1.6437086067120972
2020-12-28,AR,1.4908427389001226
2020-12-28,AZ,1.597094362477061
2020-12-28,CA,1.9593690289102894
2020-12-28,CO,1.0806956929906153
2020-12-28,CT,1.3252204632535753
2020-12-28,DE,0.8524343095449767
2020-12-28,GA,2.0637508960958675
2020-12-28,HI,0.9028857121629271
2020-12-28,IA,1.283194879747887
2020-12-28,ID,1.175674209923398
2020-12-28,IL,1.0970952384259522
2020-12-28,IN,1.051469970921843
2020-12-28,KS,0.9403121081801198
2020-12-28,KY,1.3741911449339987
2020-12-28,LA,1.0327221763221073
2020-12-28,MA,1.3049182046552092
2020-12-28,MD,1.476281737558847
2020-12-28,ME,0.9830190838053166
2020-12-28,MI,0.7359984635512572
2020-12-28,MN,0.7960679852063581
2020-12-28,MO,1.4826566711652898
2020-12-28,MS,2.7412096021336207
2020-12-28,MT,0.9526397545479026
2020-12-28,NC,1.3674260425212985
2020-12-28,ND,1.470338539723349
2020-12-28,NE,1.4372501368302835
2020-12-28,NH,0.8011581310924837
2020-12-28,NJ,2.341112883540381
2020-12-28,NM,1.5418297249952473
2020-12-28,NV,1.9279643618620268
2020-12-28,NY,1.4614749539637328
2020-12-28,OH,1.4618942896203464
2020-12-28,OK,1.914485936934081
2020-12-28,OR,1.036227002498114
2020-12-28,PA,1.3491946116719347
2020-12-28,RI,0.735774172535157
2020-12-28,SC,1.4322153639141613
2020-12-28,SD,0.9808899180588211
2020-12-28,TN,1.7602688329885834
2020-12-28,TX,1.775020382073952
2020-12-28,UT,1.3051190405500481
2020-12-28,VA,1.7063820141096864
2020-12-28,VT,0.9471972198720111
2020-12-28,WA,0.937099902967365
2020-12-28,WI,0.8066692489286895
2020-12-28,WV,0.9192032529092427
2020-12-28,WY,1.009135016552654
2021-01-04,AK,1.1478674595083933
2021-01-04,AL,1.7214662442184212
2021-01-04,AR,1.5442128003223776
2021-01-04,AZ,1.6693967418330729
2021-01-04,CA,1.776239132280376
2021-01-04,CO,1.0294392497221447
2021-01-04,CT,1.1845636817457867
2021-01-04,DE,0.9739053276085826
2021-01-04,GA,2.6764730251314823
2021-01-04,HI,0.9856378528348511
2021-01-04,IA,1.249532466772422
2021-01-04,ID,1.2623524506032653
2021-01-04,IL,1.1780311305304068
2021-01-04,IN,1.1940415686003396
2021-01-04,KS,1.1157737117312103
2021-01-04,KY,1.5905418251736319
2021-01-04,LA,1.2586391391368559
2021-01-04,MA,1.2931313222109462
2021-01-04,MD,1.4771577028710616
2021-01-04,ME,0.9449417757323204
2021-01-04,MI,0.6771873290073476
2021-01-04,MN,0.928910668974605
2021-01-04,MO,1.4467726518712283
2021-01-04,MS,2.1302878875056606
2021-01-04,MT,0.8985895835674178
2021-01-04,NC,1.4921825165558444
2021-01-04,ND,1.5643080551927409
2021-01-04,NE,1.3876345432007895
2021-01-04,NH,0.8917421939216521
2021-01-04,NJ,2.1299789796715234
2021-01-04,NM,1.6082025688390704
2021-01-04,NV,1.965346423995721
2021-01-04,NY,1.5076611442167849
2021-01-04,OH,1.1042009415999636
2021-01-04,OK,2.4212994297450363
2021-01-04,OR,1.1127759970135824
2021-01-04,PA,1.2597987781217643
2021-01-04,RI,0.8623024499036561
2021-01-04,SC,2.0159207815181075
2021-01-04,SD,1.005015378153364
2021-01-04,TN,1.9093271145837671
2021-01-04,TX,1.856316792314889
2021-01-04,UT,1.4028973076062141
2021-01-04,VA,1.781119688147336
2021-01-04,VT,1.0346306754003476
2021-01-04,WA,0.9422478824399667
2021-01-04,WI,0.8959729261689338
2021-01-04,WV,1.014423126674268
2021-01-04,WY,0.9982970194300287
2021-01-11,AK,1.2752928662777734
2021-01-11,AL,1.502790031907937
2021-01-11,AR,1.3376470228386803
2021-01-11,AZ,1.3669620187926743
2021-01-11,CA,1.6112211823292295
2021-01-11,CO,1.0663116632941723
2021-01-11,CT,1.247778323421928
2021-01-11,DE,0.8216477808422618
2021-01-11,GA,2.0848725953530076
2021-01-11,HI,0.7872536846378467
2021-01-11,IA,1.1006382169113689
2021-01-11,ID,1.1821583253506434
2021-01-11,IL,1.0545220790358718
2021-01-11,IN,0.9903659465062082
2021-01-11,KS,0.8234830480794268
2021-01-11,KY,1.4449792519238474
2021-01-11,LA,1.0227072549851532
2021-01-11,MA,1.1645477931404116
2021-01-11,MD,1.312120851032217
2021-01-11,ME,0.8639164351242197
2021-01-11,MI,0.8475302995432217
2021-01-11,MN,0.790368469118647
2021-01-11,MO,1.2010114323167622
2021-01-11,MS,2.2001388684467162
2021-01-11,MT,0.7911877781553563
2021-01-11,NC,1.2509937690471487
2021-01-11,ND,1.380773965106253
2021-01-11,NE,1.2340792430175127
2021-01-11,NH,0.7360301189321143
2021-01-11,NJ,2.296393442785361
2021-01-11,NM,1.4807829687219076
2021-01-11,NV,1.6362575899737426
2021-01-11,NY,1.45540090453008
2021-01-11,OH,1.328390147103602
2021-01-11,OK,2.2042511150321316
2021-01-11,OR,1.0255373958520553
2021-01-11,PA,1.2076455794372316
2021-01-11,RI,0.8277480868062528
2021-01-11,SC,1.4180564659397883
2021-01-11,SD,0.7790857728844008
2021-01-11,TN,1.5767035132197191
2021-01-11,TX,1.6464847027191012
2021-01-11,UT,1.2123765955047847
2021-01-11,VA,1.6806898016361242
2021-01-11,VT,0.9121716267949576
2021-01-11,WA,0.910091598482754
2021-01-11,WI,0.8446544397839648
2021-01-11,WV,0.8788599628947056
2021-01-11,WY,1.055413529374902
2021-01-18,AK,1.0690849804563207
2021-01-18,AL,1.37649644547742
2021-01-18,AR,1.2533271602880545
2021-01-18,AZ,1.4620011885379476
2021-01-18,CA,1.403471801277064
2021-01-18,CO,0.9387403100339953
2021-01-18,CT,1.1419219741703213
2021-01-18,DE,0.7880337571583759
2021-01-18,GA,2.1419083412039575
2021-01-18,HI,0.8713451511182388
2021-01-18,IA,1.0817132376046035
2021-01-18,ID,1.0623578584202646
2021-01-18,IL,0.991343485039023
2021-01-18,IN,0.878376432518828
2021-01-18,KS,0.7726413714402884
2021-01-18,KY,1.446394258785053
2021-01-18,LA,0.8113217074360033
2021-01-18,MA,0.9570120417820384
2021-01-18,MD,1.2597000298594603
2021-01-18,ME,0.8285527601416132
2021-01-18,MI,0.6927111815202038
2021-01-18,MN,0.731624089282088
2021-01-18,MO,1.1902430857705157
2021-01-18,MS,1.879284184701831
2021-01-18,MT,0.760156596930707
2021-01-18,NC,1.1145885015526948
2021-01-18,ND,1.4550226242212518
2021-01-18,NE,1.1723456963230006
2021-01-18,NH,0.5741600211520923
2021-01-18,NJ,1.8547742086551624
2021-01-18,NM,1.3562121808561294
2021-01-18,NV,1.216264699257429
2021-01-18,NY,1.2135637579545824
2021-01-18,OH,1.2494929853195402
2021-01-18,OK,1.7993287598663634
2021-01-18,OR,0.827661965782178
2021-01-18,PA,0.9418350054887107
2021-01-18,RI,0.5813034495437841
2021-01-18,SC,1.2764731971239964
2021-01-18,SD,0.7698194499957433
2021-01-18,TN,1.4424832860292516
2021-01-18,TX,1.387195641182536
2021-01-18,UT,1.121890947529656
2021-01-18,VA,1.4655505207336266
2021-01-18,VT,0.783477040879786
2021-01-18,WA,1.1217343040878516
2021-01-18,WI,0.790433027861462
2021-01-18,WV,0.7732574555298782
2021-01-18,WY,1.06732658710441
2021-01-25,AK,1.170914586200445
2021-01-25,AL,1.259550920243441
2021-01-25,AR,1.2335068406332956
2021-01-25,AZ,1.3431089373950174
2021-01-25,CA,1.2176839137865358
2021-01-25,CO,1.0593615158761627
2021-01-25,CT,0.8897184463769797
2021-01-25,DE,0.7213519693494699
2021-01-25,GA,1.8887650253866748
2021-01-25,HI,0.8050494932832797
2021-01-25,IA,0.9768891138844281
2021-01-25,ID,0.9805982037660915
2021-01-25,IL,0.9506703475649869
2021-01-25,IN,0.8584186161341132
2021-01-25,KS,0.7196086760486426
2021-01-25,KY,1.3345050819319586
2021-01-25,LA,0.9386462327476529
2021-01-25,MA,1.0010183133597281
2021-01-25,MD,1.248251637929215
2021-01-25,ME,0.8398693082637683
2021-01-25,MI,0.6729075112274081
2021-01-25,MN,0.7245887326033975
2021-01-25,MO,1.219778731088728
2021-01-25,MS,1.5321210605830362
2021-01-25,MT,0.7458813167827933
2021-01-25,NC,1.0905002995750026
2021-01-25,ND,1.7205714980164684
2021-01-25,NE,1.1902551937568355
2021-01-25,NH,0.5279355285957009
2021-01-25,NJ,2.1239810439076585
2021-01-25,NM,1.3721063466888994
2021-01-25,NV,1.1764988522020954
2021-01-25,NY,1.4232036579950984
2021-01-25,OH,1.0741923349679645
2021-01-25,OK,2.379456894400808
2021-01-25,OR,0.7938935945165728
2021-01-25,PA,0.9926640023282556
2021-01-25,RI,0.6797864137318168
2021-01-25,SC,1.2086239677268051
2021-01-25,SD,0.8789044393481404
2021-01-25,TN,1.301455031821972
2021-01-25,TX,1.5962776460917105
2021-01-25,UT,1.1246617789046347
2021-01-25,VA,1.3558403414285083
2021-01-25,VT,0.7245025132316094
2021-01-25,WA,0.8989723542218606
2021-01-25,WI,0.7675944837012101
2021-01-25,WV,0.7107782758010914
2021-01-25,WY,0.9965299015184976
2021-02-01,AK,0.983141658655621
2021-02-01,AL,1.436970114306043
2021-02-01,AR,1.2549428478341729
2021-02-01,AZ,0.9788463089464728
2021-02-01,CA,1.1660827137181942
2021-02-01,CO,0.9627960497240297
2021-02-01,CT,0.9107764654700695
2021-02-01,DE,0.6477719884052411
2021-02-01,GA,1.7624020159446885
2021-02-01,HI,0.7489712164924169
2021-02-01,IA,0.9771375597651601
2021-02-01,ID,0.9817851663556291
2021-02-01,IL,0.8801383412645901
2021-02-01,IN,0.9301305708185444
2021-02-01,KS,0.8073040038911075
2021-02-01,KY,1.1682654057865762
2021-02-01,LA,0.8752466055144983
2021-02-01,MA,0.963448838954829
2021-02-01,MD,1.1083878373877587
2021-02-01,ME,0.7246187830448518
2021-02-01,MI,0.7403067258163607
2021-02-01,MN,0.8360928677678754
2021-02-01,MO,1.2152835785716702
2021-02-01,MS,2.160444192542096
2021-02-01,MT,0.7272239565795904
2021-02-01,NC,0.9574616836405793
2021-02-01,ND,1.345040908083487
2021-02-01,NE,1.0703337283098378
2021-02-01,NH,1.0331072428527945
2021-02-01,NJ,1.9743412596758199
2021-02-01,NM,1.2723732138066615
2021-02-01,NV,1.3718974497575256
2021-02-01,NY,1.1032648872195188
2021-02-01,OH,0.8939620802124417
2021-02-01,OK,1.752347758851918
2021-02-01,OR,0.9457223830692988
2021-02-01,PA,0.8893238777468467
2021-02-01,RI,0.7140767054816926
2021-02-01,SC,1.366028681915711
2021-02-01,SD,0.7773322077159195
2021-02-01,TN,1.2496187047024174
2021-02-01,TX,1.4060518710693524
2021-02-01,UT,1.036342426447526
2021-02-01,VA,1.3055647054845831
2021-02-01,VT,0.7794406993899701
2021-02-01,WA,0.832749987736737
2021-02-01,WI,0.7579545390272246
2021-02-01,WV,0.9047671490074901
2021-02-01,WY,0.8205357609115698
2021-02-08,AK,0.8699213909829902
2021-02-08,AL,1.3549207641487189
2021-02-08,AR,1.1306679397553712
2021-02-08,AZ,1.124706651184583
2021-02-08,CA,1.0691088537520907
2021-02-08,CO,0.8976588177102948
2021-02-08,CT,0.7613331226424321
2021-02-08,DE,0.5803634791130501
2021-02-08,GA,1.7276625147081637
2021-02-08,HI,0.7634567080814777
2021-02-08,IA,0.9315378215266632
2021-02-08,ID,0.9827649009285041
2021-02-08,IL,0.8502101418059669
2021-02-08,IN,0.7637528411547189
2021-02-08,KS,0.6965653768568809
2021-02-08,KY,1.0861526526137042
2021-02-08,LA,0.7672700359456557
2021-02-08,MA,0.7706377255965535
2021-02-08,MD,1.009292596697291
2021-02-08,ME,0.7289777683060262
2021-02-08,MI,0.588519036054094
2021-02-08,MN,0.6997274071879585
2021-02-08,MO,0.9854898816504061
2021-02-08,MS,1.7591113918552368
2021-02-08,MT,0.5820948261671226
2021-02-08,NC,0.8553769381497408
2021-02-08,ND,1.3095841133208046
2021-02-08,NE,1.038047306789272
2021-02-08,NH,0.5705036570377837
2021-02-08,NJ,1.769888573433452
2021-02-08,NM,1.063486187253826
2021-02-08,NV,1.0518935223182195
2021-02-08,NY,1.1432247015651407
2021-02-08,OH,0.8647064328388357
2021-02-08,OK,1.441984587596508
2021-02-08,OR,0.6974552704416509
2021-02-08,PA,0.882109364614187
2021-02-08,RI,0.47507936127099926
2021-02-08,SC,0.9988725647092275
2021-02-08,SD,0.625736090951199
2021-02-08,TN,1.2724114845991434
2021-02-08,TX,2.0754322744123916
2021-02-08,UT,1.040453624291116
2021-02-08,VA,1.1434986467391228
2021-02-08,VT,0.7307995903821016
2021-02-08,WA,0.7840752245715121
2021-02-08,WI,0.674677378329287
2021-02-08,WV,0.6991465473328045
2021-02-08,WY,0.7280092633673898
2021-02-15,AK,0.900451792100875
2021-02-15,AL,1.2325259457076747
2021-02-15,AR,1.145892748321717
2021-02-15,AZ,0.8450897080810659
2021-02-15,CA,0.946080834455406
2021-02-15,CO,0.945418193843636
2021-02-15,CT,0.7482633608835085
2021-02-15,DE,0.5471802046681539
2021-02-15,GA,1.5380804829328656
2021-02-15,HI,0.5746878983367775
2021-02-15,IA,1.0111688856973646
2021-02-15,ID,0.8717269676308046
2021-02-15,IL,0.7020723430003233
2021-02-15,IN,0.7709305434556607
2021-02-15,KS,0.5684009549714981
2021-02-15,KY,0.9282291567557666
2021-02-15,LA,0.7363721505657335
2021-02-15,MA,0.762307977318122
2021-02-15,MD,0.9283176846612085
2021-02-15,ME,0.5087327304271712
2021-02-15,MI,0.585613696639898
2021-02-15,MN,0.6517680493018618
2021-02-15,MO,0.9646108144175364
2021-02-15,MS,1.3805629953116587
2021-02-15,MT,0.6174037975444642
2021-02-15,NC,0.8818065609960779
2021-02-15,ND,1.2980084375163785
2021-02-15,NE,0.8179058737501803
2021-02-15,NH,0.5756020707355213
2021-02-15,NJ,1.4873994079051651
2021-02-15,NM,1.1069776242142493
2021-02-15,NV,0.8476386049450796
2021-02-15,NY,1.126466611277988
2021-02-15,OH,0.8322689978337416
2021-02-15,OK,0.7611155928824573
2021-02-15,OR,0.6571940652649577
2021-02-15,PA,0.7783845118448853
2021-02-15,RI,0.4221035705890689
2021-02-15,SC,0.9599305897415751
2021-02-15,SD,0.7578465181535372
2021-02-15,TN,1.1116332885100377
2021-02-15,TX,1.3867421655246979
2021-02-15,UT,0.9792549222610085
2021-02-15,VA,1.0813055021339086
2021-02-15,VT,0.6674046636494998
2021-02-15,WA,0.8364018368165616
2021-02-15,WI,0.6642898295865141
2021-02-15,WV,0.6730072149840344
2021-02-15,WY,0.9218034716939058
2021-02-22,AK,0.7239831314225449
2021-02-22,AL,0.9681422165151228
2021-02-22,AR,0.9962089303320572
2021-02-22,AZ,0.7985357442340382
2021-02-22,CA,0.8755680998996498
2021-02-22,CO,0.8667426424915068
2021-02-22,CT,0.6778222835919505
2021-02-22,DE,0.6188459128515276
2021-02-22,GA,1.3874207177022428
2021-02-22,HI,0.5393860073961954
2021-02-22,IA,0.9036513420952426
2021-02-22,ID,0.8653030227803673
2021-02-22,IL,0.6820349506164982
2021-02-22,IN,0.7047601762775833
2021-02-22,KS,0.6030631066262038
2021-02-22,KY,0.7662087396118535
2021-02-22,LA,0.7439318162677063
2021-02-22,MA,0.7267760701312048
2021-02-22,MD,0.9449217397145755
2021-02-22,ME,0.6082569660684329
2021-02-22,MI,0.546946825823091
2021-02-22,MN,0.6358658807024629
2021-02-22,MO,0.7838681103987853
2021-02-22,MS,1.5773703283484792
2021-02-22,MT,0.5550639967201009
2021-02-22,NC,0.7495246655744522
2021-02-22,ND,1.074165173673202
2021-02-22,NE,0.9797106458399416
2021-02-22,NH,0.39475960380834435
2021-02-22,NJ,1.6501925995637672
2021-02-22,NM,1.0515229306738874
2021-02-22,NV,0.623932330875709
2021-02-22,NY,0.9285824126867054
2021-02-22,OH,0.8981870769626201
2021-02-22,OK,1.1981745965018864
2021-02-22,OR,0.6267764036028262
2021-02-22,PA,0.7379323802894929
2021-02-22,RI,0.4995918918282166
2021-02-22,SC,0.7986938954944254
2021-02-22,SD,0.7707607363698188
2021-02-22,TN,1.0578660998400358
2021-02-22,TX,1.7589153485620084
2021-02-22,UT,1.014110886279908
2021-02-22,VA,0.9446171261696472
2021-02-22,VT,0.5933347582152191
2021-02-22,WA,0.7318979754357935
2021-02-22,WI,0.6220480775604003
2021-02-22,WV,0.6093638789907716
2021-02-22,WY,0.7572305785986142
2021-03-01,AK,0.7534066121087304
2021-03-01,AL,1.0987572840598028
2021-03-01,AR,0.9189649588594808
2021-03-01,AZ,0.817121621384342
2021-03-01,CA,0.9021027772085692
2021-03-01,CO,0.828808764367404
2021-03-01,CT,0.6620909434107117
2021-03-01,DE,0.5593533181792423
2021-03-01,GA,1.3699289905628322
2021-03-01,HI,0.6597430830781851
2021-03-01,IA,0.8165253835012951
2021-03-01,ID,0.7526872751575888
2021-03-01,IL,0.6682385229554699
2021-03-01,IN,0.7828666206063828
2021-03-01,KS,0.6586986948518618
2021-03-01,KY,0.776677623271285
2021-03-01,LA,0.6183053578520991
2021-03-01,MA,0.6650013274367338
2021-03-01,MD,0.8187732085281763
2021-03-01,ME,0.6030337077691569
2021-03-01,MI,0.5588280725712685
2021-03-01,MN,0.6757598095267805
2021-03-01,MO,0.8358199129066024
2021-03-01,MS,1.4098693764801364
2021-03-01,MT,0.608021423464796
2021-03-01,NC,0.7877443366477781
2021-03-01,ND,1.2036939635669732
2021-03-01,NE,0.835049374714947
2021-03-01,NH,0.45887364923183216
2021-03-01,NJ,1.3769416605131306
2021-03-01,NM,1.0686367029188812
2021-03-01,NV,0.6476541859043503
2021-03-01,NY,0.9566951932097828
2021-03-01,OH,0.8106336095095679
2021-03-01,OK,1.177966560510288
2021-03-01,OR,0.6859633758398562
2021-03-01,PA,0.7348313740609496
2021-03-01,RI,0.5284267007354266
2021-03-01,SC,1.1447176194957462
2021-03-01,SD,0.6302367608638728
2021-03-01,TN,0.932092044889061
2021-03-01,TX,0.9351832840844796
2021-03-01,UT,0.8319872365894816
2021-03-01,VA,0.9032399649481715
2021-03-01,VT,0.5643468199251247
2021-03-01,WA,0.7307978064383959
2021-03-01,WI,0.6214387118654251
2021-03-01,WV,0.7613242346733349
2021-03-01,WY,0.6726855751470411
2021-03-08,AK,0.6729345807944075
2021-03-08,AL,0.9542956230759941
2021-03-08,AR,0.8058103166706757
2021-03-08,AZ,0.785639636758854
2021-03-08,CA,0.8491825310720849
2021-03-08,CO,0.7107166144000885
2021-03-08,CT,0.6578036243903764
2021-03-08,DE,0.4961636122689903
2021-03-08,GA,1.3357975466275502
2021-03-08,HI,0.7838207824685206
2021-03-08,IA,0.7615213579265843
2021-03-08,ID,0.7611939348580368
2021-03-08,IL,0.6242520763002263
2021-03-08,IN,0.625796737431874
2021-03-08,KS,0.5435137469249995
2021-03-08,KY,0.7576164699408071
2021-03-08,LA,0.5537807046835486
2021-03-08,MA,0.6969157624225981
2021-03-08,MD,0.8414897387907434
2021-03-08,ME,0.5326724235961244
2021-03-08,MI,0.5932643049409533
2021-03-08,MN,0.6193159846425806
2021-03-08,MO,0.7591378463559694
2021-03-08,MS,1.5018863636633841
2021-03-08,MT,0.5190991542162489
2021-03-08,NC,0.6335911202570479
2021-03-08,ND,1.037086970536976
2021-03-08,NE,0.9169059673333909
2021-03-08,NH,0.41058472422209663
2021-03-08,NJ,1.5423562118031517
2021-03-08,NM,0.9485752923430526
2021-03-08,NV,0.6457127508638796
2021-03-08,NY,0.9502029588896558
2021-03-08,OH,0.8074278141781455
2021-03-08,OK,0.8475193686987681
2021-03-08,OR,0.5747552620281079
2021-03-08,PA,0.7543855326151947
2021-03-08,RI,0.3834029852198107
2021-03-08,SC,0.670333003207095
2021-03-08,SD,0.5413763643576108
2021-03-08,TN,0.9701033287088907
2021-03-08,TX,0.9326357223436028
2021-03-08,UT,0.8698677932010169
2021-03-08,VA,0.9016347303324398
2021-03-08,VT,0.569617443489939
2021-03-08,WA,0.6481453081709703
2021-03-08,WI,0.5561978901762282
2021-03-08,WV,0.5983169726199058
2021-03-08,WY,0.675214312066637
2021-03-15,AK,0.779860966744713
2021-03-15,AL,1.0526121486219946
2021-03-15,AR,0.8669463944216249
2021-03-15,AZ,0.730496636313573
2021-03-15,CA,0.8192475682601332
2021-03-15,CO,0.9298422556134567
2021-03-15,CT,0.8649577244739985
2021-03-15,DE,0.4918889829087899
2021-03-15,GA,1.4411369577130213
2021-03-15,HI,0.4903595789303527
2021-03-15,IA,0.7904130729131481
2021-03-15,ID,0.8013335161472297
2021-03-15,IL,0.651104855467435
2021-03-15,IN,0.6353670441898753
2021-03-15,KS,0.5310001441412706
2021-03-15,KY,0.9117242788182041
2021-03-15,LA,0.6062119555546877
2021-03-15,MA,0.7309489188153029
2021-03-15,MD,0.791180772684394
2021-03-15,ME,0.5914994453871822
2021-03-15,MI,0.5266643961579995
2021-03-15,MN,0.6237300208081539
2021-03-15,MO,0.808209842135319
2021-03-15,MS,1.3845889329125407
2021-03-15,MT,0.4789158931227999
2021-03-15,NC,0.7681160423800606
2021-03-15,ND,1.2264271054496831
2021-03-15,NE,0.8730980752587012
2021-03-15,NH,0.44825831042735553
2021-03-15,NJ,1.8256423808476914
2021-03-15,NM,1.104533012338055
2021-03-15,NV,0.8754052506109722
2021-03-15,NY,1.0913617181769633
2021-03-15,OH,0.848060720789336
2021-03-15,OK,0.9018150890763053
2021-03-15,OR,0.6211714498289871
2021-03-15,PA,0.7467296032266207
2021-03-15,RI,0.4563747146097445
2021-03-15,SC,0.7394685079443927
2021-03-15,SD,0.6040157153270445
2021-03-15,TN,0.9543758087748733
2021-03-15,TX,1.0412041219973702
2021-03-15,UT,0.956875846379442
2021-03-15,VA,0.9438600553200271
2021-03-15,VT,0.6183858131528246
2021-03-15,WA,0.6976980167109192
2021-03-15,WI,0.6283994572485045
2021-03-15,WV,0.589789103282993
2021-03-15,WY,0.6852050107975259
2021-03-22,AK,0.8006407521718093
2021-03-22,AL,1.000191530274688
2021-03-22,AR,0.9386148115873347
2021-03-22,AZ,0.7828221547204388
2021-03-22,CA,0.8256721246432024
2021-03-22,CO,0.7155575592115724
2021-03-22,CT,0.7184096997152487
2021-03-22,DE,0.4709077908567739
2021-03-22,GA,1.379134602598574
2021-03-22,HI,0.617588441261897
2021-03-22,IA,0.6984861883522051
2021-03-22,ID,0.7665575356808494
2021-03-22,IL,0.6679117365525816
2021-03-22,IN,0.7598489138288165
2021-03-22,KS,0.572701328488942
2021-03-22,KY,0.9139944230818278
2021-03-22,LA,0.5926813901014756
2021-03-22,MA,0.7010212603932712
2021-03-22,MD,0.9541553692233691
2021-03-22,ME,0.5468381316821886
2021-03-22,MI,0.5013898054747693
2021-03-22,MN,0.6632331985160694
2021-03-22,MO,0.7966246102659826
2021-03-22,MS,1.3669787848540202
2021-03-22,MT,0.5744389632400794
2021-03-22,NC,0.6874456061911138
2021-03-22,ND,1.1658730560081092
2021-03-22,NE,0.9003294940249997
2021-03-22,NH,0.49691117057867584
2021-03-22,NJ,1.7894618952854617
2021-03-22,NM,1.1793958720446063
2021-03-22,NV,0.9290856804053722
2021-03-22,NY,1.1452613182888771
2021-03-22,OH,0.888489848604433
2021-03-22,OK,0.8042694727736033
2021-03-22,OR,0.5724189879405457
2021-03-22,PA,0.7283835478995899
2021-03-22,RI,0.48584989179816496
2021-03-22,SC,0.6791020776509584
2021-03-22,SD,0.6219977146090443
2021-03-22,TN,0.9700986976354946
2021-03-22,TX,1.0603977310318713
2021-03-22,UT,0.8710197351464799
2021-03-22,VA,0.9432074963388606
2021-03-22,VT,0.5335638347112097
2021-03-22,WA,0.7994529324509081
2021-03-22,WI,0.6209831878170395
2021-03-22,WV,0.5656468392780827
2021-03-22,WY,0.7127200188529288
2021-03-29,AK,0.7704149989416753
2021-03-29,AL,1.0332987499032023
2021-03-29,AR,0.8518272903920919
2021-03-29,AZ,0.8819076683470597
2021-03-29,CA,0.8869527824085929
2021-03-29,CO,0.7655646046600255
2021-03-29,CT,0.7639963540448229
2021-03-29,DE,0.4860565634996322
2021-03-29,GA,1.2387106127463163
2021-03-29,HI,0.8004450961478695
2021-03-29,IA,0.7395621031597706
2021-03-29,ID,0.8031290059662
2021-03-29,IL,0.7357530900202842
2021-03-29,IN,0.7355863341999509
2021-03-29,KS,0.5845016547919935
2021-03-29,KY,0.884368689863967
2021-03-29,LA,0.675483817340732
2021-03-29,MA,0.712545689700915
2021-03-29,MD,0.9408013099396109
2021-03-29,ME,0.5772675902491986
2021-03-29,MI,0.5958676955622274
2021-03-29,MN,0.6580334377039314
2021-03-29,MO,0.8324325193345907
2021-03-29,MS,1.3647959978227764
2021-03-29,MT,0.6061505261428346
2021-03-29,NC,0.623735559921794
2021-03-29,ND,1.0392906868718654
2021-03-29,NE,0.9362766006709202
2021-03-29,NH,0.4039296184777389
2021-03-29,NJ,1.7930352891429635
2021-03-29,NM,1.0705999846707184
2021-03-29,NV,0.8802047811236031
2021-03-29,NY,0.9733367488975155
2021-03-29,OH,0.9382402730200857
2021-03-29,OK,0.9391490203749031
2021-03-29,OR,0.6568440993944222
2021-03-29,PA,0.8030446117387244
2021-03-29,RI,0.45258967048665844
2021-03-29,SC,0.7115552058427468
2021-03-29,SD,0.6454097662372178
2021-03-29,TN,1.0600247858150817
2021-03-29,TX,1.0573579222979932
2021-03-29,UT,0.8209618817014643
2021-03-29,VA,0.996830889430759
2021-03-29,VT,0.579003428230144
2021-03-29,WA,0.7456724221465791
2021-03-29,WI,0.6758739258973168
2021-03-29,WV,0.6994680875010094
2021-03-29,WY,0.6968741369200264
2021-04-05,AK,0.7721257581510144
2021-04-05,AL,0.8830231642584647
2021-04-05,AR,0.8777871420547718
2021-04-05,AZ,1.1420943090335753
2021-04-05,CA,0.8265649127793682
2021-04-05,CO,0.840181340434814
2021-04-05,CT,0.6914545304488358
2021-04-05,DE,0.6085467325635119
2021-04-05,GA,1.4677518020954845
2021-04-05,HI,0.6493753712775485
2021-04-05,IA,0.706924380968404
2021-04-05,ID,0.7559331570357152
2021-04-05,IL,0.7086906264317603
2021-04-05,IN,0.8541957069724373
2021-04-05,KS,0.7834940243047553
2021-04-05,KY,0.7656214877128495
2021-04-05,LA,0.7884077866735137
2021-04-05,MA,0.7602577163887735
2021-04-05,MD,0.9983085968522927
2021-04-05,ME,0.6595967235265761
2021-04-05,MI,0.6864440537393415
2021-04-05,MN,0.7150077767381453
2021-04-05,MO,0.7755091889239654
2021-04-05,MS,0.8429422725197195
2021-04-05,MT,0.6166038588828393
2021-04-05,NC,0.6944190153761798
2021-04-05,ND,1.0281372319872213
2021-04-05,NE,1.1691887285792149
2021-04-05,NH,0.42574579218248576
2021-04-05,NJ,1.8604157304559938
2021-04-05,NM,1.1263611436870522
2021-04-05,NV,0.7077597269743023
2021-04-05,NY,1.0853877696137828
2021-04-05,OH,0.9105210185749404
2021-04-05,OK,0.8897153374972009
2021-04-05,OR,0.76372331010171
2021-04-05,PA,0.9194274568772896
2021-04-05,RI,0.4734184586615675
2021-04-05,SC,0.8743404432844792
2021-04-05,SD,0.6561125778342841
2021-04-05,TN,1.0115999374333693
2021-04-05,TX,1.0867080593890086
2021-04-05,UT,0.9623674588766209
2021-04-05,VA,0.9067528827898841
2021-04-05,VT,0.6082171044109856
2021-04-05,WA,0.7909107848425398
2021-04-05,WI,0.6877750738530575
2021-04-05,WV,0.7362915661988011
2021-04-05,WY,0.7639826798746461
2021-04-12,AK,0.8146274046051509
2021-04-12,AL,1.1317168358813885
2021-04-12,AR,0.8631749660857008
2021-04-12,AZ,0.9984350045952569
2021-04-12,CA,0.8657352779748597
2021-04-12,CO,0.9322822739627077
2021-04-12,CT,0.8200259835026305
2021-04-12,DE,0.5578512983325281
2021-04-12,GA,1.3967913356644153
2021-04-12,HI,0.6380744109879407
2021-04-12,IA,0.691515063807175
2021-04-12,ID,0.8065138884645944
2021-04-12,IL,0.8470968929062213
2021-04-12,IN,0.8016610072440701
2021-04-12,KS,0.5999258318341425
2021-04-12,KY,0.8384841708252659
2021-04-12,LA,0.7553405185525601
2021-04-12,MA,0.7688984778765475
2021-04-12,MD,1.0514136273109083
2021-04-12,ME,0.6377542709468076
2021-04-12,MI,0.6927275740056675
2021-04-12,MN,0.6790821051915414
2021-04-12,MO,0.847990083328228
2021-04-12,MS,1.3938478779693069
2021-04-12,MT,0.5554318905185633
2021-04-12,NC,0.7230311022401894
2021-04-12,ND,1.151674964983135
2021-04-12,NE,1.0791979265910456
2021-04-12,NH,0.5053856625200733
2021-04-12,NJ,1.6728516120954624
2021-04-12,NM,1.1912434172460213
2021-04-12,NV,1.0572929198514927
2021-04-12,NY,1.1373992989156396
2021-04-12,OH,0.9736475148308208
2021-04-12,OK,0.7142078145264708
2021-04-12,OR,0.6920815530880471
2021-04-12,PA,0.7844223621088
2021-04-12,RI,0.5008493610723322
2021-04-12,SC,0.6277768044584204
2021-04-12,SD,0.7097246216779083
2021-04-12,TN,1.0107693139231175
2021-04-12,TX,1.3160424040030816
2021-04-12,UT,0.8686343969015609
2021-04-12,VA,0.96996126512577
2021-04-12,VT,0.5980597183171265
2021-04-12,WA,0.8161544604445254
2021-04-12,WI,0.7304772304878717
2021-04-12,WV,0.6892091894028001
2021-04-12,WY,0.7289816990023147
2021-04-19,AK,0.7783579093101738
2021-04-19,AL,1.0641992572003591
2021-04-19,AR,0.8917180919390155
2021-04-19,AZ,0.8718376549790643
2021-04-19,CA,0.9436116827623661
2021-04-19,CO,0.9235238895599259
2021-04-19,CT,0.7176611187413673
2021-04-19,DE,0.5793426754371304
2021-04-19,GA,1.547627353416567
2021-04-19,HI,0.5359550109720507
2021-04-19,IA,0.7391391869455617
2021-04-19,ID,0.8760330606918778
2021-04-19,IL,0.7287687152756869
2021-04-19,IN,0.7622230103162935
2021-04-19,KS,0.5844400586749754
2021-04-19,KY,0.7823889365535921
2021-04-19,LA,0.6820534803503334
2021-04-19,MA,0.6697279455092592
2021-04-19,MD,0.9432468468526699
2021-04-19,ME,0.6698048265418419
2021-04-19,MI,0.6976791090706623
2021-04-19,MN,0.6908710331338158
2021-04-19,MO,0.8181410824153339
2021-04-19,MS,1.3275602253860332
2021-04-19,MT,0.5711246831540802
2021-04-19,NC,0.7155169232430676
2021-04-19,ND,1.1138946559273548
2021-04-19,NE,0.9313909212665216
2021-04-19,NH,0.562235722782758
2021-04-19,NJ,1.701586414494674
2021-04-19,NM,1.1506971948664553
2021-04-19,NV,0.6837854158558907
2021-04-19,NY,0.9546553671874132
2021-04-19,OH,1.010965087033961
2021-04-19,OK,0.778304967431126
2021-04-19,OR,0.9126237287739596
2021-04-19,PA,0.8790844697924349
2021-04-19,RI,0.43078547974573317
2021-04-19,SC,0.6032504713453111
2021-04-19,SD,0.5383979660450449
2021-04-19,TN,1.0618611144404968
2021-04-19,TX,1.2104693140712102
2021-04-19,UT,0.7943020351123473
2021-04-19,VA,0.9301910065630944
2021-04-19,VT,0.6547370138678239
2021-04-19,WA,0.8240355290972995
2021-04-19,WI,0.6906185067134325
2021-04-19,WV,0.6501351670648141
2021-04-19,WY,0.6934149387058086
2021-04-26,AK,0.7137673580724673
2021-04-26,AL,1.1692206232021634
2021-04-26,AR,0.8732493538826214
2021-04-26,AZ,0.9751831388193686
2021-04-26,CA,0.8619804885693669
2021-04-26,CO,0.9966033298838377
2021-04-26,CT,0.7444015165703767
2021-04-26,DE,0.5229325135447975
2021-04-26,GA,1.524563175589763
2021-04-26,HI,0.8141011678443255
2021-04-26,IA,0.6571717916025249
2021-04-26,ID,0.8899462883957769
2021-04-26,IL,0.867227961926391
2021-04-26,IN,0.8259794870227106
2021-04-26,KS,0.6241298657576118
2021-04-26,KY,0.9416215062056759
2021-04-26,LA,0.7521348762918608
2021-04-26,MA,0.6848454903824059
2021-04-26,MD,1.0012164287116925
2021-04-26,ME,0.5667511660004831
2021-04-26,MI,0.5045104058854962
2021-04-26,MN,0.704185036775576
2021-04-26,MO,0.9303292154349612
2021-04-26,MS,1.449450559799996
2021-04-26,MT,0.5841388668155594
2021-04-26,NC,0.7919776332012612
2021-04-26,ND,0.9618398961997139
2021-04-26,NE,0.9915838229774103
2021-04-26,NH,0.5321009315113515
2021-04-26,NJ,1.4458684642123008
2021-04-26,NM,1.1587524958756017
2021-04-26,NV,0.5918903787582841
2021-04-26,NY,1.117507805487825
2021-04-26,OH,1.063373369358849
2021-04-26,OK,0.7038849550766243
2021-04-26,OR,0.8670349142603142
2021-04-26,PA,0.7845639040614979
2021-04-26,RI,0.5225626544773605
2021-04-26,SC,0.6342985691253125
2021-04-26,SD,0.5877179334194196
2021-04-26,TN,1.1168504806995023
2021-04-26,TX,1.3065814404785816
2021-04-26,UT,0.811580573795726
2021-04-26,VA,0.9358932105030071
2021-04-26,VT,0.5637978590007344
2021-04-26,WA,0.8313626364248853
2021-04-26,WI,0.7147833061622304
2021-04-26,WV,0.684688628535989
2021-04-26,WY,0.7800052739873224
2021-05-03,AK,0.7188729921288863
2021-05-03,AL,1.2596322584173505
2021-05-03,AR,1.04402352027852
2021-05-03,AZ,0.9891218335905817
2021-05-03,CA,0.9778573813231787
2021-05-03,CO,1.0247545518163488
2021-05-03,CT,0.7532284754075353
2021-05-03,DE,0.5433934803783971
2021-05-03,GA,1.7684133329482639
2021-05-03,HI,0.9680459593902258
2021-05-03,IA,0.7148151657418143
2021-05-03,ID,0.8735880852781162
2021-05-03,IL,0.8221223011319707
2021-05-03,IN,1.0013026574265866
2021-05-03,KS,0.8123322458998393
2021-05-03,KY,0.7896030791141679
2021-05-03,LA,1.093354563851494
2021-05-03,MA,0.6963396673434805
2021-05-03,MD,0.9679445967040993
2021-05-03,ME,0.6592544797976245
2021-05-03,MI,0.7252812519566998
2021-05-03,MN,0.8001699036792633
2021-05-03,MO,0.9388746241157596
2021-05-03,MS,1.3358492391514787
2021-05-03,MT,0.724376417914874
2021-05-03,NC,0.7472807076147083
2021-05-03,ND,1.0428231597020892
2021-05-03,NE,0.9197052317748222
2021-05-03,NH,0.6077473217808356
2021-05-03,NJ,1.5676003184868514
2021-05-03,NM,1.4081870593609112
2021-05-03,NV,0.7322581077087815
2021-05-03,NY,0.9760316399107314
2021-05-03,OH,1.0479372969680743
2021-05-03,OK,0.8132340689897687
2021-05-03,OR,0.7949938140898637
2021-05-03,PA,0.8760034087962449
2021-05-03,RI,0.5503797630658762
2021-05-03,SC,0.9150237791906527
2021-05-03,SD,0.8561734877875404
2021-05-03,TN,1.1321649256266468
2021-05-03,TX,1.2661601527702016
2021-05-03,UT,0.8541079402101387
2021-05-03,VA,1.0078224680469106
2021-05-03,VT,0.6854127040571607
2021-05-03,WA,0.9399945489504594
2021-05-03,WI,0.7801461197635225
2021-05-03,WV,0.8842272342084327
2021-05-03,WY,0.8873507400032195
2021-05-10,AK,0.8134401883156384
2021-05-10,AL,1.3606748182305215
2021-05-10,AR,1.0415443718054398
2021-05-10,AZ,0.977796512664291
2021-05-10,CA,1.0119944744361498
2021-05-10,CO,0.9840027189654245
2021-05-10,CT,0.7684987076079897
2021-05-10,DE,0.5732455714693744
2021-05-10,GA,1.832709043705787
2021-05-10,HI,0.7692247666057391
2021-05-10,IA,0.6846996119171442
2021-05-10,ID,0.8891215464625609
2021-05-10,IL,0.7726245260148314
2021-05-10,IN,0.8920303692333873
2021-05-10,KS,0.6959911423140408
2021-05-10,KY,0.9765056466527513
2021-05-10,LA,0.8833002570485309
2021-05-10,MA,0.725809782740132
2021-05-10,MD,0.8531879476510181
2021-05-10,ME,0.626895563744068
2021-05-10,MI,0.5713205675023485
2021-05-10,MN,0.7491137511442234
2021-05-10,MO,0.8666401117903553
2021-05-10,MS,1.6309412157363574
2021-05-10,MT,0.7449144110199606
2021-05-10,NC,0.7869467182526123
2021-05-10,ND,1.0099038384982182
2021-05-10,NE,1.101692017336799
2021-05-10,NH,0.5358393049841031
2021-05-10,NJ,1.5006954986893366
2021-05-10,NM,1.2277674477959368
2021-05-10,NV,0.9522369646667688
2021-05-10,NY,1.0572817200473845
2021-05-10,OH,1.077199145490471
2021-05-10,OK,1.0940349842328785
2021-05-10,OR,0.7713665838800845
2021-05-10,PA,0.8576939357474178
2021-05-10,RI,0.4956164070033311
2021-05-10,SC,0.6899476368380328
2021-05-10,SD,0.8005068235020094
2021-05-10,TN,1.1331815680291593
2021-05-10,TX,1.207516368913911
2021-05-10,UT,0.8668275990996152
2021-05-10,VA,0.9837459610834824
2021-05-10,VT,0.707236192136939
2021-05-10,WA,0.8922599195024227
2021-05-10,WI,0.7842820275973766
2021-05-10,WV,0.7191653804154453
2021-05-10,WY,0.8744822568927425
2021-05-17,AK,0.8909784395428111
2021-05-17,AL,1.3541401079226818
2021-05-17,AR,1.0470471475712284
2021-05-17,AZ,1.079896508279073
2021-05-17,CA,1.0945867238566274
2021-05-17,CO,1.1139814933733936
2021-05-17,CT,0.8491343610590407
2021-05-17,DE,0.5533568592444675
2021-05-17,GA,1.7838212415092465
2021-05-17,HI,0.9176954981103362
2021-05-17,IA,0.7467551613618941
2021-05-17,ID,0.8910837149501136
2021-05-17,IL,0.905634520749431
2021-05-17,IN,0.9934174947291252
2021-05-17,KS,0.6718811532666591
2021-05-17,KY,0.9764539405322556
2021-05-17,LA,1.1304615920522427
2021-05-17,MA,0.7696649760371301
2021-05-17,MD,0.9225160153055847
2021-05-17,ME,0.5545874997807968
2021-05-17,MI,0.5447878004051956
2021-05-17,MN,0.7561690296892649
2021-05-17,MO,1.0002133535836604
2021-05-17,MS,1.620414234659281
2021-05-17,MT,0.6525494948624141
2021-05-17,NC,0.7199063152675337
2021-05-17,ND,0.9637248495592057
2021-05-17,NE,1.1403514459916722
2021-05-17,NH,0.48499756480759215
2021-05-17,NJ,1.4677818782932694
2021-05-17,NM,1.182367507065107
2021-05-17,NV,1.0999543851992948
2021-05-17,NY,1.0987395768022463
2021-05-17,OH,1.221556815010866
2021-05-17,OK,0.7344875559907178
2021-05-17,OR,0.7793154761531662
2021-05-17,PA,0.7793455625476422
2021-05-17,RI,0.5182315636339136
2021-05-17,SC,0.7336541662577716
2021-05-17,SD,0.8759976560281912
2021-05-17,TN,1.164132454937398
2021-05-17,TX,1.3705294537537078
2021-05-17,UT,0.9427495964117978
2021-05-17,VA,1.0570315656345635
2021-05-17,VT,0.6838812440353715
2021-05-17,WA,0.9015213097924695
2021-05-17,WI,0.7619505893041406
2021-05-17,WV,0.7277106900064173
2021-05-17,WY,0.8543985643557488
2021-05-24,AK,0.9121092436829391
2021-05-24,AL,1.228203319561348
2021-05-24,AR,1.2097566692064008
2021-05-24,AZ,0.9607126777876683
2021-05-24,CA,1.060112035081401
2021-05-24,CO,1.0196332463042839
2021-05-24,CT,0.9682828187151618
2021-05-24,DE,0.6268486055410255
2021-05-24,GA,1.988125123818869
2021-05-24,HI,0.9259788686080399
2021-05-24,IA,0.647738041662479
2021-05-24,ID,0.9650344864956699
2021-05-24,IL,0.8421142398436883
2021-05-24,IN,0.905195263206684
2021-05-24,KS,0.7493838533820216
2021-05-24,KY,1.014489353537177
2021-05-24,LA,1.0370198813664877
2021-05-24,MA,0.7661458449715715
2021-05-24,MD,0.9312923838417014
2021-05-24,ME,0.589985413608757
2021-05-24,MI,0.5735454874551721
2021-05-24,MN,0.7789657813022006
2021-05-24,MO,0.997295905483593
2021-05-24,MS,1.768103003072504
2021-05-24,MT,0.6773653516640772
2021-05-24,NC,0.8393889609730789
2021-05-24,ND,0.9080396375941027
2021-05-24,NE,1.2918634485118488
2021-05-24,NH,0.4129799227821518
2021-05-24,NJ,1.4341247430717408
2021-05-24,NM,1.1518956485740364
2021-05-24,NV,0.9867739446063292
2021-05-24,NY,1.0983079282890111
2021-05-24,OH,1.315773157734542
2021-05-24,OK,0.8893258708636975
2021-05-24,OR,0.6803619804507259
2021-05-24,PA,0.7997223795287031
2021-05-24,RI,0.5170552484218431
2021-05-24,SC,0.7073009292684496
2021-05-24,SD,0.8380983797062878
2021-05-24,TN,1.2040565754845116
2021-05-24,TX,1.4372232086967798
2021-05-24,UT,1.0758409267509776
2021-05-24,VA,1.0925962910439742
2021-05-24,VT,0.6467002116353032
2021-05-24,WA,0.8817314767712148
2021-05-24,WI,0.8250855392949579
2021-05-24,WV,0.5979190907326043
2021-05-24,WY,0.8304658449324711
2021-05-31,AK,0.7582617083293323
2021-05-31,AL,1.2120940140642005
2021-05-31,AR,1.2070216285277022
2021-05-31,AZ,1.0561643383752328
2021-05-31,CA,1.0789961610042282
2021-05-31,CO,0.9669800662569836
2021-05-31,CT,0.8161639367080662
2021-05-31,DE,0.5976889226591877
2021-05-31,GA,1.7407245484313487
2021-05-31,HI,0.9099586996087738
2021-05-31,IA,0.6996893826774659
2021-05-31,ID,0.9680015826149875
2021-05-31,IL,0.7783292343339996
2021-05-31,IN,0.8653503288441238
2021-05-31,KS,0.6215103139230054
2021-05-31,KY,0.883315131102534
2021-05-31,LA,1.0585976286100125
2021-05-31,MA,0.7225756409547194
2021-05-31,MD,0.8485587582737968
2021-05-31,ME,0.5768142836072473
2021-05-31,MI,0.4912917349702427
2021-05-31,MN,0.7321983425979111
2021-05-31,MO,0.9101041346425907
2021-05-31,MS,1.620289282847456
2021-05-31,MT,0.6225451637561669
2021-05-31,NC,0.7551019023795322
2021-05-31,ND,0.9074937175619218
2021-05-31,NE,1.2036089455803514
2021-05-31,NH,0.4123390081118729
2021-05-31,NJ,1.4510521909133736
2021-05-31,NM,1.199573359898776
2021-05-31,NV,0.612473973168804
2021-05-31,NY,0.9301604745794398
2021-05-31,OH,1.012504180473526
2021-05-31,OK,0.7472693233755784
2021-05-31,OR,0.6946717180880793
2021-05-31,PA,0.7492960059058003
2021-05-31,RI,0.45610515036601706
2021-05-31,SC,0.7434166392212151
2021-05-31,SD,0.7523162382556974
2021-05-31,TN,1.1607991887226736
2021-05-31,TX,1.2752500308020138
2021-05-31,UT,1.0874435212922955
2021-05-31,VA,1.0322022700553157
2021-05-31,VT,0.6554099078589071
2021-05-31,WA,0.8994432280650067
2021-05-31,WI,0.7429189769137448
2021-05-31,WV,0.5757601509346294
2021-05-31,WY,0.7212128849519255
2021-06-07,AK,0.8355265800788658
2021-06-07,AL,1.204108411271233
2021-06-07,AR,1.330581409559621
2021-06-07,AZ,1.0670837810835618
2021-06-07,CA,1.0045661577009863
2021-06-07,CO,1.0744522880224072
2021-06-07,CT,0.9070389477532121
2021-06-07,DE,0.6628409039390508
2021-06-07,GA,1.8437572822033004
2021-06-07,HI,0.9178875626222904
2021-06-07,IA,0.7286193073786364
2021-06-07,ID,0.9166176905589969
2021-06-07,IL,0.9139116734059969
2021-06-07,IN,0.9775111009821793
2021-06-07,KS,0.9008182269250085
2021-06-07,KY,0.9948565633357527
2021-06-07,LA,1.1252206020235054
2021-06-07,MA,0.8695911252522777
2021-06-07,MD,0.8557356319345122
2021-06-07,ME,0.6716655140527057
2021-06-07,MI,0.5816591266226766
2021-06-07,MN,0.8630810595076761
2021-06-07,MO,1.2076852646665048
2021-06-07,MS,1.5920497586057483
2021-06-07,MT,0.8361527403616547
2021-06-07,NC,0.8382899480020308
2021-06-07,ND,0.8986604494241004
2021-06-07,NE,1.751712328608333
2021-06-07,NH,0.3890382231911106
2021-06-07,NJ,1.4834438246278332
2021-06-07,NM,1.32837519594811
2021-06-07,NV,0.7727382998595178
2021-06-07,NY,1.1252610210735503
2021-06-07,OH,1.0082592230923566
2021-06-07,OK,0.5718017958290577
2021-06-07,OR,0.8418716017403692
2021-06-07,PA,0.7639453222449
2021-06-07,RI,0.6073708979002258
2021-06-07,SC,1.0676280543934527
2021-06-07,SD,0.8816084493002387
2021-06-07,TN,1.3334291526676132
2021-06-07,TX,1.3933941185347762
2021-06-07,UT,1.261864469950706
2021-06-07,VA,1.0695691215540162
2021-06-07,VT,0.9073035611002596
2021-06-07,WA,0.845181033916599
2021-06-07,WI,0.8875744577659689
2021-06-07,WV,0.7399772309901056
2021-06-07,WY,0.9530152640896214
2021-06-14,AK,0.7778614604044376
2021-06-14,AL,1.0813510539092894
2021-06-14,AR,1.1428600563114288
2021-06-14,AZ,0.8735233629704784
2021-06-14,CA,1.064763300502066
2021-06-14,CO,0.9361936305585032
2021-06-14,CT,0.782441313796866
2021-06-14,DE,0.6111889259435633
2021-06-14,GA,1.4200445844754863
2021-06-14,HI,0.7423754341889565
2021-06-14,IA,0.6986411371432728
2021-06-14,ID,0.8065105534366563
2021-06-14,IL,0.8318561494850227
2021-06-14,IN,0.8948158908085946
2021-06-14,KS,0.7873219328049543
2021-06-14,KY,0.7765935318732435
2021-06-14,LA,1.0470772571645104
2021-06-14,MA,0.7766649831568537
2021-06-14,MD,0.8514429835496009
2021-06-14,ME,0.6339121739057885
2021-06-14,MI,0.5696255299069497
2021-06-14,MN,0.7783380274926459
2021-06-14,MO,0.987052962478856
2021-06-14,MS,1.3410744019915894
2021-06-14,MT,0.6171791423265527
2021-06-14,NC,0.7767125142920508
2021-06-14,ND,1.4146199365657972
2021-06-14,NE,1.1945075434724093
2021-06-14,NH,0.41952274982554094
2021-06-14,NJ,1.3455608570179598
2021-06-14,NM,1.2457587493516888
2021-06-14,NV,1.0020645520676046
2021-06-14,NY,1.023826389090716
2021-06-14,OH,1.104765413006193
2021-06-14,OK,0.7360615848421999
2021-06-14,OR,0.7499360102224082
2021-06-14,PA,0.7328102226914199
2021-06-14,RI,0.5327710240510442
2021-06-14,SC,0.8131421494786464
2021-06-14,SD,0.8430470165941777
2021-06-14,TN,0.9220481429713445
2021-06-14,TX,1.322524993677322
2021-06-14,UT,1.2023291119923385
2021-06-14,VA,1.0464549889477013
2021-06-14,VT,0.6621255848324694
2021-06-14,WA,0.8533771211043794
2021-06-14,WI,0.7337361373858569
2021-06-14,WV,0.5893349076410315
2021-06-14,WY,0.8754862098853118
2021-06-21,AK,0.8409363988447366
2021-06-21,AL,0.9491504077549806
2021-06-21,AR,1.2360882482272602
2021-06-21,AZ,0.8769626414197447
2021-06-21,CA,1.0375894926533287
2021-06-21,CO,0.9865932096174466
2021-06-21,CT,0.9518257229885944
2021-06-21,DE,0.6337716915430653
2021-06-21,GA,1.5139321169305706
2021-06-21,HI,0.8066404448089417
2021-06-21,IA,0.8006960256361422
2021-06-21,ID,0.9358308794281542
2021-06-21,IL,0.8184435585037736
2021-06-21,IN,0.8647042899052104
2021-06-21,KS,0.7743359069552853
2021-06-21,KY,0.9273607638640263
2021-06-21,LA,0.9851579584660178
2021-06-21,MA,0.8748281935586153
2021-06-21,MD,0.9790464393726541
2021-06-21,ME,0.7785781620684428
2021-06-21,MI,0.5570918612529397
2021-06-21,MN,0.7844087967924512
2021-06-21,MO,1.146281604227271
2021-06-21,MS,1.7208276370502267
2021-06-21,MT,0.7046407839856612
2021-06-21,NC,0.7892695636896718
2021-06-21,ND,0.8792813294680819
2021-06-21,NE,1.3585380997974035
2021-06-21,NH,0.382707892170998
2021-06-21,NJ,1.6274793010716244
2021-06-21,NM,1.2277205820379384
2021-06-21,NV,1.4967188771380944
2021-06-21,NY,1.22993902023905
2021-06-21,OH,1.2322150099627764
2021-06-21,OK,0.5579771546626081
2021-06-21,OR,0.7268943126868892
2021-06-21,PA,0.8039723312312441
2021-06-21,RI,0.4979359906947832
2021-06-21,SC,0.7347306615552078
2021-06-21,SD,0.7353242729134645
2021-06-21,TN,1.1898780923446068
2021-06-21,TX,1.4496941385804412
2021-06-21,UT,1.1939279171853197
2021-06-21,VA,1.1234909648125964
2021-06-21,VT,0.7751852108802904
2021-06-21,WA,0.9283241064323582
2021-06-21,WI,0.7856078524689598
2021-06-21,WV,0.595697819012043
2021-06-21,WY,0.8294784997854969
2021-06-28,AK,0.8699385178550295
2021-06-28,AL,1.0797210929741703
2021-06-28,AR,1.1408207546393794
2021-06-28,AZ,0.8731222659556426
2021-06-28,CA,1.10736144166515
2021-06-28,CO,1.0482920355329346
2021-06-28,CT,0.8559694376225275
2021-06-28,DE,0.6438876553553228
2021-06-28,GA,1.459394055550611
2021-06-28,HI,0.7557389324998954
2021-06-28,IA,0.7962210611247632
2021-06-28,ID,0.8868704016785924
2021-06-28,IL,0.8819142289542417
2021-06-28,IN,0.8805189051852471
2021-06-28,KS,0.7720244896013326
2021-06-28,KY,0.8020537543228383
2021-06-28,LA,1.0607147396359704
2021-06-28,MA,0.8557089711557813
2021-06-28,MD,1.1147889388952297
2021-06-28,ME,0.7856265469031201
2021-06-28,MI,0.5667681877060684
2021-06-28,MN,0.7613634984717306
2021-06-28,MO,1.131034382563764
2021-06-28,MS,1.5536056485853187
2021-06-28,MT,0.7480258416975185
2021-06-28,NC,0.8532522624382293
2021-06-28,ND,0.8644929456993455
2021-06-28,NE,1.2366627762472955
2021-06-28,NH,0.36713905787239537
2021-06-28,NJ,1.468739198066513
2021-06-28,NM,1.1612961210104646
2021-06-28,NV,0.9580394380777462
2021-06-28,NY,1.1160312857378334
2021-06-28,OH,1.223241550984066
2021-06-28,OK,0.5680743886730864
2021-06-28,OR,0.7320324708350711
2021-06-28,PA,0.7925146374859476
2021-06-28,RI,0.532641144899959
2021-06-28,SC,0.8041272016219889
2021-06-28,SD,0.8309442214983582
2021-06-28,TN,1.103927882604902
2021-06-28,TX,1.463039437224339
2021-06-28,UT,1.1812042224198294
2021-06-28,VA,1.1761541498785262
2021-06-28,VT,0.7367341527292551
2021-06-28,WA,0.8366284398753048
2021-06-28,WI,0.7868317104851308
2021-06-28,WV,0.6112713300674095
2021-06-28,WY,0.9748859736772253
2021-07-05,AK,0.8856498467700442
2021-07-05,AL,1.0870741347808275
2021-07-05,AR,1.315973315510351
2021-07-05,AZ,0.850938563988364
2021-07-05,CA,1.1702761630805272
2021-07-05,CO,1.0929966117225343
2021-07-05,CT,0.8039148482536985
2021-07-05,DE,0.6637736942756878
2021-07-05,GA,1.4212201078662854
2021-07-05,HI,0.846555477517571
2021-07-05,IA,0.712889872111244
2021-07-05,ID,0.8217756791815387
2021-07-05,IL,0.8549204025807504
2021-07-05,IN,0.9337962864550453
2021-07-05,KS,1.1308390565231432
2021-07-05,KY,0.840119504800756
2021-07-05,LA,1.1713357694660296
2021-07-05,MA,0.7935021665642363
2021-07-05,MD,0.9346554148833857
2021-07-05,ME,0.7606503762959975
2021-07-05,MI,0.5869716432584366
2021-07-05,MN,0.8224853020336717
2021-07-05,MO,1.0688698811111148
2021-07-05,MS,1.5066337302127109
2021-07-05,MT,0.7968480283448283
2021-07-05,NC,0.967113273884723
2021-07-05,ND,0.8642853751384414
2021-07-05,NE,1.1273300304472398
2021-07-05,NH,0.5188470043101439
2021-07-05,NJ,1.643535259822578
2021-07-05,NM,1.247935722608151
2021-07-05,NV,1.2751838953451375
2021-07-05,NY,1.1296857594735417
2021-07-05,OH,1.0622733182839732
2021-07-05,OK,0.4779295850067746
2021-07-05,OR,0.7923217907618041
2021-07-05,PA,0.7704814567435828
2021-07-05,RI,0.5614291976003649
2021-07-05,SC,0.9907643009690881
2021-07-05,SD,0.852692442071022
2021-07-05,TN,1.1474624812370122
2021-07-05,TX,1.3811813443827772
2021-07-05,UT,1.1845580931711719
2021-07-05,VA,1.1624600286130111
2021-07-05,VT,0.689136696273754
2021-07-05,WA,0.8578735471254191
2021-07-05,WI,0.8254704806172286
2021-07-05,WV,0.6808929497857852
2021-07-05,WY,0.8217817177132676
2021-07-12,AK,1.0463364355878242
2021-07-12,AL,1.0951891065516084
2021-07-12,AR,1.4168969100407902
2021-07-12,AZ,0.9383841355387327
2021-07-12,CA,1.21455537631135
2021-07-12,CO,0.9382558928842583
2021-07-12,CT,0.9643159993639039
2021-07-12,DE,0.6956708390406353
2021-07-12,GA,1.5423752546938658
2021-07-12,HI,0.9199123598794076
2021-07-12,IA,0.7636098393646313
2021-07-12,ID,0.8620377201402377
2021-07-12,IL,0.9696928219772949
2021-07-12,IN,0.8950379844836832
2021-07-12,KS,0.8908837838403628
2021-07-12,KY,0.9901194361213344
2021-07-12,LA,1.2294575805132673
2021-07-12,MA,0.9622638860363661
2021-07-12,MD,1.1433633029036203
2021-07-12,ME,0.8632841000666736
2021-07-12,MI,0.6526023762980125
2021-07-12,MN,0.7825906541637986
2021-07-12,MO,1.2876324689744374
2021-07-12,MS,1.6867104224082268
2021-07-12,MT,0.7261284608456844
2021-07-12,NC,0.9594524649932668
2021-07-12,ND,0.9509379993305846
2021-07-12,NE,1.2562954215522524
2021-07-12,NH,0.41213222080989215
2021-07-12,NJ,1.5945826169660648
2021-07-12,NM,1.310508911928879
2021-07-12,NV,1.344255220527193
2021-07-12,NY,1.210912939350023
2021-07-12,OH,1.161972941646768
2021-07-12,OK,0.7287466376043983
2021-07-12,OR,0.8539597282666189
2021-07-12,PA,0.8634766374279355
2021-07-12,RI,0.5820879562291367
2021-07-12,SC,0.7806074311924767
2021-07-12,SD,0.8308161756899384
2021-07-12,TN,1.366051673179661
2021-07-12,TX,1.584023888930298
2021-07-12,UT,1.3878709195484487
2021-07-12,VA,1.2376990365938427
2021-07-12,VT,0.7814895744742483
2021-07-12,WA,0.9085815678400619
2021-07-12,WI,0.8525989434589478
2021-07-12,WV,0.6477728053912564
2021-07-12,WY,0.7569432256503068
2021-07-19,AK,0.9789741733139354
2021-07-19,AL,1.3110089644568388
2021-07-19,AR,1.4618527076906922
2021-07-19,AZ,0.9256619274113684
2021-07-19,CA,1.4931572624116325
2021-07-19,CO,1.1576969389699747
2021-07-19,CT,0.9022649365875275
2021-07-19,DE,0.7393365902065565
2021-07-19,GA,1.662038852801862
2021-07-19,HI,1.0270269572193331
2021-07-19,IA,0.6843318539592209
2021-07-19,ID,0.9193816529801111
2021-07-19,IL,1.0028120620426892
2021-07-19,IN,0.9912217359093995
2021-07-19,KS,0.9262393593779215
2021-07-19,KY,1.0186244003798501
2021-07-19,LA,1.4680607482426744
2021-07-19,MA,0.8887833675323327
2021-07-19,MD,1.3612602110704943
2021-07-19,ME,0.8168078693511416
2021-07-19,MI,0.6073520940314443
2021-07-19,MN,0.794284262613126
2021-07-19,MO,1.50474896179219
2021-07-19,MS,1.7758335514152181
2021-07-19,MT,0.7678490132003642
2021-07-19,NC,1.0938269430520622
2021-07-19,ND,1.04840941641647
2021-07-19,NE,1.4387849586976913
2021-07-19,NH,0.4832063390442084
2021-07-19,NJ,1.7848397994099938
2021-07-19,NM,1.3680897209786085
2021-07-19,NV,1.2892447942710432
2021-07-19,NY,1.2186703559315994
2021-07-19,OH,1.2398355211241756
2021-07-19,OK,1.0523407533650637
2021-07-19,OR,0.919515680487323
2021-07-19,PA,0.8269863276069478
2021-07-19,RI,0.764242690304135
2021-07-19,SC,0.7924504252377456
2021-07-19,SD,0.8729660878392616
2021-07-19,TN,1.3500333075023616
2021-07-19,TX,1.6640599297251653
2021-07-19,UT,1.3367410285783359
2021-07-19,VA,1.2745422571840574
2021-07-19,VT,0.805756698055506
2021-07-19,WA,0.971243044108276
2021-07-19,WI,0.9292361029481793
2021-07-19,WV,0.6604717444896804
2021-07-19,WY,0.7573947502076039
2021-07-26,AK,1.132962721422056
2021-07-26,AL,1.522863160070969
2021-07-26,AR,1.6623907540014744
2021-07-26,AZ,1.1393949659286857
2021-07-26,CA,1.522956608280638
2021-07-26,CO,1.2415920493097456
2021-07-26,CT,1.1527676198467305
2021-07-26,DE,0.8058246432079933
2021-07-26,GA,2.047648714657293
2021-07-26,HI,0.9337518690355519
2021-07-26,IA,0.8069275470004038
2021-07-26,ID,1.1531212783819644
2021-07-26,IL,1.1110605270526288
2021-07-26,IN,1.1786738809016135
2021-07-26,KS,1.1583060958635727
2021-07-26,KY,1.3348201360944913
2021-07-26,LA,1.6443628731396762
2021-07-26,MA,1.0468423905910382
2021-07-26,MD,1.4184284986194753
2021-07-26,ME,0.8287843224731161
2021-07-26,MI,0.8043497029101985
2021-07-26,MN,0.8842239495946304
2021-07-26,MO,1.4605148620344721
2021-07-26,MS,2.6133304459904356
2021-07-26,MT,0.9136049836697143
2021-07-26,NC,1.3154289151315077
2021-07-26,ND,1.0994683043896447
2021-07-26,NE,1.5966201325120046
2021-07-26,NH,0.5803640883412047
2021-07-26,NJ,1.820653976544877
2021-07-26,NM,1.6992967587881203
2021-07-26,NV,1.0707524860594715
2021-07-26,NY,1.554199623644484
2021-07-26,OH,1.3741490213738539
2021-07-26,OK,1.5361801313271282
2021-07-26,OR,1.0475173651171525
2021-07-26,PA,0.966160484260792
2021-07-26,RI,0.8017443009227359
2021-07-26,SC,1.0143754327402381
2021-07-26,SD,0.9740173800251211
2021-07-26,TN,1.5858962598446062
2021-07-26,TX,1.9560494278669531
2021-07-26,UT,1.5686186172441636
2021-07-26,VA,1.5099369958874882
2021-07-26,VT,0.8758396287140817
2021-07-26,WA,1.2196068688194999
2021-07-26,WI,0.955956608602778
2021-07-26,WV,0.7478891734046709
2021-07-26,WY,1.0631009774125606
2021-08-02,AK,1.3179977725998708
2021-08-02,AL,1.5160380825542417
2021-08-02,AR,1.6752683557371242
2021-08-02,AZ,1.289633798033272
2021-08-02,CA,1.7224054395644464
2021-08-02,CO,1.2703804173283921
2021-08-02,CT,1.2820724490648712
2021-08-02,DE,0.9229014064759858
2021-08-02,GA,2.403568745924746
2021-08-02,HI,1.3446090636817134
2021-08-02,IA,0.8155828961358256
2021-08-02,ID,1.2824741978323666
2021-08-02,IL,1.2220186305826743
2021-08-02,IN,1.341609141647417
2021-08-02,KS,1.327794856044459
2021-08-02,KY,1.506592064817474
2021-08-02,LA,1.7092768312941842
2021-08-02,MA,1.1897934054984938
2021-08-02,MD,1.5421265857226825
2021-08-02,ME,1.0722341588019222
2021-08-02,MI,0.9031872574747537
2021-08-02,MN,1.0704800173509246
2021-08-02,MO,1.637736705740009
2021-08-02,MS,1.995807665358325
2021-08-02,MT,1.0199337402862265
2021-08-02,NC,1.4661751790213808
2021-08-02,ND,1.1301073100354024
2021-08-02,NE,1.7397665464666932
2021-08-02,NH,0.5560265827558126
2021-08-02,NJ,2.1573657309468928
2021-08-02,NM,1.7645896901785836
2021-08-02,NV,1.5626545881814278
2021-08-02,NY,1.5116679727136462
2021-08-02,OH,1.268171580514495
2021-08-02,OK,1.4382196518178003
2021-08-02,OR,1.328674570076418
2021-08-02,PA,1.0808337617920376
2021-08-02,RI,0.7308450556987169
2021-08-02,SC,1.245694405275878
2021-08-02,SD,1.0473694235678768
2021-08-02,TN,1.9814973704463497
2021-08-02,TX,2.0904433718252013
2021-08-02,UT,1.464367820136943
2021-08-02,VA,1.5694066335046082
2021-08-02,VT,1.0481631320453333
2021-08-02,WA,1.2434476284739011
2021-08-02,WI,1.0587743689928306
2021-08-02,WV,0.9905861768048498
2021-08-02,WY,1.1545397730730007
2021-08-09,AK,1.2403828420706213
2021-08-09,AL,1.8091985540001017
2021-08-09,AR,1.687298531956932
2021-08-09,AZ,1.75324787900639
2021-08-09,CA,1.8934386244895203
2021-08-09,CO,1.1657546222527615
2021-08-09,CT,1.2965667111668413
2021-08-09,DE,0.9459331954599801
2021-08-09,GA,2.5878178861102508
2021-08-09,HI,1.307890871045942
2021-08-09,IA,0.9646525078206938
2021-08-09,ID,1.4214117311788106
2021-08-09,IL,1.3079212138965672
2021-08-09,IN,1.4133837006641596
2021-08-09,KS,1.4598400308703843
2021-08-09,KY,1.6493894841437213
2021-08-09,LA,1.5716197004672723
2021-08-09,MA,1.2414581245745957
2021-08-09,MD,1.616178781292795
2021-08-09,ME,1.0837994551825154
2021-08-09,MI,0.9009865098519183
2021-08-09,MN,1.0188336389753738
2021-08-09,MO,1.4910024048875319
2021-08-09,MS,1.9524413640423788
2021-08-09,MT,1.026470643463416
2021-08-09,NC,1.6128785084805828
2021-08-09,ND,1.4214394011948572
2021-08-09,NE,1.9210232807600316
2021-08-09,NH,0.6037083300495355
2021-08-09,NJ,2.1822534867571743
2021-08-09,NM,1.9963068961439951
2021-08-09,NV,1.8736468326516467
2021-08-09,NY,1.5914059736025303
2021-08-09,OH,1.4799446608700002
2021-08-09,OK,1.3541165530555352
2021-08-09,OR,1.3994703613266166
2021-08-09,PA,1.2347280951070831
2021-08-09,RI,0.7683545063229076
2021-08-09,SC,1.158827380485587
2021-08-09,SD,1.1175017246500625
2021-08-09,TN,1.8282094985368955
2021-08-09,TX,2.204644229133953
2021-08-09,UT,1.5299455496905252
2021-08-09,VA,1.8077487184382512
2021-08-09,VT,1.0887690536507433
2021-08-09,WA,1.375225039796818
2021-08-09,WI,1.0426518346354272
2021-08-09,WV,0.874391617451553
2021-08-09,WY,1.0505916772646315
2021-08-16,AK,1.4497141308391228
2021-08-16,AL,1.7068167663375948
2021-08-16,AR,1.4854079757259644
2021-08-16,AZ,1.681837299537636
2021-08-16,CA,1.8942365899022857
2021-08-16,CO,1.4247203352416582
2021-08-16,CT,1.3376238644497813
2021-08-16,DE,0.9792261282317996
2021-08-16,GA,3.636629208113725
2021-08-16,HI,1.322406530967791
2021-08-16,IA,0.9507355268582631
2021-08-16,ID,1.4115315639963586
2021-08-16,IL,1.3365812149217735
2021-08-16,IN,1.4943932538312303
2021-08-16,KS,1.2200750067557815
2021-08-16,KY,1.7931810274262845
2021-08-16,LA,1.5942732741983296
2021-08-16,MA,1.251271769469521
2021-08-16,MD,1.6911120158912591
2021-08-16,ME,1.0084944255155652
2021-08-16,MI,0.9772516265267306
2021-08-16,MN,1.026446881612054
2021-08-16,MO,1.6392166940352917
2021-08-16,MS,2.3033860900572467
2021-08-16,MT,1.2220059611227296
2021-08-16,NC,1.6358827419880082
2021-08-16,ND,1.3637026589820431
2021-08-16,NE,1.8732804115694273
2021-08-16,NH,0.6447778087023052
2021-08-16,NJ,2.431161701878768
2021-08-16,NM,2.2370041075707414
2021-08-16,NV,1.8980785629551817
2021-08-16,NY,1.5906587645636283
2021-08-16,OH,1.6272333140023567
2021-08-16,OK,1.3712220310589038
2021-08-16,OR,1.6102442055398725
2021-08-16,PA,1.2608065510534563
2021-08-16,RI,0.8561175066507171
2021-08-16,SC,1.202835322546449
2021-08-16,SD,0.9978355883450074
2021-08-16,TN,2.1008164377144034
2021-08-16,TX,2.1497417950125035
2021-08-16,UT,1.538964352978725
2021-08-16,VA,1.8855366876182382
2021-08-16,VT,1.1730605461675112
2021-08-16,WA,1.4658998072603064
2021-08-16,WI,1.1551595326685364
2021-08-16,WV,0.8514242425186527
2021-08-16,WY,1.1310980163561666
2021-08-23,AK,1.4145992813926256
2021-08-23,AL,2.0353516608604503
2021-08-23,AR,1.606882924038076
2021-08-23,AZ,2.012360074073675
2021-08-23,CA,2.1484670036083013
2021-08-23,CO,1.6324034128513576
2021-08-23,CT,1.4531324966454036
2021-08-23,DE,1.0402248356705277
2021-08-23,GA,3.564363602066405
2021-08-23,HI,1.8013586660493104
2021-08-23,IA,1.009481148777809
2021-08-23,ID,1.597087154013674
2021-08-23,IL,1.4599406514676465
2021-08-23,IN,1.8127593222245149
2021-08-23,KS,1.3871926974699487
2021-08-23,KY,2.2006831215225615
2021-08-23,LA,1.487701202910459
2021-08-23,MA,1.317584460438313
2021-08-23,MD,1.6589049765199015
2021-08-23,ME,1.126575511559132
2021-08-23,MI,1.2428353255553513
2021-08-23,MN,1.0842992600295398
2021-08-23,MO,1.5809263169675376
2021-08-23,MS,2.535304198701277
2021-08-23,MT,1.2348357733177133
2021-08-23,NC,1.7623154019342975
2021-08-23,ND,1.4715398707292908
2021-08-23,NE,2.139237399408682
2021-08-23,NH,0.7164873416408754
2021-08-23,NJ,2.3181500408083076
2021-08-23,NM,2.549023724228428
2021-08-23,NV,2.1977224144663188
2021-08-23,NY,1.7070958190869305
2021-08-23,OH,1.7174708210090803
2021-08-23,OK,1.6946671742724806
2021-08-23,OR,1.4658997004572203
2021-08-23,PA,1.308468955829799
2021-08-23,RI,0.9620045198825621
2021-08-23,SC,1.3147801519856297
2021-08-23,SD,1.1738719933842303
2021-08-23,TN,2.7077880603382924
2021-08-23,TX,2.380708336862459
2021-08-23,UT,1.7817259066650077
2021-08-23,VA,2.1453792298846754
2021-08-23,VT,1.15818073822305
2021-08-23,WA,1.514644876710042
2021-08-23,WI,1.205136566777886
2021-08-23,WV,0.96181637031639
2021-08-23,WY,1.179723792381294
2021-08-30,AK,1.7419752991086455
2021-08-30,AL,2.382260850213818
2021-08-30,AR,1.7031551042437574
2021-08-30,AZ,2.001037561613594
2021-08-30,CA,2.105062399129466
2021-08-30,CO,2.0235640293991652
2021-08-30,CT,1.5103463088383253
2021-08-30,DE,1.095856903879191
2021-08-30,GA,2.9695568891754167
2021-08-30,HI,1.9540343416894326
2021-08-30,IA,1.1532092357845294
2021-08-30,ID,1.9181261904525397
2021-08-30,IL,1.5080941058895676
2021-08-30,IN,1.9320919559367147
2021-08-30,KS,1.472489456557472
2021-08-30,KY,2.1254492872867585
2021-08-30,LA,1.5104535580440752
2021-08-30,MA,1.3544346363773183
2021-08-30,MD,1.840080928272452
2021-08-30,ME,1.2196645443615861
2021-08-30,MI,1.104480943615685
2021-08-30,MN,1.1098897638111274
2021-08-30,MO,1.6361867617796078
2021-08-30,MS,2.6395937912588323
2021-08-30,MT,1.2269934031719614
2021-08-30,NC,1.9478760014043441
2021-08-30,ND,1.6487432507587787
2021-08-30,NE,2.446295252893063
2021-08-30,NH,0.7658972035829354
2021-08-30,NJ,2.35911758813036
2021-08-30,NM,2.862687619994177
2021-08-30,NV,1.9412435095186185
2021-08-30,NY,1.6634106488175269
2021-08-30,OH,1.7855795875548581
2021-08-30,OK,1.764387686006302
2021-08-30,OR,1.5524924714466057
2021-08-30,PA,1.486889735507888
2021-08-30,RI,0.8312430458047201
2021-08-30,SC,1.4025679296301017
2021-08-30,SD,1.2941974742313433
2021-08-30,TN,2.314707751340891
2021-08-30,TX,2.7498422592255523
2021-08-30,UT,2.066597692618359
2021-08-30,VA,2.225469412102811
2021-08-30,VT,1.3604682193732645
2021-08-30,WA,1.5630139982853168
2021-08-30,WI,1.3518911558177205
2021-08-30,WV,1.2320235661604437
2021-08-30,WY,1.6742694509329414
2021-09-06,AK,1.5942763673903495
2021-09-06,AL,2.030294597436705
2021-09-06,AR,1.8936037048040477
2021-09-06,AZ,1.8796560180474575
2021-09-06,CA,2.451208471287388
2021-09-06,CO,2.150360421199448
2021-09-06,CT,1.3958601344626382
2021-09-06,DE,1.1276817776060855
2021-09-06,GA,3.2289009728625446
2021-09-06,HI,1.470643409154721
2021-09-06,IA,1.2447643259163694
2021-09-06,ID,2.1935209555716018
2021-09-06,IL,1.5670931583288708
2021-09-06,IN,1.7865928804385236
2021-09-06,KS,1.7462441214613649
2021-09-06,KY,2.1438265270966386
2021-09-06,LA,1.4348331167477268
2021-09-06,MA,1.3739913925156442
2021-09-06,MD,1.863576188301369
2021-09-06,ME,1.40413910429953
2021-09-06,MI,1.0291049786283368
2021-09-06,MN,1.2210294237416695
2021-09-06,MO,1.93227991532334
2021-09-06,MS,1.9176314801010748
2021-09-06,MT,1.4691523293306858
2021-09-06,NC,1.9305762806626474
2021-09-06,ND,2.166421567541608
2021-09-06,NE,2.278878603518222
2021-09-06,NH,0.8173905063561869
2021-09-06,NJ,2.2045263349405717
2021-09-06,NM,2.674271898551188
2021-09-06,NV,2.120787424191432
2021-09-06,NY,1.5612891744113835
2021-09-06,OH,1.8639996334989413
2021-09-06,OK,1.6673650491541332
2021-09-06,OR,1.6068370773216483
2021-09-06,PA,1.5451538826738913
2021-09-06,RI,0.9729109087048329
2021-09-06,SC,1.9301581171326099
2021-09-06,SD,1.2638853827347163
2021-09-06,TN,2.320686610246415
2021-09-06,TX,2.7389437836304564
2021-09-06,UT,2.04686338277084
2021-09-06,VA,2.469402481829982
2021-09-06,VT,1.1046000949067396
2021-09-06,WA,1.6109256763550732
2021-09-06,WI,1.313786548661755
2021-09-06,WV,1.3971983583697902
2021-09-06,WY,2.0535847187234912
2021-09-13,AK,1.0144440894715896
2021-09-13,AL,1.9812942863268692
2021-09-13,AR,1.812667375200378
2021-09-13,AZ,1.8140110330263215
2021-09-13,CA,2.048893975661917
2021-09-13,CO,2.0333734841062325
2021-09-13,CT,1.541138526247143
2021-09-13,DE,1.1892613777816101
2021-09-13,GA,2.6220326630403696
2021-09-13,HI,1.5937559194704953
2021-09-13,IA,1.2583202605958608
2021-09-13,ID,2.183138371548132
2021-09-13,IL,1.5902628945929806
2021-09-13,IN,1.6491266271377998
2021-09-13,KS,1.5120296331564809
2021-09-13,KY,2.0447611405860053
2021-09-13,LA,1.2718716123365632
2021-09-13,MA,1.5586032459879136
2021-09-13,MD,2.1814582765099395
2021-09-13,ME,1.435333422462615
2021-09-13,MI,1.1927726444269333
2021-09-13,MN,1.1368535499779011
2021-09-13,MO,2.0002094004157382
2021-09-13,MS,2.3622974711438705
2021-09-13,MT,1.4468275386028349
2021-09-13,NC,2.031564456959562
2021-09-13,ND,1.9567879606536924
2021-09-13,NE,2.297497259334426
2021-09-13,NH,0.9684087986987953
2021-09-13,NJ,2.93112755679402
2021-09-13,NM,2.4306482958333806
2021-09-13,NV,1.68078432938161
2021-09-13,NY,1.8028697387874693
2021-09-13,OH,1.9947856710722818
2021-09-13,OK,1.5897338446511875
2021-09-13,OR,1.503884818612193
2021-09-13,PA,1.822751460408629
2021-09-13,RI,0.8190241787048143
2021-09-13,SC,1.320304570864804
2021-09-13,SD,1.474535211785673
2021-09-13,TN,2.3205598213963863
2021-09-13,TX,2.590349663234497
2021-09-13,UT,2.1518626512478516
2021-09-13,VA,2.4548494407300487
2021-09-13,VT,1.2550356836215437
2021-09-13,WA,1.637889249520604
2021-09-13,WI,1.4628831261192723
2021-09-13,WV,1.0779795409355832
2021-09-13,WY,1.799297254640077
2021-09-20,AK,1.5577659166648692
2021-09-20,AL,1.6246914713571687
2021-09-20,AR,1.6952364482831455
2021-09-20,AZ,1.8489021057621515
2021-09-20,CA,1.8611078376577732
2021-09-20,CO,1.8772177410054092
2021-09-20,CT,1.6368626068953755
2021-09-20,DE,1.1431435675440038
2021-09-20,GA,2.3479210208476236
2021-09-20,HI,1.326637423470641
2021-09-20,IA,1.683856665732682
2021-09-20,ID,1.9426270262681489
2021-09-20,IL,1.5026362738626082
2021-09-20,IN,1.5108802785363804
2021-09-20,KS,1.2323716908461826
2021-09-20,KY,1.7928673872791459
2021-09-20,LA,1.1302371943949083
2021-09-20,MA,1.417798952094108
2021-09-20,MD,2.0384256135524974
2021-09-20,ME,1.5171406629296198
2021-09-20,MI,1.1702261396767804
2021-09-20,MN,1.1872812336574283
2021-09-20,MO,1.7928166775071204
2021-09-20,MS,1.765136250904702
2021-09-20,MT,1.3965824652876757
2021-09-20,NC,1.7282545528729145
2021-09-20,ND,1.9262939808130708
2021-09-20,NE,1.9457229586580838
2021-09-20,NH,0.9748260339425937
2021-09-20,NJ,2.456790645014963
2021-09-20,NM,2.140685528654083
2021-09-20,NV,2.0915715161391972
2021-09-20,NY,1.857118678618291
2021-09-20,OH,2.2396825783867462
2021-09-20,OK,1.4905277366801433
2021-09-20,OR,1.2998531741062112
2021-09-20,PA,1.7154115362724918
2021-09-20,RI,0.919200587982755
2021-09-20,SC,1.3002181878858758
2021-09-20,SD,1.3954151926224587
2021-09-20,TN,1.591344321301818
2021-09-20,TX,2.3071058070453843
2021-09-20,UT,1.9028323316235416
2021-09-20,VA,2.443752285049422
2021-09-20,VT,1.211793747948281
2021-09-20,WA,1.6895318532653114
2021-09-20,WI,1.5035416747873405
2021-09-20,WV,1.0455377305638789
2021-09-20,WY,1.8682316354371213
2021-09-27,AK,1.5122433945895453
2021-09-27,AL,1.7639102729885874
2021-09-27,AR,1.554524893075393
2021-09-27,AZ,1.6282113179692976
2021-09-27,CA,1.8218627492565895
2021-09-27,CO,1.8102821095805695
2021-09-27,CT,1.4432295532820678
2021-09-27,DE,1.1313817051206878
2021-09-27,GA,2.2164027346610475
2021-09-27,HI,1.3153778389930721
2021-09-27,IA,1.5290639295829407
2021-09-27,ID,1.8223452350754061
2021-09-27,IL,1.441075757267443
2021-09-27,IN,1.4273515788705595
2021-09-27,KS,1.276199385843691
2021-09-27,KY,1.8429424346598964
2021-09-27,LA,1.129618516472074
2021-09-27,MA,1.5316746549990181
2021-09-27,MD,2.067496322701481
2021-09-27,ME,1.5857870386110207
2021-09-27,MI,1.2305569440363784
2021-09-27,MN,1.3002905485643923
2021-09-27,MO,1.7874463932658426
2021-09-27,MS,1.8755148097012353
2021-09-27,MT,1.4600531749435854
2021-09-27,NC,1.5862099619326306
2021-09-27,ND,2.30934477107347
2021-09-27,NE,1.9028428917074072
2021-09-27,NH,0.7152701647385056
2021-09-27,NJ,2.8405427702374144
2021-09-27,NM,2.1576792141121204
2021-09-27,NV,1.9627794130761789
2021-09-27,NY,2.112503730105655
2021-09-27,OH,1.5281151853382806
2021-09-27,OK,1.3075835550603734
2021-09-27,OR,1.4214613620213328
2021-09-27,PA,1.638102310873717
2021-09-27,RI,0.794688340153203
2021-09-27,SC,1.124109800707132
2021-09-27,SD,1.2427658775860821
2021-09-27,TN,1.7252341039812085
2021-09-27,TX,2.0506965710738068
2021-09-27,UT,1.9163054562825397
2021-09-27,VA,2.373024880369048
2021-09-27,VT,1.1613093820268632
2021-09-27,WA,1.7465957565494974
2021-09-27,WI,1.412822471167021
2021-09-27,WV,0.947168128672117
2021-09-27,WY,1.9180895267172593
2021-10-04,AK,1.565513474380054
2021-10-04,AL,1.7752470969331136
2021-10-04,AR,1.5211532978993323
2021-10-04,AZ,1.7140760101268209
2021-10-04,CA,1.6037193262845222
2021-10-04,CO,1.912143082915834
2021-10-04,CT,1.623036029771796
2021-10-04,DE,1.2179646443025876
2021-10-04,GA,2.109553890082828
2021-10-04,HI,1.191780299835865
2021-10-04,IA,1.4313827432520951
2021-10-04,ID,1.7314544276571395
2021-10-04,IL,1.4421113286410323
2021-10-04,IN,1.3772032775800884
2021-10-04,KS,1.3881224268770327
2021-10-04,KY,1.6858591428799001
2021-10-04,LA,1.2023290996671647
2021-10-04,MA,1.521888089083091
2021-10-04,MD,1.8980378729804417
2021-10-04,ME,1.3473072716398367
2021-10-04,MI,1.2682040693093
2021-10-04,MN,1.3489088227380654
2021-10-04,MO,1.7749080011841423
2021-10-04,MS,2.1024879804367167
2021-10-04,MT,1.5895509804149042
2021-10-04,NC,1.505007650006486
2021-10-04,ND,2.0085842798100866
2021-10-04,NE,2.0607332201635993
2021-10-04,NH,0.6748706318114391
2021-10-04,NJ,2.8404323563367297
2021-10-04,NM,2.1490675710509892
2021-10-04,NV,1.7876790953511157
2021-10-04,NY,2.2275187811924058
2021-10-04,OH,1.6046911717536543
2021-10-04,OK,1.257951371732704
2021-10-04,OR,1.1042136808923797
2021-10-04,PA,1.5937454309562842
2021-10-04,RI,0.9772811008510163
2021-10-04,SC,1.6248337883268062
2021-10-04,SD,1.3923329995841578
2021-10-04,TN,1.707210959189819
2021-10-04,TX,2.041021531787046
2021-10-04,UT,1.9380327454456048
2021-10-04,VA,0.2665401958219056
2021-10-04,VT,1.2431175082106138
2021-10-04,WA,1.7375695083133897
2021-10-04,WI,1.426676051414531
2021-10-04,WV,1.1698541347892033
2021-10-04,WY,1.6755574699401736
2021-10-11,AK,1.6114647568242841
2021-10-11,AL,1.7421158320275987
2021-10-11,AR,1.7828323250932596
2021-10-11,AZ,1.7947336695084017
2021-10-11,CA,1.719349434127789
2021-10-11,CO,2.1852497696267728
2021-10-11,CT,1.7255931172710444
2021-10-11,DE,1.1859236357287821
2021-10-11,GA,2.283428856594762
2021-10-11,HI,1.2239841999977128
2021-10-11,IA,1.6549583988428125
2021-10-11,ID,1.762600623519064
2021-10-11,IL,1.297099133731622
2021-10-11,IN,1.421263785868179
2021-10-11,KS,1.3099346822867677
2021-10-11,KY,1.7790934503608078
2021-10-11,LA,1.325059812012983
2021-10-11,MA,1.4966258835689437
2021-10-11,MD,2.0927830844677024
2021-10-11,ME,1.4572295346719257
2021-10-11,MI,1.7734983363733836
2021-10-11,MN,2.0856392121969973
2021-10-11,MO,1.6914956243085588
2021-10-11,MS,2.291653754833807
2021-10-11,MT,1.3434543629273872
2021-10-11,NC,1.5888538864993298
2021-10-11,ND,2.0278444489059626
2021-10-11,NE,2.0399137598872916
2021-10-11,NH,0.7911966955783073
2021-10-11,NJ,2.845610840174788
2021-10-11,NM,2.2559815071689693
2021-10-11,NV,1.9958507806897072
2021-10-11,NY,2.0188597027493596
2021-10-11,OH,2.4339926591213326
2021-10-11,OK,1.442099232663264
2021-10-11,OR,1.5060925562205525
2021-10-11,PA,1.6805178891896204
2021-10-11,RI,0.8803726880503238
2021-10-11,SC,1.214024199948678
2021-10-11,SD,1.27245137801042
2021-10-11,TN,1.7668708591685394
2021-10-11,TX,2.272872202872587
2021-10-11,UT,1.8843128613090963
2021-10-11,VA,2.786842510208328
2021-10-11,VT,1.2290989902029217
2021-10-11,WA,1.8182610488527755
2021-10-11,WI,1.3367258204974046
2021-10-11,WV,1.4978616782671028
2021-10-11,WY,1.6826547676917891
2021-10-18,AK,1.6392996465317178
2021-10-18,AL,1.7383914209611426
2021-10-18,AR,1.6642654826998444
2021-10-18,AZ,1.8286005018224147
2021-10-18,CA,1.7263999097994909
2021-10-18,CO,2.150848933845106
2021-10-18,CT,1.788485308258932
2021-10-18,DE,1.1577781495374078
2021-10-18,GA,2.3575929967070666
2021-10-18,HI,1.140582159218785
2021-10-18,IA,1.6637930526442746
2021-10-18,ID,1.784055107353441
2021-10-18,IL,1.3758507161481228
2021-10-18,IN,1.3568732792688682
2021-10-18,KS,1.1963772575028124
2021-10-18,KY,1.735847541244668
2021-10-18,LA,1.1110808934395298
2021-10-18,MA,1.4803070695208174
2021-10-18,MD,1.8884171750032066
2021-10-18,ME,1.5566535473094363
2021-10-18,MI,1.6636686263736506
2021-10-18,MN,2.0678285785549564
2021-10-18,MO,1.8023093193047297
2021-10-18,MS,2.3041710824331476
2021-10-18,MT,1.446800446036194
2021-10-18,NC,1.50609159368772
2021-10-18,ND,2.172213232475031
2021-10-18,NE,1.9492251893210275
2021-10-18,NH,1.012079650883893
2021-10-18,NJ,2.616803950707249
2021-10-18,NM,2.3453894954279386
2021-10-18,NV,1.753264625816088
2021-10-18,NY,2.0672275023918996
2021-10-18,OH,2.303322592950237
2021-10-18,OK,1.8161721194615128
2021-10-18,OR,1.4175325619125971
2021-10-18,PA,1.5828023957838266
2021-10-18,RI,0.8976162933632009
2021-10-18,SC,1.1921009799780182
2021-10-18,SD,1.2204304219746325
2021-10-18,TN,1.6708301450288048
2021-10-18,TX,2.103609471910589
2021-10-18,UT,2.0367049357482205
2021-10-18,VA,2.1001577242379
2021-10-18,VT,1.1567835353689226
2021-10-18,WA,1.7726511816514097
2021-10-18,WI,1.2735007631864328
2021-10-18,WV,1.3178087070582034
2021-10-18,WY,2.2226342577277682
2021-10-25,AK,1.5438067330854566
2021-10-25,AL,1.8067217819207242
2021-10-25,AR,1.6435914711053925
2021-10-25,AZ,1.7064012621032592
2021-10-25,CA,1.78869826129699
2021-10-25,CO,2.0093818694125876
2021-10-25,CT,1.519785651868843
2021-10-25,DE,1.0809317630594932
2021-10-25,GA,2.0320753545918033
2021-10-25,HI,1.1684521788111475
2021-10-25,IA,1.4548577945737966
2021-10-25,ID,1.6001615314332631
2021-10-25,IL,1.3784945474186674
2021-10-25,IN,1.304449456101254
2021-10-25,KS,1.2798044710478633
2021-10-25,KY,1.5927094436445453
2021-10-25,LA,1.104910418587534
2021-10-25,MA,1.3992211266427739
2021-10-25,MD,1.7873996100564877
2021-10-25,ME,1.4437570115785632
2021-10-25,MI,1.5958592526360107
2021-10-25,MN,1.956395755803027
2021-10-25,MO,1.5822361828154605
2021-10-25,MS,2.3603322865915324
2021-10-25,MT,1.506471527288534
2021-10-25,NC,1.4032735413161799
2021-10-25,ND,2.2588667088570094
2021-10-25,NE,2.057643106146167
2021-10-25,NH,1.01507707869746
2021-10-25,NJ,2.402966993145159
2021-10-25,NM,2.374490969980462
2021-10-25,NV,1.8148528780582236
2021-10-25,NY,1.9182827997169998
2021-10-25,OH,2.1598680142424946
2021-10-25,OK,1.5593774042027906
2021-10-25,OR,1.3521857702653066
2021-10-25,PA,1.7197128048230024
2021-10-25,RI,0.8050767781563413
2021-10-25,SC,1.1657428934468361
2021-10-25,SD,1.2382711059517635
2021-10-25,TN,1.684570616609598
2021-10-25,TX,2.127065779860517
2021-10-25,UT,2.032344472885312
2021-10-25,VA,2.033636398996507
2021-10-25,VT,1.1241241141130935
2021-10-25,WA,1.7382062613271945
2021-10-25,WI,1.28262965731993
2021-10-25,WV,1.2686853248457624
2021-10-25,WY,2.35945287841689
2021-11-01,AK,1.6092706674695578
2021-11-01,AL,1.8845748339229362
2021-11-01,AR,1.6471981381877627
2021-11-01,AZ,1.813423582923912
2021-11-01,CA,1.7825172068511521
2021-11-01,CO,2.1057388590830697
2021-11-01,CT,1.6346734304150723
2021-11-01,DE,1.198780173519906
2021-11-01,GA,2.4061621326836518
2021-11-01,HI,1.2810061560018235
2021-11-01,IA,1.5539728661665966
2021-11-01,ID,1.6074074932286573
2021-11-01,IL,1.4194523078515666
2021-11-01,IN,1.5322732133350527
2021-11-01,KS,1.4227182889615957
2021-11-01,KY,1.734201612458405
2021-11-01,LA,1.4132537411795856
2021-11-01,MA,1.425302803542486
2021-11-01,MD,1.9142110679652728
2021-11-01,ME,1.616382425733824
2021-11-01,MI,1.6409165618860566
2021-11-01,MN,2.1421693190924618
2021-11-01,MO,1.7002551988947299
2021-11-01,MS,2.3672636762618566
2021-11-01,MT,1.5962831106120694
2021-11-01,NC,1.5634497914923453
2021-11-01,ND,2.0140028496271767
2021-11-01,NE,2.3613936169389724
2021-11-01,NH,1.0754965248205892
2021-11-01,NJ,2.6653957917445448
2021-11-01,NM,2.5583311749795574
2021-11-01,NV,2.063366850745243
2021-11-01,NY,1.9911827788737915
2021-11-01,OH,2.165543654752129
2021-11-01,OK,1.4448625559878647
2021-11-01,OR,1.457074483810098
2021-11-01,PA,1.4860943952218335
2021-11-01,RI,1.3927919382732123
2021-11-01,SC,1.974830571093496
2021-11-01,SD,1.348366235243313
2021-11-01,TN,1.5864691407555034
2021-11-01,TX,2.202928918409064
2021-11-01,UT,2.1702364452600205
2021-11-01,VA,2.106861076397461
2021-11-01,VT,1.2383310036673425
2021-11-01,WA,1.7194231185760094
2021-11-01,WI,1.3122641364253713
2021-11-01,WV,1.5143526524242255
2021-11-01,WY,2.2615650262387077
2021-11-08,AK,1.7318043016288542
2021-11-08,AL,2.042548337919052
2021-11-08,AR,1.8861597226849505
2021-11-08,AZ,2.211186441633651
2021-11-08,CA,1.8188132584285985
2021-11-08,CO,2.3850430693530154
2021-11-08,CT,1.8849304517448102
2021-11-08,DE,1.1063306074106867
2021-11-08,GA,2.7240905593085514
2021-11-08,HI,1.3199730841477053
2021-11-08,IA,1.78211125258713
2021-11-08,ID,1.7846973797063013
2021-11-08,IL,1.5234884498873833
2021-11-08,IN,1.5289795401888795
2021-11-08,KS,1.2159223526087621
2021-11-08,KY,2.178641973355313
2021-11-08,LA,1.335442779263543
2021-11-08,MA,1.6038255297090762
2021-11-08,MD,1.952679277422542
2021-11-08,ME,1.6611291544489444
2021-11-08,MI,2.002448314124303
2021-11-08,MN,2.1244269710314088
2021-11-08,MO,1.915859206099617
2021-11-08,MS,2.716570353447932
2021-11-08,MT,1.6418224800436423
2021-11-08,NC,1.6087159747846167
2021-11-08,ND,2.212648048620347
2021-11-08,NE,2.070159461444349
2021-11-08,NH,1.249917293002913
2021-11-08,NJ,2.5865894101151454
2021-11-08,NM,2.808008598621143
2021-11-08,NV,1.8524860824523943
2021-11-08,NY,2.204768605539619
2021-11-08,OH,2.35469625007119
2021-11-08,OK,1.7613758615894386
2021-11-08,OR,1.431826415826092
2021-11-08,PA,1.7133066748121275
2021-11-08,RI,2.1699138417500348
2021-11-08,SC,1.2840365554437319
2021-11-08,SD,1.4537422057824791
2021-11-08,TN,1.9407702863511616
2021-11-08,TX,2.388997155372728
2021-11-08,UT,2.444525802600248
2021-11-08,VA,2.0763638178898844
2021-11-08,VT,1.2355100534951486
2021-11-08,WA,1.8347157552052538
2021-11-08,WI,1.4261835509337444
2021-11-08,WV,1.2200313852315077
2021-11-08,WY,2.273618322778572
2021-11-15,AK,1.8771956390668374
2021-11-15,AL,2.3844611040666575
2021-11-15,AR,2.1131408422134212
2021-11-15,AZ,2.1931130649995096
2021-11-15,CA,1.9682390744195566
2021-11-15,CO,2.418707947983937
2021-11-15,CT,1.83801589482113
2021-11-15,DE,1.1328163005552794
2021-11-15,GA,3.3817811999377017
2021-11-15,HI,1.461045434487829
2021-11-15,IA,1.833645204197451
2021-11-15,ID,1.7060875265076678
2021-11-15,IL,1.6108697927776257
2021-11-15,IN,1.6472072014982126
2021-11-15,KS,1.369038064847802
2021-11-15,KY,1.8983470142113765
2021-11-15,LA,1.4611841908487118
2021-11-15,MA,1.8011894395255692
2021-11-15,MD,1.9920504805083816
2021-11-15,ME,1.6507992898349557
2021-11-15,MI,2.1555107914007765
2021-11-15,MN,2.1794622437096605
2021-11-15,MO,1.9986740841951467
2021-11-15,MS,2.8405591946885607
2021-11-15,MT,1.6195057753696127
2021-11-15,NC,1.8053004731548175
2021-11-15,ND,2.143385040208156
2021-11-15,NE,2.08179346603226
2021-11-15,NH,1.233869943622944
2021-11-15,NJ,3.2311492409523828
2021-11-15,NM,3.0631367621168617
2021-11-15,NV,1.8604290713642961
2021-11-15,NY,2.243886959736778
2021-11-15,OH,2.637103162255137
2021-11-15,OK,1.8953732696940562
2021-11-15,OR,1.435685380917135
2021-11-15,PA,1.9825504926262563
2021-11-15,RI,1.3021586874606492
2021-11-15,SC,1.4502022046171223
2021-11-15,SD,1.3536973694132417
2021-11-15,TN,2.135007910366074
2021-11-15,TX,2.4582995274250217
2021-11-15,UT,2.5452773858543347
2021-11-15,VA,2.2021638954673617
2021-11-15,VT,1.3501838148194951
2021-11-15,WA,1.8880955929441559
2021-11-15,WI,1.4139169005934664
2021-11-15,WV,1.3060637222442226
2021-11-15,WY,1.9781618119672855
2021-11-22,AK,1.8858693098376034
2021-11-22,AL,2.461974316623813
2021-11-22,AR,2.2911929125053474
2021-11-22,AZ,2.1580034350632014
2021-11-22,CA,1.941599954480082
2021-11-22,CO,2.510715685608636
2021-11-22,CT,1.9148588046858857
2021-11-22,DE,1.3053389176790933
2021-11-22,GA,3.1737115573933115
2021-11-22,HI,1.5378667173484901
2021-11-22,IA,1.8417023304159414
2021-11-22,ID,1.8066586431827125
2021-11-22,IL,1.8296219228390738
2021-11-22,IN,1.741481821311476
2021-11-22,KS,1.3967610891182898
2021-11-22,KY,2.218510703407911
2021-11-22,LA,1.4799030493535166
2021-11-22,MA,1.9213815544171946
2021-11-22,MD,2.071964688688702
2021-11-22,ME,1.7882928605398107
2021-11-22,MI,2.0283312157438127
2021-11-22,MN,2.2417307158765922
2021-11-22,MO,2.0341042233706466
2021-11-22,MS,3.2914693776801327
2021-11-22,MT,1.6618983329712045
2021-11-22,NC,1.8193664878428644
2021-11-22,ND,2.1951292535817055
2021-11-22,NE,2.43521282778124
2021-11-22,NH,1.150818201203609
2021-11-22,NJ,3.0229476389709835
2021-11-22,NM,3.1086389353049046
2021-11-22,NV,2.0086278472767685
2021-11-22,NY,2.2403643769720816
2021-11-22,OH,2.735329333303932
2021-11-22,OK,2.106984987096059
2021-11-22,OR,1.453365284388352
2021-11-22,PA,2.1366140341416653
2021-11-22,RI,2.4013688234531863
2021-11-22,SC,1.570297466796017
2021-11-22,SD,1.632045013123319
2021-11-22,TN,2.6134274192226314
2021-11-22,TX,3.080819975458983
2021-11-22,UT,2.7069694718805764
2021-11-22,VA,2.4121498207632515
2021-11-22,VT,1.4251501436279324
2021-11-22,WA,2.008402287929182
2021-11-22,WI,1.4677694545775393
2021-11-22,WV,1.3204733900983001
2021-11-22,WY,2.24902244056518
2021-11-29,AK,1.8532247176150107
2021-11-29,AL,2.5494616478419365
2021-11-29,AR,2.639968727130621
2021-11-29,AZ,2.750106565161742
2021-11-29,CA,2.2613439645023767
2021-11-29,CO,2.408557728250244
2021-11-29,CT,2.2469585442976387
2021-11-29,DE,1.4548603911875917
2021-11-29,GA,2.954316666712751
2021-11-29,HI,1.7321492699702312
2021-11-29,IA,2.3523595069025536
2021-11-29,ID,2.0383044319459396
2021-11-29,IL,2.0862386861903452
2021-11-29,IN,1.847681356637989
2021-11-29,KS,1.4828009208592203
2021-11-29,KY,2.637267719355804
2021-11-29,LA,1.790628924874162
2021-11-29,MA,2.3224490635452026
2021-11-29,MD,2.2257092645388115
2021-11-29,ME,2.236857183832882
2021-11-29,MI,1.944166834706462
2021-11-29,MN,2.549156537092019
2021-11-29,MO,2.204620602266958
2021-11-29,MS,3.235489523469494
2021-11-29,MT,1.6462452091124558
2021-11-29,NC,1.9813584707084386
2021-11-29,ND,2.498446782731695
2021-11-29,NE,2.799321564090647
2021-11-29,NH,1.3177429935851117
2021-11-29,NJ,3.305687732141209
2021-11-29,NM,3.2734828377701666
2021-11-29,NV,2.3579239212827647
2021-11-29,NY,2.418042854190513
2021-11-29,OH,3.101745906096026
2021-11-29,OK,2.0234779029275733
2021-11-29,OR,1.679221859368465
2021-11-29,PA,2.0244215837483317
2021-11-29,RI,1.0791837281836842
2021-11-29,SC,1.8095468959138687
2021-11-29,SD,1.8218410196018449
2021-11-29,TN,2.2770534351129577
2021-11-29,TX,2.8718991811772536
2021-11-29,UT,2.9969556787952136
2021-11-29,VA,2.5979932118855014
2021-11-29,VT,1.45595235598271
2021-11-29,WA,2.0004650272684845
2021-11-29,WI,1.6728738318595846
2021-11-29,WV,1.3913796104926202
2021-11-29,WY,1.8156704279470846
2021-12-06,AK,2.1553405578398785
2021-12-06,AL,2.49621467950538
2021-12-06,AR,2.6547644475084917
2021-12-06,AZ,2.5048936939594477
2021-12-06,CA,2.1186038735089303
2021-12-06,CO,2.608363651924476
2021-12-06,CT,2.4651799506615157
2021-12-06,DE,1.7439576415656088
2021-12-06,GA,3.1968697385658302
2021-12-06,HI,1.8073362795994719
2021-12-06,IA,2.237034316190032
2021-12-06,ID,2.0220693714057436
2021-12-06,IL,2.0434615983611213
2021-12-06,IN,2.420888333467791
2021-12-06,KS,2.23358371501193
2021-12-06,KY,3.0017125607284862
2021-12-06,LA,2.573531482146607
2021-12-06,MA,2.673424689569317
2021-12-06,MD,2.3393915735538635
2021-12-06,ME,2.194122458381515
2021-12-06,MI,1.9732982629903761
2021-12-06,MN,2.934389029073394
2021-12-06,MO,2.498260983456346
2021-12-06,MS,3.079277603296158
2021-12-06,MT,1.7739795317365887
2021-12-06,NC,2.3491724604219746
2021-12-06,ND,2.363038943218158
2021-12-06,NE,2.910849379312748
2021-12-06,NH,1.622145793341868
2021-12-06,NJ,3.710804540923742
2021-12-06,NM,3.7219052635211245
2021-12-06,NV,2.4041531278948223
2021-12-06,NY,2.762624002319547
2021-12-06,OH,2.9690817264785583
2021-12-06,OK,2.143811121335558
2021-12-06,OR,1.7955328757196547
2021-12-06,PA,2.208968242550387
2021-12-06,RI,1.977664919590183
2021-12-06,SC,2.98293344322812
2021-12-06,SD,1.6899276589717651
2021-12-06,TN,2.89937079812952
2021-12-06,TX,2.4980055884979975
2021-12-06,UT,2.60183454042014
2021-12-06,VA,2.8274015580582343
2021-12-06,VT,1.6378702835087762
2021-12-06,WA,2.1824455579671715
2021-12-06,WI,1.7857502689723852
2021-12-06,WV,1.956892987515586
2021-12-06,WY,1.7818573819258128
2021-12-13,AK,2.229882258529455
2021-12-13,AL,3.0035745655613852
2021-12-13,AR,2.823082215483254
2021-12-13,AZ,2.3557672188303536
2021-12-13,CA,2.2972661860933394
2021-12-13,CO,2.735742192665114
2021-12-13,CT,2.637981539061869
2021-12-13,DE,1.817671018528725
2021-12-13,GA,3.370282469665028
2021-12-13,HI,1.9522552189529392
2021-12-13,IA,2.9771310292595157
2021-12-13,ID,2.012378736219579
2021-12-13,IL,2.31983793625341
2021-12-13,IN,2.138302249651686
2021-12-13,KS,1.9252230063735003
2021-12-13,KY,2.695629451898803
2021-12-13,LA,2.055332332545446
2021-12-13,MA,2.8565029612889536
2021-12-13,MD,2.7641150584135628
2021-12-13,ME,2.0213796793058654
2021-12-13,MI,2.0408659606236514
2021-12-13,MN,2.4526292086699577
2021-12-13,MO,2.3793266993244733
2021-12-13,MS,3.1826487799974794
2021-12-13,MT,1.5497835602509111
2021-12-13,NC,2.287623041009362
2021-12-13,ND,2.7371305576981895
2021-12-13,NE,2.822417620240557
2021-12-13,NH,2.4318282869078724
2021-12-13,NJ,3.8578777492429372
2021-12-13,NM,3.361295160118864
2021-12-13,NV,2.378961209892135
2021-12-13,NY,2.754418859675002
2021-12-13,OH,3.4185276408019787
2021-12-13,OK,2.2298353212292863
2021-12-13,OR,1.7464533183553919
2021-12-13,PA,2.3391816386126587
2021-12-13,RI,1.853118430691616
2021-12-13,SC,2.068056336195033
2021-12-13,SD,1.926692503038662
2021-12-13,TN,3.04737112913104
2021-12-13,TX,3.0442000063697106
2021-12-13,UT,2.6812554813139795
2021-12-13,VA,2.9119994996336187
2021-12-13,VT,1.5985280438186957
2021-12-13,WA,2.159168671969687
2021-12-13,WI,1.6952964410881055
2021-12-13,WV,1.4637205487527507
2021-12-13,WY,2.509906796563237
2021-12-20,AK,2.9718201644416933
2021-12-20,AL,3.2119094372581656
2021-12-20,AR,2.8281862040979764
2021-12-20,AZ,2.6307687358303795
2021-12-20,CA,2.4734952469039353
2021-12-20,CO,3.0734548577792076
2021-12-20,CT,2.6964514038139202
2021-12-20,DE,2.0647747506471164
2021-12-20,GA,3.968899660694679
2021-12-20,HI,2.23827679196335
2021-12-20,IA,3.326249417788699
2021-12-20,ID,2.3368362810337038
2021-12-20,IL,2.591110349874976
2021-12-20,IN,2.409691598795896
2021-12-20,KS,2.739629258714377
2021-12-20,KY,3.1118630301716466
2021-12-20,LA,2.388582431198423
2021-12-20,MA,2.8397173593408223
2021-12-20,MD,3.10101361577515
2021-12-20,ME,2.284085483068655
2021-12-20,MI,2.1754377863854084
2021-12-20,MN,2.7230547252688915
2021-12-20,MO,3.097662873591449
2021-12-20,MS,3.5152975786478744
2021-12-20,MT,1.7766549928857414
2021-12-20,NC,2.3998425861570762
2021-12-20,ND,3.565585702261653
2021-12-20,NE,3.0037878207024016
2021-12-20,NH,2.0232827968292217
2021-12-20,NJ,4.645581179532607
2021-12-20,NM,3.4794450660139526
2021-12-20,NV,2.6269762872332003
2021-12-20,NY,3.333185462435046
2021-12-20,OH,4.171242075077432
2021-12-20,OK,3.1216314387616726
2021-12-20,OR,1.8965304258322244
2021-12-20,PA,2.549100186862797
2021-12-20,RI,1.9994320547536923
2021-12-20,SC,2.410968036664273
2021-12-20,SD,2.3322363740668424
2021-12-20,TN,3.6851220577662613
2021-12-20,TX,3.535972669204607
2021-12-20,UT,2.9361572780736216
2021-12-20,VA,3.2361728018626623
2021-12-20,VT,1.705298039142601
2021-12-20,WA,2.3974410166299123
2021-12-20,WI,1.8644858625634075
2021-12-20,WV,1.7076484987801637
2021-12-20,WY,2.905579098274302
2021-12-27,AK,4.4506022140686525
2021-12-27,AL,4.025516143626457
2021-12-27,AR,3.207634125911416
2021-12-27,AZ,3.021322368766101
2021-12-27,CA,3.5262746491598063
2021-12-27,CO,3.528164201486724
2021-12-27,CT,3.3769112168995328
2021-12-27,DE,2.222058612994845
2021-12-27,GA,5.891228245816544
2021-12-27,HI,2.7064060299303696
2021-12-27,IA,3.5958431192400457
2021-12-27,ID,3.027716640648838
2021-12-27,IL,3.4294917133629634
2021-12-27,IN,2.906095685953903
2021-12-27,KS,2.391306002924297
2021-12-27,KY,3.672145086837845
2021-12-27,LA,3.546858604889808
2021-12-27,MA,3.7096568628869506
2021-12-27,MD,4.619493044174609
2021-12-27,ME,2.6701787575715503
2021-12-27,MI,2.6956764120730594
2021-12-27,MN,3.2694932704783186
2021-12-27,MO,3.7803932227603863
2021-12-27,MS,3.9385125464969226
2021-12-27,MT,2.40434870559999
2021-12-27,NC,3.1409640784435062
2021-12-27,ND,5.399832244042691
2021-12-27,NE,3.8451518285366477
2021-12-27,NH,1.6912417765709153
2021-12-27,NJ,6.8956448072967165
2021-12-27,NM,4.13923178611779
2021-12-27,NV,3.563474454253105
2021-12-27,NY,4.729422008517896
2021-12-27,OH,5.02026969225093
2021-12-27,OK,3.9416431603530833
2021-12-27,OR,2.395789222348812
2021-12-27,PA,3.149721600684634
2021-12-27,RI,2.140015945794705
2021-12-27,SC,2.916769499179801
2021-12-27,SD,3.120111276904037
2021-12-27,TN,5.119864430305947
2021-12-27,TX,3.76114055436527
2021-12-27,UT,3.5366516238142953
2021-12-27,VA,4.7370521551494775
2021-12-27,VT,2.0414505676988424
2021-12-27,WA,3.0075396980197846
2021-12-27,WI,2.4340088930966317
2021-12-27,WV,2.008982882190783
2021-12-27,WY,3.4147278525954046
2022-01-03,AK,3.7580118150609794
2022-01-03,AL,5.272389917737106
2022-01-03,AR,3.753818596228936
2022-01-03,AZ,3.752181521971006
2022-01-03,CA,4.613031857049718
2022-01-03,CO,4.432470771677339
2022-01-03,CT,4.46284582877813
2022-01-03,DE,2.956732281539554
2022-01-03,GA,6.555751535339319
2022-01-03,HI,3.0980443107728934
2022-01-03,IA,3.9724757009346208
2022-01-03,ID,3.304768774366546
2022-01-03,IL,3.822385302146793
2022-01-03,IN,3.5252354811412445
2022-01-03,KS,3.761183699261862
2022-01-03,KY,4.354288979006469
2022-01-03,LA,4.24127044853228
2022-01-03,MA,4.594601528342865
2022-01-03,MD,5.000233182507122
2022-01-03,ME,2.915568318030683
2022-01-03,MI,3.1556274599435916
2022-01-03,MN,4.146797603512974
2022-01-03,MO,4.3111759605571045
2022-01-03,MS,5.580354775173248
2022-01-03,MT,3.3807774723608963
2022-01-03,NC,4.214533591575602
2022-01-03,ND,6.741022679822331
2022-01-03,NE,4.94964478864791
2022-01-03,NH,2.2570713469703763
2022-01-03,NJ,7.690989787977471
2022-01-03,NM,5.161941439425057
2022-01-03,NV,3.9835340097052403
2022-01-03,NY,5.249103619402033
2022-01-03,OH,5.347941083862617
2022-01-03,OK,4.053212303749384
2022-01-03,OR,3.3621823574640075
2022-01-03,PA,4.111993482628989
2022-01-03,RI,2.872093576631682
2022-01-03,SC,4.670883579641118
2022-01-03,SD,3.5106091818159912
2022-01-03,TN,5.085003483811613
2022-01-03,TX,5.101960215948804
2022-01-03,UT,4.149055886592187
2022-01-03,VA,6.478690956691098
2022-01-03,VT,2.4474300670531184
2022-01-03,WA,3.835786919394583
2022-01-03,WI,3.0837375779747305
2022-01-03,WV,2.9147598055381017
2022-01-03,WY,2.945502283271812
2022-01-10,AK,3.5446442305851233
2022-01-10,AL,3.7280655117320043
2022-01-10,AR,3.4291530110046597
2022-01-10,AZ,3.263340750276352
2022-01-10,CA,3.97252727568021
2022-01-10,CO,3.2450775104300744
2022-01-10,CT,3.0852030337403256
2022-01-10,DE,2.5301241575136837
2022-01-10,GA,4.12348785254671
2022-01-10,HI,2.779637367040359
2022-01-10,IA,3.599257416983961
2022-01-10,ID,3.0471044736838646
2022-01-10,IL,3.552295515226823
2022-01-10,IN,2.696951630750493
2022-01-10,KS,2.660076952638097
2022-01-10,KY,3.595594959199518
2022-01-10,LA,2.6344554886100155
2022-01-10,MA,3.0147328693089843
2022-01-10,MD,3.377442087413034
2022-01-10,ME,2.64794344498812
2022-01-10,MI,2.4954720354438678
2022-01-10,MN,2.629305810161158
2022-01-10,MO,3.571936574313831
2022-01-10,MS,5.2613916514843595
2022-01-10,MT,2.6303671326609095
2022-01-10,NC,3.2724770078225873
2022-01-10,ND,5.65987324787281
2022-01-10,NE,3.822134707107936
2022-01-10,NH,1.9393321954314282
2022-01-10,NJ,3.9857574311613484
2022-01-10,NM,5.469134286942546
2022-01-10,NV,3.5969544937296556
2022-01-10,NY,2.713177443120082
2022-01-10,OH,4.168140147969275
2022-01-10,OK,4.452816395244845
2022-01-10,OR,3.0534009052875835
2022-01-10,PA,3.0996284499487166
2022-01-10,RI,2.049957093962946
2022-01-10,SC,3.117578476204857
2022-01-10,SD,2.9900974879516236
2022-01-10,TN,4.029615446431085
2022-01-10,TX,5.248856791393626
2022-01-10,UT,3.71381877282598
2022-01-10,VA,5.18841233800788
2022-01-10,VT,2.1682123635106363
2022-01-10,WA,3.381186114647373
2022-01-10,WI,2.521820539377059
2022-01-10,WV,2.071499541654087
2022-01-10,WY,3.1126341625916414
2022-01-17,AK,3.00164590108359
2022-01-17,AL,3.734746852376962
2022-01-17,AR,3.21571920542031
2022-01-17,AZ,3.305570604465043
2022-01-17,CA,3.087201405505182
2022-01-17,CO,2.582583399090849
2022-01-17,CT,2.2961736513642053
2022-01-17,DE,2.0117918877367584
2022-01-17,GA,4.207731258070454
2022-01-17,HI,2.506457633471424
2022-01-17,IA,3.0480246433403657
2022-01-17,ID,3.1533671442420994
2022-01-17,IL,2.4822582684179437
2022-01-17,IN,2.4592356368410773
2022-01-17,KS,2.224430297546426
2022-01-17,KY,3.513372554885551
2022-01-17,LA,2.5968116629956586
2022-01-17,MA,2.090204296029472
2022-01-17,MD,2.426197863844965
2022-01-17,ME,2.32017416310067
2022-01-17,MI,2.01835371600739
2022-01-17,MN,2.1737415503454436
2022-01-17,MO,3.9616110400637115
2022-01-17,MS,4.925534169792137
2022-01-17,MT,2.3401105921668695
2022-01-17,NC,2.9262001363941446
2022-01-17,ND,4.698191512342846
2022-01-17,NE,3.5139303636044543
2022-01-17,NH,1.7153676616506792
2022-01-17,NJ,2.8385384692661475
2022-01-17,NM,5.281304172666383
2022-01-17,NV,3.187204762309136
2022-01-17,NY,2.3367434430999565
2022-01-17,OH,3.1604723877775145
2022-01-17,OK,2.5893911297852314
2022-01-17,OR,2.659792528462149
2022-01-17,PA,2.23877417044453
2022-01-17,RI,1.6975482433733624
2022-01-17,SC,2.857720497079293
2022-01-17,SD,2.3416284697238696
2022-01-17,TN,3.496024245635074
2022-01-17,TX,4.642755731430341
2022-01-17,UT,3.4679672302691076
2022-01-17,VA,3.9261498417764775
2022-01-17,VT,1.7805893517005469
2022-01-17,WA,2.847565839421649
2022-01-17,WI,2.0835682405822826
2022-01-17,WV,1.9195975041045046
2022-01-17,WY,3.5555824629122426
2022-01-24,AK,2.737454836318976
2022-01-24,AL,3.0081328179360503
2022-01-24,AR,2.864948448656954
2022-01-24,AZ,3.161167897226942
2022-01-24,CA,2.251407305979904
2022-01-24,CO,2.2591342861002977
2022-01-24,CT,1.886716329845679
2022-01-24,DE,1.5508947848480914
2022-01-24,GA,3.2028584127452806
2022-01-24,HI,2.1315601528569696
2022-01-24,IA,2.3698256892401446
2022-01-24,ID,3.6753974924161996
2022-01-24,IL,2.166978470826756
2022-01-24,IN,1.9469367692168302
2022-01-24,KS,2.0187431103776583
2022-01-24,KY,3.0436941751394677
2022-01-24,LA,1.98073585242495
2022-01-24,MA,1.652780117662771
2022-01-24,MD,2.096789881384467
2022-01-24,ME,1.8847507051642705
2022-01-24,MI,1.7099536902985562
2022-01-24,MN,1.888995459855996
2022-01-24,MO,3.3884480412568596
2022-01-24,MS,3.9318386083893326
2022-01-24,MT,2.3178548766472202
2022-01-24,NC,2.352982596432759
2022-01-24,ND,3.975743687482125
2022-01-24,NE,2.9381880011503707
2022-01-24,NH,1.5596243506820855
2022-01-24,NJ,2.43117550946344
2022-01-24,NM,4.27648306249117
2022-01-24,NV,2.8211956573317156
2022-01-24,NY,1.9227929591134765
2022-01-24,OH,2.5778915487877354
2022-01-24,OK,3.6438228709388434
2022-01-24,OR,2.097439461148552
2022-01-24,PA,1.9077087700386532
2022-01-24,RI,1.5678859072754832
2022-01-24,SC,2.2764479961938644
2022-01-24,SD,1.9093855411993848
2022-01-24,TN,3.1114711857871047
2022-01-24,TX,3.8922110297806247
2022-01-24,UT,2.7762962104835145
2022-01-24,VA,3.1896845594313255
2022-01-24,VT,1.435317189153369
2022-01-24,WA,2.3155194868643516
2022-01-24,WI,1.7064776240143678
2022-01-24,WV,1.6667313844897076
2022-01-24,WY,3.6459523080986376
2022-01-31,AK,2.1458879999402165
2022-01-31,AL,2.2224830309859436
2022-01-31,AR,2.009295013217434
2022-01-31,AZ,2.1341720638101593
2022-01-31,CA,1.7975619892422259
2022-01-31,CO,1.6958665396763837
2022-01-31,CT,1.4004554785113235
2022-01-31,DE,1.1505744639344462
2022-01-31,GA,2.346144405741527
2022-01-31,HI,1.8861252041320653
2022-01-31,IA,2.2499381544076855
2022-01-31,ID,2.1635286420517064
2022-01-31,IL,1.673448398313154
2022-01-31,IN,1.3988202016709148
2022-01-31,KS,1.5003692036976548
2022-01-31,KY,2.50501400383973
2022-01-31,LA,1.444121804095615
2022-01-31,MA,1.3074348316285245
2022-01-31,MD,1.562271412307295
2022-01-31,ME,1.3586939888566705
2022-01-31,MI,1.3345839103754218
2022-01-31,MN,1.5260429472472774
2022-01-31,MO,2.328748075922835
2022-01-31,MS,3.435946952143245
2022-01-31,MT,1.5794880239905709
2022-01-31,NC,1.5133517473135458
2022-01-31,ND,3.192256877340121
2022-01-31,NE,2.0171788054196966
2022-01-31,NH,1.186938581634259
2022-01-31,NJ,2.2023317527962605
2022-01-31,NM,3.386401432861466
2022-01-31,NV,2.138756780080813
2022-01-31,NY,1.630943940654801
2022-01-31,OH,2.0532937085124536
2022-01-31,OK,2.8229248173923818
2022-01-31,OR,1.3783897161319367
2022-01-31,PA,1.4739464951507975
2022-01-31,RI,1.1395470233057095
2022-01-31,SC,1.653091343800674
2022-01-31,SD,1.4776695731094078
2022-01-31,TN,2.2604156033161815
2022-01-31,TX,2.6487023462655337
2022-01-31,UT,2.1336153870314845
2022-01-31,VA,2.1154481446530555
2022-01-31,VT,1.2167797103894735
2022-01-31,WA,1.7938329768560008
2022-01-31,WI,1.2715722030817433
2022-01-31,WV,1.384503891314262
2022-01-31,WY,3.4407243897368764
2022-02-07,AK,1.72921198828602
2022-02-07,AL,1.8860213132545622
2022-02-07,AR,1.6647889736865382
2022-02-07,AZ,1.7508297767337875
2022-02-07,CA,1.4621743880547353
2022-02-07,CO,1.478787539066961
2022-02-07,CT,1.176019114690158
2022-02-07,DE,0.8990241871752649
2022-02-07,GA,2.0509062254356234
2022-02-07,HI,1.3479372452847738
2022-02-07,IA,2.4203065913462636
2022-02-07,ID,1.6044796476063348
2022-02-07,IL,1.2908832549285805
2022-02-07,IN,1.2664274064671104
2022-02-07,KS,1.641590298011724
2022-02-07,KY,1.7469852824076049
2022-02-07,LA,1.5174087802040552
2022-02-07,MA,1.1568846172209808
2022-02-07,MD,1.502455851809121
2022-02-07,ME,1.1857349653999363
2022-02-07,MI,1.1106406946811478
2022-02-07,MN,1.420431282178653
2022-02-07,MO,1.8740200787611556
2022-02-07,MS,2.7721973899344854
2022-02-07,MT,1.4130633359665212
2022-02-07,NC,1.4291767359666472
2022-02-07,ND,2.0818903848537422
2022-02-07,NE,2.0077213374391514
2022-02-07,NH,0.7847557110826437
2022-02-07,NJ,1.7474031390570568
2022-02-07,NM,2.377952328739606
2022-02-07,NV,1.7324622401192755
2022-02-07,NY,1.22926106165183
2022-02-07,OH,1.614956330903723
2022-02-07,OK,2.271530151346525
2022-02-07,OR,1.2641128334668306
2022-02-07,PA,1.1925300014948377
2022-02-07,RI,0.8576834251523686
2022-02-07,SC,1.5419637547049734
2022-02-07,SD,1.2387568695981153
2022-02-07,TN,1.850243412776261
2022-02-07,TX,2.189345124286295
2022-02-07,UT,1.7659633661342014
2022-02-07,VA,1.5957786858094578
2022-02-07,VT,1.0830650913543827
2022-02-07,WA,1.1842962343861625
2022-02-07,WI,1.122486786436827
2022-02-07,WV,1.399766771273304
2022-02-07,WY,2.1905330837864714
2022-02-14,AK,1.6783185404519392
2022-02-14,AL,1.3691668722501258
2022-02-14,AR,1.4824136947527076
2022-02-14,AZ,1.6333670139512129
2022-02-14,CA,1.2843006169005426
2022-02-14,CO,1.3026899263941925
2022-02-14,CT,1.0607321142059578
2022-02-14,DE,0.8499617455209436
2022-02-14,GA,1.840964250880515
2022-02-14,HI,1.0905649534994497
2022-02-14,IA,1.9994387328266816
2022-02-14,ID,1.6788432182664872
2022-02-14,IL,1.203393239044622
2022-02-14,IN,0.9645219171601436
2022-02-14,KS,1.3295439788956482
2022-02-14,KY,1.7249987914979097
2022-02-14,LA,1.0722722623658383
2022-02-14,MA,0.9345808500880313
2022-02-14,MD,1.23349225599241
2022-02-14,ME,1.1311379175411718
2022-02-14,MI,0.9779738505356012
2022-02-14,MN,1.1612978076521232
2022-02-14,MO,1.3117850754481648
2022-02-14,MS,2.1244030566604706
2022-02-14,MT,1.1467878249474812
2022-02-14,NC,1.0925944881029408
2022-02-14,ND,2.353236017889116
2022-02-14,NE,1.8693991007386659
2022-02-14,NH,0.7173316617813084
2022-02-14,NJ,1.8833591513805095
2022-02-14,NM,1.9531839458502747
2022-02-14,NV,1.5779070456109152
2022-02-14,NY,1.3422892618922835
2022-02-14,OH,1.4162590545289444
2022-02-14,OK,2.0784304080511062
2022-02-14,OR,1.2329685055039836
2022-02-14,PA,1.1222430181382586
2022-02-14,RI,0.7526944019056749
2022-02-14,SC,1.128830055626531
2022-02-14,SD,1.15991478492236
2022-02-14,TN,1.5638420014442658
2022-02-14,TX,1.9810398508352907
2022-02-14,UT,1.699291800642484
2022-02-14,VA,1.4735766892018085
2022-02-14,VT,0.8587204501012289
2022-02-14,WA,1.2011422896875734
2022-02-14,WI,0.9930708364595479
2022-02-14,WV,1.1142926912157378
2022-02-14,WY,2.026312973773912
2022-02-21,AK,1.3813623333209044
2022-02-21,AL,1.7776893617473795
2022-02-21,AR,1.6840204455864833
2022-02-21,AZ,1.6082874249107892
2022-02-21,CA,1.2279717326423016
2022-02-21,CO,1.5315877051740987
2022-02-21,CT,1.0772380277633569
2022-02-21,DE,0.8245028832750774
2022-02-21,GA,1.9003227249678663
2022-02-21,HI,1.015068284662753
2022-02-21,IA,1.7055161923850723
2022-02-21,ID,1.9132147002554394
2022-02-21,IL,1.353862529619394
2022-02-21,IN,1.1821481259442588
2022-02-21,KS,1.140813782887748
2022-02-21,KY,1.5502207276686075
2022-02-21,LA,1.289518974705893
2022-02-21,MA,0.9787969450437238
2022-02-21,MD,1.3359294694465174
2022-02-21,ME,0.9910236095024881
2022-02-21,MI,0.962072805088461
2022-02-21,MN,1.146539806874468
2022-02-21,MO,1.4076325175403115
2022-02-21,MS,2.5236434247338133
2022-02-21,MT,1.058112190234751
2022-02-21,NC,1.2172134585229408
2022-02-21,ND,1.980844565841082
2022-02-21,NE,2.015525773523321
2022-02-21,NH,0.7983364873230068
2022-02-21,NJ,1.9483178216076875
2022-02-21,NM,1.8764604444710506
2022-02-21,NV,1.7227602494831362
2022-02-21,NY,1.346750577947438
2022-02-21,OH,1.5977438781153546
2022-02-21,OK,2.3131962421926318
2022-02-21,OR,0.8914282910487024
2022-02-21,PA,1.144020451794296
2022-02-21,RI,0.9097653008367272
2022-02-21,SC,1.1563957926569248
2022-02-21,SD,1.2029333836945093
2022-02-21,TN,1.6835036993645283
2022-02-21,TX,2.2179841055745344
2022-02-21,UT,1.8369581058553508
2022-02-21,VA,1.5030805140728223
2022-02-21,VT,0.8170519019833232
2022-02-21,WA,1.1276352739677002
2022-02-21,WI,1.0461554968839901
2022-02-21,WV,1.1336202886042148
2022-02-21,WY,1.9237280976851108
2022-02-28,AK,1.3995227775146333
2022-02-28,AL,1.4709150814400773
2022-02-28,AR,2.040141881028972
2022-02-28,AZ,1.6544771337311004
2022-02-28,CA,1.2001121843467324
2022-02-28,CO,1.5607399654124268
2022-02-28,CT,1.1717462081480843
2022-02-28,DE,0.7785361628937884
2022-02-28,GA,1.614698581057803
2022-02-28,HI,0.8991713892936101
2022-02-28,IA,1.68321436150431
2022-02-28,ID,1.7519807269567393
2022-02-28,IL,1.4598256930551758
2022-02-28,IN,1.0380271171695168
2022-02-28,KS,1.29698308656283
2022-02-28,KY,1.7408425894782744
2022-02-28,LA,1.0391446078696234
2022-02-28,MA,1.0710683280622275
2022-02-28,MD,1.1670170005647686
2022-02-28,ME,0.9975741906415909
2022-02-28,MI,0.9555423184565666
2022-02-28,MN,1.1239603399098295
2022-02-28,MO,1.442935756115423
2022-02-28,MS,2.190959159404112
2022-02-28,MT,1.0900484814889317
2022-02-28,NC,1.1366551092464576
2022-02-28,ND,1.861935559848067
2022-02-28,NE,1.8968203503965402
2022-02-28,NH,0.7305026184636406
2022-02-28,NJ,1.89967118294066
2022-02-28,NM,1.8062243797315523
2022-02-28,NV,1.649444143224693
2022-02-28,NY,1.3746997610650784
2022-02-28,OH,1.5387305866822323
2022-02-28,OK,1.7175756484957154
2022-02-28,OR,0.9171683843822457
2022-02-28,PA,1.0713026402253751
2022-02-28,RI,0.7479802372423623
2022-02-28,SC,1.1438653401775913
2022-02-28,SD,1.1100680775894252
2022-02-28,TN,1.7334588955266605
2022-02-28,TX,2.142087872554073
2022-02-28,UT,2.1221981692694554
2022-02-28,VA,1.4523574539920907
2022-02-28,VT,0.8191927449326684
2022-02-28,WA,1.022191884653416
2022-02-28,WI,1.019060544938832
2022-02-28,WV,1.0125874517406388
2022-02-28,WY,1.4350782975294503
2022-03-07,AK,1.4073825489615337
2022-03-07,AL,1.5696465007480787
2022-03-07,AR,1.9283658885669093
2022-03-07,AZ,1.4267114561634786
2022-03-07,CA,1.356145481597283
2022-03-07,CO,1.8934157775397615
2022-03-07,CT,1.1264838374699435
2022-03-07,DE,0.9815596921622338
2022-03-07,GA,1.639697875438836
2022-03-07,HI,1.035311038803606
2022-03-07,IA,1.7954538001360199
2022-03-07,ID,2.1258560526821046
2022-03-07,IL,1.5032828163842682
2022-03-07,IN,1.526175208101734
2022-03-07,KS,1.9688411537209265
2022-03-07,KY,1.708251981286915
2022-03-07,LA,1.7373983509117021
2022-03-07,MA,1.0731440030646546
2022-03-07,MD,1.4320956983035604
2022-03-07,ME,1.074812993756716
2022-03-07,MI,1.094162676808483
2022-03-07,MN,1.318492720550409
2022-03-07,MO,1.4528913743819651
2022-03-07,MS,2.3035564613614596
2022-03-07,MT,1.2738476731544865
2022-03-07,NC,1.1654582240034896
2022-03-07,ND,2.3432001249995666
2022-03-07,NE,2.1713267798492804
2022-03-07,NH,0.8234230866710964
2022-03-07,NJ,1.9331018327239273
2022-03-07,NM,2.0291277231919604
2022-03-07,NV,1.55725716260463
2022-03-07,NY,1.2940452294580131
2022-03-07,OH,1.7866423180462432
2022-03-07,OK,2.8634582492835454
2022-03-07,OR,1.1394651379622274
2022-03-07,PA,1.2365682578532922
2022-03-07,RI,0.876376767750177
2022-03-07,SC,1.422380198150697
2022-03-07,SD,1.1025759921193878
2022-03-07,TN,1.6881297659205932
2022-03-07,TX,2.584793269264509
2022-03-07,UT,2.1399688420292176
2022-03-07,VA,1.5448426901460683
2022-03-07,VT,0.9859162634462206
2022-03-07,WA,1.2173144386183283
2022-03-07,WI,1.1872557222453834
2022-03-07,WV,1.5418029307257162
2022-03-07,WY,1.2825352834760524
2022-03-14,AK,1.152454472740144
2022-03-14,AL,1.6667273577979245
2022-03-14,AR,2.4154123549189865
2022-03-14,AZ,1.5227349383658773
2022-03-14,CA,1.3693896085193185
2022-03-14,CO,2.152285343100592
2022-03-14,CT,1.4340215889591121
2022-03-14,DE,0.9391480208702092
2022-03-14,GA,1.7566055291174862
2022-03-14,HI,1.0094029674363925
2022-03-14,IA,1.6685780792761693
2022-03-14,ID,2.209286563335288
2022-03-14,IL,1.7024987189028025
2022-03-14,IN,1.3020577899676282
2022-03-14,KS,1.467496049972764
2022-03-14,KY,1.8509053438924914
2022-03-14,LA,1.3960202119875533
2022-03-14,MA,1.4451934088288376
2022-03-14,MD,1.4517732136500976
2022-03-14,ME,1.09166381922181
2022-03-14,MI,1.1928298263601143
2022-03-14,MN,1.266061930704471
2022-03-14,MO,1.4930486454247238
2022-03-14,MS,2.5491395488169335
2022-03-14,MT,1.3608155318882298
2022-03-14,NC,1.1806030190596968
2022-03-14,ND,1.972725016618726
2022-03-14,NE,2.347741186914111
2022-03-14,NH,0.9015203601081607
2022-03-14,NJ,2.059872763075644
2022-03-14,NM,2.185493527715508
2022-03-14,NV,1.5272455897541306
2022-03-14,NY,1.6265996506577933
2022-03-14,OH,1.9656073178153575
2022-03-14,OK,2.6444081568966693
2022-03-14,OR,1.2180199543316153
2022-03-14,PA,1.2413208559896423
2022-03-14,RI,0.9854939831374516
2022-03-14,SC,1.163215043783124
2022-03-14,SD,1.1111241349414636
2022-03-14,TN,1.6597321724921659
2022-03-14,TX,2.718273140068793
2022-03-14,UT,2.375206098944374
2022-03-14,VA,1.6607026412515258
2022-03-14,VT,0.9714702705238913
2022-03-14,WA,1.3010223745322764
2022-03-14,WI,1.1851835684726635
2022-03-14,WV,1.4062927189687702
2022-03-14,WY,1.4385378576944943
2022-03-21,AK,1.6097808521624453
2022-03-21,AL,1.5649071737314602
2022-03-21,AR,2.526090534910973
2022-03-21,AZ,1.5333953538182754
2022-03-21,CA,1.4565797860626626
2022-03-21,CO,2.381729389431981
2022-03-21,CT,1.4662030336342247
2022-03-21,DE,1.0876071017277622
2022-03-21,GA,1.82195868766626
2022-03-21,HI,1.1274287887820775
2022-03-21,IA,2.2990391533509884
2022-03-21,ID,2.3186870839933764
2022-03-21,IL,1.8832152151774082
2022-03-21,IN,1.602678703758647
2022-03-21,KS,1.7388939396303424
2022-03-21,KY,1.8699667024892024
2022-03-21,LA,1.2868983142242933
2022-03-21,MA,1.5295175789129414
2022-03-21,MD,1.594622689097657
2022-03-21,ME,1.2629066263659294
2022-03-21,MI,1.4146205681693163
2022-03-21,MN,1.2748118084880726
2022-03-21,MO,1.5824533900944544
2022-03-21,MS,2.428724709177644
2022-03-21,MT,1.3529648099384843
2022-03-21,NC,1.3476179346161272
2022-03-21,ND,1.7364088752773295
2022-03-21,NE,2.222685001829828
2022-03-21,NH,0.9898518361517517
2022-03-21,NJ,2.1333420181608407
2022-03-21,NM,2.4969239866830923
2022-03-21,NV,1.8137646853566416
2022-03-21,NY,1.799897998389234
2022-03-21,OH,2.34690174583485
2022-03-21,OK,2.660677878257839
2022-03-21,OR,1.1024541679141509
2022-03-21,PA,1.325900227779687
2022-03-21,RI,1.148423326810291
2022-03-21,SC,1.2201207877261329
2022-03-21,SD,1.2803846854863918
2022-03-21,TN,1.9264394455473728
2022-03-21,TX,2.642057220899283
2022-03-21,UT,2.4494576834017123
2022-03-21,VA,1.7316553702996293
2022-03-21,VT,1.0192779605850582
2022-03-21,WA,1.3977490279841296
2022-03-21,WI,1.3279920961638387
2022-03-21,WV,1.4813011628884118
2022-03-21,WY,1.6531910638949767
2022-03-28,AK,1.3139936686166478
2022-03-28,AL,1.7304827831193612
2022-03-28,AR,2.089297945750361
2022-03-28,AZ,1.5764368845455519
2022-03-28,CA,1.5735952118719454
2022-03-28,CO,2.490798403824013
2022-03-28,CT,1.4730751011609051
2022-03-28,DE,1.2000139835319632
2022-03-28,GA,1.886650472831684
2022-03-28,HI,1.1845374683908039
2022-03-28,IA,1.732128022972232
2022-03-28,ID,1.9581645543887523
2022-03-28,IL,1.9431590510743693
2022-03-28,IN,1.5535337373818192
2022-03-28,KS,1.6088639221392813
2022-03-28,KY,2.045096022422429
2022-03-28,LA,1.4864504854345655
2022-03-28,MA,1.771777385854746
2022-03-28,MD,1.644576519311925
2022-03-28,ME,1.7040308441179812
2022-03-28,MI,1.4489580541329883
2022-03-28,MN,1.2962079850707602
2022-03-28,MO,1.4263522779212483
2022-03-28,MS,2.246114520282409
2022-03-28,MT,1.3932779869836218
2022-03-28,NC,1.2499897839867806
2022-03-28,ND,1.835314735487957
2022-03-28,NE,2.2459526210248786
2022-03-28,NH,2.4036879514413285
2022-03-28,NJ,2.251360115761547
2022-03-28,NM,2.7020887387414088
2022-03-28,NV,1.8523749013449575
2022-03-28,NY,1.913824983085907
2022-03-28,OH,2.199504581476718
2022-03-28,OK,2.512211652132638
2022-03-28,OR,1.2536955969407138
2022-03-28,PA,1.3991163290268802
2022-03-28,RI,1.1710231698778988
2022-03-28,SC,1.2414002434661078
2022-03-28,SD,1.1094066633564172
2022-03-28,TN,1.781215953670615
2022-03-28,TX,2.525501082959466
2022-03-28,UT,2.644514480308434
2022-03-28,VA,1.7185145036268317
2022-03-28,VT,1.0860748084834826
2022-03-28,WA,1.6506832316752915
2022-03-28,WI,1.3552382132673948
2022-03-28,WV,1.5252069592240434
2022-03-28,WY,1.5672551270147657
2022-04-04,AK,1.2969230150404831
2022-04-04,AL,1.507559193802268
2022-04-04,AR,1.9759673032839913
2022-04-04,AZ,1.4957214022986376
2022-04-04,CA,1.5461146442093412
2022-04-04,CO,2.3706211672270365
2022-04-04,CT,1.8972634887565096
2022-04-04,DE,1.2347358446075063
2022-04-04,GA,1.9300600517579116
2022-04-04,HI,1.277383432717699
2022-04-04,IA,1.7379680171411245
2022-04-04,ID,1.8102209209329352
2022-04-04,IL,2.0834878755175046
2022-04-04,IN,1.6481644260122952
2022-04-04,KS,1.8201701873854432
2022-04-04,KY,2.22436508409276
2022-04-04,LA,1.5779347226523193
2022-04-04,MA,2.1784335078931685
2022-04-04,MD,1.7028966996304045
2022-04-04,ME,1.5730338228458083
2022-04-04,MI,1.5057170807416442
2022-04-04,MN,1.4996158451901134
2022-04-04,MO,1.590068475925028
2022-04-04,MS,2.8993602809523833
2022-04-04,MT,1.3612410778270343
2022-04-04,NC,1.3872607397427017
2022-04-04,ND,1.6821363677955228
2022-04-04,NE,2.4606270482082895
2022-04-04,NH,2.667322455541638
2022-04-04,NJ,2.5947702622384674
2022-04-04,NM,2.849054985341202
2022-04-04,NV,1.8537316063643576
2022-04-04,NY,2.255912023529025
2022-04-04,OH,2.485098158590011
2022-04-04,OK,2.3857616904651793
2022-04-04,OR,1.3145036049860028
2022-04-04,PA,1.532161781095566
2022-04-04,RI,1.449474405117069
2022-04-04,SC,1.8285940349384717
2022-04-04,SD,1.0890801061321465
2022-04-04,TN,1.8833833761225127
2022-04-04,TX,2.4793488818549294
2022-04-04,UT,2.5621278788687496
2022-04-04,VA,1.868515896656381
2022-04-04,VT,1.2637863577264157
2022-04-04,WA,1.6553113418042034
2022-04-04,WI,1.4304340673954654
2022-04-04,WV,1.936259699213125
2022-04-04,WY,1.771265225096295
2022-04-11,AK,1.352467727745681
2022-04-11,AL,1.536374284357933
2022-04-11,AR,1.8717048881127896
2022-04-11,AZ,1.5910990100516726
2022-04-11,CA,1.604300731389404
2022-04-11,CO,2.7125894916061197
2022-04-11,CT,1.816506070589379
2022-04-11,DE,1.2423062968800838
2022-04-11,GA,1.8335135391149078
2022-04-11,HI,1.4015114947645329
2022-04-11,IA,1.6543532155168676
2022-04-11,ID,1.6652656502864478
2022-04-11,IL,2.0656149818775527
2022-04-11,IN,1.5142935554018
2022-04-11,KS,1.627567168211072
2022-04-11,KY,2.1229133623630627
2022-04-11,LA,1.4879777110880958
2022-04-11,MA,2.6248216242036904
2022-04-11,MD,1.9364153059054512
2022-04-11,ME,1.826684116198729
2022-04-11,MI,1.5188751617400833
2022-04-11,MN,1.367565846385182
2022-04-11,MO,1.5211174926383983
2022-04-11,MS,2.434127926138085
2022-04-11,MT,1.285402311649779
2022-04-11,NC,1.5531645128088882
2022-04-11,ND,1.8003684252655527
2022-04-11,NE,2.260453827155933
2022-04-11,NH,1.611110339406185
2022-04-11,NJ,2.697174430528109
2022-04-11,NM,3.1298730291832615
2022-04-11,NV,1.854733755332883
2022-04-11,NY,2.6619749992900754
2022-04-11,OH,2.7016745539297737
2022-04-11,OK,2.5715507158219837
2022-04-11,OR,1.2001662364287444
2022-04-11,PA,1.496183381554872
2022-04-11,RI,1.5212408118875294
2022-04-11,SC,1.434347058496391
2022-04-11,SD,1.063345895160018
2022-04-11,TN,1.961276420134356
2022-04-11,TX,2.230455046606303
2022-04-11,UT,2.3734186034919995
2022-04-11,VA,1.9457376819320342
2022-04-11,VT,1.360553422238286
2022-04-11,WA,1.5704584639073889
2022-04-11,WI,1.4637640278490958
2022-04-11,WV,1.322532726158064
2022-04-11,WY,1.5303190493475392
2022-04-18,AK,1.4165141306227444
2022-04-18,AL,1.7426747675681877
2022-04-18,AR,1.848091711100711
2022-04-18,AZ,1.5787902899413608
2022-04-18,CA,1.6785694671601301
2022-04-18,CO,2.7986078059594433
2022-04-18,CT,2.003233158315319
2022-04-18,DE,1.3033946327297583
2022-04-18,GA,1.8959473214934754
2022-04-18,HI,1.2235384355176122
2022-04-18,IA,1.64182593532817
2022-04-18,ID,1.5775758733249834
2022-04-18,IL,2.2309441569877118
2022-04-18,IN,1.4233610110027375
2022-04-18,KS,1.4996020728959296
2022-04-18,KY,1.8196437434292072
2022-04-18,LA,1.3115447138972252
2022-04-18,MA,2.9231775316012882
2022-04-18,MD,1.8323756206021016
2022-04-18,ME,1.943951395791034
2022-04-18,MI,1.5387488245302134
2022-04-18,MN,1.3808594290790446
2022-04-18,MO,1.537538777656027
2022-04-18,MS,2.7030081413703213
2022-04-18,MT,1.2837939939146876
2022-04-18,NC,1.5185098157403758
2022-04-18,ND,1.6656289252503358
2022-04-18,NE,2.2096228436796284
2022-04-18,NH,1.971141145808263
2022-04-18,NJ,2.837366579958196
2022-04-18,NM,3.4470895931900487
2022-04-18,NV,2.068073282765679
2022-04-18,NY,2.244228713072518
2022-04-18,OH,2.5340174852525763
2022-04-18,OK,2.473129738759032
2022-04-18,OR,1.449755733170361
2022-04-18,PA,1.5150972289204199
2022-04-18,RI,1.4692674719353973
2022-04-18,SC,1.5064102471877248
2022-04-18,SD,1.2016507282052817
2022-04-18,TN,2.3438666444184366
2022-04-18,TX,2.228753565770113
2022-04-18,UT,2.3050315221949997
2022-04-18,VA,2.0086891907478885
2022-04-18,VT,1.3632623624909128
2022-04-18,WA,1.7321405128544298
2022-04-18,WI,1.3958778439767698
2022-04-18,WV,1.2854733458243865
2022-04-18,WY,1.3662506979432558
2022-04-25,AK,1.6140664175927648
2022-04-25,AL,1.7113843735125118
2022-04-25,AR,1.7476738291690506
2022-04-25,AZ,1.4802453924326195
2022-04-25,CA,1.7701220856748057
2022-04-25,CO,3.4158329263633442
2022-04-25,CT,1.8181534897791924
2022-04-25,DE,1.2568936333280774
2022-04-25,GA,1.9600078084734576
2022-04-25,HI,1.4061592871117519
2022-04-25,IA,1.5322380284399109
2022-04-25,ID,1.6933633095382552
2022-04-25,IL,2.2312214933299126
2022-04-25,IN,1.4643573492550845
2022-04-25,KS,1.5146206476919701
2022-04-25,KY,1.953827067098128
2022-04-25,LA,1.4367123276827019
2022-04-25,MA,2.5874341712011133
2022-04-25,MD,1.9180433433733524
2022-04-25,ME,1.963753523153744
2022-04-25,MI,1.56591574564923
2022-04-25,MN,1.3869197273595364
2022-04-25,MO,1.499894614480904
2022-04-25,MS,2.2481325619464
2022-04-25,MT,1.300244625104471
2022-04-25,NC,1.5450972575387123
2022-04-25,ND,1.4025790564747243
2022-04-25,NE,2.2478643777885354
2022-04-25,NH,1.398219505650293
2022-04-25,NJ,2.567431106134531
2022-04-25,NM,3.891381298130469
2022-04-25,NV,1.9726674884290198
2022-04-25,NY,2.164703316643201
2022-04-25,OH,2.5269119676940384
2022-04-25,OK,1.3149437773838861
2022-04-25,OR,1.4501539144385776
2022-04-25,PA,1.5178710769314423
2022-04-25,RI,1.266400033371794
2022-04-25,SC,1.5160742939374354
2022-04-25,SD,1.0945149286607485
2022-04-25,TN,1.8284868137794201
2022-04-25,TX,2.217114056870708
2022-04-25,UT,2.1903775958819915
2022-04-25,VA,1.9526158824011435
2022-04-25,VT,1.2166230341610085
2022-04-25,WA,1.9739449685037638
2022-04-25,WI,1.4250069703399233
2022-04-25,WV,1.110201844150245
2022-04-25,WY,1.5268219477172273
2022-05-02,AK,1.443615192045291
2022-05-02,AL,1.6069557914042152
2022-05-02,AR,1.5584462587189134
2022-05-02,AZ,1.5814419836956137
2022-05-02,CA,1.8328292362879381
2022-05-02,CO,2.9908657734510866
2022-05-02,CT,1.913914188532999
2022-05-02,DE,1.2613727188173094
2022-05-02,GA,2.0678078752211464
2022-05-02,HI,1.6744422449733511
2022-05-02,IA,1.4114558177818466
2022-05-02,ID,1.4574057810260164
2022-05-02,IL,2.153897815390044
2022-05-02,IN,1.6317359646485499
2022-05-02,KS,1.6228139989066326
2022-05-02,KY,1.9614725565337612
2022-05-02,LA,1.5447626832066599
2022-05-02,MA,2.1951547943155663
2022-05-02,MD,1.765511434815324
2022-05-02,ME,2.1686403585140424
2022-05-02,MI,1.7209936296617325
2022-05-02,MN,1.4804947676509626
2022-05-02,MO,1.3982828748979883
2022-05-02,MS,2.3519033108901635
2022-05-02,MT,1.395679165006229
2022-05-02,NC,1.4427371375774232
2022-05-02,ND,1.437126346591419
2022-05-02,NE,2.0986154859249075
2022-05-02,NH,1.0737638198320014
2022-05-02,NJ,2.5355735378739452
2022-05-02,NM,3.788738244410509
2022-05-02,NV,2.039359516860441
2022-05-02,NY,2.284857678733024
2022-05-02,OH,2.18197629676966
2022-05-02,OK,2.0702185320348025
2022-05-02,OR,1.62025691251758
2022-05-02,PA,1.4765956334795096
2022-05-02,RI,1.5061530904205402
2022-05-02,SC,1.9812592904853543
2022-05-02,SD,1.1008408751278618
2022-05-02,TN,2.1476527988128993
2022-05-02,TX,2.1308527898658562
2022-05-02,UT,2.029383436547781
2022-05-02,VA,2.032809792781597
2022-05-02,VT,1.2778311791875678
2022-05-02,WA,2.2098493906468786
2022-05-02,WI,1.4313653082279827
2022-05-02,WV,1.4112695067175822
2022-05-02,WY,1.495201417311403
2022-05-09,AK,1.6179237829749857
2022-05-09,AL,1.7491110888405386
2022-05-09,AR,1.592126187739122
2022-05-09,AZ,1.6482864975140465
2022-05-09,CA,2.0392216141198443
2022-05-09,CO,3.349180735846904
2022-05-09,CT,2.2806936778551483
2022-05-09,DE,1.2573286171710454
2022-05-09,GA,2.1179056072004796
2022-05-09,HI,1.7328033495360389
2022-05-09,IA,1.4364931071112992
2022-05-09,ID,1.5413542322358453
2022-05-09,IL,2.1444314719659525
2022-05-09,IN,1.5395694638736344
2022-05-09,KS,1.4713692492729895
2022-05-09,KY,2.062907400379109
2022-05-09,LA,1.440098221393367
2022-05-09,MA,2.7796435040681975
2022-05-09,MD,2.072151330229742
2022-05-09,ME,2.0842800877968415
2022-05-09,MI,1.7901306236703953
2022-05-09,MN,1.4180924838722717
2022-05-09,MO,1.4619010412941793
2022-05-09,MS,2.238360452673223
2022-05-09,MT,1.2516476342129372
2022-05-09,NC,1.5500430707312105
2022-05-09,ND,1.730110488216761
2022-05-09,NE,1.9768991335022035
2022-05-09,NH,1.1355295504807468
2022-05-09,NJ,3.2380123568888823
2022-05-09,NM,3.795954537990629
2022-05-09,NV,2.256453250848659
2022-05-09,NY,2.6750353983217963
2022-05-09,OH,2.5365441614849176
2022-05-09,OK,2.1215189209525693
2022-05-09,OR,1.610483518145918
2022-05-09,PA,1.584292750544518
2022-05-09,RI,1.7892793335718382
2022-05-09,SC,1.6037227405811911
2022-05-09,SD,1.1541664469969788
2022-05-09,TN,2.0231884588752638
2022-05-09,TX,2.1591161508115557
2022-05-09,UT,2.0456803889747195
2022-05-09,VA,2.3592313243636363
2022-05-09,VT,1.2113747470031566
2022-05-09,WA,2.261816191203968
2022-05-09,WI,1.4986253434597838
2022-05-09,WV,1.2247792881648585
2022-05-09,WY,1.5861106538897602
2022-05-16,AK,1.738608470716677
2022-05-16,AL,1.7280503363733366
2022-05-16,AR,1.5224683356530886
2022-05-16,AZ,1.7877539893625618
2022-05-16,CA,2.103182828136872
2022-05-16,CO,2.9438427577618214
2022-05-16,CT,2.123153896667947
2022-05-16,DE,1.2670274063699452
2022-05-16,GA,2.4819346201294064
2022-05-16,HI,2.3031004694346056
2022-05-16,IA,1.417612502983538
2022-05-16,ID,1.4326368810687296
2022-05-16,IL,2.2154892733637306
2022-05-16,IN,1.5066971834022134
2022-05-16,KS,1.3528003164975084
2022-05-16,KY,1.712695805147714
2022-05-16,LA,1.5422539378957443
2022-05-16,MA,2.7343793494616646
2022-05-16,MD,2.1982076542971654
2022-05-16,ME,2.329554648279926
2022-05-16,MI,1.8770552288721705
2022-05-16,MN,1.4166186335288826
2022-05-16,MO,1.350048117332523
2022-05-16,MS,1.8731269639036516
2022-05-16,MT,1.2496072822983915
2022-05-16,NC,1.755664637556578
2022-05-16,ND,1.4580574422667119
2022-05-16,NE,1.9766165881348652
2022-05-16,NH,1.28455965700733
2022-05-16,NJ,3.1156749106355544
2022-05-16,NM,3.510449846868874
2022-05-16,NV,2.274107445692417
2022-05-16,NY,2.6342571539521735
2022-05-16,OH,2.4495983970736166
2022-05-16,OK,2.053047148182602
2022-05-16,OR,1.6187220673609932
2022-05-16,PA,1.5635909908374281
2022-05-16,RI,1.9074605531916649
2022-05-16,SC,1.6154764697953263
2022-05-16,SD,1.2155062867967246
2022-05-16,TN,1.9118097629529638
2022-05-16,TX,2.192680282557654
2022-05-16,UT,1.9356808728056594
2022-05-16,VA,2.4933123889528988
2022-05-16,VT,1.1630222100793886
2022-05-16,WA,2.2618705556263246
2022-05-16,WI,1.4639649695772043
2022-05-16,WV,1.225983437716305
2022-05-16,WY,1.6249676057295988
2022-05-23,AK,1.7428528594726562
2022-05-23,AL,1.5744047325948762
2022-05-23,AR,1.3783131644305247
2022-05-23,AZ,1.7028880917275497
2022-05-23,CA,2.2627921954684425
2022-05-23,CO,2.719772661678647
2022-05-23,CT,1.9374940193158305
2022-05-23,DE,1.2895668230217585
2022-05-23,GA,2.2844015008082574
2022-05-23,HI,2.2190284710165
2022-05-23,IA,1.3665744811470186
2022-05-23,ID,1.37168788937075
2022-05-23,IL,1.971081094036199
2022-05-23,IN,1.4547423079815247
2022-05-23,KS,1.4150004607320907
2022-05-23,KY,2.087832072432366
2022-05-23,LA,1.4751783216886425
2022-05-23,MA,2.008690101726477
2022-05-23,MD,1.9912113985224578
2022-05-23,ME,2.133575054884252
2022-05-23,MI,1.583770256845797
2022-05-23,MN,1.3319706611468325
2022-05-23,MO,1.3713985491490508
2022-05-23,MS,1.8860176949970797
2022-05-23,MT,1.3394396278499978
2022-05-23,NC,1.6872391407502876
2022-05-23,ND,1.5362454687908373
2022-05-23,NE,1.906687714700468
2022-05-23,NH,1.0778232997637927
2022-05-23,NJ,2.8964467678470376
2022-05-23,NM,3.317808919989257
2022-05-23,NV,2.6138677012580205
2022-05-23,NY,2.3944200824068016
2022-05-23,OH,2.2945607466766136
2022-05-23,OK,1.7140948585238265
2022-05-23,OR,1.6744577612114502
2022-05-23,PA,1.469186010464897
2022-05-23,RI,1.3098083527987219
2022-05-23,SC,1.5695660689669046
2022-05-23,SD,1.1362805741472732
2022-05-23,TN,1.8766875457718013
2022-05-23,TX,2.106205841141712
2022-05-23,UT,1.954109531280944
2022-05-23,VA,2.5212720841570606
2022-05-23,VT,1.147348043513068
2022-05-23,WA,2.2784663303969146
2022-05-23,WI,1.4198027142889442
2022-05-23,WV,1.242602615648989
2022-05-23,WY,1.573917687953317
2022-05-30,AK,1.849992905189719
2022-05-30,AL,1.6226035740061926
2022-05-30,AR,1.428258037769719
2022-05-30,AZ,1.681663365873257
2022-05-30,CA,2.1285960783072406
2022-05-30,CO,2.415954271186918
2022-05-30,CT,1.6615968498047144
2022-05-30,DE,1.2800566642269473
2022-05-30,GA,2.3404610730770434
2022-05-30,HI,1.8944944527449934
2022-05-30,IA,1.2497422197174237
2022-05-30,ID,1.4947182917060535
2022-05-30,IL,1.997814238549823
2022-05-30,IN,1.3841000765175349
2022-05-30,KS,1.3503771738452472
2022-05-30,KY,1.4726175924482559
2022-05-30,LA,1.3378391732583659
2022-05-30,MA,1.7041826939723699
2022-05-30,MD,1.9189412671740604
2022-05-30,ME,1.6714004786988301
2022-05-30,MI,1.3726740969572617
2022-05-30,MN,1.271149518002204
2022-05-30,MO,1.3399503291666208
2022-05-30,MS,2.1139451622775542
2022-05-30,MT,1.2557109017539552
2022-05-30,NC,1.5981428599525582
2022-05-30,ND,1.7709607441721316
2022-05-30,NE,1.5342536486578404
2022-05-30,NH,0.9255398388698879
2022-05-30,NJ,2.619792443188806
2022-05-30,NM,3.3035437219538144
2022-05-30,NV,2.635837014396268
2022-05-30,NY,2.4265165626800282
2022-05-30,OH,2.1352183437015277
2022-05-30,OK,1.0486263665971127
2022-05-30,OR,1.5791188572739618
2022-05-30,PA,1.3668654280503016
2022-05-30,RI,1.2630985455725021
2022-05-30,SC,1.5192338448844729
2022-05-30,SD,1.010373078306148
2022-05-30,TN,1.8604017341008228
2022-05-30,TX,1.9638589629450083
2022-05-30,UT,2.0128829786457425
2022-05-30,VA,2.3624099090469057
2022-05-30,VT,1.0054546399594515
2022-05-30,WA,2.2633920924508213
2022-05-30,WI,1.3142593092447876
2022-05-30,WV,1.1604468615425427
2022-05-30,WY,1.4400627703386297
2022-06-06,AK,1.6334367287846763
2022-06-06,AL,1.494124283652385
2022-06-06,AR,1.4102198631224474
2022-06-06,AZ,1.559888117972653
2022-06-06,CA,2.2581653434022213
2022-06-06,CO,2.268259852389942
2022-06-06,CT,1.6810397323007518
2022-06-06,DE,1.398684670806869
2022-06-06,GA,2.3575522022885886
2022-06-06,HI,1.8713060302015956
2022-06-06,IA,1.1733297022907005
2022-06-06,ID,1.3652953028558397
2022-06-06,IL,1.9500080562417552
2022-06-06,IN,1.4891387584862392
2022-06-06,KS,1.461303880027406
2022-06-06,KY,1.6265004368029308
2022-06-06,LA,1.548721922209739
2022-06-06,MA,1.4920524785255442
2022-06-06,MD,1.8722049879743365
2022-06-06,ME,1.354421378516251
2022-06-06,MI,1.2615648014922105
2022-06-06,MN,1.3153384000216137
2022-06-06,MO,1.2441471614097819
2022-06-06,MS,2.017324511228451
2022-06-06,MT,1.292132266838841
2022-06-06,NC,1.7612033908394975
2022-06-06,ND,1.403382752628649
2022-06-06,NE,1.9254542131294723
2022-06-06,NH,0.7240213398377995
2022-06-06,NJ,2.854294848342068
2022-06-06,NM,3.0061487548349377
2022-06-06,NV,2.7474375732797753
2022-06-06,NY,2.0539509011798165
2022-06-06,OH,2.0801117996052616
2022-06-06,OK,0.9571060631750565
2022-06-06,OR,1.6088680056310483
2022-06-06,PA,1.3127996047053763
2022-06-06,RI,1.0762757739674031
2022-06-06,SC,2.044932001833172
2022-06-06,SD,1.0751979875389623
2022-06-06,TN,1.8488400448856657
2022-06-06,TX,2.2424342635887315
2022-06-06,UT,1.9951984416962008
2022-06-06,VA,2.3807979673152655
2022-06-06,VT,1.1094916367531464
2022-06-06,WA,2.0862997251604147
2022-06-06,WI,1.2745996746321007
2022-06-06,WV,1.3799890548299407
2022-06-06,WY,1.477940245811976
2022-06-13,AK,1.3808844669667897
2022-06-13,AL,1.3749031201613875
2022-06-13,AR,1.1843093453688924
2022-06-13,AZ,1.3533639412359237
2022-06-13,CA,1.8873865442008722
2022-06-13,CO,1.582746751900872
2022-06-13,CT,1.4633838991115935
2022-06-13,DE,1.2012783032646785
2022-06-13,GA,1.83677438219779
2022-06-13,HI,1.7541756509643682
2022-06-13,IA,1.127304339128811
2022-06-13,ID,1.1343853349164943
2022-06-13,IL,1.6364853217128645
2022-06-13,IN,1.190675713716871
2022-06-13,KS,1.0371691648168184
2022-06-13,KY,1.3687207294941084
2022-06-13,LA,1.1706832579031938
2022-06-13,MA,1.3075837628892817
2022-06-13,MD,1.924996274178019
2022-06-13,ME,1.3050998466217028
2022-06-13,MI,1.1365658607645024
2022-06-13,MN,1.1269161432226036
2022-06-13,MO,1.16569312485845
2022-06-13,MS,1.6233397669348308
2022-06-13,MT,1.1617396512082543
2022-06-13,NC,1.443318726309334
2022-06-13,ND,1.6607684737056538
2022-06-13,NE,1.4469711326442654
2022-06-13,NH,0.5835818245117446
2022-06-13,NJ,2.4307299943824723
2022-06-13,NM,2.6986371542568306
2022-06-13,NV,2.1997153328097587
2022-06-13,NY,2.1162110643873313
2022-06-13,OH,1.7474192521076808
2022-06-13,OK,0.9943601256736339
2022-06-13,OR,1.3166249613326901
2022-06-13,PA,1.169658492404262
2022-06-13,RI,0.885678382939106
2022-06-13,SC,1.3312131487525882
2022-06-13,SD,0.9061660333081321
2022-06-13,TN,1.382397463745979
2022-06-13,TX,2.0646327131169055
2022-06-13,UT,1.7896911775052096
2022-06-13,VA,2.0366562910838826
2022-06-13,VT,0.9831621016604516
2022-06-13,WA,1.748118464897681
2022-06-13,WI,1.1404419878161849
2022-06-13,WV,1.0037958141968408
2022-06-13,WY,1.3607645200202265
2022-06-20,AK,0.8907844942705843
2022-06-20,AL,1.4335438692913787
2022-06-20,AR,1.1720487748507167
2022-06-20,AZ,1.2804354120330688
2022-06-20,CA,1.7999783600453023
2022-06-20,CO,1.429818944474223
2022-06-20,CT,1.3636779775814882
2022-06-20,DE,1.0783040577831025
2022-06-20,GA,1.917375292110301
2022-06-20,HI,1.9733425435010536
2022-06-20,IA,1.0872057790902474
2022-06-20,ID,1.123116778151632
2022-06-20,IL,1.4257589181529982
2022-06-20,IN,1.0770594884058564
2022-06-20,KS,1.1526494976211785
2022-06-20,KY,1.183288236122809
2022-06-20,LA,1.2103438502260446
2022-06-20,MA,1.238806293439374
2022-06-20,MD,1.6007727325098942
2022-06-20,ME,1.1238109022697658
2022-06-20,MI,1.0155479346401672
2022-06-20,MN,0.9921289560194613
2022-06-20,MO,1.128612709472776
2022-06-20,MS,2.238738517025147
2022-06-20,MT,1.0455154219348268
2022-06-20,NC,1.3248551138797462
2022-06-20,ND,1.1279427761922447
2022-06-20,NE,1.2052261664198114
2022-06-20,NH,0.6310333239125291
2022-06-20,NJ,2.582436229785463
2022-06-20,NM,2.439150749937619
2022-06-20,NV,2.027343623543153
2022-06-20,NY,1.9749008208897045
2022-06-20,OH,1.6171094455031167
2022-06-20,OK,1.640079623600422
2022-06-20,OR,1.3359278970012634
2022-06-20,PA,1.0490841471691097
2022-06-20,RI,0.9321562916297528
2022-06-20,SC,1.2063020044241517
2022-06-20,SD,0.844670999827229
2022-06-20,TN,1.445007879915841
2022-06-20,TX,1.949796162319938
2022-06-20,UT,1.6059912018531537
2022-06-20,VA,1.9668268146327121
2022-06-20,VT,0.9785106272781894
2022-06-20,WA,1.6241328656569167
2022-06-20,WI,1.0172458917243326
2022-06-20,WV,0.9131823688878159
2022-06-20,WY,1.573242513252707
2022-06-27,AK,1.0230184016189985
2022-06-27,AL,1.4463355405525076
2022-06-27,AR,1.1571299439024973
2022-06-27,AZ,1.2353345183070443
2022-06-27,CA,1.7312944173712892
2022-06-27,CO,1.275183257231994
2022-06-27,CT,1.4308639322910506
2022-06-27,DE,0.9526721814186423
2022-06-27,GA,1.8521301630506035
2022-06-27,HI,2.095692818827363
2022-06-27,IA,1.0201275121462725
2022-06-27,ID,1.113462454647118
2022-06-27,IL,1.3598948768436352
2022-06-27,IN,1.123512635476296
2022-06-27,KS,0.9269429522793732
2022-06-27,KY,1.2131585706453338
2022-06-27,LA,1.178857255973182
2022-06-27,MA,1.138525198823061
2022-06-27,MD,1.628131943712157
2022-06-27,ME,1.0268520584646064
2022-06-27,MI,0.9376311892708762
2022-06-27,MN,0.9806813586002462
2022-06-27,MO,1.1016275652645109
2022-06-27,MS,1.7012462934450174
2022-06-27,MT,0.9396181634656517
2022-06-27,NC,1.3033928138246256
2022-06-27,ND,1.0333181229758792
2022-06-27,NE,1.3996499237406965
2022-06-27,NH,0.6177284428068356
2022-06-27,NJ,2.5604461091961253
2022-06-27,NM,2.2013524998035443
2022-06-27,NV,1.8228063108968406
2022-06-27,NY,1.889770725124261
2022-06-27,OH,1.5838153712153344
2022-06-27,OK,1.3520365696254606
2022-06-27,OR,1.3481014656517876
2022-06-27,PA,0.9938655904322
2022-06-27,RI,0.8540221963607317
2022-06-27,SC,1.124413047570017
2022-06-27,SD,0.8893911572738276
2022-06-27,TN,1.4341293107943032
2022-06-27,TX,1.7732353858134249
2022-06-27,UT,1.5268196602295354
2022-06-27,VA,2.0300363361997342
2022-06-27,VT,0.854723398612936
2022-06-27,WA,1.6415317045276505
2022-06-27,WI,0.956782578663319
2022-06-27,WV,0.8684989222916059
2022-06-27,WY,1.0209467460821822
2022-07-04,AK,0.6575822974033894
2022-07-04,AL,1.4500923775468237
2022-07-04,AR,1.1895927511479631
2022-07-04,AZ,1.1463560584742782
2022-07-04,CA,1.5805976896628313
2022-07-04,CO,1.2773387660441358
2022-07-04,CT,1.2874777428570718
2022-07-04,DE,0.8861362164757958
2022-07-04,GA,1.9251553667988883
2022-07-04,HI,1.6598030567047717
2022-07-04,IA,0.9019962136391502
2022-07-04,ID,0.9986518833208042
2022-07-04,IL,1.3590969939131785
2022-07-04,IN,1.12802261076064
2022-07-04,KS,1.1071446043065425
2022-07-04,KY,1.2223856242311473
2022-07-04,LA,1.2941310116638292
2022-07-04,MA,1.0761486043967836
2022-07-04,MD,1.5106423350501483
2022-07-04,ME,0.9217673412967475
2022-07-04,MI,0.9041036676147992
2022-07-04,MN,1.032486679783001
2022-07-04,MO,1.046267840856377
2022-07-04,MS,2.0856227836348715
2022-07-04,MT,0.9484529417006542
2022-07-04,NC,1.1534582624283773
2022-07-04,ND,0.969789994708607
2022-07-04,NE,1.2783899905255214
2022-07-04,NH,0.5876955675406449
2022-07-04,NJ,2.141751717659877
2022-07-04,NM,2.2960278718897538
2022-07-04,NV,1.8799708049216743
2022-07-04,NY,1.886362530309483
2022-07-04,OH,1.5307403801359798
2022-07-04,OK,1.13791391946333
2022-07-04,OR,1.1334724726529326
2022-07-04,PA,0.9345318137342888
2022-07-04,RI,0.8387378287948593
2022-07-04,SC,1.286719014898513
2022-07-04,SD,0.7797995532126742
2022-07-04,TN,1.3251846546899269
2022-07-04,TX,1.9294617947096455
2022-07-04,UT,0.5637653606171384
2022-07-04,VA,1.6766812329531846
2022-07-04,VT,0.7789362941058344
2022-07-04,WA,1.3231634301381858
2022-07-04,WI,0.9678843468839007
2022-07-04,WV,0.9113188379998081
2022-07-04,WY,1.0098450116271303
2022-07-11,AK,0.9436200714594116
2022-07-11,AL,1.5602001127979683
2022-07-11,AR,1.348428963578955
2022-07-11,AZ,1.2227950557262668
2022-07-11,CA,1.6904308412184639
2022-07-11,CO,1.1701631369410497
2022-07-11,CT,1.2102451403522618
2022-07-11,DE,0.8934321497993879
2022-07-11,GA,2.0484927581230035
2022-07-11,HI,1.8130510862087417
2022-07-11,IA,1.0359055633678926
2022-07-11,ID,1.131676430300415
2022-07-11,IL,1.3953313200125645
2022-07-11,IN,1.077781561446884
2022-07-11,KS,1.0618936098795324
2022-07-11,KY,1.2423935008167537
2022-07-11,LA,1.2241753289696296
2022-07-11,MA,1.1179194224220876
2022-07-11,MD,1.4595322499683108
2022-07-11,ME,0.9123168161958268
2022-07-11,MI,0.9196997751834293
2022-07-11,MN,1.0362009471961282
2022-07-11,MO,1.1987267021899197
2022-07-11,MS,2.1486383477733586
2022-07-11,MT,0.9639452533797506
2022-07-11,NC,1.2858763271517395
2022-07-11,ND,1.1560757275321594
2022-07-11,NE,1.2891558895399924
2022-07-11,NH,0.8986345976828951
2022-07-11,NJ,2.146501090053187
2022-07-11,NM,2.2448353233600025
2022-07-11,NV,1.8321240454181842
2022-07-11,NY,1.7473768828014438
2022-07-11,OH,1.5826170555352057
2022-07-11,OK,1.1300801063524435
2022-07-11,OR,1.161619958044227
2022-07-11,PA,0.9637363102623224
2022-07-11,RI,0.7476006318525836
2022-07-11,SC,1.1130622094373477
2022-07-11,SD,0.8120015604695617
2022-07-11,TN,1.346280364828683
2022-07-11,TX,2.117708380722628
2022-07-11,UT,1.5194953987077686
2022-07-11,VA,1.8213258250768871
2022-07-11,VT,0.7977087454001898
2022-07-11,WA,1.2529626479834324
2022-07-11,WI,0.9132733998501719
2022-07-11,WV,1.0081474001188049
2022-07-11,WY,1.1887632892157596
2022-07-18,AK,0.9226191480127122
2022-07-18,AL,1.524358623002524
2022-07-18,AR,1.1733472008192378
2022-07-18,AZ,1.1749749093353326
2022-07-18,CA,1.5325385172530348
2022-07-18,CO,1.0815555816294022
2022-07-18,CT,1.0696462199433001
2022-07-18,DE,0.8488005632115679
2022-07-18,GA,1.8877176356754286
2022-07-18,HI,1.434426362387232
2022-07-18,IA,0.8736399920835938
2022-07-18,ID,0.9963443466239039
2022-07-18,IL,1.3403160154566813
2022-07-18,IN,0.9984352756415213
2022-07-18,KS,0.902366143661061
2022-07-18,KY,1.1975914332515374
2022-07-18,LA,1.0738208080665426
2022-07-18,MA,0.8763519127272172
2022-07-18,MD,1.3966081017625602
2022-07-18,ME,0.9280953448655671
2022-07-18,MI,0.8598789642699088
2022-07-18,MN,0.9615075159667645
2022-07-18,MO,1.089725295514116
2022-07-18,MS,1.9862585214451443
2022-07-18,MT,0.8578191017511604
2022-07-18,NC,1.1776834509988623
2022-07-18,ND,1.0566944710478512
2022-07-18,NE,1.4154708231106585
2022-07-18,NH,0.4884780448429121
2022-07-18,NJ,2.054849109499207
2022-07-18,NM,2.3188609260284614
2022-07-18,NV,1.460388264240288
2022-07-18,NY,1.530930683149754
2022-07-18,OH,1.576228555605701
2022-07-18,OK,0.9161757596200801
2022-07-18,OR,0.8272811441552363
2022-07-18,PA,0.9747601225118827
2022-07-18,RI,0.6789457986985388
2022-07-18,SC,1.0472984956567115
2022-07-18,SD,0.7802066176699749
2022-07-18,TN,1.2392672964153184
2022-07-18,TX,1.8523096816408755
2022-07-18,UT,1.3233683457790115
2022-07-18,VA,1.6222702836232255
2022-07-18,VT,0.7096216212424546
2022-07-18,WA,1.154024506117026
2022-07-18,WI,0.8681059560883956
2022-07-18,WV,0.8320307059998908
2022-07-18,WY,1.0026350190035338
2022-07-25,AK,1.2561079102931716
2022-07-25,AL,1.213773591106368
2022-07-25,AR,1.1529330150842667
2022-07-25,AZ,1.1223654826621268
2022-07-25,CA,1.47165693104056
2022-07-25,CO,1.0650287114249442
2022-07-25,CT,1.1908528543087802
2022-07-25,DE,0.8189309282514068
2022-07-25,GA,2.030614348108383
2022-07-25,HI,1.799036579103156
2022-07-25,IA,0.9561099795490603
2022-07-25,ID,0.9225677447848779
2022-07-25,IL,1.4276029444713414
2022-07-25,IN,1.0664532334729149
2022-07-25,KS,0.9239433034249779
2022-07-25,KY,1.3430618855537335
2022-07-25,LA,1.093592285405735
2022-07-25,MA,1.0127792606168746
2022-07-25,MD,1.3965488556808654
2022-07-25,ME,0.8210395406975601
2022-07-25,MI,0.830903385070175
2022-07-25,MN,0.9411208056528484
2022-07-25,MO,1.0878474865582355
2022-07-25,MS,1.767491028399541
2022-07-25,MT,0.9285222074535019
2022-07-25,NC,1.224093646727172
2022-07-25,ND,1.0310702019303113
2022-07-25,NE,1.358782640958126
2022-07-25,NH,0.5127096569216358
2022-07-25,NJ,2.008717756024887
2022-07-25,NM,2.2084472238244457
2022-07-25,NV,1.5262077095854032
2022-07-25,NY,1.5450984192849428
2022-07-25,OH,1.5938779464409345
2022-07-25,OK,0.9734762543806379
2022-07-25,OR,0.9863741656111463
2022-07-25,PA,0.9386693821020025
2022-07-25,RI,0.7397774922047118
2022-07-25,SC,1.0589256242589178
2022-07-25,SD,0.7414956159742881
2022-07-25,TN,1.295068247851133
2022-07-25,TX,1.9635789543578757
2022-07-25,UT,1.422372986333271
2022-07-25,VA,1.7325160416644334
2022-07-25,VT,0.7736104713702978
2022-07-25,WA,1.0210268910405298
2022-07-25,WI,0.889673725610439
2022-07-25,WV,0.8369783846002498
2022-07-25,WY,0.8570947327291856
2022-08-01,AK,1.169977221714475
2022-08-01,AL,1.463993930278035
2022-08-01,AR,1.1348387394271835
2022-08-01,AZ,0.9878531401459724
2022-08-01,CA,1.4424024441624494
2022-08-01,CO,1.0433102996717658
2022-08-01,CT,1.215554629008955
2022-08-01,DE,0.9137977595476059
2022-08-01,GA,1.9492692744904456
2022-08-01,HI,1.4670504764391716
2022-08-01,IA,0.9588400251672361
2022-08-01,ID,0.8660734813351221
2022-08-01,IL,1.3630440177576761
2022-08-01,IN,1.19767352509399
2022-08-01,KS,1.2536866428994407
2022-08-01,KY,1.2633266776792254
2022-08-01,LA,1.188013162776215
2022-08-01,MA,0.9910178788289646
2022-08-01,MD,1.518198222518309
2022-08-01,ME,0.948296215157999
2022-08-01,MI,0.8728493642382094
2022-08-01,MN,1.0190272520588688
2022-08-01,MO,1.0798015307375621
2022-08-01,MS,1.9207817486556427
2022-08-01,MT,1.0103542976790774
2022-08-01,NC,1.2615744958460795
2022-08-01,ND,1.3377197851487979
2022-08-01,NE,1.5607205650285594
2022-08-01,NH,0.5708256189842247
2022-08-01,NJ,2.362758723323457
2022-08-01,NM,2.132490737440081
2022-08-01,NV,1.368112468464781
2022-08-01,NY,1.679088107169131
2022-08-01,OH,1.6369646266997209
2022-08-01,OK,0.8181791982303339
2022-08-01,OR,1.0262275728870973
2022-08-01,PA,0.9700738081280875
2022-08-01,RI,0.8320089376589095
2022-08-01,SC,1.2754784192129025
2022-08-01,SD,0.7385970557545534
2022-08-01,TN,1.2721579040348638
2022-08-01,TX,1.9741149339569208
2022-08-01,UT,1.426202282315399
2022-08-01,VA,1.753227513621923
2022-08-01,VT,0.7255804408143552
2022-08-01,WA,1.0420229611743204
2022-08-01,WI,0.8906675842948568
2022-08-01,WV,0.9818049427353208
2022-08-01,WY,0.8450583741317034
2022-08-08,AK,0.9549961359491108
2022-08-08,AL,1.2678784382883084
2022-08-08,AR,1.0929964199019404
2022-08-08,AZ,1.1318248321798379
2022-08-08,CA,1.2874575681187355
2022-08-08,CO,1.100068232530377
2022-08-08,CT,1.262516390885718
2022-08-08,DE,0.806123771917501
2022-08-08,GA,1.8816909854839574
2022-08-08,HI,1.5217336026241155
2022-08-08,IA,0.9796420295749327
2022-08-08,ID,0.9556105703111016
2022-08-08,IL,1.3880897831663976
2022-08-08,IN,1.0118834700161037
2022-08-08,KS,0.8937506734866825
2022-08-08,KY,1.1097252519549383
2022-08-08,LA,1.0053331707475834
2022-08-08,MA,0.9396571409409732
2022-08-08,MD,1.4237195634406048
2022-08-08,ME,0.8697831793182564
2022-08-08,MI,0.8494449146912557
2022-08-08,MN,0.9364275882084481
2022-08-08,MO,0.9736656683878586
2022-08-08,MS,1.7710941881991973
2022-08-08,MT,0.7679512119323961
2022-08-08,NC,1.2018316260933575
2022-08-08,ND,1.2687548580842103
2022-08-08,NE,1.4542604981966698
2022-08-08,NH,0.650729650417062
2022-08-08,NJ,2.0646775155401365
2022-08-08,NM,1.8785918131967478
2022-08-08,NV,1.1960890953546572
2022-08-08,NY,1.4884962041840382
2022-08-08,OH,1.612911447497894
2022-08-08,OK,0.8796593065222882
2022-08-08,OR,0.8338422468498442
2022-08-08,PA,0.9709242256948134
2022-08-08,RI,0.6719088485297791
2022-08-08,SC,0.8654294835209789
2022-08-08,SD,0.7073698113131485
2022-08-08,TN,1.2528062673363893
2022-08-08,TX,1.5816052385268007
2022-08-08,UT,1.2092948597983941
2022-08-08,VA,1.6357746814293574
2022-08-08,VT,0.737617590265396
2022-08-08,WA,0.9908056845919795
2022-08-08,WI,0.8317498904736103
2022-08-08,WV,0.8092491912761894
2022-08-08,WY,0.9568807116013004
2022-08-15,AK,1.1585205272277908
2022-08-15,AL,1.3970800722468295
2022-08-15,AR,1.0461052155646486
2022-08-15,AZ,0.983889678827244
2022-08-15,CA,1.2820855810074847
2022-08-15,CO,1.0256839343256297
2022-08-15,CT,1.161637341718195
2022-08-15,DE,0.8240050765304988
2022-08-15,GA,2.433459424784372
2022-08-15,HI,1.43274131365538
2022-08-15,IA,0.9544336690585514
2022-08-15,ID,0.8520072339046376
2022-08-15,IL,1.3668272673380844
2022-08-15,IN,1.234837627907837
2022-08-15,KS,0.8955692050752324
2022-08-15,KY,1.1836768557358144
2022-08-15,LA,1.0255907618611726
2022-08-15,MA,0.9813321876727246
2022-08-15,MD,1.3227271679596844
2022-08-15,ME,0.8535286228153135
2022-08-15,MI,0.8426624785440913
2022-08-15,MN,0.9296950021180755
2022-08-15,MO,0.9974753464515201
2022-08-15,MS,1.7044657704439707
2022-08-15,MT,0.8452059963144207
2022-08-15,NC,1.0947123465497848
2022-08-15,ND,1.0421441993600424
2022-08-15,NE,1.2854325542677323
2022-08-15,NH,0.4840041081990746
2022-08-15,NJ,2.0858595154182256
2022-08-15,NM,2.0619634357356906
2022-08-15,NV,1.1671073862453645
2022-08-15,NY,1.5143030498153816
2022-08-15,OH,1.534991334564561
2022-08-15,OK,0.8786628267642917
2022-08-15,OR,0.8106051080064589
2022-08-15,PA,0.9358004284603603
2022-08-15,RI,0.6446892154982893
2022-08-15,SC,0.9724858912463885
2022-08-15,SD,0.6840643679547977
2022-08-15,TN,1.4317393936409493
2022-08-15,TX,1.5842871243871008
2022-08-15,UT,1.2941689609641673
2022-08-15,VA,1.6051027257905273
2022-08-15,VT,0.684359536068326
2022-08-15,WA,0.9423998754449985
2022-08-15,WI,0.8479738781593291
2022-08-15,WV,0.7895267272276909
2022-08-15,WY,1.0925451112045743
2022-08-22,AK,1.2107398954335595
2022-08-22,AL,1.5806891605083864
2022-08-22,AR,1.0958177770779238
2022-08-22,AZ,1.1582059941927028
2022-08-22,CA,1.3745123794015799
2022-08-22,CO,1.1692938590511701
2022-08-22,CT,1.1930949257766175
2022-08-22,DE,0.8180188903758479
2022-08-22,GA,2.9446762777537945
2022-08-22,HI,1.737694115906418
2022-08-22,IA,0.9286506774621173
2022-08-22,ID,0.8789813995236417
2022-08-22,IL,1.3451911887686814
2022-08-22,IN,1.2576613554123273
2022-08-22,KS,0.8952966287574051
2022-08-22,KY,1.5634177106091873
2022-08-22,LA,1.1396067947075998
2022-08-22,MA,1.029725958592628
2022-08-22,MD,1.3985402405057397
2022-08-22,ME,0.9825351115150343
2022-08-22,MI,0.8671630783054416
2022-08-22,MN,0.9526234475381724
2022-08-22,MO,1.0797153967160227
2022-08-22,MS,2.116601254237839
2022-08-22,MT,0.8420432172507233
2022-08-22,NC,1.2507038327996503
2022-08-22,ND,1.1225250840857552
2022-08-22,NE,1.637534175228056
2022-08-22,NH,0.5110965238556192
2022-08-22,NJ,1.7806000769876746
2022-08-22,NM,2.4157942194157163
2022-08-22,NV,1.3396954003799095
2022-08-22,NY,1.4557082979602805
2022-08-22,OH,1.6844096992107478
2022-08-22,OK,1.0175166492715824
2022-08-22,OR,0.8728567493781725
2022-08-22,PA,0.9428412120718768
2022-08-22,RI,0.6534578106308021
2022-08-22,SC,0.9524275437850815
2022-08-22,SD,0.8534399962943435
2022-08-22,TN,1.5963817711048713
2022-08-22,TX,1.9166687221166294
2022-08-22,UT,1.3855272380654506
2022-08-22,VA,1.7597335888483365
2022-08-22,VT,0.803631835941929
2022-08-22,WA,1.0203370012554358
2022-08-22,WI,0.8706123044260038
2022-08-22,WV,0.9323240181554754
2022-08-22,WY,0.956346393136299
2022-08-29,AK,1.4768184148568433
2022-08-29,AL,2.005813626499429
2022-08-29,AR,1.3493787549779417
2022-08-29,AZ,1.163870469825016
2022-08-29,CA,1.624233810824018
2022-08-29,CO,1.8792298284525812
2022-08-29,CT,1.2636913887906829
2022-08-29,DE,0.9105054839926032
2022-08-29,GA,2.6196931689427085
2022-08-29,HI,1.5230294245824867
2022-08-29,IA,0.9277352593515686
2022-08-29,ID,1.1171856590684495
2022-08-29,IL,1.6587613078009837
2022-08-29,IN,1.313188641246993
2022-08-29,KS,1.0460890155532183
2022-08-29,KY,1.6324686737978968
2022-08-29,LA,1.4654789685830525
2022-08-29,MA,1.0907583385818638
2022-08-29,MD,1.374145648180741
2022-08-29,ME,1.0080990782692563
2022-08-29,MI,0.9144717230230885
2022-08-29,MN,1.007948150062034
2022-08-29,MO,1.1087139946823714
2022-08-29,MS,2.6427417157991195
2022-08-29,MT,0.8881016734742594
2022-08-29,NC,1.2549354095545096
2022-08-29,ND,1.4616228276827938
2022-08-29,NE,1.7795389936542585
2022-08-29,NH,0.6666937608588569
2022-08-29,NJ,2.007911716602621
2022-08-29,NM,2.7451899270766518
2022-08-29,NV,1.3743188657633545
2022-08-29,NY,1.535503881941132
2022-08-29,OH,1.6734088292392943
2022-08-29,OK,0.9584274974558247
2022-08-29,OR,0.8986696356402772
2022-08-29,PA,1.0173753014125457
2022-08-29,RI,0.8435980184863605
2022-08-29,SC,1.1939751372961642
2022-08-29,SD,0.8245438633348001
2022-08-29,TN,1.9504954067804123
2022-08-29,TX,2.7089692724899876
2022-08-29,UT,1.6671684819218473
2022-08-29,VA,1.83219386704349
2022-08-29,VT,0.8693982195043028
2022-08-29,WA,1.0157518801738452
2022-08-29,WI,0.9603326819176363
2022-08-29,WV,1.016731574816749
2022-08-29,WY,1.0202916804531725
2022-09-05,AK,0.9978334945047673
2022-09-05,AL,1.7509746946273248
2022-09-05,AR,1.5709770558950968
2022-09-05,AZ,1.1849645769462143
2022-09-05,CA,1.7529739530728106
2022-09-05,CO,1.9406124836141296
2022-09-05,CT,1.2538278438828405
2022-09-05,DE,1.7168309249286013
2022-09-05,GA,2.653297331277464
2022-09-05,HI,1.9557782573687987
2022-09-05,IA,1.1392507257458988
2022-09-05,ID,1.1410355962833176
2022-09-05,IL,1.8412579121922101
2022-09-05,IN,1.4277316215341092
2022-09-05,KS,1.250111926520042
2022-09-05,KY,1.7022974798171258
2022-09-05,LA,1.747404312450804
2022-09-05,MA,1.0898504151838553
2022-09-05,MD,1.4856140651263716
2022-09-05,ME,1.0541628603988922
2022-09-05,MI,1.0226569833090455
2022-09-05,MN,1.1191749016549606
2022-09-05,MO,1.3938744628606323
2022-09-05,MS,2.703447853113181
2022-09-05,MT,1.023477071577018
2022-09-05,NC,1.3557273440812634
2022-09-05,ND,1.370065003509299
2022-09-05,NE,1.955760208528239
2022-09-05,NH,0.6450574869672424
2022-09-05,NJ,2.020205466288192
2022-09-05,NM,2.682927240889463
2022-09-05,NV,1.3787012965159535
2022-09-05,NY,1.3305712721505536
2022-09-05,OH,1.7871517973891025
2022-09-05,OK,1.1086743246075665
2022-09-05,OR,1.0059967694802066
2022-09-05,PA,1.3274220873811218
2022-09-05,RI,1.0566422232972277
2022-09-05,SC,1.7909689833814566
2022-09-05,SD,0.9245927827282553
2022-09-05,TN,1.8275124031608752
2022-09-05,TX,3.052081305671187
2022-09-05,UT,1.7527214036573064
2022-09-05,VA,1.8872956704919108
2022-09-05,VT,0.9835254724136793
2022-09-05,WA,1.0275670579017535
2022-09-05,WI,1.0488075140739674
2022-09-05,WV,1.1189978746673854
2022-09-05,WY,1.249204262083583
2022-09-12,AK,1.5347103876903425
2022-09-12,AL,1.8823710246928504
2022-09-12,AR,1.616774078776683
2022-09-12,AZ,1.2038048339587348
2022-09-12,CA,1.7107092431908546
2022-09-12,CO,1.586982432412968
2022-09-12,CT,1.5269516785824546
2022-09-12,DE,1.235021303566696
2022-09-12,GA,2.769855747908105
2022-09-12,HI,2.110174931316905
2022-09-12,IA,1.1327235580352677
2022-09-12,ID,1.1823569894950055
2022-09-12,IL,1.8693866023264099
2022-09-12,IN,1.3645084296272803
2022-09-12,KS,1.152199332806414
2022-09-12,KY,1.677085480136189
2022-09-12,LA,1.6045528987757143
2022-09-12,MA,1.2743149088055634
2022-09-12,MD,1.7506307318556549
2022-09-12,ME,1.2708693211127406
2022-09-12,MI,1.1143396750449506
2022-09-12,MN,1.1330457602433037
2022-09-12,MO,1.5008343139338227
2022-09-12,MS,2.6512834874741875
2022-09-12,MT,1.0100655333306876
2022-09-12,NC,1.615580003455992
2022-09-12,ND,1.3999753762157616
2022-09-12,NE,2.0884869399003394
2022-09-12,NH,0.7497110157606774
2022-09-12,NJ,2.082046646245792
2022-09-12,NM,2.3700857230491317
2022-09-12,NV,1.3996777695452365
2022-09-12,NY,1.5996002038135604
2022-09-12,OH,2.015026810826176
2022-09-12,OK,1.1950646386493622
2022-09-12,OR,1.070267644024474
2022-09-12,PA,1.259145735026386
2022-09-12,RI,0.7776916626764311
2022-09-12,SC,1.3712641636185774
2022-09-12,SD,1.050830495852544
2022-09-12,TN,2.1082926120974586
2022-09-12,TX,2.932897908845175
2022-09-12,UT,1.9398368197202098
2022-09-12,VA,2.014612391037727
2022-09-12,VT,0.9285090761491586
2022-09-12,WA,1.2632543680913209
2022-09-12,WI,1.1008932666608024
2022-09-12,WV,1.0753912694443812
2022-09-12,WY,1.3795240981283157
2022-09-19,AK,1.3949375199377543
2022-09-19,AL,1.7100623674541453
2022-09-19,AR,1.6276010670898158
2022-09-19,AZ,1.1403239498693112
2022-09-19,CA,1.7043369743109962
2022-09-19,CO,1.8684521439464346
2022-09-19,CT,1.7622159206906167
2022-09-19,DE,1.05619295303776
2022-09-19,GA,2.6523803548408695
2022-09-19,HI,2.3157447100688913
2022-09-19,IA,1.1561997661850574
2022-09-19,ID,1.1754409512491555
2022-09-19,IL,1.7137854608125063
2022-09-19,IN,1.3345774444514418
2022-09-19,KS,0.9846455435769751
2022-09-19,KY,1.7673075641675668
2022-09-19,LA,1.615132335392489
2022-09-19,MA,1.4455178319252062
2022-09-19,MD,1.9246188420220491
2022-09-19,ME,1.3708873910783363
2022-09-19,MI,1.1984872112050808
2022-09-19,MN,1.2111061265476548
2022-09-19,MO,1.436066415583376
2022-09-19,MS,2.2069274478853433
2022-09-19,MT,1.0714571262277988
2022-09-19,NC,1.604761577022284
2022-09-19,ND,1.7918699515601466
2022-09-19,NE,1.8790176907799132
2022-09-19,NH,0.8805288392180046
2022-09-19,NJ,2.637721160039166
2022-09-19,NM,2.1225929914782737
2022-09-19,NV,1.419889364438597
2022-09-19,NY,2.151728939523024
2022-09-19,OH,1.9932756498455426
2022-09-19,OK,1.1940455334972433
2022-09-19,OR,1.100982377533562
2022-09-19,PA,1.3794749465971456
2022-09-19,RI,1.1335397558051066
2022-09-19,SC,1.4144213211597103
2022-09-19,SD,1.0776162793342519
2022-09-19,TN,2.011989254056746
2022-09-19,TX,2.8753722797300907
2022-09-19,UT,1.6983493290114078
2022-09-19,VA,2.1905470666094344
2022-09-19,VT,1.0163779004777909
2022-09-19,WA,1.402255360163002
2022-09-19,WI,1.1817679628569597
2022-09-19,WV,1.295125374882233
2022-09-19,WY,1.2794512955988515
2022-09-26,AK,1.6590032725950032
2022-09-26,AL,1.994277939261575
2022-09-26,AR,1.640468778242858
2022-09-26,AZ,1.212757360269809
2022-09-26,CA,1.9150607120614378
2022-09-26,CO,1.8892645857277208
2022-09-26,CT,1.773331643251491
2022-09-26,DE,1.1767258688206779
2022-09-26,GA,3.492957446958415
2022-09-26,HI,2.4340369197047145
2022-09-26,IA,1.144492402211669
2022-09-26,ID,1.1489079316719197
2022-09-26,IL,1.9183253519471144
2022-09-26,IN,1.6533079491232079
2022-09-26,KS,1.3214660885350429
2022-09-26,KY,1.8280930770360753
2022-09-26,LA,1.882282024996797
2022-09-26,MA,1.5308932450793078
2022-09-26,MD,2.1120747792281938
2022-09-26,ME,1.5201559765957393
2022-09-26,MI,1.3021170169113376
2022-09-26,MN,1.3082858014005108
2022-09-26,MO,1.3652919220412834
2022-09-26,MS,2.3472131458193566
2022-09-26,MT,1.1845751459885985
2022-09-26,NC,1.9015982284959305
2022-09-26,ND,1.9944081970520529
2022-09-26,NE,1.8097420401169564
2022-09-26,NH,0.7691781127286508
2022-09-26,NJ,2.674349122716443
2022-09-26,NM,2.214653634660795
2022-09-26,NV,1.5289682266453786
2022-09-26,NY,2.3673875930508532
2022-09-26,OH,2.039745485113041
2022-09-26,OK,1.1986615890320556
2022-09-26,OR,1.2841968204751848
2022-09-26,PA,1.4436854948640994
2022-09-26,RI,1.193567081083783
2022-09-26,SC,1.5568142516739056
2022-09-26,SD,1.1446878777821035
2022-09-26,TN,2.5446613938751077
2022-09-26,TX,3.5934702748849996
2022-09-26,UT,1.7660926698779833
2022-09-26,VA,2.403989177761472
2022-09-26,VT,1.1109180676140824
2022-09-26,WA,1.5338206346478498
2022-09-26,WI,1.3418065303495195
2022-09-26,WV,1.3676338547476292
2022-09-26,WY,1.3250459377674555
2022-10-03,AK,1.5876201890653048
2022-10-03,AL,2.334014846143214
2022-10-03,AR,1.771294610676089
2022-10-03,AZ,1.349375699875862
2022-10-03,CA,1.989755044775634
2022-10-03,CO,2.2510570149647973
2022-10-03,CT,1.9016585402167236
2022-10-03,DE,1.344788102708479
2022-10-03,GA,3.6807191160961623
2022-10-03,HI,2.5618205918381065
2022-10-03,IA,1.2214656369394348
2022-10-03,ID,1.2666204124759206
2022-10-03,IL,1.977642105911023
2022-10-03,IN,1.904562679895839
2022-10-03,KS,1.691356007024654
2022-10-03,KY,2.0022797651760915
2022-10-03,LA,2.6828493845163206
2022-10-03,MA,1.6861616515948479
2022-10-03,MD,2.184489932309881
2022-10-03,ME,1.448178740949465
2022-10-03,MI,1.353033081885975
2022-10-03,MN,1.592007184897023
2022-10-03,MO,1.6513472040809547
2022-10-03,MS,2.570849808191299
2022-10-03,MT,1.3278377783805637
2022-10-03,NC,1.9431648902771395
2022-10-03,ND,1.6886492881432842
2022-10-03,NE,2.3172417265706575
2022-10-03,NH,1.0755413102176306
2022-10-03,NJ,3.051526679970693
2022-10-03,NM,2.2677990612339403
2022-10-03,NV,1.482373247514981
2022-10-03,NY,1.8929322452733222
2022-10-03,OH,2.148190309884643
2022-10-03,OK,1.8621991333241357
2022-10-03,OR,1.4156741081966677
2022-10-03,PA,1.5780492786504545
2022-10-03,RI,1.5104890260777355
2022-10-03,SC,3.3876325899777737
2022-10-03,SD,1.1489669861106249
2022-10-03,TN,2.62954726175693
2022-10-03,TX,3.3075160492526114
2022-10-03,UT,1.7796584283186152
2022-10-03,VA,2.600461834078525
2022-10-03,VT,1.356375443697713
2022-10-03,WA,1.39546757293249
2022-10-03,WI,1.4057092100553383
2022-10-03,WV,1.9097398319894174
2022-10-03,WY,1.5071217786561295
2022-10-10,AK,1.8122157482927488
2022-10-10,AL,2.8746406566894156
2022-10-10,AR,2.0845333843664893
2022-10-10,AZ,1.7498158728994548
2022-10-10,CA,2.507873873839417
2022-10-10,CO,2.0562841017170106
2022-10-10,CT,2.1923017869580335
2022-10-10,DE,1.3203176842865116
2022-10-10,GA,4.133821403210831
2022-10-10,HI,2.946945112838475
2022-10-10,IA,1.6407750907737795
2022-10-10,ID,1.4592028438769935
2022-10-10,IL,2.504592766179685
2022-10-10,IN,2.0109132136402206
2022-10-10,KS,1.6595469112624617
2022-10-10,KY,2.112920325225487
2022-10-10,LA,2.3171210522093038
2022-10-10,MA,1.9429564150221559
2022-10-10,MD,2.4156740724440917
2022-10-10,ME,1.6390176297510384
2022-10-10,MI,1.5984881190392564
2022-10-10,MN,1.584732062757702
2022-10-10,MO,1.9438169004069492
2022-10-10,MS,3.023989716287777
2022-10-10,MT,1.2494649379924416
2022-10-10,NC,2.143385355762431
2022-10-10,ND,2.8074423994346196
2022-10-10,NE,2.9976658726151353
2022-10-10,NH,1.2881809168077265
2022-10-10,NJ,2.9837521168780317
2022-10-10,NM,2.4884590586700797
2022-10-10,NV,1.4484798590493608
2022-10-10,NY,3.959151769136613
2022-10-10,OH,2.496914407964472
2022-10-10,OK,1.9485280767256123
2022-10-10,OR,1.4483557229725368
2022-10-10,PA,1.7977073128419903
2022-10-10,RI,1.3677070849554112
2022-10-10,SC,2.0910370968999636
2022-10-10,SD,1.251288922816793
2022-10-10,TN,3.6605233009790856
2022-10-10,TX,3.712358056755047
2022-10-10,UT,2.0155444987439175
2022-10-10,VA,2.8315534549417407
2022-10-10,VT,1.3193746406905351
2022-10-10,WA,1.4983530137916201
2022-10-10,WI,1.4867493704864296
2022-10-10,WV,1.6217341096793971
2022-10-10,WY,2.092092789286724
2022-10-17,AK,2.4033641259025353
2022-10-17,AL,3.625148205340897
2022-10-17,AR,2.4977205497103503
2022-10-17,AZ,1.815430809926305
2022-10-17,CA,2.6597476516797767
2022-10-17,CO,2.5311300007133206
2022-10-17,CT,2.393144023147015
2022-10-17,DE,1.4670958379368837
2022-10-17,GA,4.457177504558489
2022-10-17,HI,2.84218653281799
2022-10-17,IA,1.7076933341213927
2022-10-17,ID,1.6428028948444462
2022-10-17,IL,2.608476007091549
2022-10-17,IN,2.116239228198337
2022-10-17,KS,1.929111300447162
2022-10-17,KY,2.450948456316305
2022-10-17,LA,2.763367141637352
2022-10-17,MA,2.1008031241257275
2022-10-17,MD,2.9147977914820147
2022-10-17,ME,1.8456821315353689
2022-10-17,MI,1.829375994474084
2022-10-17,MN,1.705381940689203
2022-10-17,MO,1.9562680525834226
2022-10-17,MS,3.7570469937048547
2022-10-17,MT,1.4128335716290248
2022-10-17,NC,2.750882553847045
2022-10-17,ND,2.5106855449288403
2022-10-17,NE,3.1932879244280774
2022-10-17,NH,1.2788617053633353
2022-10-17,NJ,3.519520399005066
2022-10-17,NM,2.6912248483298153
2022-10-17,NV,1.5603581387494867
2022-10-17,NY,3.502652247388507
2022-10-17,OH,2.7683927249011435
2022-10-17,OK,2.037275125246336
2022-10-17,OR,1.4452966153358817
2022-10-17,PA,2.0659346077270735
2022-10-17,RI,1.2803840752704847
2022-10-17,SC,2.458472686847842
2022-10-17,SD,1.4859374393170703
2022-10-17,TN,3.751639412924803
2022-10-17,TX,4.2498935777087095
2022-10-17,UT,2.133595325890517
2022-10-17,VA,3.1952477292130617
2022-10-17,VT,1.271431801753785
2022-10-17,WA,1.6951798298271492
2022-10-17,WI,1.632838766530352
2022-10-17,WV,1.576506630316313
2022-10-17,WY,1.9365983972957772
2022-10-24,AK,2.374320583993889
2022-10-24,AL,4.529402465471729
2022-10-24,AR,2.716424240055827
2022-10-24,AZ,1.982448418737076
2022-10-24,CA,3.0095504932637116
2022-10-24,CO,3.1303762325112006
2022-10-24,CT,2.7106287049155933
2022-10-24,DE,1.641074514910759
2022-10-24,GA,4.498821434746213
2022-10-24,HI,3.0350508585043965
2022-10-24,IA,1.8479578715548008
2022-10-24,ID,1.7840587207244645
2022-10-24,IL,2.960254038273884
2022-10-24,IN,2.131402612469739
2022-10-24,KS,1.7396351297067985
2022-10-24,KY,2.620278716296263
2022-10-24,LA,3.0433614817524157
2022-10-24,MA,2.155263327375633
2022-10-24,MD,3.7145197838710633
2022-10-24,ME,2.087895512354553
2022-10-24,MI,2.2140690657509743
2022-10-24,MN,1.8579401628894296
2022-10-24,MO,2.478170951519386
2022-10-24,MS,4.243785821078489
2022-10-24,MT,1.5594543756692305
2022-10-24,NC,3.1632467408003846
2022-10-24,ND,2.6857000997245732
2022-10-24,NE,3.0151497368606393
2022-10-24,NH,1.5429506225534348
2022-10-24,NJ,3.962351129677435
2022-10-24,NM,3.050825218686997
2022-10-24,NV,1.8669246602595002
2022-10-24,NY,3.941392717298773
2022-10-24,OH,3.2707984706029523
2022-10-24,OK,2.293785364846625
2022-10-24,OR,1.6696505332784555
2022-10-24,PA,2.1152308109115587
2022-10-24,RI,1.5343615662578665
2022-10-24,SC,3.039410451999517
2022-10-24,SD,1.7892947613581505
2022-10-24,TN,4.426744629990193
2022-10-24,TX,4.717130710899452
2022-10-24,UT,2.284988559315349
2022-10-24,VA,3.9679233506345177
2022-10-24,VT,1.5102566847435006
2022-10-24,WA,2.2137916561328765
2022-10-24,WI,1.9336000226948649
2022-10-24,WV,1.9946799622628582
2022-10-24,WY,1.964116725094251
2022-10-31,AK,2.7190097868960716
2022-10-31,AL,8.489449125602384
2022-10-31,AR,3.6676005878054094
2022-10-31,AZ,2.479700320899362
2022-10-31,CA,3.897756877626625
2022-10-31,CO,4.0206193864816
2022-10-31,CT,3.7658030739941375
2022-10-31,DE,2.198167966558182
2022-10-31,GA,7.17501562987227
2022-10-31,HI,3.724269506004668
2022-10-31,IA,2.4801135710758473
2022-10-31,ID,2.2444443667436547
2022-10-31,IL,3.608921267754615
2022-10-31,IN,2.683771278059715
2022-10-31,KS,2.3886418409955095
2022-10-31,KY,3.8388786173164724
2022-10-31,LA,4.407959421591368
2022-10-31,MA,2.898401216508571
2022-10-31,MD,5.026019876072082
2022-10-31,ME,2.4373336081407535
2022-10-31,MI,2.6365775989040885
2022-10-31,MN,2.2790201559168697
2022-10-31,MO,2.857480798135094
2022-10-31,MS,5.737138700098483
2022-10-31,MT,2.0217229265476435
2022-10-31,NC,5.533640439091731
2022-10-31,ND,3.2610952791456214
2022-10-31,NE,3.725645313521101
2022-10-31,NH,1.951710077706204
2022-10-31,NJ,4.973160434839779
2022-10-31,NM,4.197253871487796
2022-10-31,NV,2.3951517794452597
2022-10-31,NY,4.736624683177801
2022-10-31,OH,4.100473639494654
2022-10-31,OK,3.015076334272858
2022-10-31,OR,2.024056579192837
2022-10-31,PA,2.99293880372295
2022-10-31,RI,2.1114149784060907
2022-10-31,SC,4.769091323365123
2022-10-31,SD,2.0521966656701545
2022-10-31,TN,7.180196887451397
2022-10-31,TX,6.182759396272823
2022-10-31,UT,2.8057135259376644
2022-10-31,VA,5.837324274646785
2022-10-31,VT,1.9899396394084188
2022-10-31,WA,2.7780152882644336
2022-10-31,WI,2.390480233597769
2022-10-31,WV,2.9392153208671274
2022-10-31,WY,2.9368176738638
2022-11-07,AK,3.1439463439931163
2022-11-07,AL,8.267841680190065
2022-11-07,AR,4.972734094450837
2022-11-07,AZ,3.4672332307228038
2022-11-07,CA,4.726569228857118
2022-11-07,CO,5.1306869756636635
2022-11-07,CT,4.634850992469895
2022-11-07,DE,3.179792726749322
2022-11-07,GA,6.9051104868221564
2022-11-07,HI,4.19100095253538
2022-11-07,IA,3.1171297766183073
2022-11-07,ID,3.020677818103333
2022-11-07,IL,4.46578854190027
2022-11-07,IN,4.019941434245022
2022-11-07,KS,4.1936742355806045
2022-11-07,KY,5.351854228570235
2022-11-07,LA,5.904577271134844
2022-11-07,MA,3.669870521432021
2022-11-07,MD,6.219883402261905
2022-11-07,ME,3.2240875147514925
2022-11-07,MI,3.184463938676115
2022-11-07,MN,3.725654542920174
2022-11-07,MO,3.588777202754021
2022-11-07,MS,7.6921229657426835
2022-11-07,MT,2.8236172641886172
2022-11-07,NC,7.100099732817992
2022-11-07,ND,3.8344067530320487
2022-11-07,NE,4.8422873695241595
2022-11-07,NH,2.425634904276073
2022-11-07,NJ,6.881195200347479
2022-11-07,NM,5.620151120233035
2022-11-07,NV,2.9431074894407043
2022-11-07,NY,6.5383044748752805
2022-11-07,OH,5.375191443961392
2022-11-07,OK,3.7770046718032413
2022-11-07,OR,3.4063621025183823
2022-11-07,PA,3.5978844536330907
2022-11-07,RI,3.160599118023829
2022-11-07,SC,8.498742783903953
2022-11-07,SD,2.6293476972883436
2022-11-07,TN,9.49662794476342
2022-11-07,TX,6.92083669752925
2022-11-07,UT,3.622872404531667
2022-11-07,VA,7.403529972914919
2022-11-07,VT,2.763635607373758
2022-11-07,WA,3.6969629959544115
2022-11-07,WI,3.2128385069289753
2022-11-07,WV,4.4333077122218425
2022-11-07,WY,3.5378143080176674
2022-11-14,AK,3.6916615409163684
2022-11-14,AL,5.86687284461489
2022-11-14,AR,5.286247233794153
2022-11-14,AZ,4.0700072287298665
2022-11-14,CA,5.401071493640972
2022-11-14,CO,6.137604476561505
2022-11-14,CT,4.532266098690766
2022-11-14,DE,3.042962255995339
2022-11-14,GA,5.987424963567222
2022-11-14,HI,4.376953139194213
2022-11-14,IA,3.31875655421389
2022-11-14,ID,3.4978785799615437
2022-11-14,IL,4.505717600409817
2022-11-14,IN,3.632378153323289
2022-11-14,KS,3.3961351890408538
2022-11-14,KY,5.72923252717532
2022-11-14,LA,4.199387485000983
2022-11-14,MA,3.587457705515747
2022-11-14,MD,6.077365541420021
2022-11-14,ME,3.624655130498981
2022-11-14,MI,3.2713817108862493
2022-11-14,MN,3.0941146431593465
2022-11-14,MO,3.776001406153794
2022-11-14,MS,6.3443935495233
2022-11-14,MT,2.932326865785581
2022-11-14,NC,5.481622406188789
2022-11-14,ND,4.343704359432962
2022-11-14,NE,4.977400228569635
2022-11-14,NH,2.3020590816596216
2022-11-14,NJ,6.5783630533906505
2022-11-14,NM,5.974517540060795
2022-11-14,NV,3.2531391859419045
2022-11-14,NY,6.232263789161655
2022-11-14,OH,5.496066762182162
2022-11-14,OK,3.9330292490234333
2022-11-14,OR,3.4308776020153045
2022-11-14,PA,3.71549346360535
2022-11-14,RI,2.7405338841649582
2022-11-14,SC,5.6753564086948485
2022-11-14,SD,2.8371953767465055
2022-11-14,TN,7.510173742699477
2022-11-14,TX,7.815557368679007
2022-11-14,UT,4.005467115648381
2022-11-14,VA,6.928925318059046
2022-11-14,VT,2.658298297106833
2022-11-14,WA,4.943929363874496
2022-11-14,WI,3.2051133817005457
2022-11-14,WV,3.2175027499007465
2022-11-14,WY,5.4949459826326965
2022-11-21,AK,3.9199971729319882
2022-11-21,AL,5.836714547137408
2022-11-21,AR,5.788753414670769
2022-11-21,AZ,4.593409878883355
2022-11-21,CA,6.063397443911242
2022-11-21,CO,7.522578337970074
2022-11-21,CT,4.871946257201235
2022-11-21,DE,3.0468935898532337
2022-11-21,GA,5.47091513206094
2022-11-21,HI,4.259863734595758
2022-11-21,IA,3.6569608861961864
2022-11-21,ID,4.741990635448947
2022-11-21,IL,4.963381712961285
2022-11-21,IN,4.092679853800286
2022-11-21,KS,3.764846026218825
2022-11-21,KY,6.2960700540140415
2022-11-21,LA,4.485162323165683
2022-11-21,MA,3.768407958970993
2022-11-21,MD,5.224614470665597
2022-11-21,ME,3.5051182907218603
2022-11-21,MI,3.2183691353704575
2022-11-21,MN,3.4543626816972783
2022-11-21,MO,4.190775732972199
2022-11-21,MS,6.129810666744527
2022-11-21,MT,2.947688569840834
2022-11-21,NC,5.060075136279278
2022-11-21,ND,4.626263261639943
2022-11-21,NE,5.770881980463802
2022-11-21,NH,2.325776173248848
2022-11-21,NJ,6.216469214391939
2022-11-21,NM,6.795822044274233
2022-11-21,NV,3.658458274537769
2022-11-21,NY,6.502992319108306
2022-11-21,OH,6.238648203931858
2022-11-21,OK,5.050552287496044
2022-11-21,OR,3.9373668177995835
2022-11-21,PA,3.908622483497819
2022-11-21,RI,3.0235179348886976
2022-11-21,SC,4.8253603042679645
2022-11-21,SD,3.226595227724098
2022-11-21,TN,7.602841890019318
2022-11-21,TX,7.725440480838847
2022-11-21,UT,4.466536973234797
2022-11-21,VA,6.478293400938872
2022-11-21,VT,2.625284855823634
2022-11-21,WA,6.860839840031447
2022-11-21,WI,3.3596735885204163
2022-11-21,WV,3.4626580392353947
2022-11-21,WY,5.191125034090293
2022-11-28,AK,4.847195148582586
2022-11-28,AL,7.297897128421242
2022-11-28,AR,7.078370640839264
2022-11-28,AZ,5.660757748830905
2022-11-28,CA,8.445316279297156
2022-11-28,CO,8.468909484211913
2022-11-28,CT,7.347930789335832
2022-11-28,DE,3.954289554939275
2022-11-28,GA,7.003615196865333
2022-11-28,HI,5.076190644827317
2022-11-28,IA,5.615001135526606
2022-11-28,ID,6.923773375710464
2022-11-28,IL,6.825033532490101
2022-11-28,IN,5.9326037272775825
2022-11-28,KS,6.015793929513856
2022-11-28,KY,9.41729615412056
2022-11-28,LA,5.766830190623731
2022-11-28,MA,6.000953320013745
2022-11-28,MD,7.227688919633136
2022-11-28,ME,5.35042699169999
2022-11-28,MI,4.118689364962448
2022-11-28,MN,4.559678447113182
2022-11-28,MO,6.265491595693428
2022-11-28,MS,8.14188534314514
2022-11-28,MT,4.47374235549621
2022-11-28,NC,6.483125363418802
2022-11-28,ND,6.213211515706167
2022-11-28,NE,8.98572053072595
2022-11-28,NH,3.384299020466563
2022-11-28,NJ,8.434936031531695
2022-11-28,NM,9.781575134314235
2022-11-28,NV,5.013010367407164
2022-11-28,NY,9.625613720778945
2022-11-28,OH,9.071245447380614
2022-11-28,OK,6.59186726267521
2022-11-28,OR,5.891511805118982
2022-11-28,PA,5.4237625361017905
2022-11-28,RI,4.5529939092480936
2022-11-28,SC,5.891344688212287
2022-11-28,SD,4.645884025411202
2022-11-28,TN,11.292657988741194
2022-11-28,TX,7.939824810695908
2022-11-28,UT,5.873446624531548
2022-11-28,VA,8.206254450005265
2022-11-28,VT,3.641268057304169
2022-11-28,WA,10.56518289596023
2022-11-28,WI,4.596529065995199
2022-11-28,WV,4.195580333581119
2022-11-28,WY,6.643978177467653
2022-12-05,AK,4.886690000969876
2022-12-05,AL,5.84578286229578
2022-12-05,AR,6.6896866856488195
2022-12-05,AZ,5.72427125535115
2022-12-05,CA,7.143296094947173
2022-12-05,CO,7.901570978484614
2022-12-05,CT,7.692690900541541
2022-12-05,DE,4.449877787772678
2022-12-05,GA,5.902796677716154
2022-12-05,HI,4.940589462848582
2022-12-05,IA,5.074693572994914
2022-12-05,ID,6.356891411836573
2022-12-05,IL,6.220781722105283
2022-12-05,IN,7.004853830691145
2022-12-05,KS,6.5170746059281415
2022-12-05,KY,8.231942918366396
2022-12-05,LA,5.563518280719002
2022-12-05,MA,6.859864047657944
2022-12-05,MD,6.2097288020540145
2022-12-05,ME,6.24223111469171
2022-12-05,MI,4.335604555810761
2022-12-05,MN,5.216171048781797
2022-12-05,MO,6.093853599168005
2022-12-05,MS,6.929597077128985
2022-12-05,MT,4.845897103002473
2022-12-05,NC,6.150958180106835
2022-12-05,ND,6.175483885223759
2022-12-05,NE,7.543013542783356
2022-12-05,NH,3.6704144267357517
2022-12-05,NJ,8.459990240614474
2022-12-05,NM,10.070186090231228
2022-12-05,NV,4.8699864620448
2022-12-05,NY,9.414884222787588
2022-12-05,OH,8.174754305959478
2022-12-05,OK,7.287374276688138
2022-12-05,OR,6.014250211358471
2022-12-05,PA,5.286409553636107
2022-12-05,RI,6.631311072521621
2022-12-05,SC,7.179988434969128
2022-12-05,SD,4.457641122885057
2022-12-05,TN,8.61022633661224
2022-12-05,TX,7.281591188642936
2022-12-05,UT,5.573193015142656
2022-12-05,VA,7.467544150245595
2022-12-05,VT,4.438150581961919
2022-12-05,WA,8.828736281051368
2022-12-05,WI,5.321646569948783
2022-12-05,WV,4.973819808566498
2022-12-05,WY,6.676044026896943
2022-12-12,AK,4.82885322772699
2022-12-12,AL,5.103586878737393
2022-12-12,AR,6.063995714019694
2022-12-12,AZ,5.695847901925847
2022-12-12,CA,6.590104531760079
2022-12-12,CO,7.749206278238595
2022-12-12,CT,6.813634269466224
2022-12-12,DE,3.918294686277223
2022-12-12,GA,5.685891266132405
2022-12-12,HI,4.854113868623475
2022-12-12,IA,4.936219194664307
2022-12-12,ID,7.5253563832611645
2022-12-12,IL,5.951639909503651
2022-12-12,IN,5.889211767651775
2022-12-12,KS,5.14670259692872
2022-12-12,KY,6.891257137013614
2022-12-12,LA,4.378223373917174
2022-12-12,MA,7.667684447993306
2022-12-12,MD,5.46842903963062
2022-12-12,ME,7.531499766268703
2022-12-12,MI,4.739941477356405
2022-12-12,MN,4.171115487749662
2022-12-12,MO,6.0145614493824935
2022-12-12,MS,5.930068467758252
2022-12-12,MT,4.50909144270987
2022-12-12,NC,4.821312627928643
2022-12-12,ND,9.640114386685521
2022-12-12,NE,9.152281397697497
2022-12-12,NH,4.049909735135984
2022-12-12,NJ,7.200975821345335
2022-12-12,NM,11.014037439391668
2022-12-12,NV,4.58327481945809
2022-12-12,NY,9.308761481594546
2022-12-12,OH,8.03014391286942
2022-12-12,OK,7.8900088541303965
2022-12-12,OR,5.202451038700975
2022-12-12,PA,5.0149902423614
2022-12-12,RI,6.038938883176636
2022-12-12,SC,4.96296691878747
2022-12-12,SD,4.560362152565193
2022-12-12,TN,7.271265725928527
2022-12-12,TX,7.231575010783
2022-12-12,UT,5.708269706295278
2022-12-12,VA,6.481390238061512
2022-12-12,VT,4.3400141902263565
2022-12-12,WA,8.329822321971053
2022-12-12,WI,4.733270878070234
2022-12-12,WV,4.292091476175104
2022-12-12,WY,5.744462399040152
2022-12-19,AK,4.82538270224739
2022-12-19,AL,5.070282638577133
2022-12-19,AR,5.584190851925701
2022-12-19,AZ,4.969334972893202
2022-12-19,CA,6.165928485600773
2022-12-19,CO,8.15515876121048
2022-12-19,CT,6.028333533261851
2022-12-19,DE,3.8934291479154144
2022-12-19,GA,5.30943731335677
2022-12-19,HI,4.794805151035496
2022-12-19,IA,5.7853996481199825
2022-12-19,ID,7.678717161117876
2022-12-19,IL,6.13646336411837
2022-12-19,IN,5.362561929403947
2022-12-19,KS,4.730056837916754
2022-12-19,KY,5.568348058080355
2022-12-19,LA,4.343126659048886
2022-12-19,MA,7.779356976750147
2022-12-19,MD,5.284194518882858
2022-12-19,ME,8.431136501439394
2022-12-19,MI,5.153536686268649
2022-12-19,MN,3.9531186155872966
2022-12-19,MO,5.4817863757558
2022-12-19,MS,5.6132206086704315
2022-12-19,MT,4.4949904487872425
2022-12-19,NC,5.00074027522116
2022-12-19,ND,9.13077327715395
2022-12-19,NE,9.110569250514772
2022-12-19,NH,3.9140620222376685
2022-12-19,NJ,6.530201047164148
2022-12-19,NM,11.093973981380936
2022-12-19,NV,4.5473642825825875
2022-12-19,NY,7.839894753839197
2022-12-19,OH,7.687814329796578
2022-12-19,OK,7.250413577958087
2022-12-19,OR,4.855685349633681
2022-12-19,PA,4.829122296331083
2022-12-19,RI,5.655027319498703
2022-12-19,SC,4.6968996567152015
2022-12-19,SD,4.327735023451842
2022-12-19,TN,6.5709046410726595
2022-12-19,TX,6.6015102661579705
2022-12-19,UT,5.866354863660293
2022-12-19,VA,6.131870381248778
2022-12-19,VT,4.341818803160979
2022-12-19,WA,7.146416539093029
2022-12-19,WI,4.403578937807547
2022-12-19,WV,4.051013391740803
2022-12-19,WY,7.177753008032252
2022-12-26,AK,3.870306277971636
2022-12-26,AL,4.765486751766375
2022-12-26,AR,5.032462798412745
2022-12-26,AZ,4.803685422581893
2022-12-26,CA,6.1857286100696625
2022-12-26,CO,7.308212490408815
2022-12-26,CT,5.550123538275425
2022-12-26,DE,3.581061589766347
2022-12-26,GA,5.141402216417939
2022-12-26,HI,4.782395799921586
2022-12-26,IA,6.2952860119532055
2022-12-26,ID,7.45063342327602
2022-12-26,IL,4.997556562389299
2022-12-26,IN,4.593064430994756
2022-12-26,KS,4.116334812539656
2022-12-26,KY,5.212088872012718
2022-12-26,LA,3.8844974911318726
2022-12-26,MA,7.454369829273741
2022-12-26,MD,4.877768685520573
2022-12-26,ME,7.031575501812144
2022-12-26,MI,4.928426457911829
2022-12-26,MN,3.350625263498531
2022-12-26,MO,4.95054763630535
2022-12-26,MS,5.318817582175507
2022-12-26,MT,4.489842898929718
2022-12-26,NC,4.70218840986363
2022-12-26,ND,7.263959940298822
2022-12-26,NE,7.466581963454285
2022-12-26,NH,3.664130420444166
2022-12-26,NJ,6.151836269610042
2022-12-26,NM,10.132679129090802
2022-12-26,NV,4.0319042153690186
2022-12-26,NY,7.99687190954143
2022-12-26,OH,7.038667882701988
2022-12-26,OK,6.549747228083092
2022-12-26,OR,4.0821187399461465
2022-12-26,PA,4.185427367388238
2022-12-26,RI,5.52777047124448
2022-12-26,SC,4.362615674475288
2022-12-26,SD,3.7041664104891217
2022-12-26,TN,5.868739104480399
2022-12-26,TX,6.2587888098461875
2022-12-26,UT,5.725372754690158
2022-12-26,VA,5.82271042687979
2022-12-26,VT,5.172861955002636
2022-12-26,WA,5.915475391946586
2022-12-26,WI,4.011042366745323
2022-12-26,WV,4.009272766066385
2022-12-26,WY,6.709590815203848
2023-01-02,AK,3.6048062924370052
2023-01-02,AL,4.592883646011203
2023-01-02,AR,4.56088895272599
2023-01-02,AZ,4.225229878457686
2023-01-02,CA,5.744837119657277
2023-01-02,CO,5.550420309971314
2023-01-02,CT,4.825838549733713
2023-01-02,DE,3.2157641256261433
2023-01-02,GA,4.804399821621683
2023-01-02,HI,4.684038365747227
2023-01-02,IA,4.621823939904154
2023-01-02,ID,4.764320063584649
2023-01-02,IL,3.9594521597137113
2023-01-02,IN,3.9656469886845755
2023-01-02,KS,3.8376368914954466
2023-01-02,KY,4.390057464748915
2023-01-02,LA,4.360979486486861
2023-01-02,MA,6.176561634547694
2023-01-02,MD,4.363645917600017
2023-01-02,ME,5.66156825603066
2023-01-02,MI,3.8191434593248674
2023-01-02,MN,3.0596922843093735
2023-01-02,MO,3.9659614644651278
2023-01-02,MS,5.457295421100617
2023-01-02,MT,3.7203804522977206
2023-01-02,NC,4.585224302078901
2023-01-02,ND,5.465944601330854
2023-01-02,NE,5.6222448855153955
2023-01-02,NH,3.122566316952385
2023-01-02,NJ,5.217893814921762
2023-01-02,NM,8.272452936442864
2023-01-02,NV,3.569420270686593
2023-01-02,NY,5.927119678616489
2023-01-02,OH,5.451170955953592
2023-01-02,OK,5.262954691593008
2023-01-02,OR,3.171331787857853
2023-01-02,PA,3.9171758042577833
2023-01-02,RI,4.219745941079166
2023-01-02,SC,4.837304510639491
2023-01-02,SD,3.0607599646909187
2023-01-02,TN,5.160294640180794
2023-01-02,TX,5.837235344444597
2023-01-02,UT,5.014294560041965
2023-01-02,VA,4.9481403609798225
2023-01-02,VT,3.60892639546193
2023-01-02,WA,4.028337150833759
2023-01-02,WI,3.368072858293199
2023-01-02,WV,3.5794806540036648
2023-01-02,WY,5.851046219304161
2023-01-09,AK,2.668481578826979
2023-01-09,AL,3.259068107866662
2023-01-09,AR,3.493522789723374
2023-01-09,AZ,2.9535497850859045
2023-01-09,CA,4.258005597636901
2023-01-09,CO,3.420985249132312
2023-01-09,CT,3.2975250758790904
2023-01-09,DE,2.29323727390744
2023-01-09,GA,3.351259496039865
2023-01-09,HI,3.580295680305298
2023-01-09,IA,3.5049747880453235
2023-01-09,ID,3.061765890411425
2023-01-09,IL,2.748940794887777
2023-01-09,IN,2.4107066898998877
2023-01-09,KS,2.1699442862951783
2023-01-09,KY,3.0715158220971555
2023-01-09,LA,2.542267943089665
2023-01-09,MA,3.0819315884234317
2023-01-09,MD,3.1730458649814848
2023-01-09,ME,3.1735838092455246
2023-01-09,MI,2.549223419285366
2023-01-09,MN,2.1202369027064503
2023-01-09,MO,2.742755664165622
2023-01-09,MS,3.69364734296978
2023-01-09,MT,2.551969836368678
2023-01-09,NC,2.9072152658049477
2023-01-09,ND,4.220069454475821
2023-01-09,NE,3.561847951275204
2023-01-09,NH,2.4039964102188947
2023-01-09,NJ,3.8307132896399145
2023-01-09,NM,5.5011705527169905
2023-01-09,NV,2.3718320006391695
2023-01-09,NY,4.2204513204583325
2023-01-09,OH,3.25402116130346
2023-01-09,OK,3.998876302759707
2023-01-09,OR,2.088619909390549
2023-01-09,PA,2.581155101264642
2023-01-09,RI,2.1803761218925595
2023-01-09,SC,3.1435570373658743
2023-01-09,SD,2.269658898132578
2023-01-09,TN,3.319751145154373
2023-01-09,TX,4.40186474493057
2023-01-09,UT,3.6097604599935766
2023-01-09,VA,3.8683063761165895
2023-01-09,VT,2.389893194558693
2023-01-09,WA,2.6868677958134652
2023-01-09,WI,2.3613698680647826
2023-01-09,WV,2.2626626610596468
2023-01-09,WY,4.183555539267452
2023-01-16,AK,2.1032530995336494
2023-01-16,AL,2.578144909648713
2023-01-16,AR,2.503177319506678
2023-01-16,AZ,2.125182266919203
2023-01-16,CA,2.9869840767933145
2023-01-16,CO,2.5509583228513684
2023-01-16,CT,2.421841675158789
2023-01-16,DE,1.6145702622581333
2023-01-16,GA,2.7720479228946338
2023-01-16,HI,3.0612441693153167
2023-01-16,IA,2.6153879021449518
2023-01-16,ID,2.0999139449287343
2023-01-16,IL,2.222800595594067
2023-01-16,IN,1.8298480701848159
2023-01-16,KS,1.711106279881803
2023-01-16,KY,2.584376934392282
2023-01-16,LA,1.9132127104078447
2023-01-16,MA,2.0685558403418285
2023-01-16,MD,2.4808868739362753
2023-01-16,ME,1.9193269228411158
2023-01-16,MI,1.9150244307368314
2023-01-16,MN,1.6320659011494498
2023-01-16,MO,2.1978927639464736
2023-01-16,MS,3.1130713777701335
2023-01-16,MT,1.7621182238265378
2023-01-16,NC,2.2269721302262626
2023-01-16,ND,4.233525460630114
2023-01-16,NE,2.4740695471564935
2023-01-16,NH,1.521127571391506
2023-01-16,NJ,3.2293832859959397
2023-01-16,NM,3.5194106613902085
2023-01-16,NV,1.5690210615924385
2023-01-16,NY,3.608087242529715
2023-01-16,OH,2.3350448077603945
2023-01-16,OK,3.161880615415821
2023-01-16,OR,2.691015090613602
2023-01-16,PA,1.8967699136759664
2023-01-16,RI,1.655629692095248
2023-01-16,SC,2.3866518835046637
2023-01-16,SD,1.6925103326154254
2023-01-16,TN,3.0672048477871425
2023-01-16,TX,3.4176407707586267
2023-01-16,UT,2.54511005381507
2023-01-16,VA,2.935220071896107
2023-01-16,VT,1.6420912400742131
2023-01-16,WA,2.2112074128022154
2023-01-16,WI,1.7422103406993108
2023-01-16,WV,2.0024380887533093
2023-01-16,WY,2.2752341491774244
2023-01-23,AK,1.9898495464590311
2023-01-23,AL,2.5374120642284
2023-01-23,AR,2.38339409746874
2023-01-23,AZ,1.8911458674157628
2023-01-23,CA,2.853451209005458
2023-01-23,CO,2.6643475208151006
2023-01-23,CT,2.1830044463795284
2023-01-23,DE,1.4554525920246202
2023-01-23,GA,2.7152256554813157
2023-01-23,HI,2.8476510234539942
2023-01-23,IA,2.1481236824554775
2023-01-23,ID,1.8179594156872687
2023-01-23,IL,2.0981210503692918
2023-01-23,IN,1.6014919760672939
2023-01-23,KS,1.4494208669256259
2023-01-23,KY,2.269012898382849
2023-01-23,LA,1.9761885372285364
2023-01-23,MA,2.0785697885833656
2023-01-23,MD,2.344647239092069
2023-01-23,ME,1.6977730470311911
2023-01-23,MI,1.665564147260144
2023-01-23,MN,1.5487134993655542
2023-01-23,MO,2.160512182699045
2023-01-23,MS,3.216511639317682
2023-01-23,MT,1.5457804622100288
2023-01-23,NC,2.2739178149174437
2023-01-23,ND,6.593968900148968
2023-01-23,NE,2.3880151066613005
2023-01-23,NH,1.5426378972993946
2023-01-23,NJ,3.1828585369689675
2023-01-23,NM,3.1779498346620993
2023-01-23,NV,1.4446333469784851
2023-01-23,NY,3.6193499132728935
2023-01-23,OH,2.348121462915318
2023-01-23,OK,3.0686273455014925
2023-01-23,OR,1.0569124113950559
2023-01-23,PA,1.8805025134102955
2023-01-23,RI,1.3998607036100406
2023-01-23,SC,2.2178628480422233
2023-01-23,SD,1.7166594807081752
2023-01-23,TN,2.6281423578816003
2023-01-23,TX,3.2007752826719384
2023-01-23,UT,2.4705439548858132
2023-01-23,VA,2.9624970898432412
2023-01-23,VT,1.3548730493642516
2023-01-23,WA,1.9761267844688912
2023-01-23,WI,1.701326301305417
2023-01-23,WV,1.726579208743333
2023-01-23,WY,1.9924826216786191
2023-01-30,AK,1.7313113820849877
2023-01-30,AL,2.894432230287256
2023-01-30,AR,2.3382734228338835
2023-01-30,AZ,1.9101793480520433
2023-01-30,CA,2.8483339302744586
2023-01-30,CO,2.9190159099916864
2023-01-30,CT,2.178335425357292
2023-01-30,DE,1.416866046805342
2023-01-30,GA,2.8125350536272817
2023-01-30,HI,2.68402438280162
2023-01-30,IA,2.062284463755891
2023-01-30,ID,1.7330996934071226
2023-01-30,IL,2.1637198895423806
2023-01-30,IN,1.7254495915964476
2023-01-30,KS,1.6492374974317476
2023-01-30,KY,2.6817675556876486
2023-01-30,LA,1.9363866750582361
2023-01-30,MA,2.035420501752365
2023-01-30,MD,2.384516811759333
2023-01-30,ME,1.5602778345644517
2023-01-30,MI,1.6113289801530897
2023-01-30,MN,1.5335949050456068
2023-01-30,MO,1.99882958267898
2023-01-30,MS,3.1098303020316744
2023-01-30,MT,1.5216785732752238
2023-01-30,NC,2.185241290839699
2023-01-30,ND,3.4823489083773707
2023-01-30,NE,2.4180041327785364
2023-01-30,NH,1.5439000150210094
2023-01-30,NJ,3.2216054534467062
2023-01-30,NM,3.1048505154774273
2023-01-30,NV,1.5314899482314237
2023-01-30,NY,3.2928768930004124
2023-01-30,OH,2.3036714712864588
2023-01-30,OK,4.230816979817429
2023-01-30,OR,1.581279232918994
2023-01-30,PA,1.8212722848508025
2023-01-30,RI,1.4554233286582812
2023-01-30,SC,1.9825419787985488
2023-01-30,SD,1.7465335705240421
2023-01-30,TN,2.6285150720273336
2023-01-30,TX,3.279571152694197
2023-01-30,UT,2.287024836521428
2023-01-30,VA,2.875733309823768
2023-01-30,VT,1.297497484836598
2023-01-30,WA,2.015534308753484
2023-01-30,WI,1.5503903024856087
2023-01-30,WV,1.7374665259271356
2023-01-30,WY,2.0121919137858746
2023-02-06,AK,1.8758414948460538
2023-02-06,AL,2.5126045948187867
2023-02-06,AR,2.297668792417826
2023-02-06,AZ,1.9674733366504218
2023-02-06,CA,2.9971880342190844
2023-02-06,CO,2.9389686023179706
2023-02-06,CT,2.120481331677829
2023-02-06,DE,1.5856479153283
2023-02-06,GA,2.7255068648983682
2023-02-06,HI,2.5773698937898164
2023-02-06,IA,1.9271958967996867
2023-02-06,ID,1.7213815106466868
2023-02-06,IL,2.139701396199938
2023-02-06,IN,1.8974041839993405
2023-02-06,KS,1.7257929636475664
2023-02-06,KY,2.4307791444333513
2023-02-06,LA,1.9418343925175154
2023-02-06,MA,1.897537872527816
2023-02-06,MD,2.303389543422198
2023-02-06,ME,1.4878793320525396
2023-02-06,MI,1.591000510889394
2023-02-06,MN,1.617163600009408
2023-02-06,MO,1.9819981821493808
2023-02-06,MS,3.0454696959705796
2023-02-06,MT,1.5260153471073363
2023-02-06,NC,2.1783955108926043
2023-02-06,ND,3.3948722484953007
2023-02-06,NE,2.433495246838003
2023-02-06,NH,1.1793173505456456
2023-02-06,NJ,3.067482331202907
2023-02-06,NM,3.1549471010049697
2023-02-06,NV,1.5247702525920501
2023-02-06,NY,3.4983579005887617
2023-02-06,OH,2.271576383451414
2023-02-06,OK,2.3285941727613166
2023-02-06,OR,1.7911082231674127
2023-02-06,PA,1.7974282046552883
2023-02-06,RI,1.5423983898111093
2023-02-06,SC,2.565476419874158
2023-02-06,SD,1.5173016215806472
2023-02-06,TN,2.5322188425277945
2023-02-06,TX,3.0149588653841373
2023-02-06,UT,2.3763167830870393
2023-02-06,VA,2.9207898381917197
2023-02-06,VT,1.3813769195294134
2023-02-06,WA,1.9186941654048506
2023-02-06,WI,1.4985908425363235
2023-02-06,WV,1.7372391362913946
2023-02-06,WY,1.931890294165461
2023-02-13,AK,2.043643764728029
2023-02-13,AL,2.579415036292663
2023-02-13,AR,2.175659709243717
2023-02-13,AZ,1.9976009406793076
2023-02-13,CA,3.0386219483439154
2023-02-13,CO,2.905477264219989
2023-02-13,CT,2.0286752731675954
2023-02-13,DE,1.40185958504684
2023-02-13,GA,2.838488164042566
2023-02-13,HI,2.647071585851376
2023-02-13,IA,1.898198596869705
2023-02-13,ID,1.6843040247961385
2023-02-13,IL,2.197117693877906
2023-02-13,IN,1.6958032888263328
2023-02-13,KS,1.493502926572722
2023-02-13,KY,2.416201046581054
2023-02-13,LA,1.8771784957321722
2023-02-13,MA,1.9840012194012746
2023-02-13,MD,2.2705168530869164
2023-02-13,ME,1.6427634154802597
2023-02-13,MI,1.632383645006067
2023-02-13,MN,1.5021031284756425
2023-02-13,MO,1.9331602551520044
2023-02-13,MS,3.0130068971359556
2023-02-13,MT,1.4940752061663178
2023-02-13,NC,2.3395635926494145
2023-02-13,ND,3.0225799623993286
2023-02-13,NE,2.4769231851833404
2023-02-13,NH,1.453880779977783
2023-02-13,NJ,3.4202928889287443
2023-02-13,NM,3.2716443370682096
2023-02-13,NV,1.4803870717481167
2023-02-13,NY,3.409379609541251
2023-02-13,OH,2.3361885461902006
2023-02-13,OK,2.116196739487359
2023-02-13,OR,1.504756915455143
2023-02-13,PA,1.8492398095613756
2023-02-13,RI,1.4827357112250499
2023-02-13,SC,2.007610118686438
2023-02-13,SD,1.5702668404386504
2023-02-13,TN,2.3290398540616795
2023-02-13,TX,2.959062040029945
2023-02-13,UT,2.244840597935218
2023-02-13,VA,2.9024651409085447
2023-02-13,VT,1.272058939346984
2023-02-13,WA,2.0101056271666264
2023-02-13,WI,1.5444684101769734
2023-02-13,WV,1.6617735320901028
2023-02-13,WY,2.0939439117525396
2023-02-20,AK,1.8456163259793565
2023-02-20,AL,2.4708298070816177
2023-02-20,AR,2.1850624801719105
2023-02-20,AZ,1.9100284838304846
2023-02-20,CA,3.061281401844397
2023-02-20,CO,2.848620764788735
2023-02-20,CT,2.1651860543118073
2023-02-20,DE,1.4448484715673526
2023-02-20,GA,2.627779153235085
2023-02-20,HI,2.366521309890863
2023-02-20,IA,1.9796046605980275
2023-02-20,ID,1.7183735884577782
2023-02-20,IL,2.295566392665121
2023-02-20,IN,1.7332332142495361
2023-02-20,KS,1.5086139532806202
2023-02-20,KY,2.255404690994074
2023-02-20,LA,1.5825382184119379
2023-02-20,MA,2.0971603665931537
2023-02-20,MD,2.353767951187063
2023-02-20,ME,1.5647611476212528
2023-02-20,MI,1.5895475981103133
2023-02-20,MN,1.5216066142602251
2023-02-20,MO,2.1188169454742756
2023-02-20,MS,2.843142305017661
2023-02-20,MT,1.5012143458945832
2023-02-20,NC,2.105740449020341
2023-02-20,ND,3.536815102793219
2023-02-20,NE,2.526437721840397
2023-02-20,NH,1.8818083817118314
2023-02-20,NJ,3.3263290561519128
2023-02-20,NM,3.11417503634814
2023-02-20,NV,1.5433048032029015
2023-02-20,NY,3.172065940271782
2023-02-20,OH,2.346054309029755
2023-02-20,OK,2.232796531557324
2023-02-20,OR,1.5494467425418716
2023-02-20,PA,1.7987733082341608
2023-02-20,RI,1.4599387327496798
2023-02-20,SC,1.9294909438401666
2023-02-20,SD,1.617716055879407
2023-02-20,TN,2.5724373604218225
2023-02-20,TX,2.883954281368899
2023-02-20,UT,2.435625084270897
2023-02-20,VA,2.6417821701854525
2023-02-20,VT,1.2421982531417495
2023-02-20,WA,1.8938187264734974
2023-02-20,WI,1.4830623472643873
2023-02-20,WV,1.7725979128347968
2023-02-20,WY,2.166920526337723
2023-02-27,AK,1.864034740708766
2023-02-27,AL,2.2459478661655816
2023-02-27,AR,2.173216041243805
2023-02-27,AZ,1.9708879091927114
2023-02-27,CA,3.215805966375736
2023-02-27,CO,2.6480998790329187
2023-02-27,CT,2.056313414387944
2023-02-27,DE,1.3776762340462099
2023-02-27,GA,2.4840263402829947
2023-02-27,HI,2.4680346906867126
2023-02-27,IA,1.640656581468515
2023-02-27,ID,1.6833849978319133
2023-02-27,IL,2.2813132300622057
2023-02-27,IN,1.662809145810376
2023-02-27,KS,1.410766592748991
2023-02-27,KY,2.0107670643776183
2023-02-27,LA,1.559080177884955
2023-02-27,MA,1.802041024427754
2023-02-27,MD,2.205447250674653
2023-02-27,ME,1.6735295376135326
2023-02-27,MI,1.5957180779376956
2023-02-27,MN,1.4415383658106093
2023-02-27,MO,1.801674593259964
2023-02-27,MS,2.435963693982262
2023-02-27,MT,1.521990200760433
2023-02-27,NC,2.125285291238209
2023-02-27,ND,2.101434500239229
2023-02-27,NE,2.3770172470818993
2023-02-27,NH,1.8769090527884467
2023-02-27,NJ,3.0110923436598482
2023-02-27,NM,3.088718659885878
2023-02-27,NV,1.5673567884923116
2023-02-27,NY,2.9777148054479596
2023-02-27,OH,2.5146103089696696
2023-02-27,OK,2.0015575524453078
2023-02-27,OR,1.6632814082157839
2023-02-27,PA,1.7415487037012238
2023-02-27,RI,1.1832028776869499
2023-02-27,SC,1.8170571367988686
2023-02-27,SD,1.4955007885472438
2023-02-27,TN,2.291917026226113
2023-02-27,TX,2.671138754033289
2023-02-27,UT,2.8188013063424644
2023-02-27,VA,2.611370288426751
2023-02-27,VT,1.2385770597294234
2023-02-27,WA,2.1045256237145935
2023-02-27,WI,1.4843570865177922
2023-02-27,WV,1.6871932234812066
2023-02-27,WY,1.97927981707399
2023-03-06,AK,1.7264582690897767
2023-03-06,AL,1.9716330712096042
2023-03-06,AR,2.0635663917156104
2023-03-06,AZ,1.8017788918473427
2023-03-06,CA,2.785144125797724
2023-03-06,CO,2.6760147914953922
2023-03-06,CT,1.8674048481983827
2023-03-06,DE,1.2550403925904428
2023-03-06,GA,2.203558614867333
2023-03-06,HI,2.236205103054604
2023-03-06,IA,1.7418973019368051
2023-03-06,ID,1.4958707516475223
2023-03-06,IL,2.1697937484284084
2023-03-06,IN,1.7371226474093597
2023-03-06,KS,1.3051487708124059
2023-03-06,KY,2.0177878090877486
2023-03-06,LA,1.4370664340888577
2023-03-06,MA,1.6425968541829816
2023-03-06,MD,2.025698518531374
2023-03-06,ME,1.5891524381209232
2023-03-06,MI,1.4889766985683224
2023-03-06,MN,1.5180764861494613
2023-03-06,MO,1.9832642105647813
2023-03-06,MS,2.625295357565058
2023-03-06,MT,1.421894511519064
2023-03-06,NC,1.7813485201217114
2023-03-06,ND,1.9467381767976977
2023-03-06,NE,2.4363073802470043
2023-03-06,NH,1.313760904479293
2023-03-06,NJ,3.2010246830440896
2023-03-06,NM,3.149463211835271
2023-03-06,NV,1.4451157238946366
2023-03-06,NY,2.891563646248545
2023-03-06,OH,2.3236959284287444
2023-03-06,OK,2.2277062073273
2023-03-06,OR,1.5149418135702515
2023-03-06,PA,1.6355281774576764
2023-03-06,RI,1.393875500246243
2023-03-06,SC,1.9233094928584893
2023-03-06,SD,1.4076094210078893
2023-03-06,TN,2.28612732285577
2023-03-06,TX,2.662814598185638
2023-03-06,UT,2.252508916448328
2023-03-06,VA,2.6002555078736713
2023-03-06,VT,1.2734028750295554
2023-03-06,WA,1.7758274616589644
2023-03-06,WI,1.4620801634374332
2023-03-06,WV,1.8122076726082663
2023-03-06,WY,1.8641710222313015
2023-03-13,AK,1.6261117491533148
2023-03-13,AL,2.002635763782717
2023-03-13,AR,1.8895889360998503
2023-03-13,AZ,1.7461323356943494
2023-03-13,CA,2.810661307133689
2023-03-13,CO,2.6178350299366855
2023-03-13,CT,1.8693272479168592
2023-03-13,DE,1.1933679532746095
2023-03-13,GA,2.3048485047518836
2023-03-13,HI,2.2846557505694953
2023-03-13,IA,1.7104891617686557
2023-03-13,ID,1.5971359727719097
2023-03-13,IL,2.176896296925733
2023-03-13,IN,1.5714186078374741
2023-03-13,KS,1.42445653237833
2023-03-13,KY,2.028209159269462
2023-03-13,LA,1.4413612676953997
2023-03-13,MA,1.8254928518686706
2023-03-13,MD,2.2153858466094114
2023-03-13,ME,1.408548554827743
2023-03-13,MI,1.5052415231798641
2023-03-13,MN,1.378325175322673
2023-03-13,MO,1.863995161438531
2023-03-13,MS,2.311648339496518
2023-03-13,MT,1.4476950435302174
2023-03-13,NC,1.8131792311957386
2023-03-13,ND,2.168671567558258
2023-03-13,NE,2.5874709238985947
2023-03-13,NH,1.5399106979816146
2023-03-13,NJ,3.1154503544251257
2023-03-13,NM,2.989618964256163
2023-03-13,NV,1.3818273518931035
2023-03-13,NY,2.8794249563979664
2023-03-13,OH,2.2270508252342243
2023-03-13,OK,2.1010654562786297
2023-03-13,OR,1.447197939405813
2023-03-13,PA,1.6922474871879396
2023-03-13,RI,1.268750938850569
2023-03-13,SC,1.6272703671551212
2023-03-13,SD,1.2463323213296063
2023-03-13,TN,2.048291603517355
2023-03-13,TX,2.6264076229828035
2023-03-13,UT,2.2663725393449656
2023-03-13,VA,2.481280918218192
2023-03-13,VT,1.095907206631211
2023-03-13,WA,1.7862900225133782
2023-03-13,WI,1.4150553893983444
2023-03-13,WV,1.563426436876216
2023-03-13,WY,1.9277800550870074
2023-03-20,AK,1.5217277751956262
2023-03-20,AL,2.0113147730578183
2023-03-20,AR,1.8887471171983294
2023-03-20,AZ,1.8319874573254455
2023-03-20,CA,2.7279688585360162
2023-03-20,CO,2.7202624199478516
2023-03-20,CT,1.9513603528137728
2023-03-20,DE,1.2613805482148894
2023-03-20,GA,2.426359630327788
2023-03-20,HI,2.188005880508755
2023-03-20,IA,1.7288138413180658
2023-03-20,ID,1.5712246263171579
2023-03-20,IL,2.1972966695637455
2023-03-20,IN,1.7472713047216293
2023-03-20,KS,1.457054324509206
2023-03-20,KY,2.0292940504811066
2023-03-20,LA,1.575453764483942
2023-03-20,MA,1.7113915215814481
2023-03-20,MD,2.125552994005627
2023-03-20,ME,1.5598024462143947
2023-03-20,MI,1.5738092597725295
2023-03-20,MN,1.4242798067100135
2023-03-20,MO,1.7773646970946804
2023-03-20,MS,2.393563776138614
2023-03-20,MT,1.3919248915143947
2023-03-20,NC,2.0612983308217854
2023-03-20,ND,1.821656072496861
2023-03-20,NE,2.6428082463467577
2023-03-20,NH,1.2315841050640508
2023-03-20,NJ,3.1589689913795267
2023-03-20,NM,2.933984386623056
2023-03-20,NV,1.475722114849574
2023-03-20,NY,3.1718422041834695
2023-03-20,OH,2.384719901722419
2023-03-20,OK,2.058756734888777
2023-03-20,OR,1.5522164286470228
2023-03-20,PA,1.6386566024073907
2023-03-20,RI,1.2479561665561647
2023-03-20,SC,1.6249151152537684
2023-03-20,SD,1.3114392839325004
2023-03-20,TN,2.012967288979436
2023-03-20,TX,2.268257651271182
2023-03-20,UT,2.2601298645957364
2023-03-20,VA,2.5834590051914
2023-03-20,VT,1.1174099625660938
2023-03-20,WA,1.8779689538681157
2023-03-20,WI,1.4457654136989166
2023-03-20,WV,1.7311439729852323
2023-03-20,WY,1.8655591925656492
2023-03-27,AK,1.8662242443978199
2023-03-27,AL,1.9649987327760732
2023-03-27,AR,1.7477895474174288
2023-03-27,AZ,1.4976860025567542
2023-03-27,CA,2.7365029416053965
2023-03-27,CO,2.6391296479392237
2023-03-27,CT,1.8901006670803036
2023-03-27,DE,1.2640389316509604
2023-03-27,GA,2.4304123350732154
2023-03-27,HI,2.2835759657134744
2023-03-27,IA,1.5105648747760743
2023-03-27,ID,1.547412075877456
2023-03-27,IL,2.118437336503768
2023-03-27,IN,1.552512573445956
2023-03-27,KS,1.1719021762005395
2023-03-27,KY,2.152852513097738
2023-03-27,LA,1.523675467258362
2023-03-27,MA,1.83664333306943
2023-03-27,MD,2.196912654891499
2023-03-27,ME,1.5059571719606986
2023-03-27,MI,1.6085707477549245
2023-03-27,MN,1.40105082190225
2023-03-27,MO,1.8082236725019465
2023-03-27,MS,2.1646940129832535
2023-03-27,MT,1.460216313232905
2023-03-27,NC,1.8772504648888184
2023-03-27,ND,1.769031056056022
2023-03-27,NE,2.4981210928450075
2023-03-27,NH,1.0896569781241625
2023-03-27,NJ,3.07034187588264
2023-03-27,NM,2.687615167630603
2023-03-27,NV,1.4118555513926694
2023-03-27,NY,3.280724061983115
2023-03-27,OH,2.212628149666485
2023-03-27,OK,2.201657036244705
2023-03-27,OR,1.59806918978772
2023-03-27,PA,1.6051257900731788
2023-03-27,RI,1.2819556054188759
2023-03-27,SC,1.644780478501814
2023-03-27,SD,1.302234031887655
2023-03-27,TN,2.103155623482428
2023-03-27,TX,2.1986863438692508
2023-03-27,UT,2.281387253752115
2023-03-27,VA,2.5124254591574458
2023-03-27,VT,1.1607377586882546
2023-03-27,WA,1.7825436595354534
2023-03-27,WI,1.5032484789496834
2023-03-27,WV,1.6824198051955355
2023-03-27,WY,1.5227912970734818
2023-04-03,AK,1.80952823596011
2023-04-03,AL,1.7574863887379673
2023-04-03,AR,1.6376228266826467
2023-04-03,AZ,1.6523626066849668
2023-04-03,CA,2.7514571791397344
2023-04-03,CO,2.2047565032208936
2023-04-03,CT,1.8211724677620778
2023-04-03,DE,1.315866698616017
2023-04-03,GA,2.17233309348058
2023-04-03,HI,2.3041357144589156
2023-04-03,IA,1.494301006337218
2023-04-03,ID,1.3202357255106616
2023-04-03,IL,1.8594208315514984
2023-04-03,IN,1.6020706406201635
2023-04-03,KS,1.3823599173674475
2023-04-03,KY,1.7509384563761077
2023-04-03,LA,1.499829389812671
2023-04-03,MA,1.7865219503963559
2023-04-03,MD,1.9883582923583276
2023-04-03,ME,1.463795724969926
2023-04-03,MI,1.467624436958108
2023-04-03,MN,1.5927299200849814
2023-04-03,MO,1.6079491898470997
2023-04-03,MS,2.0146709229219693
2023-04-03,MT,1.4303480399830657
2023-04-03,NC,1.8398994920823997
2023-04-03,ND,1.725111943472699
2023-04-03,NE,2.289132373160687
2023-04-03,NH,1.206662155142055
2023-04-03,NJ,2.990940478464968
2023-04-03,NM,2.7610526775558766
2023-04-03,NV,1.3486388797659137
2023-04-03,NY,3.116403076351247
2023-04-03,OH,2.0945067030583515
2023-04-03,OK,2.0456503541652693
2023-04-03,OR,1.5691347635765984
2023-04-03,PA,1.5351432919014014
2023-04-03,RI,1.342652447427434
2023-04-03,SC,1.910687742585131
2023-04-03,SD,1.287862402312327
2023-04-03,TN,1.9625132089453472
2023-04-03,TX,2.280941474304931
2023-04-03,UT,2.2636315981385113
2023-04-03,VA,2.3151860528066637
2023-04-03,VT,1.1817365573372784
2023-04-03,WA,1.78614462130037
2023-04-03,WI,1.4756299458595032
2023-04-03,WV,1.7201780716109583
2023-04-03,WY,1.4377042151863662
2023-04-10,AK,1.7981255785725152
2023-04-10,AL,1.6304106744646214
2023-04-10,AR,1.4658767754305575
2023-04-10,AZ,1.490298083212957
2023-04-10,CA,2.5384347162764334
2023-04-10,CO,2.287321723754881
2023-04-10,CT,1.6588690363044116
2023-04-10,DE,1.1069194347697642
2023-04-10,GA,2.0903235092600023
2023-04-10,HI,2.1952549524783507
2023-04-10,IA,1.2853741185324923
2023-04-10,ID,1.3820439845519688
2023-04-10,IL,1.6928442627760552
2023-04-10,IN,1.3414723541329567
2023-04-10,KS,1.0883236856583691
2023-04-10,KY,1.64806330823132
2023-04-10,LA,1.3333311520390083
2023-04-10,MA,1.6352295124960516
2023-04-10,MD,1.7962724700728185
2023-04-10,ME,1.349264243830413
2023-04-10,MI,1.3809535551523564
2023-04-10,MN,1.3731602633258975
2023-04-10,MO,1.4890928702083028
2023-04-10,MS,2.073901671291488
2023-04-10,MT,1.2446413012028184
2023-04-10,NC,1.6907602970368214
2023-04-10,ND,1.7837906398617194
2023-04-10,NE,2.1077920430388497
2023-04-10,NH,1.5092633497711994
2023-04-10,NJ,2.7206432828932865
2023-04-10,NM,2.564301477999388
2023-04-10,NV,1.179612880277947
2023-04-10,NY,2.7297941447592198
2023-04-10,OH,1.8453202871722694
2023-04-10,OK,1.9528907791951613
2023-04-10,OR,1.2492118798518228
2023-04-10,PA,1.393974853064906
2023-04-10,RI,1.1108686034595454
2023-04-10,SC,1.5056173776171553
2023-04-10,SD,1.255725132547131
2023-04-10,TN,1.8414758422076705
2023-04-10,TX,2.2960487466189723
2023-04-10,UT,2.0132319619792742
2023-04-10,VA,2.169628555381662
2023-04-10,VT,1.0311525316499788
2023-04-10,WA,1.6903451502307583
2023-04-10,WI,1.3508684453170072
2023-04-10,WV,1.4402206071313248
2023-04-10,WY,1.4206269723288414
2023-04-17,AK,1.9267194955070837
2023-04-17,AL,1.6951989509742718
2023-04-17,AR,1.3611847158116555
2023-04-17,AZ,1.5268998901952013
2023-04-17,CA,2.407333278411513
2023-04-17,CO,2.2221638484863817
2023-04-17,CT,1.66192234682293
2023-04-17,DE,1.072359805810071
2023-04-17,GA,1.9871214003606898
2023-04-17,HI,2.23458861107648
2023-04-17,IA,1.4290175547136519
2023-04-17,ID,1.3060278210165173
2023-04-17,IL,1.5453063964111822
2023-04-17,IN,1.262828762842195
2023-04-17,KS,1.1001941817245293
2023-04-17,KY,1.53927754567935
2023-04-17,LA,1.3324156176625945
2023-04-17,MA,1.5890955213321307
2023-04-17,MD,1.664078926367209
2023-04-17,ME,1.2807056000727437
2023-04-17,MI,1.2203196241647831
2023-04-17,MN,1.2324592870075124
2023-04-17,MO,1.272701805032452
2023-04-17,MS,1.869164108918512
2023-04-17,MT,1.2188518199528282
2023-04-17,NC,1.5155333641437148
2023-04-17,ND,1.5041752510662922
2023-04-17,NE,1.8808110611332156
2023-04-17,NH,1.1446481566311526
2023-04-17,NJ,2.490491201942288
2023-04-17,NM,2.3610382492318576
2023-04-17,NV,1.150803201011736
2023-04-17,NY,2.375456475005996
2023-04-17,OH,1.8215531590436682
2023-04-17,OK,1.8084680605247367
2023-04-17,OR,1.3030243971447413
2023-04-17,PA,1.2747409541401362
2023-04-17,RI,1.0245058114564098
2023-04-17,SC,1.4453516590935345
2023-04-17,SD,1.1272973743840917
2023-04-17,TN,1.7925075211862416
2023-04-17,TX,2.209569850480311
2023-04-17,UT,1.9630514684137597
2023-04-17,VA,1.948381741994464
2023-04-17,VT,0.9619847015173725
2023-04-17,WA,1.4289496676744964
2023-04-17,WI,1.2325976930075422
2023-04-17,WV,1.2396107206207159
2023-04-17,WY,1.5242226404052783
2023-04-24,AK,1.7427181598682586
2023-04-24,AL,1.598079762055714
2023-04-24,AR,1.4198856364666872
2023-04-24,AZ,1.3811482370227903
2023-04-24,CA,2.2672093463860823
2023-04-24,CO,2.0419825882837124
2023-04-24,CT,1.355137944561822
2023-04-24,DE,0.9674920710242711
2023-04-24,GA,1.8077078046307076
2023-04-24,HI,2.078634004644164
2023-04-24,IA,1.2225352453630502
2023-04-24,ID,1.2466389439025996
2023-04-24,IL,1.4531647379188093
2023-04-24,IN,1.2661099924658146
2023-04-24,KS,0.9653928474870699
2023-04-24,KY,1.3770524110955156
2023-04-24,LA,1.1894097653816966
2023-04-24,MA,1.3227441866963525
2023-04-24,MD,1.5300986348299874
2023-04-24,ME,1.193445600822459
2023-04-24,MI,1.1832971171850641
2023-04-24,MN,1.1747534022897654
2023-04-24,MO,1.3118634875748243
2023-04-24,MS,2.001283233365815
2023-04-24,MT,1.2289497376099732
2023-04-24,NC,1.2787999779445265
2023-04-24,ND,1.7635504778143365
2023-04-24,NE,1.768783287748807
2023-04-24,NH,0.7226015527550227
2023-04-24,NJ,2.124005152065805
2023-04-24,NM,2.2000770729122987
2023-04-24,NV,1.2431953223393224
2023-04-24,NY,2.200234906309789
2023-04-24,OH,1.5963050564165995
2023-04-24,OK,1.5672408618681275
2023-04-24,OR,1.291274478059861
2023-04-24,PA,1.1760754928314663
2023-04-24,RI,0.8363076053499943
2023-04-24,SC,1.3225126242144214
2023-04-24,SD,0.9902080728669536
2023-04-24,TN,1.6574411615086007
2023-04-24,TX,2.237363364709116
2023-04-24,UT,1.7878402731946936
2023-04-24,VA,1.8506500332836144
2023-04-24,VT,0.8711704180811557
2023-04-24,WA,1.5197600993407736
2023-04-24,WI,1.1941173949875319
2023-04-24,WV,1.1241042606595053
2023-04-24,WY,1.2651593981698488
2023-05-01,AK,1.6000311412364514
2023-05-01,AL,1.6253711133692765
2023-05-01,AR,1.4374605356660308
2023-05-01,AZ,1.4344837991038375
2023-05-01,CA,2.1379613466789182
2023-05-01,CO,2.0770286064589136
2023-05-01,CT,1.4125499524423144
2023-05-01,DE,0.9981155446325854
2023-05-01,GA,1.8947043191854
2023-05-01,HI,2.0659761087328814
2023-05-01,IA,1.1014961866878823
2023-05-01,ID,1.2985205926766605
2023-05-01,IL,1.3999104407761198
2023-05-01,IN,1.400348725120549
2023-05-01,KS,1.2100338242453315
2023-05-01,KY,1.5501739511227886
2023-05-01,LA,1.4529276135039555
2023-05-01,MA,1.3335476567478377
2023-05-01,MD,1.527324566914218
2023-05-01,ME,1.033189154578919
2023-05-01,MI,1.1682583731683516
2023-05-01,MN,1.3344061977237154
2023-05-01,MO,1.447470694740445
2023-05-01,MS,1.8095047555694435
2023-05-01,MT,1.1843678711691914
2023-05-01,NC,1.3476813681350788
2023-05-01,ND,1.7656903283798693
2023-05-01,NE,1.9139103060097347
2023-05-01,NH,0.7112128722765787
2023-05-01,NJ,2.206368955593212
2023-05-01,NM,2.3929894671157474
2023-05-01,NV,1.116661004857911
2023-05-01,NY,2.5671236702167732
2023-05-01,OH,1.7084138798970048
2023-05-01,OK,1.4764987010463049
2023-05-01,OR,1.318657066066132
2023-05-01,PA,1.1704695909449607
2023-05-01,RI,1.18156951943865
2023-05-01,SC,1.6075671726931828
2023-05-01,SD,1.1101060537935425
2023-05-01,TN,1.867271056073009
2023-05-01,TX,2.147044504365754
2023-05-01,UT,1.8485234370245405
2023-05-01,VA,1.9741131305679858
2023-05-01,VT,1.0094095993934151
2023-05-01,WA,1.3908301093415647
2023-05-01,WI,1.1892942916751916
2023-05-01,WV,1.2541815050838458
2023-05-01,WY,1.17641413355839
2023-05-08,AK,1.4579103489140262
2023-05-08,AL,1.7144883438335328
2023-05-08,AR,1.4307061523036289
2023-05-08,AZ,1.5371272728169831
2023-05-08,CA,2.3341545075420447
2023-05-08,CO,2.0188467046855756
2023-05-08,CT,1.4874179180049687
2023-05-08,DE,1.001286840076689
2023-05-08,GA,1.8971422209547724
2023-05-08,HI,2.057591434693398
2023-05-08,IA,1.1101647197375137
2023-05-08,ID,1.1901175503155463
2023-05-08,IL,1.3738750457124573
2023-05-08,IN,1.2371373054272714
2023-05-08,KS,1.0742056625492793
2023-05-08,KY,1.5086448827247505
2023-05-08,LA,1.3511415585295268
2023-05-08,MA,1.3595806504593897
2023-05-08,MD,1.6252780574794619
2023-05-08,ME,1.0493527562942249
2023-05-08,MI,1.3163201282251835
2023-05-08,MN,1.2278792267827827
2023-05-08,MO,1.3067719472815624
2023-05-08,MS,1.7685135397063583
2023-05-08,MT,1.1423519419188846
2023-05-08,NC,1.3470538730619617
2023-05-08,ND,1.559057636923883
2023-05-08,NE,1.773807920621989
2023-05-08,NH,0.9794722559746794
2023-05-08,NJ,2.2342394459822374
2023-05-08,NM,2.2781552904608224
2023-05-08,NV,1.0043014815593083
2023-05-08,NY,2.5103057620043496
2023-05-08,OH,1.6851727211880698
2023-05-08,OK,1.455934390543936
2023-05-08,OR,1.1565392605791174
2023-05-08,PA,1.2024528159693726
2023-05-08,RI,1.0463136405404019
2023-05-08,SC,1.350774116420444
2023-05-08,SD,1.0918073124219185
2023-05-08,TN,1.8776025005453965
2023-05-08,TX,2.38964415915997
2023-05-08,UT,1.7559323911960416
2023-05-08,VA,2.0117050374631686
2023-05-08,VT,0.9104595045096949
2023-05-08,WA,1.4075889158542836
2023-05-08,WI,1.1868232457063779
2023-05-08,WV,2.239532117145303
2023-05-08,WY,1.301320335342048
2023-05-15,AK,1.377289098673964
2023-05-15,AL,1.5149043198062182
2023-05-15,AR,1.1914179887931946
2023-05-15,AZ,1.3722338603032114
2023-05-15,CA,2.2979769442978895
2023-05-15,CO,1.9218061286555628
2023-05-15,CT,1.3602643780249362
2023-05-15,DE,0.9796555869899164
2023-05-15,GA,2.085600809091054
2023-05-15,HI,1.9309416784854232
2023-05-15,IA,0.9846512404747446
2023-05-15,ID,1.0802607725420312
2023-05-15,IL,1.2522194991200875
2023-05-15,IN,1.2141055205705649
2023-05-15,KS,0.9409316871360256
2023-05-15,KY,1.3443511356748847
2023-05-15,LA,1.159342863764521
2023-05-15,MA,1.443609677621184
2023-05-15,MD,1.6018181461908698
2023-05-15,ME,1.0979790731404246
2023-05-15,MI,1.2058117105193862
2023-05-15,MN,1.1750566078618991
2023-05-15,MO,1.2351859663739218
2023-05-15,MS,1.5805896994919695
2023-05-15,MT,1.0936829256186
2023-05-15,NC,1.2967282480133084
2023-05-15,ND,1.553258772882749
2023-05-15,NE,1.573092136515621
2023-05-15,NH,0.8737726894953084
2023-05-15,NJ,2.231178275013742
2023-05-15,NM,2.11638698140682
2023-05-15,NV,1.0502611040764402
2023-05-15,NY,2.562393830558087
2023-05-15,OH,1.7056154457309791
2023-05-15,OK,1.3303968048778043
2023-05-15,OR,1.2137196866402902
2023-05-15,PA,1.1903722237155372
2023-05-15,RI,0.9182563609854048
2023-05-15,SC,1.3054071501495272
2023-05-15,SD,1.0654848195067321
2023-05-15,TN,1.6499150612791271
2023-05-15,TX,2.0869063550323825
2023-05-15,UT,1.6913167741052528
2023-05-15,VA,1.9573115804285872
2023-05-15,VT,0.9075978813862118
2023-05-15,WA,1.310481634083835
2023-05-15,WI,1.1991202205168743
2023-05-15,WV,2.207181958955807
2023-05-15,WY,1.586666033909359
2023-05-22,AK,1.4347160418383131
2023-05-22,AL,1.4729710928019233
2023-05-22,AR,1.1049737117877938
2023-05-22,AZ,1.3232777637067517
2023-05-22,CA,2.202810942861802
2023-05-22,CO,1.837334467143749
2023-05-22,CT,1.3318956553542867
2023-05-22,DE,0.942405588628453
2023-05-22,GA,1.86517471381553
2023-05-22,HI,1.9136323183417545
2023-05-22,IA,1.0134712880504264
2023-05-22,ID,1.0813590059271783
2023-05-22,IL,1.1524475519981883
2023-05-22,IN,1.1400577783152281
2023-05-22,KS,0.8357098960199703
2023-05-22,KY,1.134221104566166
2023-05-22,LA,1.2347089617103792
2023-05-22,MA,1.3026870061953155
2023-05-22,MD,1.6418656183784484
2023-05-22,ME,0.866945519855707
2023-05-22,MI,1.1448255618719614
2023-05-22,MN,1.1488436137547298
2023-05-22,MO,1.0011606280235452
2023-05-22,MS,1.6357145938651039
2023-05-22,MT,0.9671282809581285
2023-05-22,NC,1.2171016583811785
2023-05-22,ND,1.5312554822645388
2023-05-22,NE,1.657696719977365
2023-05-22,NH,0.9758346904716735
2023-05-22,NJ,2.443313465856493
2023-05-22,NM,2.1095024637290347
2023-05-22,NV,1.0928873008432887
2023-05-22,NY,2.6531037218128946
2023-05-22,OH,1.6863757558048273
2023-05-22,OK,1.1442853711436682
2023-05-22,OR,1.0675381108480742
2023-05-22,PA,1.0650581146595384
2023-05-22,RI,0.9204661545035522
2023-05-22,SC,1.2635790938718845
2023-05-22,SD,0.8905091038916526
2023-05-22,TN,1.552264842914337
2023-05-22,TX,2.13116869411854
2023-05-22,UT,1.594126676111031
2023-05-22,VA,1.8076290123480048
2023-05-22,VT,0.8515545978336085
2023-05-22,WA,1.2248071820702888
2023-05-22,WI,1.0337316562358079
2023-05-22,WV,1.0666198494016406
2023-05-22,WY,0.9346832512325913
2023-05-29,AK,1.4995605272045274
2023-05-29,AL,1.3715147317040406
2023-05-29,AR,1.2153912018665123
2023-05-29,AZ,1.3264903195234146
2023-05-29,CA,2.2638296403534817
2023-05-29,CO,1.6023265205509887
2023-05-29,CT,1.2007536513237893
2023-05-29,DE,0.9463060049214708
2023-05-29,GA,1.823828603645825
2023-05-29,HI,1.785417416081867
2023-05-29,IA,0.9997042611712099
2023-05-29,ID,0.9114146008680037
2023-05-29,IL,1.3025158235758125
2023-05-29,IN,1.1111664656404825
2023-05-29,KS,0.8716981189864264
2023-05-29,KY,1.2372154214776592
2023-05-29,LA,1.1084912798254165
2023-05-29,MA,1.2877097859183801
2023-05-29,MD,1.5146638536763481
2023-05-29,ME,0.9235986818647193
2023-05-29,MI,1.0376122489769979
2023-05-29,MN,1.1244925244834438
2023-05-29,MO,1.13922539893957
2023-05-29,MS,1.9078102366152518
2023-05-29,MT,0.9794243114118287
2023-05-29,NC,1.1948964560529094
2023-05-29,ND,1.5870512276785878
2023-05-29,NE,1.609498062082635
2023-05-29,NH,0.5926067659780452
2023-05-29,NJ,2.006737708582188
2023-05-29,NM,1.9927045980341078
2023-05-29,NV,0.9584647387510726
2023-05-29,NY,2.4580088856735163
2023-05-29,OH,1.540366574375427
2023-05-29,OK,1.056380013936027
2023-05-29,OR,0.8755933126257212
2023-05-29,PA,1.0681154022374861
2023-05-29,RI,0.8067997948861687
2023-05-29,SC,1.1403558708964887
2023-05-29,SD,0.874154859563799
2023-05-29,TN,1.4715275958049074
2023-05-29,TX,2.033510922852279
2023-05-29,UT,1.4223415912921173
2023-05-29,VA,1.7404776258540315
2023-05-29,VT,0.7980920001909078
2023-05-29,WA,1.3584486385822294
2023-05-29,WI,1.0607978867160908
2023-05-29,WV,0.9847171218563884
2023-05-29,WY,0.9734268441178013
2023-06-05,AK,1.3065924525629615
2023-06-05,AL,1.4383963056420894
2023-06-05,AR,1.0999597310342837
2023-06-05,AZ,1.2027772577555234
2023-06-05,CA,2.3594611308312254
2023-06-05,CO,1.5916932902313046
2023-06-05,CT,1.29614782787908
2023-06-05,DE,0.940525658729266
2023-06-05,GA,1.9429752113136767
2023-06-05,HI,1.9596254383172644
2023-06-05,IA,1.0203210121746378
2023-06-05,ID,0.9158882723808406
2023-06-05,IL,1.147268414929937
2023-06-05,IN,1.114268052367291
2023-06-05,KS,0.97965066689254
2023-06-05,KY,0.9455129337796315
2023-06-05,LA,1.2774477768267323
2023-06-05,MA,1.2525102270711357
2023-06-05,MD,1.5867901258967874
2023-06-05,ME,1.045825319199915
2023-06-05,MI,1.0669948047664732
2023-06-05,MN,1.3091420530161284
2023-06-05,MO,1.011673805664194
2023-06-05,MS,1.5317740654869643
2023-06-05,MT,1.005496925288361
2023-06-05,NC,1.219568961528762
2023-06-05,ND,0.7232252639315513
2023-06-05,NE,1.4680440364355332
2023-06-05,NH,0.5660475891118155
2023-06-05,NJ,2.3328900902030796
2023-06-05,NM,1.9258480798453799
2023-06-05,NV,0.9164370126075936
2023-06-05,NY,2.3854805085457524
2023-06-05,OH,1.4433655170091542
2023-06-05,OK,0.9702423121022234
2023-06-05,OR,1.2887987448834468
2023-06-05,PA,0.9737015478594774
2023-06-05,RI,0.8260812836588005
2023-06-05,SC,1.4031787362667818
2023-06-05,SD,0.9794323448819892
2023-06-05,TN,1.4500837183021744
2023-06-05,TX,1.8104517167302874
2023-06-05,UT,1.3004809037666352
2023-06-05,VA,1.766368909687509
2023-06-05,VT,0.7778551616639042
2023-06-05,WA,1.2321789593304464
2023-06-05,WI,1.1019460127065688
2023-06-05,WV,1.0318072112213237
2023-06-05,WY,1.0513754804505284
2023-06-12,AK,1.3642872795378471
2023-06-12,AL,1.1410023464680372
2023-06-12,AR,1.0118365533450988
2023-06-12,AZ,1.091806638253848
2023-06-12,CA,2.0705933775008187
2023-06-12,CO,1.337540093831346
2023-06-12,CT,1.002681393076266
2023-06-12,DE,0.7885630777927983
2023-06-12,GA,1.40398869899185
2023-06-12,HI,1.614178840800693
2023-06-12,IA,0.8889420395363845
2023-06-12,ID,0.9565089132410964
2023-06-12,IL,0.9523447705437905
2023-06-12,IN,0.9577632828894402
2023-06-12,KS,0.7233054789962219
2023-06-12,KY,0.8742026549108324
2023-06-12,LA,0.859294865347024
2023-06-12,MA,1.1174316952513732
2023-06-12,MD,1.2915457009557625
2023-06-12,ME,0.9496236332343128
2023-06-12,MI,0.9684536447290519
2023-06-12,MN,1.030383516610962
2023-06-12,MO,0.8366212128963895
2023-06-12,MS,1.479472352834419
2023-06-12,MT,0.8375442873678016
2023-06-12,NC,1.049886585519074
2023-06-12,ND,1.2789459660634972
2023-06-12,NE,1.0572623711104296
2023-06-12,NH,0.5501720419330494
2023-06-12,NJ,1.8330477694394534
2023-06-12,NM,1.6856530394344484
2023-06-12,NV,1.305162390933707
2023-06-12,NY,1.9837354047290652
2023-06-12,OH,1.2227425808448418
2023-06-12,OK,0.7350815467985458
2023-06-12,OR,1.035397939049757
2023-06-12,PA,0.9043248545684129
2023-06-12,RI,0.8986647254658481
2023-06-12,SC,1.0975967242177598
2023-06-12,SD,0.8053184158483342
2023-06-12,TN,1.1671206024485041
2023-06-12,TX,1.2678510850497786
2023-06-12,UT,1.1036629232859618
2023-06-12,VA,1.5762887295141492
2023-06-12,VT,0.704815132475605
2023-06-12,WA,1.3065024856736325
2023-06-12,WI,0.8944080293385928
2023-06-12,WV,0.8631931691292509
2023-06-12,WY,1.0378236259068847
2023-06-19,AK,1.3639355062480383
2023-06-19,AL,1.1745227596229149
2023-06-19,AR,0.8345703003149081
2023-06-19,AZ,0.9824019563840053
2023-06-19,CA,1.9704277364174692
2023-06-19,CO,1.2192257906888004
2023-06-19,CT,1.072598926223268
2023-06-19,DE,0.7396675355997916
2023-06-19,GA,1.3936339763383043
2023-06-19,HI,1.730780242129034
2023-06-19,IA,0.7348376495885417
2023-06-19,ID,0.7794426200844415
2023-06-19,IL,0.8840590409089827
2023-06-19,IN,0.8188099004746499
2023-06-19,KS,0.6764353865799426
2023-06-19,KY,0.8789096748513272
2023-06-19,LA,0.7918132228081878
2023-06-19,MA,1.0371565089100208
2023-06-19,MD,1.3215792512934117
2023-06-19,ME,0.8431485063293712
2023-06-19,MI,0.8990756514034206
2023-06-19,MN,0.9357013890593564
2023-06-19,MO,0.9305073727623675
2023-06-19,MS,1.3751208226204172
2023-06-19,MT,0.8027870954609024
2023-06-19,NC,0.9510806359868327
2023-06-19,ND,1.0962293337985924
2023-06-19,NE,1.1933265966683355
2023-06-19,NH,0.7878234012694982
2023-06-19,NJ,1.8396858325820555
2023-06-19,NM,1.5843855854288196
2023-06-19,NV,1.3890116120054978
2023-06-19,NY,2.078679932335035
2023-06-19,OH,1.199200277670128
2023-06-19,OK,0.8066145293413574
2023-06-19,OR,0.9573684606425992
2023-06-19,PA,0.826864546086941
2023-06-19,RI,0.8075784915250962
2023-06-19,SC,1.0173180431487492
2023-06-19,SD,0.7624389006135743
2023-06-19,TN,1.0009934236785527
2023-06-19,TX,1.4132806846501866
2023-06-19,UT,1.141846175635619
2023-06-19,VA,1.396953437554048
2023-06-19,VT,0.6949163545298318
2023-06-19,WA,1.0845709035941633
2023-06-19,WI,0.8495119558756684
2023-06-19,WV,0.7533771708723096
2023-06-19,WY,0.8537549449537107
2023-06-26,AK,1.1874022971863754
2023-06-26,AL,0.8944946673702635
2023-06-26,AR,0.7947435682540254
2023-06-26,AZ,0.9178434583523878
2023-06-26,CA,1.8221659075721335
2023-06-26,CO,1.0612075426337024
2023-06-26,CT,0.9078259177707464
2023-06-26,DE,0.6588860308459319
2023-06-26,GA,1.2782333763594724
2023-06-26,HI,1.4476492213311485
2023-06-26,IA,0.6634078834622475
2023-06-26,ID,0.8033872509911117
2023-06-26,IL,0.7933401880960453
2023-06-26,IN,0.7709264109257588
2023-06-26,KS,0.6590036729275179
2023-06-26,KY,0.6818233846348958
2023-06-26,LA,0.8228764581789383
2023-06-26,MA,1.0093759780199374
2023-06-26,MD,1.1028569247571782
2023-06-26,ME,0.8149843514844514
2023-06-26,MI,0.7939722892972866
2023-06-26,MN,0.8854135792002764
2023-06-26,MO,0.7339338723949371
2023-06-26,MS,1.3119774578186145
2023-06-26,MT,0.7533643388952628
2023-06-26,NC,0.8794693298718825
2023-06-26,ND,1.0655646425365521
2023-06-26,NE,1.0571381684674743
2023-06-26,NH,0.51857865330765
2023-06-26,NJ,1.5191082938869036
2023-06-26,NM,1.459878733423987
2023-06-26,NV,1.2012096434226314
2023-06-26,NY,1.768565996648941
2023-06-26,OH,1.1027390812318025
2023-06-26,OK,0.6208532763607967
2023-06-26,OR,0.8905852545301483
2023-06-26,PA,0.7579658774784819
2023-06-26,RI,0.6078213621263928
2023-06-26,SC,0.9274452927185093
2023-06-26,SD,0.7416648108103058
2023-06-26,TN,0.945700747215737
2023-06-26,TX,1.1928371040547618
2023-06-26,UT,0.9543265536215684
2023-06-26,VA,1.2790735100703343
2023-06-26,VT,0.6884416736657808
2023-06-26,WA,1.1707336032240372
2023-06-26,WI,0.8231700164112656
2023-06-26,WV,0.720138837918955
2023-06-26,WY,0.8031589589037644
2023-07-03,AK,1.1658456132779182
2023-07-03,AL,0.8973048652355982
2023-07-03,AR,0.7716797030212497
2023-07-03,AZ,0.8377853950227646
2023-07-03,CA,1.7083639199749774
2023-07-03,CO,0.9493131065739702
2023-07-03,CT,0.868465384042158
2023-07-03,DE,0.6315604276722206
2023-07-03,GA,1.1268939474156434
2023-07-03,HI,1.461923384801516
2023-07-03,IA,0.56979112089799
2023-07-03,ID,0.6853554856260253
2023-07-03,IL,0.712665541692532
2023-07-03,IN,0.7498193936997942
2023-07-03,KS,0.6934990872590718
2023-07-03,KY,0.7521955219406242
2023-07-03,LA,0.8092495687134404
2023-07-03,MA,0.7732375833919068
2023-07-03,MD,1.0139795515354684
2023-07-03,ME,0.745642436893856
2023-07-03,MI,0.6902526913225584
2023-07-03,MN,0.8506177040515753
2023-07-03,MO,0.6865875366416575
2023-07-03,MS,1.0798567094288027
2023-07-03,MT,0.6120403806189059
2023-07-03,NC,0.7188067180587612
2023-07-03,ND,0.49989823106270725
2023-07-03,NE,0.8436929405993199
2023-07-03,NH,0.2933679454174281
2023-07-03,NJ,1.4732740926690826
2023-07-03,NM,1.2440351128495422
2023-07-03,NV,1.0876850729565564
2023-07-03,NY,1.72993870573826
2023-07-03,OH,1.0040590896990378
2023-07-03,OK,0.5528269913022181
2023-07-03,OR,0.8106182492842151
2023-07-03,PA,0.6861696823919781
2023-07-03,RI,0.6770838448037757
2023-07-03,SC,1.0949782026107924
2023-07-03,SD,0.5262096452427555
2023-07-03,TN,0.8842720159612614
2023-07-03,TX,1.3078105275397691
2023-07-03,UT,0.855647971429874
2023-07-03,VA,1.0803553717224552
2023-07-03,VT,0.5875339622445742
2023-07-03,WA,0.8948024710881805
2023-07-03,WI,0.7424280094231939
2023-07-03,WV,0.6396527447035657
2023-07-03,WY,0.8265227286124497
2023-07-10,AK,1.118962537558537
2023-07-10,AL,0.9602592208698293
2023-07-10,AR,0.792312251591617
2023-07-10,AZ,0.7848610733320236
2023-07-10,CA,1.723265309332771
2023-07-10,CO,0.9818793625853531
2023-07-10,CT,0.8111662063516332
2023-07-10,DE,0.6301818823282737
2023-07-10,GA,1.1642732962729088
2023-07-10,HI,1.495669366375343
2023-07-10,IA,0.6016279268295891
2023-07-10,ID,0.7420768212881947
2023-07-10,IL,0.7598726441663974
2023-07-10,IN,0.7177627323263386
2023-07-10,KS,0.5827189473722091
2023-07-10,KY,0.6671842889922033
2023-07-10,LA,0.7004667396821225
2023-07-10,MA,0.8207988519926704
2023-07-10,MD,0.9517855594098089
2023-07-10,ME,0.7335129416761472
2023-07-10,MI,0.6326013108169237
2023-07-10,MN,0.8473297382679984
2023-07-10,MO,0.7347475110814896
2023-07-10,MS,1.1639943153947423
2023-07-10,MT,0.6943064335980014
2023-07-10,NC,0.819994057880155
2023-07-10,ND,1.0441933908104288
2023-07-10,NE,0.9212585214888677
2023-07-10,NH,0.5209868974372951
2023-07-10,NJ,1.4192288691827637
2023-07-10,NM,1.3110568724870961
2023-07-10,NV,1.0351225371733364
2023-07-10,NY,1.6490795744092555
2023-07-10,OH,1.01568121205952
2023-07-10,OK,0.5941774953157154
2023-07-10,OR,0.8285512228691585
2023-07-10,PA,0.6841852954518259
2023-07-10,RI,0.6589013386583011
2023-07-10,SC,0.8343416756149367
2023-07-10,SD,0.7453484666126684
2023-07-10,TN,0.8674418869855154
2023-07-10,TX,1.2128875891358553
2023-07-10,UT,0.8347790779684214
2023-07-10,VA,1.1450839522928817
2023-07-10,VT,0.6152862124818533
2023-07-10,WA,0.9349899502067284
2023-07-10,WI,0.6984072888725185
2023-07-10,WV,0.6175525537311235
2023-07-10,WY,0.8757058502739629
2023-07-17,AK,0.960306705579397
2023-07-17,AL,0.967514543104611
2023-07-17,AR,0.7027907166612111
2023-07-17,AZ,0.7517580635222598
2023-07-17,CA,1.3864697884504567
2023-07-17,CO,0.8701138233885988
2023-07-17,CT,0.7310206364419705
2023-07-17,DE,0.5537750622585242
2023-07-17,GA,1.18410939323602
2023-07-17,HI,1.3508963458750394
2023-07-17,IA,0.630455371084649
2023-07-17,ID,0.6711826054567425
2023-07-17,IL,0.6437047277376291
2023-07-17,IN,0.6716974125990423
2023-07-17,KS,0.5214314205692301
2023-07-17,KY,0.6660553037911867
2023-07-17,LA,0.7913202012429188
2023-07-17,MA,0.7875201962983873
2023-07-17,MD,1.0293503277425222
2023-07-17,ME,0.6023928489200864
2023-07-17,MI,0.6057366195591218
2023-07-17,MN,0.7661393947106312
2023-07-17,MO,0.6536441773694068
2023-07-17,MS,1.1843916191540949
2023-07-17,MT,0.6555497325731112
2023-07-17,NC,0.6916629857625056
2023-07-17,ND,0.8652928427176114
2023-07-17,NE,1.0419073110001602
2023-07-17,NH,0.4198079284075347
2023-07-17,NJ,1.2991833626168294
2023-07-17,NM,1.2134735899515945
2023-07-17,NV,0.6129100770235647
2023-07-17,NY,1.4722102818242921
2023-07-17,OH,0.9378261112400179
2023-07-17,OK,0.605576869179399
2023-07-17,OR,0.6813361861800158
2023-07-17,PA,0.6313787055794973
2023-07-17,RI,0.49150027616431136
2023-07-17,SC,0.7625581270139352
2023-07-17,SD,0.4963550161205208
2023-07-17,TN,0.8051640389694104
2023-07-17,TX,1.224883125212453
2023-07-17,UT,0.7892454401170215
2023-07-17,VA,1.0345755392737443
2023-07-17,VT,0.5838625277713286
2023-07-17,WA,0.7771295042176658
2023-07-17,WI,0.6296730883260362
2023-07-17,WV,0.5850479835696419
2023-07-17,WY,0.698671192869418
2023-07-24,AK,1.0482713095394922
2023-07-24,AL,0.906676599734342
2023-07-24,AR,0.6833416877301883
2023-07-24,AZ,0.7047399098124574
2023-07-24,CA,1.4108310151978496
2023-07-24,CO,0.8347810813029919
2023-07-24,CT,0.8162088821499329
2023-07-24,DE,0.5932286612547628
2023-07-24,GA,1.1841945237029101
2023-07-24,HI,1.4808715040309914
2023-07-24,IA,0.6663242157519543
2023-07-24,ID,0.6015775038818245
2023-07-24,IL,0.7061832917092475
2023-07-24,IN,0.6853122267456475
2023-07-24,KS,0.5341383686064598
2023-07-24,KY,0.6742938674345202
2023-07-24,LA,0.739091746359968
2023-07-24,MA,0.7668586150288972
2023-07-24,MD,0.8616026684544544
2023-07-24,ME,0.6483591040706955
2023-07-24,MI,0.6046910820606028
2023-07-24,MN,0.7668786233035051
2023-07-24,MO,0.6326589518141242
2023-07-24,MS,1.1851056338832358
2023-07-24,MT,0.5419612478777687
2023-07-24,NC,0.7442652123781466
2023-07-24,ND,1.0866788353578924
2023-07-24,NE,0.9438596090776759
2023-07-24,NH,0.3918392616474863
2023-07-24,NJ,1.494179481033084
2023-07-24,NM,1.256291597620636
2023-07-24,NV,0.5745906899176108
2023-07-24,NY,1.6509118449560964
2023-07-24,OH,1.0272497991060523
2023-07-24,OK,0.5847686074206877
2023-07-24,OR,0.6158372724434047
2023-07-24,PA,0.6389132462047751
2023-07-24,RI,0.599591108064698
2023-07-24,SC,0.7507890195118896
2023-07-24,SD,0.5671326704619359
2023-07-24,TN,0.940882257353717
2023-07-24,TX,1.092348002439447
2023-07-24,UT,0.7617568548231302
2023-07-24,VA,1.0801719017661888
2023-07-24,VT,0.6123915317894936
2023-07-24,WA,0.8460170857909721
2023-07-24,WI,0.6416765226129504
2023-07-24,WV,0.5882343759588122
2023-07-24,WY,0.7383171874720371
2023-07-31,AK,1.0520863738122632
2023-07-31,AL,1.077871868199997
2023-07-31,AR,0.715535827177312
2023-07-31,AZ,0.795531069247619
2023-07-31,CA,1.4066568162178437
2023-07-31,CO,0.8476414314585434
2023-07-31,CT,0.836391936994159
2023-07-31,DE,0.6505326649373947
2023-07-31,GA,1.3495804269702976
2023-07-31,HI,1.4988478689620972
2023-07-31,IA,0.7311323187648741
2023-07-31,ID,0.6574120384219962
2023-07-31,IL,0.745751936817888
2023-07-31,IN,0.6731072781601484
2023-07-31,KS,0.5948839967625804
2023-07-31,KY,0.7958105892669864
2023-07-31,LA,0.8033505194975121
2023-07-31,MA,0.8224929755777918
2023-07-31,MD,0.9502867019299648
2023-07-31,ME,0.7032442660328245
2023-07-31,MI,0.6110367861547576
2023-07-31,MN,0.7658710066797815
2023-07-31,MO,0.7408929318031674
2023-07-31,MS,1.3281469962776797
2023-07-31,MT,0.6174956959512256
2023-07-31,NC,0.7945922178825036
2023-07-31,ND,1.0325819607765958
2023-07-31,NE,1.011519172735095
2023-07-31,NH,0.40915709232309994
2023-07-31,NJ,1.5612792627383174
2023-07-31,NM,1.2602712124659998
2023-07-31,NV,0.7067795596345618
2023-07-31,NY,1.659734500512458
2023-07-31,OH,0.9735011702781171
2023-07-31,OK,0.65398468050889
2023-07-31,OR,0.6933414141821483
2023-07-31,PA,0.677434030048456
2023-07-31,RI,0.7027758036588648
2023-07-31,SC,0.7854617310403265
2023-07-31,SD,0.5327222508081672
2023-07-31,TN,0.8793044194670281
2023-07-31,TX,1.2314073013682567
2023-07-31,UT,0.864084640416525
2023-07-31,VA,1.0988707450098558
2023-07-31,VT,0.5624036173967828
2023-07-31,WA,0.798042105862814
2023-07-31,WI,0.6709727895317903
2023-07-31,WV,0.6115830637903203
2023-07-31,WY,0.9154604379478415
2023-08-07,AK,0.9763684292213439
2023-08-07,AL,1.0908365041418986
2023-08-07,AR,0.7167570479193566
2023-08-07,AZ,0.8174960973518673
2023-08-07,CA,1.433171776537184
2023-08-07,CO,0.8576514399677728
2023-08-07,CT,0.8731100523662305
2023-08-07,DE,0.6860277648525152
2023-08-07,GA,1.3187495685752286
2023-08-07,HI,1.6163275508435189
2023-08-07,IA,0.8273064221940643
2023-08-07,ID,0.641800165132336
2023-08-07,IL,0.8788367082262905
2023-08-07,IN,0.8384406558250419
2023-08-07,KS,0.7002906808193317
2023-08-07,KY,0.7334745136820248
2023-08-07,LA,0.9194333374491355
2023-08-07,MA,0.8124258790734118
2023-08-07,MD,0.962200195678518
2023-08-07,ME,0.6884753309913465
2023-08-07,MI,0.6210525284492288
2023-08-07,MN,0.8117863882304955
2023-08-07,MO,0.7046517661569007
2023-08-07,MS,1.6022334168846935
2023-08-07,MT,0.5535869166165884
2023-08-07,NC,0.8219704334495417
2023-08-07,ND,0.9536350346681224
2023-08-07,NE,0.9097428612167717
2023-08-07,NH,0.48604234838989147
2023-08-07,NJ,1.5076777027546444
2023-08-07,NM,1.2344745415859517
2023-08-07,NV,0.7759612191972765
2023-08-07,NY,1.712540518736894
2023-08-07,OH,0.9959913476582405
2023-08-07,OK,0.6322239725475863
2023-08-07,OR,0.6947404396985664
2023-08-07,PA,0.7011811800124855
2023-08-07,RI,0.5390900960620484
2023-08-07,SC,1.1111704284861892
2023-08-07,SD,0.5412590388053762
2023-08-07,TN,0.8955275537519616
2023-08-07,TX,1.3944944594046282
2023-08-07,UT,0.8474635593475643
2023-08-07,VA,1.1436517803560344
2023-08-07,VT,0.5750724857586272
2023-08-07,WA,0.9403648721319249
2023-08-07,WI,0.7667732913261667
2023-08-07,WV,0.7160671035037557
2023-08-07,WY,0.7799157369148093
2023-08-14,AK,1.1931396752377559
2023-08-14,AL,1.40818353613181
2023-08-14,AR,0.9040845930803987
2023-08-14,AZ,0.9246620189592829
2023-08-14,CA,1.545050079735266
2023-08-14,CO,1.0711188966290903
2023-08-14,CT,0.9889831934467823
2023-08-14,DE,0.7238937042824963
2023-08-14,GA,1.9345390528946687
2023-08-14,HI,1.6239330982671456
2023-08-14,IA,0.8568774834274637
2023-08-14,ID,0.8058228048569354
2023-08-14,IL,0.8534479824847336
2023-08-14,IN,0.827221359947283
2023-08-14,KS,0.7671546591932359
2023-08-14,KY,0.8360363974569818
2023-08-14,LA,0.950545503942164
2023-08-14,MA,0.9311587074234067
2023-08-14,MD,1.0817051857346993
2023-08-14,ME,0.818108530915089
2023-08-14,MI,0.67683489758757
2023-08-14,MN,0.8121167735369494
2023-08-14,MO,0.8070573253977764
2023-08-14,MS,1.9338630914427837
2023-08-14,MT,0.6635699674479194
2023-08-14,NC,0.8911507829196825
2023-08-14,ND,1.0489055987680815
2023-08-14,NE,0.9368788951262754
2023-08-14,NH,0.7542217962442312
2023-08-14,NJ,1.5446513194688944
2023-08-14,NM,1.5370282493132208
2023-08-14,NV,0.7229203300024393
2023-08-14,NY,1.7727009536852398
2023-08-14,OH,1.0251789672701261
2023-08-14,OK,0.8851377412943422
2023-08-14,OR,0.8020900218182814
2023-08-14,PA,0.6955139806079988
2023-08-14,RI,0.6580357272866939
2023-08-14,SC,0.7969767690651063
2023-08-14,SD,0.6046762292081317
2023-08-14,TN,1.203915275193108
2023-08-14,TX,1.4254295381365456
2023-08-14,UT,0.8635026397149721
2023-08-14,VA,1.23854389687926
2023-08-14,VT,0.6238414217316801
2023-08-14,WA,0.9173522562502605
2023-08-14,WI,0.7570214476228356
2023-08-14,WV,0.686668730515633
2023-08-14,WY,0.8893594606603119
2023-08-21,AK,1.2986335875096544
2023-08-21,AL,1.7388302777645999
2023-08-21,AR,1.0343343987488745
2023-08-21,AZ,1.0920430768970673
2023-08-21,CA,1.5936961913468544
2023-08-21,CO,1.1473264716809424
2023-08-21,CT,1.0334621794411059
2023-08-21,DE,0.796550847933131
2023-08-21,GA,2.5936004000147452
2023-08-21,HI,1.758312977623643
2023-08-21,IA,0.9084062795929224
2023-08-21,ID,0.7710257257267072
2023-08-21,IL,0.9766182356071202
2023-08-21,IN,1.0029359859392373
2023-08-21,KS,0.6362191882431025
2023-08-21,KY,1.059597546469063
2023-08-21,LA,1.0636915310883834
2023-08-21,MA,0.9033126459904199
2023-08-21,MD,1.1764097801108127
2023-08-21,ME,0.7623212643773736
2023-08-21,MI,0.6904826786102363
2023-08-21,MN,0.8460956478726105
2023-08-21,MO,0.900393701662163
2023-08-21,MS,2.387506769833671
2023-08-21,MT,0.655122809686735
2023-08-21,NC,1.0977481679162746
2023-08-21,ND,1.3051051931060298
2023-08-21,NE,1.1678659924801547
2023-08-21,NH,0.44625092071922223
2023-08-21,NJ,1.5330693376521278
2023-08-21,NM,1.8031453609622456
2023-08-21,NV,0.765535697487141
2023-08-21,NY,1.898616321281722
2023-08-21,OH,1.1434919844280782
2023-08-21,OK,0.7878560850543577
2023-08-21,OR,0.8330189943725435
2023-08-21,PA,0.8413516953044675
2023-08-21,RI,0.7399263821062292
2023-08-21,SC,1.057194598262483
2023-08-21,SD,0.6576706024888328
2023-08-21,TN,1.6191453507931706
2023-08-21,TX,1.7789118090439464
2023-08-21,UT,0.950515528628177
2023-08-21,VA,1.4030586733107597
2023-08-21,VT,0.7108293717920864
2023-08-21,WA,0.9963353381302226
2023-08-21,WI,0.7561610139296617
2023-08-21,WV,0.6971410914529357
2023-08-21,WY,0.8988087317333814
2023-08-28,AK,1.4296863390314958
2023-08-28,AL,2.387339338990199
2023-08-28,AR,1.282011030700192
2023-08-28,AZ,1.1772824930549683
2023-08-28,CA,1.8066598689712943
2023-08-28,CO,1.5336489243332263
2023-08-28,CT,1.0944372961728874
2023-08-28,DE,0.8419522774599786
2023-08-28,GA,2.5953593333001734
2023-08-28,HI,2.0940472765181113
2023-08-28,IA,1.0085958542577087
2023-08-28,ID,0.940415999655788
2023-08-28,IL,1.2389156474089869
2023-08-28,IN,1.1975421888276583
2023-08-28,KS,0.7749961531369354
2023-08-28,KY,1.4565553303757588
2023-08-28,LA,1.6047673754105576
2023-08-28,MA,1.1041446125779735
2023-08-28,MD,1.2998913074687963
2023-08-28,ME,0.9284047002240542
2023-08-28,MI,0.8436738504116957
2023-08-28,MN,0.9190023393688107
2023-08-28,MO,0.9252071737507328
2023-08-28,MS,2.4769100426830364
2023-08-28,MT,0.8110716311906486
2023-08-28,NC,1.2915572974032496
2023-08-28,ND,1.237896714788997
2023-08-28,NE,1.402163939879279
2023-08-28,NH,0.562055611612834
2023-08-28,NJ,1.923254948656138
2023-08-28,NM,2.0821555713872493
2023-08-28,NV,0.8288766379078161
2023-08-28,NY,1.8834340479095921
2023-08-28,OH,1.4320451309653928
2023-08-28,OK,0.9287143685502548
2023-08-28,OR,0.9557775238637858
2023-08-28,PA,0.8936157709717807
2023-08-28,RI,0.7554451727152601
2023-08-28,SC,1.2722560701704897
2023-08-28,SD,0.7953770035942964
2023-08-28,TN,1.7645424612449703
2023-08-28,TX,2.1642227809085224
2023-08-28,UT,1.149163654310641
2023-08-28,VA,1.6510500172558817
2023-08-28,VT,0.7415208837567691
2023-08-28,WA,1.1465289936008245
2023-08-28,WI,0.9018804710654958
2023-08-28,WV,0.8640364725097252
2023-08-28,WY,1.261575599810111
2023-09-04,AK,1.4224687370797195
2023-09-04,AL,2.2157496052423604
2023-09-04,AR,1.7406895894460535
2023-09-04,AZ,1.078832353515352
2023-09-04,CA,2.0196956492997344
2023-09-04,CO,1.680610600033733
2023-09-04,CT,1.2414382441382907
2023-09-04,DE,0.9632263872286182
2023-09-04,GA,2.454408197737867
2023-09-04,HI,2.1559993798494568
2023-09-04,IA,1.0623016858862548
2023-09-04,ID,1.065244584316756
2023-09-04,IL,1.4357189941332897
2023-09-04,IN,1.3610260693608738
2023-09-04,KS,1.0882400200639153
2023-09-04,KY,1.6826498162287105
2023-09-04,LA,1.9267768609492912
2023-09-04,MA,1.0937686845687575
2023-09-04,MD,1.4474521220407968
2023-09-04,ME,0.9058010149976923
2023-09-04,MI,0.9849197252864976
2023-09-04,MN,1.0522669647888316
2023-09-04,MO,1.3359832165463243
2023-09-04,MS,2.5962682397620225
2023-09-04,MT,0.9570071733450229
2023-09-04,NC,1.3730262981039656
2023-09-04,ND,1.3410883325809637
2023-09-04,NE,1.6244492958814267
2023-09-04,NH,0.8233875335511043
2023-09-04,NJ,1.7209267562695496
2023-09-04,NM,2.171895307040554
2023-09-04,NV,0.9017002705801132
2023-09-04,NY,2.097793542853115
2023-09-04,OH,1.5625789766643332
2023-09-04,OK,1.3477778926652646
2023-09-04,OR,1.0557682976987537
2023-09-04,PA,1.014149984734913
2023-09-04,RI,0.9447445955841389
2023-09-04,SC,1.9413663814626223
2023-09-04,SD,0.8030829986585488
2023-09-04,TN,1.8486444572972203
2023-09-04,TX,3.0101450183332896
2023-09-04,UT,1.2665701952210044
2023-09-04,VA,1.908940270071073
2023-09-04,VT,0.8442695055121263
2023-09-04,WA,1.4145879326510982
2023-09-04,WI,0.9847427178125873
2023-09-04,WV,1.4203554812133983
2023-09-04,WY,1.4507145294594928
2023-09-11,AK,1.7387064469845952
2023-09-11,AL,2.146350661523349
2023-09-11,AR,1.8120911041782688
2023-09-11,AZ,1.1475271075116562
2023-09-11,CA,2.1717129291235233
2023-09-11,CO,1.858443388532928
2023-09-11,CT,1.4879576170955016
2023-09-11,DE,1.013845515828423
2023-09-11,GA,2.3371129803798825
2023-09-11,HI,2.4284260592095874
2023-09-11,IA,1.3162968549699823
2023-09-11,ID,1.197636906027264
2023-09-11,IL,1.447410489843763
2023-09-11,IN,1.3402773400022028
2023-09-11,KS,1.0191054157577417
2023-09-11,KY,1.6667276590079945
2023-09-11,LA,1.4930904778950167
2023-09-11,MA,1.3101344372414805
2023-09-11,MD,1.682161959066024
2023-09-11,ME,1.0081541176564062
2023-09-11,MI,1.1467194822860698
2023-09-11,MN,1.0487503230293902
2023-09-11,MO,1.5500161390366691
2023-09-11,MS,2.2107971918826017
2023-09-11,MT,0.9713186860519856
2023-09-11,NC,1.6725043193393296
2023-09-11,ND,1.6819381813033785
2023-09-11,NE,1.8938144488311661
2023-09-11,NH,1.0216343469802733
2023-09-11,NJ,2.3173471426325083
2023-09-11,NM,2.3468705568895434
2023-09-11,NV,1.1268694319294945
2023-09-11,NY,2.100104099663686
2023-09-11,OH,1.8238233950168303
2023-09-11,OK,1.4045358076508085
2023-09-11,OR,1.1447906030376944
2023-09-11,PA,1.2139082922097162
2023-09-11,RI,0.8382390988962778
2023-09-11,SC,1.4149600372776927
2023-09-11,SD,0.9564059780080401
2023-09-11,TN,1.7114971631423561
2023-09-11,TX,2.954932244513648
2023-09-11,UT,1.399489334347686
2023-09-11,VA,2.056668667585062
2023-09-11,VT,0.9391478994765479
2023-09-11,WA,1.6683964513594827
2023-09-11,WI,1.0696620872342018
2023-09-11,WV,1.3922361095373947
2023-09-11,WY,1.9165388180489662
2023-09-18,AK,2.1603891209085315
2023-09-18,AL,2.0771392173232606
2023-09-18,AR,1.7546874833053274
2023-09-18,AZ,1.1436951585838928
2023-09-18,CA,2.044274046115654
2023-09-18,CO,1.6865034404468782
2023-09-18,CT,1.5140199316226794
2023-09-18,DE,1.0363376355559861
2023-09-18,GA,2.5602975087109443
2023-09-18,HI,2.276189988561809
2023-09-18,IA,1.0971870801010404
2023-09-18,ID,1.1763786564858882
2023-09-18,IL,1.5094588177297978
2023-09-18,IN,1.2341782236473509
2023-09-18,KS,0.9024063774149733
2023-09-18,KY,1.5473019752190407
2023-09-18,LA,1.5091404280198684
2023-09-18,MA,1.329295940668686
2023-09-18,MD,1.6359286576079697
2023-09-18,ME,1.130595734116754
2023-09-18,MI,1.230399422788861
2023-09-18,MN,1.0748870921240907
2023-09-18,MO,1.4112991919272602
2023-09-18,MS,2.2336002855653185
2023-09-18,MT,0.9633825395719724
2023-09-18,NC,1.682148586168783
2023-09-18,ND,1.942594080146952
2023-09-18,NE,1.6920347112672416
2023-09-18,NH,0.9018151918914239
2023-09-18,NJ,2.270248443982502
2023-09-18,NM,2.19238088231163
2023-09-18,NV,1.1079268432927925
2023-09-18,NY,2.4727146643895357
2023-09-18,OH,1.8005896145809372
2023-09-18,OK,1.4984880587773808
2023-09-18,OR,1.1653256576095057
2023-09-18,PA,1.258361502105671
2023-09-18,RI,0.904943853571366
2023-09-18,SC,1.5131354712938103
2023-09-18,SD,0.9631345712855157
2023-09-18,TN,1.8597688623806405
2023-09-18,TX,2.443270144239399
2023-09-18,UT,1.3910343293435785
2023-09-18,VA,2.093001311559315
2023-09-18,VT,0.8109807063092946
2023-09-18,WA,1.5449757098569252
2023-09-18,WI,1.1972496203429042
2023-09-18,WV,1.3008202357810756
2023-09-18,WY,2.176392674653821
2023-09-25,AK,2.3722970855500147
2023-09-25,AL,2.110192567949392
2023-09-25,AR,1.7665163612875396
2023-09-25,AZ,1.2465822599243728
2023-09-25,CA,2.224765578367851
2023-09-25,CO,1.9209829338228666
2023-09-25,CT,1.858643818395872
2023-09-25,DE,1.2035845131127187
2023-09-25,GA,2.7787999322059482
2023-09-25,HI,2.371302445385677
2023-09-25,IA,1.3742919998761003
2023-09-25,ID,1.362835008294753
2023-09-25,IL,1.6815810230298787
2023-09-25,IN,1.5340314456491546
2023-09-25,KS,1.0245006747244012
2023-09-25,KY,1.7106964071585442
2023-09-25,LA,1.6261413217573042
2023-09-25,MA,1.552906200074193
2023-09-25,MD,1.9204120833992608
2023-09-25,ME,1.280796669760698
2023-09-25,MI,1.3469431492647455
2023-09-25,MN,1.2173144432634737
2023-09-25,MO,1.504031763253506
2023-09-25,MS,2.563335857983805
2023-09-25,MT,1.067155908414199
2023-09-25,NC,1.8456265511009193
2023-09-25,ND,2.0039989933102857
2023-09-25,NE,1.6636484023419587
2023-09-25,NH,1.2410831102966522
2023-09-25,NJ,2.6761375661335722
2023-09-25,NM,2.4477049756127847
2023-09-25,NV,1.1157699344843688
2023-09-25,NY,3.3264001198930826
2023-09-25,OH,1.9948798791376612
2023-09-25,OK,1.5336770811117633
2023-09-25,OR,1.2579030598405754
2023-09-25,PA,1.4677408022280187
2023-09-25,RI,1.369856345576719
2023-09-25,SC,1.5404319687148647
2023-09-25,SD,1.2875316934174985
2023-09-25,TN,1.9001778306108033
2023-09-25,TX,2.085474039052468
2023-09-25,UT,1.4451900623514282
2023-09-25,VA,2.239875078972764
2023-09-25,VT,1.0350057387969294
2023-09-25,WA,1.7261535268180914
2023-09-25,WI,1.3847352762802008
2023-09-25,WV,1.4687330052728473
2023-09-25,WY,4.2786922406652685
2023-10-02,AK,2.4005363959723884
2023-10-02,AL,2.0995755522088815
2023-10-02,AR,1.6982260361984087
2023-10-02,AZ,1.139465591709837
2023-10-02,CA,2.2004272340345037
2023-10-02,CO,2.045759186026398
2023-10-02,CT,1.723478245140654
2023-10-02,DE,1.189149365497822
2023-10-02,GA,2.8660458504308073
2023-10-02,HI,2.3990263902507394
2023-10-02,IA,1.2310117340445932
2023-10-02,ID,1.2122708718874804
2023-10-02,IL,1.5543514021957727
2023-10-02,IN,1.5557651898197196
2023-10-02,KS,1.2660286585984313
2023-10-02,KY,1.761442878772078
2023-10-02,LA,1.731392582908836
2023-10-02,MA,1.5335177984588202
2023-10-02,MD,1.8328189311501073
2023-10-02,ME,1.3030221267966233
2023-10-02,MI,1.3550720960500793
2023-10-02,MN,1.2910591726125271
2023-10-02,MO,1.398286436326429
2023-10-02,MS,2.2644358390602104
2023-10-02,MT,1.2072340361500786
2023-10-02,NC,1.6094576718417144
2023-10-02,ND,1.7365813995032648
2023-10-02,NE,1.7921422597754741
2023-10-02,NH,1.0768987626844129
2023-10-02,NJ,2.9298994769990805
2023-10-02,NM,2.4820098151253958
2023-10-02,NV,1.180671117499539
2023-10-02,NY,2.917521363731552
2023-10-02,OH,1.8768271711606768
2023-10-02,OK,1.7288733764801472
2023-10-02,OR,1.4017447544783947
2023-10-02,PA,1.3395126943792657
2023-10-02,RI,1.29739518432472
2023-10-02,SC,2.0436375779061753
2023-10-02,SD,1.1689881133543458
2023-10-02,TN,2.0432317328827767
2023-10-02,TX,2.407588019310189
2023-10-02,UT,1.438890745278025
2023-10-02,VA,2.207038340907707
2023-10-02,VT,1.2120251758844027
2023-10-02,WA,1.7317804780158088
2023-10-02,WI,1.4215681601896486
2023-10-02,WV,1.5565298138425714
2023-10-02,WY,2.609255189847775
2023-10-09,AK,2.6464364575964003
2023-10-09,AL,2.2438940667068956
2023-10-09,AR,1.7511230515107825
2023-10-09,AZ,1.9155818862265206
2023-10-09,CA,2.5044910325318996
2023-10-09,CO,2.0369625188472034
2023-10-09,CT,1.863724799924698
2023-10-09,DE,1.1662616256555156
2023-10-09,GA,2.686959022279189
2023-10-09,HI,2.3167579983540985
2023-10-09,IA,1.2913777718159034
2023-10-09,ID,1.3614120188844447
2023-10-09,IL,1.6565560172000917
2023-10-09,IN,1.567150916771834
2023-10-09,KS,1.1136497893023252
2023-10-09,KY,1.6024042031880918
2023-10-09,LA,2.0605048885343837
2023-10-09,MA,1.610429668160116
2023-10-09,MD,2.283957336962656
2023-10-09,ME,1.2477574650313366
2023-10-09,MI,1.3680497849142172
2023-10-09,MN,1.186616897730274
2023-10-09,MO,1.603409942025892
2023-10-09,MS,2.629802882080251
2023-10-09,MT,1.0728631742997896
2023-10-09,NC,1.753107569702299
2023-10-09,ND,1.760752209099378
2023-10-09,NE,1.9429762876438623
2023-10-09,NH,0.9469307222050658
2023-10-09,NJ,2.595077234388691
2023-10-09,NM,2.584459686488827
2023-10-09,NV,1.8512822206113237
2023-10-09,NY,2.918250262979417
2023-10-09,OH,1.8758713664383735
2023-10-09,OK,1.3713585192193496
2023-10-09,OR,1.3041034057265561
2023-10-09,PA,1.4282940609641677
2023-10-09,RI,1.2072757842988484
2023-10-09,SC,1.6187277948461847
2023-10-09,SD,1.2525709767876805
2023-10-09,TN,2.155070617455695
2023-10-09,TX,2.93537955676379
2023-10-09,UT,1.524860784868018
2023-10-09,VA,2.3593835159065715
2023-10-09,VT,1.0545731625772403
2023-10-09,WA,1.4694539741340258
2023-10-09,WI,1.3514689666124022
2023-10-09,WV,1.484021404884198
2023-10-09,WY,2.4363423553379344
2023-10-16,AK,3.19527101691012
2023-10-16,AL,2.3261848280718858
2023-10-16,AR,1.964958668838399
2023-10-16,AZ,1.9140462159504068
2023-10-16,CA,2.356419602010151
2023-10-16,CO,2.3205395128956727
2023-10-16,CT,1.7474007671187606
2023-10-16,DE,1.1969904637449715
2023-10-16,GA,3.106890938218448
2023-10-16,HI,2.424346133579731
2023-10-16,IA,1.6240483349320347
2023-10-16,ID,1.3801339649524818
2023-10-16,IL,1.7678492503291574
2023-10-16,IN,1.613694780635275
2023-10-16,KS,1.1584200628052328
2023-10-16,KY,1.701780477554307
2023-10-16,LA,1.936028063632543
2023-10-16,MA,1.5971140036794496
2023-10-16,MD,2.2041081542002545
2023-10-16,ME,1.4439852588905335
2023-10-16,MI,1.4236212317344854
2023-10-16,MN,1.2717644788849651
2023-10-16,MO,1.678052746796447
2023-10-16,MS,2.676619937025145
2023-10-16,MT,1.116391521018708
2023-10-16,NC,1.906667648297847
2023-10-16,ND,2.363385225763875
2023-10-16,NE,2.088882423115448
2023-10-16,NH,1.0325519739558477
2023-10-16,NJ,3.1326797821192915
2023-10-16,NM,2.6481038640193417
2023-10-16,NV,2.0186028199470147
2023-10-16,NY,2.9806989617252047
2023-10-16,OH,2.1090220182800525
2023-10-16,OK,1.4087274125259128
2023-10-16,OR,1.3773604502121084
2023-10-16,PA,1.4285401925123289
2023-10-16,RI,1.2153968442707552
2023-10-16,SC,1.6861225991616837
2023-10-16,SD,1.1695819745459555
2023-10-16,TN,2.1319258829647065
2023-10-16,TX,2.9033408221399033
2023-10-16,UT,1.5099812750151314
2023-10-16,VA,2.4863383100354106
2023-10-16,VT,1.1113832960370922
2023-10-16,WA,1.650895121815708
2023-10-16,WI,1.4147974266330752
2023-10-16,WV,1.4188783091395765
2023-10-16,WY,2.6056861228966532
2023-10-23,AK,3.1581257507216476
2023-10-23,AL,2.653984390425356
2023-10-23,AR,2.282527413900611
2023-10-23,AZ,1.9724473216210912
2023-10-23,CA,2.9080278862016344
2023-10-23,CO,2.5525863297330424
2023-10-23,CT,1.9212663581769969
2023-10-23,DE,1.2729118791354401
2023-10-23,GA,3.0491410764894447
2023-10-23,HI,2.6059719493849447
2023-10-23,IA,1.6054784010524645
2023-10-23,ID,1.4428630936736488
2023-10-23,IL,1.7642528082931332
2023-10-23,IN,1.6949565441087207
2023-10-23,KS,1.2708910831087774
2023-10-23,KY,1.8452554113399111
2023-10-23,LA,2.3587978799823435
2023-10-23,MA,1.8445567903997042
2023-10-23,MD,2.397343068696247
2023-10-23,ME,1.3556093513362335
2023-10-23,MI,1.5890449282386614
2023-10-23,MN,1.3467460532935505
2023-10-23,MO,1.6165513320984246
2023-10-23,MS,2.8850441214905063
2023-10-23,MT,1.2062622488751042
2023-10-23,NC,1.974478541056327
2023-10-23,ND,2.5153592434353937
2023-10-23,NE,2.20288908703272
2023-10-23,NH,1.1785364123092796
2023-10-23,NJ,3.01052253108751
2023-10-23,NM,2.923350332733291
2023-10-23,NV,2.081316013542565
2023-10-23,NY,3.3494784790390857
2023-10-23,OH,2.228876017919431
2023-10-23,OK,1.7002780396258332
2023-10-23,OR,1.3616821040308325
2023-10-23,PA,1.6677490812402382
2023-10-23,RI,1.2972579553277832
2023-10-23,SC,1.8184155339854784
2023-10-23,SD,1.3041577991670512
2023-10-23,TN,2.1813075544805205
2023-10-23,TX,3.3243355001337394
2023-10-23,UT,1.6649614525234437
2023-10-23,VA,2.680329388290561
2023-10-23,VT,1.2556311153503792
2023-10-23,WA,1.6765852347602292
2023-10-23,WI,1.4798357364071855
2023-10-23,WV,1.414894335494794
2023-10-23,WY,3.2949365708848237
2023-10-30,AK,3.255449783344688
2023-10-30,AL,2.898680627966614
2023-10-30,AR,2.247913817414338
2023-10-30,AZ,2.1516321643540333
2023-10-30,CA,2.9211644125573324
2023-10-30,CO,2.4565560233372024
2023-10-30,CT,2.108309582808596
2023-10-30,DE,1.3068331488183422
2023-10-30,GA,3.3792541268397964
2023-10-30,HI,2.7439773519842423
2023-10-30,IA,1.6333992640500008
2023-10-30,ID,1.4640166184881143
2023-10-30,IL,2.1177486506017913
2023-10-30,IN,1.7605670166879799
2023-10-30,KS,1.3291801147086153
2023-10-30,KY,2.0339251141472827
2023-10-30,LA,2.5673526266961852
2023-10-30,MA,1.7968117684731744
2023-10-30,MD,2.614784550026066
2023-10-30,ME,1.5020735467894846
2023-10-30,MI,1.6708225105468968
2023-10-30,MN,1.3768984553355565
2023-10-30,MO,1.9749778344747977
2023-10-30,MS,3.391864026892753
2023-10-30,MT,1.2252808408418008
2023-10-30,NC,2.2073851751633815
2023-10-30,ND,2.8542968748379396
2023-10-30,NE,2.362838858539367
2023-10-30,NH,1.2439511779416956
2023-10-30,NJ,3.1533379344507857
2023-10-30,NM,3.034399900908445
2023-10-30,NV,2.2305959858401456
2023-10-30,NY,3.308358351941363
2023-10-30,OH,2.3093361869007265
2023-10-30,OK,1.866383587560192
2023-10-30,OR,1.5060356687279939
2023-10-30,PA,1.6702968222152108
2023-10-30,RI,1.4060331420567107
2023-10-30,SC,1.968240572940286
2023-10-30,SD,1.5520476947784485
2023-10-30,TN,2.36400830147802
2023-10-30,TX,3.517305624852072
2023-10-30,UT,1.6809253096753214
2023-10-30,VA,2.8595796502262747
2023-10-30,VT,1.2656958149644317
2023-10-30,WA,1.6640440202787183
2023-10-30,WI,1.529524598303893
2023-10-30,WV,1.5815345330420405
2023-10-30,WY,3.3526733650084974
2023-11-06,AK,3.9834369360522475
2023-11-06,AL,3.2906953368653085
2023-11-06,AR,2.5457339274262982
2023-11-06,AZ,2.3505784718194915
2023-11-06,CA,3.4135757979762964
2023-11-06,CO,3.042977788595242
2023-11-06,CT,2.3070986657788186
2023-11-06,DE,1.5412033962733473
2023-11-06,GA,3.636146286123532
2023-11-06,HI,2.925942116051412
2023-11-06,IA,1.8266532771661232
2023-11-06,ID,1.7446110909988755
2023-11-06,IL,2.2738041700361773
2023-11-06,IN,2.001667908861898
2023-11-06,KS,1.7537182145782646
2023-11-06,KY,2.2666909149277594
2023-11-06,LA,3.5942488678843896
2023-11-06,MA,2.1718217185548427
2023-11-06,MD,2.754647886266338
2023-11-06,ME,1.5918593331918762
2023-11-06,MI,1.7474695331270396
2023-11-06,MN,1.6588688535578808
2023-11-06,MO,1.8559952868291996
2023-11-06,MS,3.6890678327697684
2023-11-06,MT,1.3954678924311266
2023-11-06,NC,2.3454286465216576
2023-11-06,ND,2.9035486990834007
2023-11-06,NE,2.577690440334187
2023-11-06,NH,1.3750263624067462
2023-11-06,NJ,3.268697660448943
2023-11-06,NM,3.607471201299842
2023-11-06,NV,2.366780993996983
2023-11-06,NY,3.486749936206976
2023-11-06,OH,2.3239568789799274
2023-11-06,OK,2.2161551411344305
2023-11-06,OR,1.7509043734492322
2023-11-06,PA,1.9141448887369166
2023-11-06,RI,1.7017329836255208
2023-11-06,SC,3.3018545188127284
2023-11-06,SD,1.5119322150570413
2023-11-06,TN,2.7509508471503685
2023-11-06,TX,3.807434011662907
2023-11-06,UT,1.9916040087881293
2023-11-06,VA,2.9878577418394565
2023-11-06,VT,1.5545720559714233
2023-11-06,WA,1.9309804427419242
2023-11-06,WI,1.8156479623366102
2023-11-06,WV,1.9840784432196301
2023-11-06,WY,3.5767869349964405
2023-11-13,AK,4.020908075591409
2023-11-13,AL,4.355724576807225
2023-11-13,AR,3.0211264190906815
2023-11-13,AZ,2.7102077567455294
2023-11-13,CA,3.7251787910153764
2023-11-13,CO,3.505354960987157
2023-11-13,CT,2.662153855229241
2023-11-13,DE,1.594265800696548
2023-11-13,GA,4.495893488304137
2023-11-13,HI,3.2975585700538543
2023-11-13,IA,2.050929363842529
2023-11-13,ID,1.8182113427203523
2023-11-13,IL,2.6521237526278023
2023-11-13,IN,2.201560490917587
2023-11-13,KS,1.670858843041767
2023-11-13,KY,2.6874603114176043
2023-11-13,LA,4.562831718467223
2023-11-13,MA,2.3478695653692463
2023-11-13,MD,3.1569794108171507
2023-11-13,ME,1.7707123084390206
2023-11-13,MI,1.9982070164942671
2023-11-13,MN,1.6627852614097618
2023-11-13,MO,2.2454197126757514
2023-11-13,MS,4.3672221376166025
2023-11-13,MT,1.5688179400657174
2023-11-13,NC,2.976561822243819
2023-11-13,ND,3.5778119439244467
2023-11-13,NE,2.9085922645377082
2023-11-13,NH,1.5623064069094632
2023-11-13,NJ,4.160811029600024
2023-11-13,NM,3.699636497136636
2023-11-13,NV,2.7222880940532344
2023-11-13,NY,3.903873479324334
2023-11-13,OH,2.644095091818738
2023-11-13,OK,2.3121949459715214
2023-11-13,OR,1.6980510256659098
2023-11-13,PA,2.0695216796691107
2023-11-13,RI,1.757723262131938
2023-11-13,SC,2.8934963890524226
2023-11-13,SD,1.6289236309554451
2023-11-13,TN,3.6010726506209396
2023-11-13,TX,4.627017969223364
2023-11-13,UT,2.464548276488342
2023-11-13,VA,3.259307269598172
2023-11-13,VT,1.6138381031159112
2023-11-13,WA,2.191799827835422
2023-11-13,WI,1.7991440327156658
2023-11-13,WV,1.8366464533779925
2023-11-13,WY,3.442365942273775
2023-11-20,AK,3.4469815525357435
2023-11-20,AL,4.335723724584586
2023-11-20,AR,3.214518585621305
2023-11-20,AZ,2.9081688254980556
2023-11-20,CA,4.047358023092341
2023-11-20,CO,4.154922378186962
2023-11-20,CT,2.902934437345113
2023-11-20,DE,1.6952356986964872
2023-11-20,GA,4.286808534911005
2023-11-20,HI,3.1372891914517536
2023-11-20,IA,2.620883993305209
2023-11-20,ID,2.0393688443402853
2023-11-20,IL,2.9167189308181563
2023-11-20,IN,2.4240025826921694
2023-11-20,KS,1.8252266622632276
2023-11-20,KY,2.8258332706674096
2023-11-20,LA,4.723257611190606
2023-11-20,MA,2.5611744322820895
2023-11-20,MD,3.333647173328237
2023-11-20,ME,2.0529761364976187
2023-11-20,MI,2.177945568082686
2023-11-20,MN,1.742020361398071
2023-11-20,MO,2.256432060970317
2023-11-20,MS,4.799264913471703
2023-11-20,MT,1.6499066391759385
2023-11-20,NC,3.010839350719688
2023-11-20,ND,3.7290418282489854
2023-11-20,NE,2.935207747806623
2023-11-20,NH,1.7467636937176811
2023-11-20,NJ,3.7175326353564517
2023-11-20,NM,3.7387842903376765
2023-11-20,NV,3.1378768226771454
2023-11-20,NY,4.362695582980383
2023-11-20,OH,2.89978009483921
2023-11-20,OK,2.124520901448939
2023-11-20,OR,1.949574119751287
2023-11-20,PA,2.2770270226356875
2023-11-20,RI,1.7135267012588828
2023-11-20,SC,3.211168641200337
2023-11-20,SD,1.7031392133121055
2023-11-20,TN,3.5566515829778607
2023-11-20,TX,5.054743946006139
2023-11-20,UT,2.7234925077163865
2023-11-20,VA,3.50415062913077
2023-11-20,VT,1.6543106247463966
2023-11-20,WA,2.4101880575622845
2023-11-20,WI,1.9988240661168248
2023-11-20,WV,1.977662406298153
2023-11-20,WY,3.9507069466785487
2023-11-27,AK,3.3850367573269367
2023-11-27,AL,4.256446330111262
2023-11-27,AR,3.337008017874399
2023-11-27,AZ,2.967599037481734
2023-11-27,CA,4.537332960529769
2023-11-27,CO,4.4264300994915375
2023-11-27,CT,3.175636834332754
2023-11-27,DE,1.808328673288093
2023-11-27,GA,4.4816575409509944
2023-11-27,HI,3.390080688350448
2023-11-27,IA,2.877131066588389
2023-11-27,ID,2.2980689936376097
2023-11-27,IL,3.122330752822612
2023-11-27,IN,2.5508658104000737
2023-11-27,KS,2.030909804136714
2023-11-27,KY,3.146342466750683
2023-11-27,LA,5.249685681784509
2023-11-27,MA,3.0129064790456805
2023-11-27,MD,3.480996027873248
2023-11-27,ME,2.4103110114506094
2023-11-27,MI,2.4530118533871588
2023-11-27,MN,1.909876472681265
2023-11-27,MO,2.545001511411041
2023-11-27,MS,4.7562918271147225
2023-11-27,MT,1.845824318044472
2023-11-27,NC,3.4103424006467513
2023-11-27,ND,3.8436172079528994
2023-11-27,NE,3.33562406576028
2023-11-27,NH,1.8707023297355108
2023-11-27,NJ,4.155942435960807
2023-11-27,NM,4.166443040542791
2023-11-27,NV,3.251622155439863
2023-11-27,NY,4.275615886153347
2023-11-27,OH,3.3797726601497455
2023-11-27,OK,2.6260502805923926
2023-11-27,OR,1.992635566437079
2023-11-27,PA,2.4685271883204654
2023-11-27,RI,1.8392141628071288
2023-11-27,SC,3.6306138841344966
2023-11-27,SD,2.0252916938985037
2023-11-27,TN,3.725853368967287
2023-11-27,TX,5.166837374746983
2023-11-27,UT,3.088329698407841
2023-11-27,VA,3.637432235377876
2023-11-27,VT,1.8077785210637356
2023-11-27,WA,2.8298848763270334
2023-11-27,WI,2.211125427962622
2023-11-27,WV,2.1370338921301473
2023-11-27,WY,4.52797552122843
2023-12-04,AK,3.2105387216614956
2023-12-04,AL,4.424957833306436
2023-12-04,AR,3.4033606431935994
2023-12-04,AZ,3.261309157830795
2023-12-04,CA,4.681201295989137
2023-12-04,CO,4.319446103459402
2023-12-04,CT,3.322306049397203
2023-12-04,DE,2.0065947752192406
2023-12-04,GA,4.433019875987208
2023-12-04,HI,3.256460828596369
2023-12-04,IA,2.737896577730782
2023-12-04,ID,2.4794747323769983
2023-12-04,IL,3.178187742259596
2023-12-04,IN,3.198642728092602
2023-12-04,KS,2.626964531762232
2023-12-04,KY,3.2867801432469417
2023-12-04,LA,5.991111378073849
2023-12-04,MA,3.0848688241966897
2023-12-04,MD,3.557145363849862
2023-12-04,ME,2.4537178675211653
2023-12-04,MI,2.59415677394231
2023-12-04,MN,2.2382758039615025
2023-12-04,MO,2.7633090092506745
2023-12-04,MS,4.402242305235617
2023-12-04,MT,2.1342744791915473
2023-12-04,NC,3.921400905897966
2023-12-04,ND,4.134041693834233
2023-12-04,NE,3.323828831504908
2023-12-04,NH,2.1334334342219377
2023-12-04,NJ,4.682601647587031
2023-12-04,NM,4.627274914420081
2023-12-04,NV,3.3494582812425855
2023-12-04,NY,5.129651328403767
2023-12-04,OH,3.6177088210496184
2023-12-04,OK,3.0289558467417947
2023-12-04,OR,2.3352207774711156
2023-12-04,PA,2.7216144384605316
2023-12-04,RI,2.5381035092554027
2023-12-04,SC,6.708382453243416
2023-12-04,SD,1.9420639181396047
2023-12-04,TN,4.577963055684945
2023-12-04,TX,4.821831164646692
2023-12-04,UT,2.98533855469645
2023-12-04,VA,3.7687336998354573
2023-12-04,VT,2.161575179095011
2023-12-04,WA,2.8451252497897475
2023-12-04,WI,2.5715926023111186
2023-12-04,WV,2.7938149854655627
2023-12-04,WY,4.239285270777014
2023-12-11,AK,3.360996021842428
2023-12-11,AL,5.563691523451412
2023-12-11,AR,3.624929463463506
2023-12-11,AZ,3.619407735406335
2023-12-11,CA,4.978926176478945
2023-12-11,CO,5.155146913658185
2023-12-11,CT,3.1896236536052425
2023-12-11,DE,2.0565673772282484
2023-12-11,GA,5.1054979028341485
2023-12-11,HI,3.471685067246768
2023-12-11,IA,2.8728589068269654
2023-12-11,ID,2.862214720301001
2023-12-11,IL,3.3799163995760764
2023-12-11,IN,3.076604238253524
2023-12-11,KS,2.4168778818275998
2023-12-11,KY,3.5122082638400736
2023-12-11,LA,6.20145852738133
2023-12-11,MA,3.4834849492048727
2023-12-11,MD,3.956524729179332
2023-12-11,ME,2.4942919765035287
2023-12-11,MI,2.889738561079748
2023-12-11,MN,2.1205841646984207
2023-12-11,MO,2.94381776970344
2023-12-11,MS,5.432794723587753
2023-12-11,MT,2.055231948777704
2023-12-11,NC,4.463239239198854
2023-12-11,ND,4.140032604452372
2023-12-11,NE,3.6338313315258444
2023-12-11,NH,2.758647777459495
2023-12-11,NJ,5.106777503156479
2023-12-11,NM,5.4008292511123495
2023-12-11,NV,3.965806692804375
2023-12-11,NY,5.392750420504982
2023-12-11,OH,3.8119964291064634
2023-12-11,OK,3.1461655249774862
2023-12-11,OR,2.3662451623983984
2023-12-11,PA,2.8655684053651065
2023-12-11,RI,2.3787860034526584
2023-12-11,SC,4.550471897776739
2023-12-11,SD,2.3386652854177834
2023-12-11,TN,4.998380516416553
2023-12-11,TX,5.2828616427813575
2023-12-11,UT,3.396646885253558
2023-12-11,VA,4.303242878348109
2023-12-11,VT,2.1102073683977958
2023-12-11,WA,3.25306627430576
2023-12-11,WI,2.534485098209747
2023-12-11,WV,2.4271640559345613
2023-12-11,WY,4.992247685886714
2023-12-18,AK,3.4357890923182977
2023-12-18,AL,7.141452715650153
2023-12-18,AR,4.218298640180529
2023-12-18,AZ,4.502581088728032
2023-12-18,CA,5.653151531978183
2023-12-18,CO,6.142036433543781
2023-12-18,CT,3.9534416947058975
2023-12-18,DE,2.4804568152706055
2023-12-18,GA,6.680872721622772
2023-12-18,HI,3.8999131540634444
2023-12-18,IA,3.523414543017222
2023-12-18,ID,3.43893251667564
2023-12-18,IL,3.767665952722501
2023-12-18,IN,3.5291797311469564
2023-12-18,KS,2.8387193877813175
2023-12-18,KY,4.3599131191516385
2023-12-18,LA,7.999162911112022
2023-12-18,MA,4.402671811613171
2023-12-18,MD,4.356446285394169
2023-12-18,ME,3.0665238007024493
2023-12-18,MI,3.7108292351189527
2023-12-18,MN,2.4779116462879887
2023-12-18,MO,3.5177597034744554
2023-12-18,MS,6.347418649814489
2023-12-18,MT,2.528811128137881
2023-12-18,NC,5.770508233186105
2023-12-18,ND,5.034376250116768
2023-12-18,NE,4.333565563537782
2023-12-18,NH,3.4245505722385774
2023-12-18,NJ,6.108007790619906
2023-12-18,NM,6.694378906459777
2023-12-18,NV,4.737414331643449
2023-12-18,NY,-1.439312338511847
2023-12-18,OH,4.502872402465016
2023-12-18,OK,3.5827477309232583
2023-12-18,OR,2.6979517523685104
2023-12-18,PA,3.699987994011745
2023-12-18,RI,3.0714283429386846
2023-12-18,SC,5.918314672672559
2023-12-18,SD,2.614938567224476
2023-12-18,TN,6.352068976893037
2023-12-18,TX,6.125848556711968
2023-12-18,UT,3.883899858297906
2023-12-18,VA,5.260392494502799
2023-12-18,VT,2.3240724736223
2023-12-18,WA,3.9712497281910593
2023-12-18,WI,2.975435132559889
2023-12-18,WV,2.7968410139234776
2023-12-18,WY,5.832106341249302
2023-12-25,AK,3.8410637465513107
2023-12-25,AL,7.981449126316473
2023-12-25,AR,5.069232392416222
2023-12-25,AZ,5.586522684157043
2023-12-25,CA,6.732979474080114
2023-12-25,CO,7.058265453161834
2023-12-25,CT,4.623932743424469
2023-12-25,DE,3.063907184309984
2023-12-25,GA,8.6223679944014
2023-12-25,HI,4.34041383356273
2023-12-25,IA,3.9861811766856117
2023-12-25,ID,4.833854951809336
2023-12-25,IL,4.563726004433207
2023-12-25,IN,4.081371444936668
2023-12-25,KS,3.2594938841296903
2023-12-25,KY,5.238795008674964
2023-12-25,LA,9.582872172126407
2023-12-25,MA,5.5302580666687655
2023-12-25,MD,5.684976674069209
2023-12-25,ME,4.151694971507478
2023-12-25,MI,4.6210462721558105
2023-12-25,MN,2.9250827702534306
2023-12-25,MO,3.9400693764451242
2023-12-25,MS,7.871413717312294
2023-12-25,MT,3.2676705789179605
2023-12-25,NC,7.192818740990761
2023-12-25,ND,6.731032537272272
2023-12-25,NE,5.039083077293883
2023-12-25,NH,4.50990085984129
2023-12-25,NJ,7.315961639206348
2023-12-25,NM,8.499704877137374
2023-12-25,NV,5.503285621230841
2023-12-25,NY,3.0571033537923507
2023-12-25,OH,5.657653050813527
2023-12-25,OK,3.622625896231972
2023-12-25,OR,3.267415089240947
2023-12-25,PA,4.249810236539845
2023-12-25,RI,3.8252386375643974
2023-12-25,SC,7.506766878853314
2023-12-25,SD,3.5089574951773987
2023-12-25,TN,10.010049342426823
2023-12-25,TX,7.180477289458365
2023-12-25,UT,4.486885825816245
2023-12-25,VA,6.46921246849778
2023-12-25,VT,2.823255686439142
2023-12-25,WA,4.724128094369821
2023-12-25,WI,3.625118946730949
2023-12-25,WV,3.379543264799991
2023-12-25,WY,7.150342844453752
2024-01-01,AK,4.369918179559443
2024-01-01,AL,8.180942176278855
2024-01-01,AR,5.853885075943561
2024-01-01,AZ,5.889387155782556
2024-01-01,CA,7.105098782203735
2024-01-01,CO,7.5553859930902085
2024-01-01,CT,5.718405394776048
2024-01-01,DE,3.678789476928354
2024-01-01,GA,8.653999802157625
2024-01-01,HI,5.1442525222590145
2024-01-01,IA,4.240479073322557
2024-01-01,ID,5.923198288836197
2024-01-01,IL,5.029793665861891
2024-01-01,IN,5.08822353997013
2024-01-01,KS,4.545578815661674
2024-01-01,KY,5.927180753204033
2024-01-01,LA,9.17782932933175
2024-01-01,MA,6.676214948624803
2024-01-01,MD,6.40458340539181
2024-01-01,ME,4.702738928178657
2024-01-01,MI,5.448978669135181
2024-01-01,MN,3.7305743889393783
2024-01-01,MO,4.312612468653104
2024-01-01,MS,7.617490160813344
2024-01-01,MT,4.824930618702148
2024-01-01,NC,7.495953861207798
2024-01-01,ND,6.95772337525563
2024-01-01,NE,5.841501810079041
2024-01-01,NH,5.049863146429014
2024-01-01,NJ,7.811502078840695
2024-01-01,NM,9.40734675600627
2024-01-01,NV,5.760931151241435
2024-01-01,NY,2.2929438656224543
2024-01-01,OH,6.782111691890134
2024-01-01,OK,4.141309401568435
2024-01-01,OR,3.8836252551589743
2024-01-01,PA,5.082134057656548
2024-01-01,RI,4.5415756955611
2024-01-01,SC,10.339598188166747
2024-01-01,SD,4.235179509451246
2024-01-01,TN,10.001317343474863
2024-01-01,TX,6.720704226631842
2024-01-01,UT,5.352164753638285
2024-01-01,VA,7.133028149577761
2024-01-01,VT,3.607797033291807
2024-01-01,WA,5.08390218193151
2024-01-01,WI,4.356192309113909
2024-01-01,WV,4.646476511446743
2024-01-01,WY,7.938197806246353
2024-01-08,AK,3.8048728996317736
2024-01-08,AL,6.119356725335943
2024-01-08,AR,4.905237315861848
2024-01-08,AZ,5.054530691865919
2024-01-08,CA,5.866998152539869
2024-01-08,CO,5.702514093360332
2024-01-08,CT,4.177735076627531
2024-01-08,DE,3.099239903363911
2024-01-08,GA,5.8117585045037865
2024-01-08,HI,4.235378221789272
2024-01-08,IA,3.8713913870015357
2024-01-08,ID,4.799387628110811
2024-01-08,IL,4.003242067568046
2024-01-08,IN,3.7249426081043384
2024-01-08,KS,3.130918025209864
2024-01-08,KY,4.651913982993228
2024-01-08,LA,6.514180730484107
2024-01-08,MA,4.6609154191233335
2024-01-08,MD,4.658777597512346
2024-01-08,ME,3.816279454367058
2024-01-08,MI,4.380527203270006
2024-01-08,MN,2.718849178144884
2024-01-08,MO,3.6871276713239425
2024-01-08,MS,5.984152229498845
2024-01-08,MT,3.683335726806311
2024-01-08,NC,4.933525103587549
2024-01-08,ND,6.271082716586248
2024-01-08,NE,4.986935004230936
2024-01-08,NH,3.7510407592884714
2024-01-08,NJ,6.053606133163379
2024-01-08,NM,7.8784012260824205
2024-01-08,NV,4.658023475696826
2024-01-08,NY,1.9178578704070628
2024-01-08,OH,4.962892142122467
2024-01-08,OK,4.290368322931107
2024-01-08,OR,2.9947278034272617
2024-01-08,PA,3.8245205782174727
2024-01-08,RI,3.3642620130358436
2024-01-08,SC,6.335362719933687
2024-01-08,SD,3.380005424255897
2024-01-08,TN,7.529927499805996
2024-01-08,TX,6.36087869167478
2024-01-08,UT,4.131467888680714
2024-01-08,VA,5.254429501928336
2024-01-08,VT,2.739392615229089
2024-01-08,WA,4.191908549877197
2024-01-08,WI,3.5170622685512534
2024-01-08,WV,3.368134535114425
2024-01-08,WY,7.387730941595023
2024-01-15,AK,3.3048793239206713
2024-01-15,AL,4.869458684832526
2024-01-15,AR,4.1709394661321575
2024-01-15,AZ,4.075377314452663
2024-01-15,CA,4.570517877106393
2024-01-15,CO,4.678656214386862
2024-01-15,CT,3.5817455323823806
2024-01-15,DE,2.469382087545154
2024-01-15,GA,5.895015291014108
2024-01-15,HI,3.768126102275983
2024-01-15,IA,3.280115039283662
2024-01-15,ID,3.8890565393917678
2024-01-15,IL,3.1008649562253137
2024-01-15,IN,3.085846506347477
2024-01-15,KS,2.5036314886552695
2024-01-15,KY,4.175625264308795
2024-01-15,LA,5.0849107767640875
2024-01-15,MA,4.078070768473823
2024-01-15,MD,4.042114594205996
2024-01-15,ME,3.1557328209369944
2024-01-15,MI,3.4208623786597174
2024-01-15,MN,2.3970914309637177
2024-01-15,MO,3.2516632458928214
2024-01-15,MS,4.945120252029983
2024-01-15,MT,2.969359951389011
2024-01-15,NC,3.794302081208868
2024-01-15,ND,5.569473871132454
2024-01-15,NE,4.26919337626337
2024-01-15,NH,3.386900218539391
2024-01-15,NJ,5.180274455347849
2024-01-15,NM,6.001376193557193
2024-01-15,NV,3.7279458888945864
2024-01-15,NY,1.6104883963814332
2024-01-15,OH,4.092119584479134
2024-01-15,OK,3.223598613380232
2024-01-15,OR,2.505566377763232
2024-01-15,PA,3.18769521507082
2024-01-15,RI,2.768690521385997
2024-01-15,SC,5.05813122569247
2024-01-15,SD,2.5239595347498254
2024-01-15,TN,6.854915519369848
2024-01-15,TX,4.921849945877343
2024-01-15,UT,3.395734299168253
2024-01-15,VA,4.468375091375255
2024-01-15,VT,2.4016354391847545
2024-01-15,WA,3.06404800098026
2024-01-15,WI,3.0971096892853662
2024-01-15,WV,2.8923162206629125
2024-01-15,WY,6.5426760890883795
2024-01-22,AK,3.224775634440782
2024-01-22,AL,4.588512010644498
2024-01-22,AR,4.480391073944036
2024-01-22,AZ,3.889997075898659
2024-01-22,CA,4.459849976198983
2024-01-22,CO,4.4698946170823
2024-01-22,CT,3.4401076961273604
2024-01-22,DE,2.1814458682296367
2024-01-22,GA,5.069420871186146
2024-01-22,HI,3.6399049157772945
2024-01-22,IA,2.7876818160891763
2024-01-22,ID,3.3213075438137727
2024-01-22,IL,2.8849044818394765
2024-01-22,IN,2.9390272331295506
2024-01-22,KS,2.2422181215797723
2024-01-22,KY,3.877297386207355
2024-01-22,LA,4.439510318852909
2024-01-22,MA,3.638844507485678
2024-01-22,MD,3.5720972529679633
2024-01-22,ME,3.1887328470540357
2024-01-22,MI,3.1779671722197036
2024-01-22,MN,2.2585855668658588
2024-01-22,MO,2.8121207276651967
2024-01-22,MS,4.5007337908194724
2024-01-22,MT,2.762591094350639
2024-01-22,NC,3.6945527955704125
2024-01-22,ND,5.228980939751846
2024-01-22,NE,3.731118308307524
2024-01-22,NH,3.2574012210860657
2024-01-22,NJ,4.576445076116325
2024-01-22,NM,5.4695990060494
2024-01-22,NV,3.564044351061632
2024-01-22,NY,1.4659421303703752
2024-01-22,OH,4.166056915023995
2024-01-22,OK,2.8974380355673097
2024-01-22,OR,2.221786382588043
2024-01-22,PA,2.798138210538906
2024-01-22,RI,2.554636498128539
2024-01-22,SC,4.1529872040174
2024-01-22,SD,1.9569550922985077
2024-01-22,TN,5.742273020241856
2024-01-22,TX,5.430603488453062
2024-01-22,UT,3.233207637083841
2024-01-22,VA,4.198678379716521
2024-01-22,VT,2.115519607109393
2024-01-22,WA,3.1020711565689423
2024-01-22,WI,2.5879622289157154
2024-01-22,WV,2.9108955258781357
2024-01-22,WY,5.300350224246351
2024-01-29,AK,3.0135749053616006
2024-01-29,AL,4.2065987326040295
2024-01-29,AR,4.501445700418314
2024-01-29,AZ,3.7272235630918416
2024-01-29,CA,3.9593814395821005
2024-01-29,CO,4.572357147668921
2024-01-29,CT,3.3549092487935677
2024-01-29,DE,2.126721112828204
2024-01-29,GA,5.723273124610419
2024-01-29,HI,3.3850511091676134
2024-01-29,IA,3.058491893190165
2024-01-29,ID,3.069931437906991
2024-01-29,IL,2.7244958014635916
2024-01-29,IN,3.0746835749036916
2024-01-29,KS,2.4452460730803027
2024-01-29,KY,3.742820290803752
2024-01-29,LA,4.3792603016309535
2024-01-29,MA,3.7011310499083083
2024-01-29,MD,3.338671950133584
2024-01-29,ME,3.009915647425344
2024-01-29,MI,3.489981949592183
2024-01-29,MN,2.3872118432235787
2024-01-29,MO,2.749502254585443
2024-01-29,MS,4.4988829572588225
2024-01-29,MT,2.5580328626500553
2024-01-29,NC,3.8871188383827353
2024-01-29,ND,5.0036109224769145
2024-01-29,NE,3.845710759179643
2024-01-29,NH,2.97407946082632
2024-01-29,NJ,4.553134977435883
2024-01-29,NM,5.816234860060197
2024-01-29,NV,3.448776285511304
2024-01-29,NY,1.4625703986306289
2024-01-29,OH,4.35164839556821
2024-01-29,OK,3.8140864133896857
2024-01-29,OR,2.174940614906607
2024-01-29,PA,2.79636918880571
2024-01-29,RI,2.754276304619493
2024-01-29,SC,4.074703108269581
2024-01-29,SD,2.4527952258288597
2024-01-29,TN,4.235385181719043
2024-01-29,TX,5.986601170604864
2024-01-29,UT,3.0379939199097
2024-01-29,VA,4.218197069312571
2024-01-29,VT,2.0610305869884344
2024-01-29,WA,2.923848653019039
2024-01-29,WI,2.5339420188735367
2024-01-29,WV,2.770179151161889
2024-01-29,WY,6.3563781133268105
2024-02-05,AK,3.7670427629741603
2024-02-05,AL,4.230159914558383
2024-02-05,AR,5.001830451938291
2024-02-05,AZ,3.629060621167187
2024-02-05,CA,4.150739639987156
2024-02-05,CO,4.587140719648227
2024-02-05,CT,3.456994684774639
2024-02-05,DE,2.3891252848398215
2024-02-05,GA,5.086240178728673
2024-02-05,HI,3.6196323432755775
2024-02-05,IA,3.635074677069343
2024-02-05,ID,3.517827612582607
2024-02-05,IL,3.0950956966345133
2024-02-05,IN,3.842405790527849
2024-02-05,KS,3.565100932271827
2024-02-05,KY,3.8649736462864364
2024-02-05,LA,4.587842372940232
2024-02-05,MA,4.262970984486644
2024-02-05,MD,3.5326669979536454
2024-02-05,ME,3.2407016750872266
2024-02-05,MI,3.9096992603442424
2024-02-05,MN,3.1766754076002877
2024-02-05,MO,3.1989617476706433
2024-02-05,MS,4.445687022814036
2024-02-05,MT,2.9976212912127993
2024-02-05,NC,3.514918515706366
2024-02-05,ND,5.416059908102599
2024-02-05,NE,4.608711635411368
2024-02-05,NH,3.2878570843991293
2024-02-05,NJ,5.285710039597078
2024-02-05,NM,6.014407084774769
2024-02-05,NV,3.2953866692314806
2024-02-05,NY,1.5415163886350662
2024-02-05,OH,4.743636423972065
2024-02-05,OK,4.857776848431018
2024-02-05,OR,3.1611942035317346
2024-02-05,PA,2.945859148152161
2024-02-05,RI,3.7382296044313263
2024-02-05,SC,4.8973225360543555
2024-02-05,SD,2.5005473976497363
2024-02-05,TN,4.13771446549338
2024-02-05,TX,6.742398837682876
2024-02-05,UT,3.0719519141110734
2024-02-05,VA,4.171163736349696
2024-02-05,VT,2.720309987969905
2024-02-05,WA,2.904588818688694
2024-02-05,WI,3.0969437268560784
2024-02-05,WV,3.7379067783645232
2024-02-05,WY,6.940469321432939
2024-02-12,AK,3.057559887193822
2024-02-12,AL,4.560910846708501
2024-02-12,AR,5.159633618595616
2024-02-12,AZ,3.5015564067316323
2024-02-12,CA,4.055569711037254
2024-02-12,CO,4.546198186356092
2024-02-12,CT,3.5428488960162428
2024-02-12,DE,2.2588035448634125
2024-02-12,GA,5.256096150720616
2024-02-12,HI,3.702085110996352
2024-02-12,IA,3.6435891464473253
2024-02-12,ID,3.4016332948172128
2024-02-12,IL,3.352411425111651
2024-02-12,IN,3.5201470330221154
2024-02-12,KS,2.931128320701408
2024-02-12,KY,4.39225367263983
2024-02-12,LA,4.254961467107133
2024-02-12,MA,4.444776505579407
2024-02-12,MD,3.831824587909321
2024-02-12,ME,3.631561290477877
2024-02-12,MI,4.593934262418276
2024-02-12,MN,2.630295078664125
2024-02-12,MO,3.415203316877661
2024-02-12,MS,4.617817103314822
2024-02-12,MT,2.914392397099288
2024-02-12,NC,3.8762808217713256
2024-02-12,ND,5.686903813990594
2024-02-12,NE,5.298794093564119
2024-02-12,NH,3.3436329777156146
2024-02-12,NJ,5.10617641931813
2024-02-12,NM,6.130932140911898
2024-02-12,NV,3.110658357183012
2024-02-12,NY,1.5883591615167976
2024-02-12,OH,5.8410661654475176
2024-02-12,OK,5.091416090446371
2024-02-12,OR,2.8810549294020955
2024-02-12,PA,3.0890752730221456
2024-02-12,RI,3.4518262664944794
2024-02-12,SC,3.847827608472399
2024-02-12,SD,2.852190178743228
2024-02-12,TN,5.145920747693052
2024-02-12,TX,5.893228142850981
2024-02-12,UT,2.9160936057702678
2024-02-12,VA,4.443168844315377
2024-02-12,VT,2.335702831100927
2024-02-12,WA,2.8677552066872383
2024-02-12,WI,2.9483869240370857
2024-02-12,WV,3.2496019130923526
2024-02-12,WY,7.162550253715055
2024-02-19,AK,3.500358937618876
2024-02-19,AL,4.094471736853711
2024-02-19,AR,5.22952969278875
2024-02-19,AZ,3.4299906907010955
2024-02-19,CA,4.280804193504954
2024-02-19,CO,4.29176386387485
2024-02-19,CT,3.466016282714336
2024-02-19,DE,2.254951596391357
2024-02-19,GA,4.4891375928935595
2024-02-19,HI,3.638087835866251
2024-02-19,IA,3.808994292086556
2024-02-19,ID,3.6581459312267284
2024-02-19,IL,3.3021949326658606
2024-02-19,IN,3.445542589442667
2024-02-19,KS,2.8534617339518
2024-02-19,KY,4.433134810654176
2024-02-19,LA,3.7925476153075484
2024-02-19,MA,4.263384044619203
2024-02-19,MD,3.8787787530308235
2024-02-19,ME,3.614160532682849
2024-02-19,MI,4.984441015240985
2024-02-19,MN,2.579585510441965
2024-02-19,MO,3.5500203408799873
2024-02-19,MS,4.255305158715325
2024-02-19,MT,2.5558141051042265
2024-02-19,NC,3.5542588026681723
2024-02-19,ND,5.00056773395568
2024-02-19,NE,5.249446392663037
2024-02-19,NH,3.26671229628855
2024-02-19,NJ,4.558985435590625
2024-02-19,NM,5.887338774741234
2024-02-19,NV,3.31535698248474
2024-02-19,NY,1.566096116978495
2024-02-19,OH,6.065026667079386
2024-02-19,OK,4.896380083450507
2024-02-19,OR,2.9326518666678756
2024-02-19,PA,3.080886245896435
2024-02-19,RI,3.1243545329048077
2024-02-19,SC,3.6796957733690476
2024-02-19,SD,2.9503464323796695
2024-02-19,TN,4.674412493789783
2024-02-19,TX,5.244661951702719
2024-02-19,UT,3.0266172288218263
2024-02-19,VA,4.576134681162522
2024-02-19,VT,2.18057027406984
2024-02-19,WA,2.879727891137966
2024-02-19,WI,2.9619361760497807
2024-02-19,WV,3.098013268662668
2024-02-19,WY,7.119856653078884
2024-02-26,AK,3.422073670306128
2024-02-26,AL,3.9771585020223745
2024-02-26,AR,5.139523584238962
2024-02-26,AZ,3.4623960555928637
2024-02-26,CA,4.360897423988812
2024-02-26,CO,4.151639280493384
2024-02-26,CT,3.4335826915478767
2024-02-26,DE,2.4620078594771124
2024-02-26,GA,4.3592962691927575
2024-02-26,HI,3.8470270022641833
2024-02-26,IA,4.252913992974056
2024-02-26,ID,3.8014844020229837
2024-02-26,IL,3.563083832552392
2024-02-26,IN,3.324355027011091
2024-02-26,KS,3.0550138819720436
2024-02-26,KY,4.3267750130438705
2024-02-26,LA,3.8365577030699964
2024-02-26,MA,4.403159590202822
2024-02-26,MD,3.9201410900827667
2024-02-26,ME,3.654978771056573
2024-02-26,MI,5.248219214392179
2024-02-26,MN,2.552206430831341
2024-02-26,MO,3.612999073782939
2024-02-26,MS,4.779201906354929
2024-02-26,MT,2.5093796589961803
2024-02-26,NC,3.6767185751013107
2024-02-26,ND,5.227109382539331
2024-02-26,NE,6.21160247795401
2024-02-26,NH,3.2022129546465656
2024-02-26,NJ,5.210176109106577
2024-02-26,NM,5.656121653175955
2024-02-26,NV,3.74561517376464
2024-02-26,NY,1.57021126123945
2024-02-26,OH,6.27704077807669
2024-02-26,OK,4.49047280763682
2024-02-26,OR,2.2302934853620053
2024-02-26,PA,3.2750049893527273
2024-02-26,RI,3.2236840315321693
2024-02-26,SC,3.488902898338009
2024-02-26,SD,2.929169984133694
2024-02-26,TN,5.09375233487796
2024-02-26,TX,4.967582212847166
2024-02-26,UT,2.943471518567968
2024-02-26,VA,4.436306647777666
2024-02-26,VT,2.178832071058228
2024-02-26,WA,2.871527945704721
2024-02-26,WI,2.9501450029438354
2024-02-26,WV,3.1603439992620332
2024-02-26,WY,6.257251882305494
2024-03-04,AK,3.4292257805945345
2024-03-04,AL,3.7734019641722183
2024-03-04,AR,4.5990938468411455
2024-03-04,AZ,3.197040558682861
2024-03-04,CA,3.903416701629782
2024-03-04,CO,3.797952759840454
2024-03-04,CT,3.285806647714786
2024-03-04,DE,2.5839855990355973
2024-03-04,GA,3.9804974395156103
2024-03-04,HI,3.418047553617425
2024-03-04,IA,3.5212325948649283
2024-03-04,ID,2.666855717103892
2024-03-04,IL,3.2234120091908145
2024-03-04,IN,3.5647171497148564
2024-03-04,KS,4.131970479434382
2024-03-04,KY,3.846709477568208
2024-03-04,LA,3.4319154867334394
2024-03-04,MA,3.8826684529224043
2024-03-04,MD,3.9627126203371983
2024-03-04,ME,3.0459679264317376
2024-03-04,MI,5.085583225498873
2024-03-04,MN,2.9611599989224047
2024-03-04,MO,3.3849142848298426
2024-03-04,MS,3.802599239430336
2024-03-04,MT,2.4405815162128874
2024-03-04,NC,3.4428713491207796
2024-03-04,ND,4.739724335852541
2024-03-04,NE,6.021801076256317
2024-03-04,NH,3.33025680012681
2024-03-04,NJ,4.898672358990111
2024-03-04,NM,5.6734126060818095
2024-03-04,NV,3.1120645508115112
2024-03-04,NY,1.4642444685509943
2024-03-04,OH,5.722454737705919
2024-03-04,OK,3.96708222077171
2024-03-04,OR,2.513478268014402
2024-03-04,PA,3.056653712636605
2024-03-04,RI,3.067967525192704
2024-03-04,SC,3.7941225589438243
2024-03-04,SD,2.790831842924885
2024-03-04,TN,4.266133916744852
2024-03-04,TX,4.379528358461782
2024-03-04,UT,2.710530906291324
2024-03-04,VA,4.339254692556073
2024-03-04,VT,2.449015259615491
2024-03-04,WA,2.5859159935285643
2024-03-04,WI,3.095781620654203
2024-03-04,WV,3.711334119172598
2024-03-04,WY,5.418491850144566
2024-03-11,AK,2.990440640234205
2024-03-11,AL,3.2027040906589614
2024-03-11,AR,3.898713134007497
2024-03-11,AZ,2.885223525090912
2024-03-11,CA,3.7827240006289404
2024-03-11,CO,3.746026827450061
2024-03-11,CT,3.245801933080436
2024-03-11,DE,2.248961120080647
2024-03-11,GA,3.5280200012713068
2024-03-11,HI,3.1853262263788356
2024-03-11,IA,3.501614291097409
2024-03-11,ID,3.084340855450515
2024-03-11,IL,3.020520319230478
2024-03-11,IN,2.8852720050822347
2024-03-11,KS,2.50549645631376
2024-03-11,KY,3.3928732400764416
2024-03-11,LA,3.0370586427451514
2024-03-11,MA,3.568039432912935
2024-03-11,MD,3.621714357865784
2024-03-11,ME,2.7255589821661177
2024-03-11,MI,4.726145101015851
2024-03-11,MN,2.3483877018450388
2024-03-11,MO,3.0673566851148966
2024-03-11,MS,3.723226480662028
2024-03-11,MT,2.263128801564695
2024-03-11,NC,2.6871996638868634
2024-03-11,ND,4.901387166574358
2024-03-11,NE,5.263464372167573
2024-03-11,NH,2.7623403043031773
2024-03-11,NJ,4.738880833689544
2024-03-11,NM,5.125970793142958
2024-03-11,NV,2.6855907083164894
2024-03-11,NY,1.364806036687226
2024-03-11,OH,4.869100165601717
2024-03-11,OK,3.9986829088091853
2024-03-11,OR,2.2465667771176245
2024-03-11,PA,2.6855645998574587
2024-03-11,RI,3.4570231521540946
2024-03-11,SC,2.926764826621869
2024-03-11,SD,2.7376554511675577
2024-03-11,TN,3.822115033030756
2024-03-11,TX,4.204837030306775
2024-03-11,UT,2.5565363494595847
2024-03-11,VA,3.9322914264785997
2024-03-11,VT,2.0464099226099637
2024-03-11,WA,2.499626926718415
2024-03-11,WI,2.6744198190632837
2024-03-11,WV,2.7560662303766534
2024-03-11,WY,5.234337000795164
2024-03-18,AK,3.1526202762033986
2024-03-18,AL,2.9755188932601113
2024-03-18,AR,3.363798434472202
2024-03-18,AZ,2.746041051603968
2024-03-18,CA,3.6386846269173017
2024-03-18,CO,3.4286202982779113
2024-03-18,CT,2.662610484226528
2024-03-18,DE,1.9272854697330346
2024-03-18,GA,3.431482180211979
2024-03-18,HI,2.914711902869444
2024-03-18,IA,3.4199433185310073
2024-03-18,ID,2.9223649925161337
2024-03-18,IL,2.6456972606465525
2024-03-18,IN,2.610388922349241
2024-03-18,KS,2.3741069707048696
2024-03-18,KY,2.7384727402393914
2024-03-18,LA,2.8445739569318054
2024-03-18,MA,3.096839981292206
2024-03-18,MD,3.03697919299126
2024-03-18,ME,2.410818170601633
2024-03-18,MI,3.9418689424773237
2024-03-18,MN,2.1903937993136706
2024-03-18,MO,2.5793936456633695
2024-03-18,MS,3.2263772058652576
2024-03-18,MT,2.0257719718380756
2024-03-18,NC,2.5386096451816504
2024-03-18,ND,4.564127547568355
2024-03-18,NE,4.775474223911063
2024-03-18,NH,2.1673924548773478
2024-03-18,NJ,4.005167029137445
2024-03-18,NM,4.969913804902019
2024-03-18,NV,2.6538596600302435
2024-03-18,NY,1.2289875306437552
2024-03-18,OH,3.7936610559086907
2024-03-18,OK,3.184968032217524
2024-03-18,OR,2.2564314840949944
2024-03-18,PA,2.3329551460312796
2024-03-18,RI,1.8786397305856104
2024-03-18,SC,2.5713034027504085
2024-03-18,SD,2.567087580147876
2024-03-18,TN,3.250752348732628
2024-03-18,TX,3.9492480070080065
2024-03-18,UT,2.469445171111996
2024-03-18,VA,3.3277295191262537
2024-03-18,VT,1.7270423102167725
2024-03-18,WA,2.3704166525037316
2024-03-18,WI,2.5804270655307375
2024-03-18,WV,2.3835083090220452
2024-03-18,WY,5.107113484124746
2024-03-25,AK,2.9620735178086486
2024-03-25,AL,2.8342628980685007
2024-03-25,AR,2.7500034485741347
2024-03-25,AZ,2.4740506493578893
2024-03-25,CA,3.438033631726245
2024-03-25,CO,2.71691745506711
2024-03-25,CT,2.3652554466967564
2024-03-25,DE,1.6927298612483341
2024-03-25,GA,3.0664894434392123
2024-03-25,HI,2.6636171895276783
2024-03-25,IA,2.6791562407872282
2024-03-25,ID,2.5466378809174097
2024-03-25,IL,2.4885577341076286
2024-03-25,IN,2.271105140563618
2024-03-25,KS,1.8851040915751476
2024-03-25,KY,2.5324858304101117
2024-03-25,LA,2.5660242718978736
2024-03-25,MA,3.0206139694372847
2024-03-25,MD,3.0777416088701752
2024-03-25,ME,2.200404289670587
2024-03-25,MI,3.5233928080627854
2024-03-25,MN,1.9394039083619843
2024-03-25,MO,2.14173537073492
2024-03-25,MS,2.930418264578096
2024-03-25,MT,1.7526293242636268
2024-03-25,NC,2.396743782203684
2024-03-25,ND,4.1795987916502675
2024-03-25,NE,3.849016406995725
2024-03-25,NH,2.0153982466379983
2024-03-25,NJ,4.178230955846496
2024-03-25,NM,4.567114189709921
2024-03-25,NV,2.431629410744237
2024-03-25,NY,1.0914591985825772
2024-03-25,OH,3.3065500824084935
2024-03-25,OK,2.7056241296060657
2024-03-25,OR,2.0101355683619917
2024-03-25,PA,2.214095102999128
2024-03-25,RI,2.0221705922800766
2024-03-25,SC,2.2722069413677812
2024-03-25,SD,2.2897255508019203
2024-03-25,TN,2.827406235314923
2024-03-25,TX,3.120259846774086
2024-03-25,UT,2.2344485104912764
2024-03-25,VA,3.0830774579015063
2024-03-25,VT,1.5525365991554265
2024-03-25,WA,2.1137232451813626
2024-03-25,WI,2.2386749120547993
2024-03-25,WV,2.031914391335996
2024-03-25,WY,4.2668904753016506
2024-04-01,AK,2.6762805624713697
2024-04-01,AL,2.579372223972073
2024-04-01,AR,2.4631326797502493
2024-04-01,AZ,2.3638109905973415
2024-04-01,CA,3.2785647781271443
2024-04-01,CO,2.672174481586528
2024-04-01,CT,2.641848133725473
2024-04-01,DE,1.7840613506833887
2024-04-01,GA,3.1704176300391893
2024-04-01,HI,2.698522893479419
2024-04-01,IA,2.5674519985672557
2024-04-01,ID,1.8432148651525082
2024-04-01,IL,2.397420573245137
2024-04-01,IN,2.4158333534771197
2024-04-01,KS,2.1420608563392807
2024-04-01,KY,2.571223266671514
2024-04-01,LA,2.593581519708449
2024-04-01,MA,3.0245680945111895
2024-04-01,MD,2.618031740948752
2024-04-01,ME,2.257141384172762
2024-04-01,MI,3.4268357933479523
2024-04-01,MN,2.0990294403838003
2024-04-01,MO,2.276154653246776
2024-04-01,MS,3.0881163232703184
2024-04-01,MT,1.861905625456402
2024-04-01,NC,2.3163142645528474
2024-04-01,ND,4.434021017228699
2024-04-01,NE,3.7736251224296558
2024-04-01,NH,2.057881529273703
2024-04-01,NJ,3.6525252656617377
2024-04-01,NM,4.200268461538829
2024-04-01,NV,2.3532118342318604
2024-04-01,NY,1.0455074655144407
2024-04-01,OH,3.2453944624322864
2024-04-01,OK,2.4494933129156995
2024-04-01,OR,1.9698869579094864
2024-04-01,PA,2.106981789075718
2024-04-01,RI,2.321053048841801
2024-04-01,SC,2.4999220465100116
2024-04-01,SD,2.2107918431411733
2024-04-01,TN,2.997917413006984
2024-04-01,TX,3.200379814678586
2024-04-01,UT,1.9791163748400664
2024-04-01,VA,2.9919527140523465
2024-04-01,VT,1.6949833718313407
2024-04-01,WA,2.035606684831832
2024-04-01,WI,2.3412120661684974
2024-04-01,WV,2.0988068094074976
2024-04-01,WY,3.9377112949748776
2024-04-08,AK,2.542069089255593
2024-04-08,AL,2.5046501034130104
2024-04-08,AR,2.1988726998574775
2024-04-08,AZ,2.214690389875463
2024-04-08,CA,3.2298439059909976
2024-04-08,CO,2.571032754777708
2024-04-08,CT,2.3193483610582013
2024-04-08,DE,1.4774318524279284
2024-04-08,GA,2.4694620803939724
2024-04-08,HI,2.36958072567755
2024-04-08,IA,2.3918008184740502
2024-04-08,ID,2.0534740634978554
2024-04-08,IL,2.1122741696057634
2024-04-08,IN,1.9117490454914
2024-04-08,KS,1.707558563575271
2024-04-08,KY,2.2505883100849573
2024-04-08,LA,2.1373786980928946
2024-04-08,MA,2.799273952708461
2024-04-08,MD,2.635477693381743
2024-04-08,ME,2.1891576774569086
2024-04-08,MI,2.9647771191412264
2024-04-08,MN,1.748016969750445
2024-04-08,MO,1.869229969764035
2024-04-08,MS,2.962811435082454
2024-04-08,MT,1.7082258993173594
2024-04-08,NC,2.0131467714145486
2024-04-08,ND,4.266321636169566
2024-04-08,NE,3.405567549822541
2024-04-08,NH,1.9805680908449628
2024-04-08,NJ,3.8113702493762247
2024-04-08,NM,3.729182778746556
2024-04-08,NV,2.361281402485938
2024-04-08,NY,0.9550655298324701
2024-04-08,OH,2.6503366439687426
2024-04-08,OK,2.0654018580123283
2024-04-08,OR,1.75313034460999
2024-04-08,PA,1.9730411487251582
2024-04-08,RI,1.866384018575106
2024-04-08,SC,2.0719360538215597
2024-04-08,SD,1.843266622389347
2024-04-08,TN,2.6753146747908705
2024-04-08,TX,2.8817232103382233
2024-04-08,UT,1.8841191555088996
2024-04-08,VA,2.6666954563932777
2024-04-08,VT,1.4223036226732548
2024-04-08,WA,1.8896813023717125
2024-04-08,WI,1.9443218616821034
2024-04-08,WV,1.58454873646836
2024-04-08,WY,2.742819061689258
2024-04-15,AK,2.6288361165405814
2024-04-15,AL,2.2605921683626446
2024-04-15,AR,2.0917273811704074
2024-04-15,AZ,2.2009191953590115
2024-04-15,CA,3.003728588491508
2024-04-15,CO,2.4861991164469988
2024-04-15,CT,2.1908081506864665
2024-04-15,DE,1.3083130788007349
2024-04-15,GA,2.4810123040842216
2024-04-15,HI,2.412163873475198
2024-04-15,IA,1.8856830464209278
2024-04-15,ID,1.7799255793495214
2024-04-15,IL,1.8852140703593343
2024-04-15,IN,1.771625401986084
2024-04-15,KS,1.553963463851455
2024-04-15,KY,1.940051552609729
2024-04-15,LA,1.924954529060464
2024-04-15,MA,2.479670457375189
2024-04-15,MD,2.1782750197994627
2024-04-15,ME,1.8594770451533125
2024-04-15,MI,2.3786884119562255
2024-04-15,MN,1.542389018464493
2024-04-15,MO,1.6854271118068263
2024-04-15,MS,2.6899063785120445
2024-04-15,MT,1.2986120431526675
2024-04-15,NC,1.8411265269751156
2024-04-15,ND,4.182318458615013
2024-04-15,NE,2.930204716945728
2024-04-15,NH,1.894651104182282
2024-04-15,NJ,2.779516317747469
2024-04-15,NM,3.5141539236318815
2024-04-15,NV,2.2313764359377712
2024-04-15,NY,0.8822134247196938
2024-04-15,OH,2.272454543647084
2024-04-15,OK,2.1926211166450233
2024-04-15,OR,2.080130306643234
2024-04-15,PA,1.6702919830695608
2024-04-15,RI,1.6529806048853897
2024-04-15,SC,1.8651027007248833
2024-04-15,SD,1.803469751704995
2024-04-15,TN,2.410796481700078
2024-04-15,TX,2.889730827205197
2024-04-15,UT,1.7476505326154665
2024-04-15,VA,2.281133423151034
2024-04-15,VT,1.3225856910393627
2024-04-15,WA,1.7247517919443962
2024-04-15,WI,1.9138573651097857
2024-04-15,WV,1.4291157627768565
2024-04-15,WY,3.461306866552775
2024-04-22,AK,2.1471383027418063
2024-04-22,AL,1.9451630629806202
2024-04-22,AR,1.8564558574835597
2024-04-22,AZ,1.9959102387441232
2024-04-22,CA,2.6390490126694055
2024-04-22,CO,2.3288320289746904
2024-04-22,CT,1.8339568969806987
2024-04-22,DE,1.135899807255952
2024-04-22,GA,2.1012149486479617
2024-04-22,HI,2.2679500498185714
2024-04-22,IA,1.744993963398814
2024-04-22,ID,1.6287277737478323
2024-04-22,IL,1.61617503333084
2024-04-22,IN,1.5249852799694916
2024-04-22,KS,1.389797742991573
2024-04-22,KY,1.6064274596121755
2024-04-22,LA,1.5944743896836442
2024-04-22,MA,1.8615701130226998
2024-04-22,MD,2.0416968409225458
2024-04-22,ME,1.6085898803527279
2024-04-22,MI,1.9295509757603482
2024-04-22,MN,1.359243830220562
2024-04-22,MO,1.4911496273293086
2024-04-22,MS,2.3668609520032176
2024-04-22,MT,1.2181103748691708
2024-04-22,NC,1.6273265839002233
2024-04-22,ND,3.206927080076815
2024-04-22,NE,2.6452721532019847
2024-04-22,NH,1.5595667615450692
2024-04-22,NJ,2.7096360226912424
2024-04-22,NM,3.0667006841404714
2024-04-22,NV,1.9438815403712308
2024-04-22,NY,0.7700121707385662
2024-04-22,OH,1.8592267552177815
2024-04-22,OK,1.8757364082352346
2024-04-22,OR,1.3317612687385698
2024-04-22,PA,1.5459874469571768
2024-04-22,RI,1.6245187974267257
2024-04-22,SC,1.5975325309486732
2024-04-22,SD,1.3613213290168977
2024-04-22,TN,2.081207142596136
2024-04-22,TX,2.5064967596574883
2024-04-22,UT,1.5977548530927104
2024-04-22,VA,2.006588083782458
2024-04-22,VT,1.2781901757229346
2024-04-22,WA,1.5835083376017143
2024-04-22,WI,1.5550956440258132
2024-04-22,WV,1.3151572870169947
2024-04-22,WY,3.2372345440511103
2024-04-29,AK,2.2729129963755734
2024-04-29,AL,1.9453225427190035
2024-04-29,AR,1.754635370831226
2024-04-29,AZ,1.9876508759941585
2024-04-29,CA,2.8010553922167376
2024-04-29,CO,2.193721522971446
2024-04-29,CT,1.804727705659897
2024-04-29,DE,1.102536254048703
2024-04-29,GA,2.101703228942422
2024-04-29,HI,2.431897767615011
2024-04-29,IA,1.4830859040697462
2024-04-29,ID,1.4726735372523858
2024-04-29,IL,1.5909338786640386
2024-04-29,IN,1.5869103281479209
2024-04-29,KS,1.3284659538101027
2024-04-29,KY,1.6570862692323165
2024-04-29,LA,1.7144616149729284
2024-04-29,MA,1.6438904574770477
2024-04-29,MD,2.0282151045936034
2024-04-29,ME,1.4078633959492166
2024-04-29,MI,1.7486625266154494
2024-04-29,MN,1.3579689552785228
2024-04-29,MO,1.3385675494334477
2024-04-29,MS,2.622758391038428
2024-04-29,MT,1.2429936868845357
2024-04-29,NC,1.63190341127933
2024-04-29,ND,2.7945883984232847
2024-04-29,NE,2.4368457416130918
2024-04-29,NH,1.514609506006904
2024-04-29,NJ,2.6655000969605798
2024-04-29,NM,2.9704255467537166
2024-04-29,NV,1.9895908704226835
2024-04-29,NY,0.7348427460849347
2024-04-29,OH,1.853741324979414
2024-04-29,OK,1.6878282009475503
2024-04-29,OR,1.4991204447857334
2024-04-29,PA,1.4456136932261203
2024-04-29,RI,1.1715185876294598
2024-04-29,SC,1.5273172216868005
2024-04-29,SD,1.3659425861517087
2024-04-29,TN,2.084194019787775
2024-04-29,TX,2.4552719512056957
2024-04-29,UT,1.425290049589294
2024-04-29,VA,1.9911328231483978
2024-04-29,VT,1.1076757314604455
2024-04-29,WA,1.5937705056757305
2024-04-29,WI,1.5919376270507373
2024-04-29,WV,1.299920462732903
2024-04-29,WY,3.0121663168580137
2024-05-06,AK,1.9952215356159857
2024-05-06,AL,1.9452166034872298
2024-05-06,AR,1.6711910835850046
2024-05-06,AZ,1.8939802919681878
2024-05-06,CA,2.603602419983734
2024-05-06,CO,2.2970653385933506
2024-05-06,CT,1.5444842744216392
2024-05-06,DE,1.0841910437258038
2024-05-06,GA,2.052099289689923
2024-05-06,HI,2.270979221236341
2024-05-06,IA,1.3193416333571133
2024-05-06,ID,1.3072852885132362
2024-05-06,IL,1.4665908230231137
2024-05-06,IN,1.5769571726233513
2024-05-06,KS,1.3016473301165714
2024-05-06,KY,1.4433962638403681
2024-05-06,LA,1.7983059357519697
2024-05-06,MA,1.7454621041674416
2024-05-06,MD,1.8499428725110278
2024-05-06,ME,1.3809028716586127
2024-05-06,MI,1.5866330573079885
2024-05-06,MN,1.379324692145977
2024-05-06,MO,1.0721157162309805
2024-05-06,MS,2.142402724401668
2024-05-06,MT,1.196120752174499
2024-05-06,NC,1.5065286882411602
2024-05-06,ND,2.4050830948075874
2024-05-06,NE,1.9816754913513734
2024-05-06,NH,1.275583800717051
2024-05-06,NJ,2.535546142004048
2024-05-06,NM,2.8686180233060363
2024-05-06,NV,2.0032958577873066
2024-05-06,NY,0.6829545334447931
2024-05-06,OH,1.7757441497680015
2024-05-06,OK,1.7055147853682673
2024-05-06,OR,1.601619392525425
2024-05-06,PA,1.3502684304134556
2024-05-06,RI,1.3307107635320623
2024-05-06,SC,1.6633868182323988
2024-05-06,SD,1.2626989383757623
2024-05-06,TN,2.0146002335692907
2024-05-06,TX,2.3567872913856016
2024-05-06,UT,1.420176699130625
2024-05-06,VA,1.9773920039507775
2024-05-06,VT,1.1285904414484493
2024-05-06,WA,1.563889241340478
2024-05-06,WI,1.5094369091236453
2024-05-06,WV,1.3404578275911398
2024-05-06,WY,2.6671110956820923
2024-05-13,AK,2.073401419671747
2024-05-13,AL,1.7074234804855064
2024-05-13,AR,1.6234279519013923
2024-05-13,AZ,1.8370162650941344
2024-05-13,CA,2.588081667192795
2024-05-13,CO,2.011245880955919
2024-05-13,CT,1.5143282514814935
2024-05-13,DE,0.9600986302391985
2024-05-13,GA,1.9257002044362452
2024-05-13,HI,2.235551597877415
2024-05-13,IA,1.1510263681937931
2024-05-13,ID,1.517212426836573
2024-05-13,IL,1.3605832687908683
2024-05-13,IN,1.3116793758967835
2024-05-13,KS,1.0161845143880164
2024-05-13,KY,1.4341655692237842
2024-05-13,LA,1.4813258585688998
2024-05-13,MA,1.4664619760380717
2024-05-13,MD,1.7800519985843999
2024-05-13,ME,1.354620906365609
2024-05-13,MI,1.39499759970563
2024-05-13,MN,1.1725747274746594
2024-05-13,MO,1.122174997122297
2024-05-13,MS,2.082192640439882
2024-05-13,MT,1.1143678270289656
2024-05-13,NC,1.3766899176720648
2024-05-13,ND,2.0826691488674376
2024-05-13,NE,1.8698194959819179
2024-05-13,NH,1.2893434015296088
2024-05-13,NJ,2.384845422338699
2024-05-13,NM,2.6658408594695295
2024-05-13,NV,1.9230041933876745
2024-05-13,NY,0.6429927895484097
2024-05-13,OH,1.6658713170215065
2024-05-13,OK,1.5375761204990133
2024-05-13,OR,1.4707724752235984
2024-05-13,PA,1.2737868001400323
2024-05-13,RI,1.1483031583765901
2024-05-13,SC,1.3550583679809383
2024-05-13,SD,1.2124887987927648
2024-05-13,TN,1.765643677321354
2024-05-13,TX,2.3099020655568285
2024-05-13,UT,1.4538854754070731
2024-05-13,VA,1.7793890640088077
2024-05-13,VT,0.9336969858633869
2024-05-13,WA,1.4104575626001692
2024-05-13,WI,1.290762387830178
2024-05-13,WV,1.2384853926784873
2024-05-13,WY,2.0022802573437732
2024-05-20,AK,1.921426554803862
2024-05-20,AL,1.63414050765099
2024-05-20,AR,1.4910382299286058
2024-05-20,AZ,1.8293641825975933
2024-05-20,CA,2.592422513423799
2024-05-20,CO,1.913758431853105
2024-05-20,CT,1.514772358913061
2024-05-20,DE,0.9594600617804862
2024-05-20,GA,1.8922903336619938
2024-05-20,HI,2.1757322557554017
2024-05-20,IA,1.3376234556395663
2024-05-20,ID,1.2691625726994837
2024-05-20,IL,1.370390684857386
2024-05-20,IN,1.351294779994042
2024-05-20,KS,1.0396539883883538
2024-05-20,KY,1.3462070450299783
2024-05-20,LA,1.4641388272007012
2024-05-20,MA,1.4074972156886765
2024-05-20,MD,1.7632645866667138
2024-05-20,ME,1.3433759915086836
2024-05-20,MI,1.2654028459083992
2024-05-20,MN,1.1187443717699717
2024-05-20,MO,1.057113654543953
2024-05-20,MS,2.286857629640668
2024-05-20,MT,1.0898381247876483
2024-05-20,NC,1.4096807570580143
2024-05-20,ND,2.1084126615777645
2024-05-20,NE,1.873550631808676
2024-05-20,NH,1.0502104219869637
2024-05-20,NJ,2.481046480069336
2024-05-20,NM,2.5988424756556032
2024-05-20,NV,1.8436950716382914
2024-05-20,NY,0.6186383269490161
2024-05-20,OH,1.5218207385558546
2024-05-20,OK,1.4219577746535998
2024-05-20,OR,1.4562748311743179
2024-05-20,PA,1.2336189060805487
2024-05-20,RI,1.1882036959685773
2024-05-20,SC,1.3083157149839924
2024-05-20,SD,0.9770644730762079
2024-05-20,TN,1.8433020807059441
2024-05-20,TX,2.1817391308996505
2024-05-20,UT,1.3676744552026734
2024-05-20,VA,1.810202877609971
2024-05-20,VT,0.9563036610777481
2024-05-20,WA,1.3537245305440022
2024-05-20,WI,1.228318651123513
2024-05-20,WV,1.061825463970635
2024-05-20,WY,1.708400015106079
2024-05-27,AK,1.7035386887018547
2024-05-27,AL,1.6696699533407358
2024-05-27,AR,1.536858001155454
2024-05-27,AZ,1.7707232377970656
2024-05-27,CA,2.5081685502120727
2024-05-27,CO,1.6857746156554336
2024-05-27,CT,1.3429397020911131
2024-05-27,DE,0.8720119172341774
2024-05-27,GA,1.7272140257137685
2024-05-27,HI,2.1718555592248814
2024-05-27,IA,1.0601375668499524
2024-05-27,ID,1.2921835992780826
2024-05-27,IL,1.2622992316908084
2024-05-27,IN,1.2462973602126461
2024-05-27,KS,1.0900598109221167
2024-05-27,KY,1.22739874877835
2024-05-27,LA,1.4567911305066468
2024-05-27,MA,1.3459052559718314
2024-05-27,MD,1.6889509841403283
2024-05-27,ME,1.1049415449908924
2024-05-27,MI,1.1360111819503143
2024-05-27,MN,1.0702686090894935
2024-05-27,MO,1.0702533433969774
2024-05-27,MS,1.5545362047331048
2024-05-27,MT,0.956119109437993
2024-05-27,NC,1.2325807505798134
2024-05-27,ND,2.465147894068032
2024-05-27,NE,1.637515393334934
2024-05-27,NH,0.9139648753577418
2024-05-27,NJ,2.3280364147809145
2024-05-27,NM,2.5087260481829334
2024-05-27,NV,1.7775691543763212
2024-05-27,NY,0.5864300838250958
2024-05-27,OH,1.5205961383879438
2024-05-27,OK,1.2646619721083099
2024-05-27,OR,1.3496942553273832
2024-05-27,PA,1.119648828306745
2024-05-27,RI,1.025006391090167
2024-05-27,SC,1.3003898337785516
2024-05-27,SD,1.194981017914708
2024-05-27,TN,1.6286841797094165
2024-05-27,TX,2.1659542109678056
2024-05-27,UT,1.2098186492587533
2024-05-27,VA,1.6826910785321392
2024-05-27,VT,0.8929702285716705
2024-05-27,WA,1.322695653722231
2024-05-27,WI,1.2245267922924037
2024-05-27,WV,1.0969254379550315
2024-05-27,WY,1.7449825065154114
2024-06-03,AK,1.7628698310037598
2024-06-03,AL,1.4187409903737611
2024-06-03,AR,1.5787407382163772
2024-06-03,AZ,1.7970028762464196
2024-06-03,CA,2.625737573746645
2024-06-03,CO,1.6765498165431532
2024-06-03,CT,1.2597382766027652
2024-06-03,DE,0.9412306934601751
2024-06-03,GA,1.7300521046752197
2024-06-03,HI,2.3926936477594767
2024-06-03,IA,1.0333463139129655
2024-06-03,ID,1.2842549005327544
2024-06-03,IL,1.2344949560767242
2024-06-03,IN,1.3678676241664804
2024-06-03,KS,1.282195906023543
2024-06-03,KY,1.3793677001666482
2024-06-03,LA,1.407878405345374
2024-06-03,MA,1.2427725224284416
2024-06-03,MD,1.453459584264411
2024-06-03,ME,0.9602911168081578
2024-06-03,MI,1.1921034244685376
2024-06-03,MN,1.0791624372975717
2024-06-03,MO,1.0103261435606505
2024-06-03,MS,1.7966132484335078
2024-06-03,MT,1.0796914604659549
2024-06-03,NC,1.28236202709876
2024-06-03,ND,2.126373179885892
2024-06-03,NE,1.47775136318321
2024-06-03,NH,1.0321750039890727
2024-06-03,NJ,2.0704056941572864
2024-06-03,NM,2.4995715483715815
2024-06-03,NV,1.747847573747184
2024-06-03,NY,0.5717838450970819
2024-06-03,OH,1.6512895839647381
2024-06-03,OK,1.0186305707606609
2024-06-03,OR,1.484133556908304
2024-06-03,PA,1.1547087072994753
2024-06-03,RI,1.0625124911855028
2024-06-03,SC,1.4344770313298731
2024-06-03,SD,0.9746380507477869
2024-06-03,TN,1.629599161807103
2024-06-03,TX,2.0437537718063115
2024-06-03,UT,1.3633612309499168
2024-06-03,VA,1.5617225398927406
2024-06-03,VT,0.965970413851367
2024-06-03,WA,1.405846008393796
2024-06-03,WI,1.1818110648404716
2024-06-03,WV,1.2033505429128633
2024-06-03,WY,1.9349902486654107
2024-06-10,AK,1.4757242399550234
2024-06-10,AL,1.2344252243907117
2024-06-10,AR,1.2228912496072075
2024-06-10,AZ,1.429154266910298
2024-06-10,CA,2.1348701461570054
2024-06-10,CO,1.3408387606680092
2024-06-10,CT,1.188352209929152
2024-06-10,DE,0.7647670096696735
2024-06-10,GA,1.549080653650421
2024-06-10,HI,2.3292638076513037
2024-06-10,IA,1.0277559902567726
2024-06-10,ID,1.0467984367572971
2024-06-10,IL,0.9767344419800478
2024-06-10,IN,1.0697925260063486
2024-06-10,KS,0.8521591502080832
2024-06-10,KY,1.0845095969961591
2024-06-10,LA,1.0613073481190238
2024-06-10,MA,1.081773299597823
2024-06-10,MD,1.3899795015862508
2024-06-10,ME,0.9151676377577687
2024-06-10,MI,0.9704756905392384
2024-06-10,MN,0.9078092187257647
2024-06-10,MO,0.8541275973721733
2024-06-10,MS,1.4568533233675645
2024-06-10,MT,0.8818626019243008
2024-06-10,NC,1.0327402050930428
2024-06-10,ND,1.5803913344850455
2024-06-10,NE,1.1561985395384027
2024-06-10,NH,0.9365000574615925
2024-06-10,NJ,2.0809396366000628
2024-06-10,NM,2.072412974652859
2024-06-10,NV,1.403982089989373
2024-06-10,NY,0.4967863063075545
2024-06-10,OH,1.3430935925804377
2024-06-10,OK,0.8465089102570658
2024-06-10,OR,1.291492130557492
2024-06-10,PA,1.01744186363254
2024-06-10,RI,0.7667118746798999
2024-06-10,SC,1.0831534378352414
2024-06-10,SD,0.801480755581262
2024-06-10,TN,1.3320165226402294
2024-06-10,TX,1.7266016800892672
2024-06-10,UT,1.392688501267924
2024-06-10,VA,1.4254305189574727
2024-06-10,VT,0.7288208855831173
2024-06-10,WA,1.1332712812640904
2024-06-10,WI,1.0351733629407447
2024-06-10,WV,0.9543636008217438
2024-06-10,WY,1.424006634173956
2024-06-17,AK,1.3826949381056217
2024-06-17,AL,1.3059106488734846
2024-06-17,AR,1.0802749086970922
2024-06-17,AZ,1.3245723879623057
2024-06-17,CA,2.075816566565123
2024-06-17,CO,1.1518636764784203
2024-06-17,CT,1.1217901643207144
2024-06-17,DE,0.7065922656505006
2024-06-17,GA,1.4084837710207907
2024-06-17,HI,2.378535372523092
2024-06-17,IA,0.7649785609052882
2024-06-17,ID,0.9196997047080347
2024-06-17,IL,0.9644301532905102
2024-06-17,IN,0.9788382683105146
2024-06-17,KS,0.8888311264631985
2024-06-17,KY,0.9909886848756433
2024-06-17,LA,1.122441002001387
2024-06-17,MA,1.0950236709646168
2024-06-17,MD,1.3586140956043207
2024-06-17,ME,0.8736322576237838
2024-06-17,MI,0.8910104721038643
2024-06-17,MN,0.8613678735896908
2024-06-17,MO,0.7639315917639677
2024-06-17,MS,1.594078328270053
2024-06-17,MT,0.7276944948201571
2024-06-17,NC,1.0512254358867352
2024-06-17,ND,1.4393472687928757
2024-06-17,NE,1.1733825060710497
2024-06-17,NH,0.7962917263376061
2024-06-17,NJ,2.2458970345736806
2024-06-17,NM,1.9386800892974936
2024-06-17,NV,1.325961760393184
2024-06-17,NY,0.46489688379030625
2024-06-17,OH,1.2427423190992273
2024-06-17,OK,0.8172057268544335
2024-06-17,OR,1.0936650414784346
2024-06-17,PA,0.9364571702847508
2024-06-17,RI,0.7569703024192537
2024-06-17,SC,0.9896783511472821
2024-06-17,SD,0.7567237692354276
2024-06-17,TN,1.1675887872233015
2024-06-17,TX,1.821382905800299
2024-06-17,UT,0.9837444188750913
2024-06-17,VA,1.3788630388878758
2024-06-17,VT,0.7388097226471962
2024-06-17,WA,1.0893129158791295
2024-06-17,WI,0.9876777241486268
2024-06-17,WV,0.9373850205372142
2024-06-17,WY,1.1618100967989544
2024-06-24,AK,0.630132888790464
2024-06-24,AL,1.0891749486305682
2024-06-24,AR,0.9640079947918647
2024-06-24,AZ,1.2519900391183594
2024-06-24,CA,1.9588086475109687
2024-06-24,CO,1.1585871228812972
2024-06-24,CT,1.066885044503085
2024-06-24,DE,0.6768067276500751
2024-06-24,GA,1.2732980529637916
2024-06-24,HI,2.2284447957464373
2024-06-24,IA,0.6962767261556465
2024-06-24,ID,0.9294443728501749
2024-06-24,IL,0.8425085998722261
2024-06-24,IN,0.8824349274656256
2024-06-24,KS,0.68838814498887
2024-06-24,KY,1.2514372493318258
2024-06-24,LA,0.9548045184728127
2024-06-24,MA,0.9434314882473964
2024-06-24,MD,1.2918469274598916
2024-06-24,ME,0.8771313946060504
2024-06-24,MI,0.7876627331958347
2024-06-24,MN,0.7988325794545168
2024-06-24,MO,0.7787137488391453
2024-06-24,MS,1.3489264629989262
2024-06-24,MT,0.734667990454656
2024-06-24,NC,0.8962443244382037
2024-06-24,ND,1.2542030175348873
2024-06-24,NE,1.0389759824003217
2024-06-24,NH,0.5873774081592384
2024-06-24,NJ,1.8049295150666078
2024-06-24,NM,1.8485054578581255
2024-06-24,NV,1.2902971964003336
2024-06-24,NY,0.4189532131384512
2024-06-24,OH,1.1905476481163566
2024-06-24,OK,0.7244730877969241
2024-06-24,OR,1.0327771285286127
2024-06-24,PA,0.7315590371241717
2024-06-24,RI,0.6460020486565762
2024-06-24,SC,0.9371830559079792
2024-06-24,SD,0.7559667797041243
2024-06-24,TN,1.08707541530742
2024-06-24,TX,1.5954236884925461
2024-06-24,UT,0.9336106252912342
2024-06-24,VA,1.2490334499379823
2024-06-24,VT,0.6474872153585784
2024-06-24,WA,1.0937575345186417
2024-06-24,WI,0.8343756934014841
2024-06-24,WV,0.7793145459281531
2024-06-24,WY,0.9183900965871072
2024-07-01,AK,1.2819808088555864
2024-07-01,AL,1.118595327932114
2024-07-01,AR,0.9457494746958918
2024-07-01,AZ,1.1261452586029708
2024-07-01,CA,1.8428786529745511
2024-07-01,CO,1.083399313780995
2024-07-01,CT,0.9198033201709928
2024-07-01,DE,0.6898069089326466
2024-07-01,GA,1.3298490965587546
2024-07-01,HI,2.1913076079115217
2024-07-01,IA,0.6643164377358866
2024-07-01,ID,0.8897367871145112
2024-07-01,IL,0.8873990704239765
2024-07-01,IN,1.0365509448536785
2024-07-01,KS,0.8248581572019977
2024-07-01,KY,1.0823912778547276
2024-07-01,LA,1.12346646217084
2024-07-01,MA,0.9879324635394037
2024-07-01,MD,1.195201688141788
2024-07-01,ME,0.7536323568298995
2024-07-01,MI,0.7795832805543684
2024-07-01,MN,0.8766284049182
2024-07-01,MO,0.6921367882589978
2024-07-01,MS,1.5945902211745457
2024-07-01,MT,0.7575268699042027
2024-07-01,NC,0.8676558306061386
2024-07-01,ND,1.0784964541328834
2024-07-01,NE,1.002360089295406
2024-07-01,NH,0.7772912664136568
2024-07-01,NJ,1.9574773059140456
2024-07-01,NM,1.7980780088006652
2024-07-01,NV,1.2838829092201522
2024-07-01,NY,0.421395121791145
2024-07-01,OH,1.1307506147967534
2024-07-01,OK,0.6917513810624587
2024-07-01,OR,1.08853092770152
2024-07-01,PA,0.8365180178855165
2024-07-01,RI,0.7965994318196459
2024-07-01,SC,1.1982532997241955
2024-07-01,SD,0.7631556192901086
2024-07-01,TN,1.2385090360017506
2024-07-01,TX,1.6402114083810757
2024-07-01,UT,0.9125613298760171
2024-07-01,VA,1.270294104401136
2024-07-01,VT,0.6662198181671062
2024-07-01,WA,0.8924818302673124
2024-07-01,WI,0.9178671183082674
2024-07-01,WV,0.9151723274915378
2024-07-01,WY,1.065434026751081
2024-07-08,AK,0.584512460957559
2024-07-08,AL,1.1084890924431436
2024-07-08,AR,1.001110004000743
2024-07-08,AZ,1.0167069342012267
2024-07-08,CA,1.82840364526948
2024-07-08,CO,0.9930292008448922
2024-07-08,CT,0.9694117118688157
2024-07-08,DE,0.6093294017553011
2024-07-08,GA,1.2297815381174708
2024-07-08,HI,2.1068030489727634
2024-07-08,IA,0.7481926924480143
2024-07-08,ID,0.7997341256073052
2024-07-08,IL,0.8564027020828423
2024-07-08,IN,0.893587861759795
2024-07-08,KS,0.7484910836427108
2024-07-08,KY,0.7848093576996271
2024-07-08,LA,1.0826927671312907
2024-07-08,MA,0.966153191896582
2024-07-08,MD,1.2740357320274847
2024-07-08,ME,0.803559885180288
2024-07-08,MI,0.7794021511320568
2024-07-08,MN,0.7970504090359282
2024-07-08,MO,0.7890590726369133
2024-07-08,MS,1.6257149407715454
2024-07-08,MT,0.7430615709336641
2024-07-08,NC,0.9073397691888747
2024-07-08,ND,1.002922752521743
2024-07-08,NE,1.0046677487738311
2024-07-08,NH,0.6784871779331615
2024-07-08,NJ,1.7514295922193248
2024-07-08,NM,1.6846023738758906
2024-07-08,NV,1.1089050993966616
2024-07-08,NY,0.406877717576576
2024-07-08,OH,1.069889959593073
2024-07-08,OK,0.7603377926798915
2024-07-08,OR,0.9115185141701942
2024-07-08,PA,0.7758812146411245
2024-07-08,RI,0.7357490530636612
2024-07-08,SC,0.9243392343858293
2024-07-08,SD,0.7790108379368987
2024-07-08,TN,1.0875940818554286
2024-07-08,TX,1.2553906310006386
2024-07-08,UT,0.9122308873030593
2024-07-08,VA,1.2630595006039524
2024-07-08,VT,0.7301030463666687
2024-07-08,WA,0.9035617534068214
2024-07-08,WI,0.8243341715950837
2024-07-08,WV,0.8253571329788136
2024-07-08,WY,1.124176280910837
2024-07-15,AK,1.1306481968837332
2024-07-15,AL,1.1836066516988004
2024-07-15,AR,1.0913365018641514
2024-07-15,AZ,1.0270966102127264
2024-07-15,CA,1.6402402570086565
2024-07-15,CO,1.110801462143811
2024-07-15,CT,0.9812771859456575
2024-07-15,DE,0.621099406399457
2024-07-15,GA,1.4168574978468356
2024-07-15,HI,1.9663656538772756
2024-07-15,IA,0.7263366416429466
2024-07-15,ID,0.8072725439520045
2024-07-15,IL,0.8363437477354765
2024-07-15,IN,0.9762077370185174
2024-07-15,KS,0.7538981094618697
2024-07-15,KY,0.9386034103397787
2024-07-15,LA,1.1452233342014368
2024-07-15,MA,0.9282632533978943
2024-07-15,MD,1.1362715575204785
2024-07-15,ME,0.8160812123018325
2024-07-15,MI,0.7649215423068402
2024-07-15,MN,0.7883589209964283
2024-07-15,MO,0.6762322383419862
2024-07-15,MS,1.695129419109136
2024-07-15,MT,0.7422201575482972
2024-07-15,NC,0.8852071240501689
2024-07-15,ND,1.1776352010983426
2024-07-15,NE,1.1442227986802285
2024-07-15,NH,0.7199912919551025
2024-07-15,NJ,1.9419104014316253
2024-07-15,NM,1.7403431809276366
2024-07-15,NV,1.1943861165067209
2024-07-15,NY,0.418121585556686
2024-07-15,OH,1.0778784242725636
2024-07-15,OK,0.7247427058988525
2024-07-15,OR,0.9092446876523944
2024-07-15,PA,0.7951032758193398
2024-07-15,RI,0.6967571571611262
2024-07-15,SC,0.9422984270172611
2024-07-15,SD,0.7687776480719936
2024-07-15,TN,1.2191843246055476
2024-07-15,TX,1.7776710834503162
2024-07-15,UT,0.9251524050908474
2024-07-15,VA,1.213739262410654
2024-07-15,VT,0.6896288784385058
2024-07-15,WA,0.7863171365544182
2024-07-15,WI,0.836329371883805
2024-07-15,WV,0.7909100112052736
2024-07-15,WY,0.9466143831010025
2024-07-22,AK,1.4073398869691578
2024-07-22,AL,1.3862193984539664
2024-07-22,AR,1.1100395010509194
2024-07-22,AZ,1.0019698835162358
2024-07-22,CA,1.6369744900016847
2024-07-22,CO,1.0760966840150186
2024-07-22,CT,1.059210048447639
2024-07-22,DE,0.6269344661830192
2024-07-22,GA,1.5621975400232608
2024-07-22,HI,1.8729329076231376
2024-07-22,IA,0.7847217262902063
2024-07-22,ID,0.7982650014503542
2024-07-22,IL,0.8879251634516399
2024-07-22,IN,0.8799251223838692
2024-07-22,KS,0.7387992239250982
2024-07-22,KY,0.8741362871939455
2024-07-22,LA,1.084297511827349
2024-07-22,MA,0.9522031214428901
2024-07-22,MD,1.1209738071356865
2024-07-22,ME,0.8375519375002051
2024-07-22,MI,0.7666191006939023
2024-07-22,MN,0.780242867067803
2024-07-22,MO,0.781494432514296
2024-07-22,MS,1.854589703135666
2024-07-22,MT,0.6293369692588185
2024-07-22,NC,0.9849182956779827
2024-07-22,ND,1.0835611017112117
2024-07-22,NE,1.094741468507353
2024-07-22,NH,0.7432971336957557
2024-07-22,NJ,1.8020506449707587
2024-07-22,NM,1.6620853583292436
2024-07-22,NV,1.2082627252972808
2024-07-22,NY,0.4197747024586833
2024-07-22,OH,1.185445943666687
2024-07-22,OK,0.7810316629467159
2024-07-22,OR,0.7806389303129304
2024-07-22,PA,0.8149952742931892
2024-07-22,RI,0.7122794472420477
2024-07-22,SC,0.9663529469250367
2024-07-22,SD,0.718835922931081
2024-07-22,TN,1.2095752305458298
2024-07-22,TX,1.781940460641983
2024-07-22,UT,0.825143008905415
2024-07-22,VA,1.3227744046327161
2024-07-22,VT,0.616329558823738
2024-07-22,WA,0.8020409401087676
2024-07-22,WI,0.8152860507974512
2024-07-22,WV,0.7521572962049441
2024-07-22,WY,0.887565520514821
2024-07-29,AK,1.410510097861537
2024-07-29,AL,1.2414124609231942
2024-07-29,AR,1.167175417403642
2024-07-29,AZ,1.1324352089704703
2024-07-29,CA,1.64237547747778
2024-07-29,CO,1.1129391684002585
2024-07-29,CT,1.129492205428828
2024-07-29,DE,0.6911045494662932
2024-07-29,GA,1.4613369127732234
2024-07-29,HI,1.7386940619866977
2024-07-29,IA,0.7104508906545094
2024-07-29,ID,0.8406459718065913
2024-07-29,IL,0.9530416063824442
2024-07-29,IN,0.9780603127339118
2024-07-29,KS,0.8840971385420517
2024-07-29,KY,1.0027786099505311
2024-07-29,LA,1.4169548273527242
2024-07-29,MA,0.9708317599361369
2024-07-29,MD,1.2432467685441737
2024-07-29,ME,0.8613518483459524
2024-07-29,MI,0.7612640823340509
2024-07-29,MN,0.7760644907171083
2024-07-29,MO,0.8006701115381212
2024-07-29,MS,1.8553611753635937
2024-07-29,MT,0.6891821426506415
2024-07-29,NC,1.0844846459428177
2024-07-29,ND,1.1111008725929201
2024-07-29,NE,1.1370414267677993
2024-07-29,NH,0.7223646121934966
2024-07-29,NJ,2.0945944303072754
2024-07-29,NM,1.4540647553410992
2024-07-29,NV,1.1633010086580031
2024-07-29,NY,0.43940488203419187
2024-07-29,OH,1.2519527184340538
2024-07-29,OK,0.8272112119122117
2024-07-29,OR,0.9311642174587846
2024-07-29,PA,0.8771829226070051
2024-07-29,RI,0.7604173287724543
2024-07-29,SC,0.9358781595899298
2024-07-29,SD,0.7181144436305804
2024-07-29,TN,1.2192166683338357
2024-07-29,TX,1.9773457750826786
2024-07-29,UT,0.9020988678910598
2024-07-29,VA,1.4454596601624945
2024-07-29,VT,0.6720555640100624
2024-07-29,WA,0.7900932424811367
2024-07-29,WI,0.8927787713456499
2024-07-29,WV,0.8469573842270843
2024-07-29,WY,0.9481663311226538
2024-08-05,AK,1.2312306682619885
2024-08-05,AL,1.4491133956384288
2024-08-05,AR,1.3044512501430856
2024-08-05,AZ,1.124695554767129
2024-08-05,CA,1.6430388828857807
2024-08-05,CO,1.1132148570756757
2024-08-05,CT,1.1275761408355953
2024-08-05,DE,0.7278806653959455
2024-08-05,GA,1.7535410342245268
2024-08-05,HI,1.7204645846033204
2024-08-05,IA,0.8549634090413301
2024-08-05,ID,0.823353707867585
2024-08-05,IL,0.9826393697019997
2024-08-05,IN,1.1767508859474274
2024-08-05,KS,1.0275485446294996
2024-08-05,KY,1.351296008021816
2024-08-05,LA,1.431121568593159
2024-08-05,MA,1.0468251880494492
2024-08-05,MD,1.2960465725035675
2024-08-05,ME,0.9191367449215174
2024-08-05,MI,0.8008640237406125
2024-08-05,MN,0.877377924203651
2024-08-05,MO,0.9148115043048759
2024-08-05,MS,2.0447384098097987
2024-08-05,MT,0.7813809327534011
2024-08-05,NC,1.126045601597576
2024-08-05,ND,1.303467163165987
2024-08-05,NE,1.2344749229397534
2024-08-05,NH,0.86416957864214
2024-08-05,NJ,1.9079071355386927
2024-08-05,NM,1.543036022938119
2024-08-05,NV,1.1135006031346715
2024-08-05,NY,0.46088689176983183
2024-08-05,OH,1.2847937927101563
2024-08-05,OK,0.9457841588218929
2024-08-05,OR,0.9539302343725505
2024-08-05,PA,0.8987664123542343
2024-08-05,RI,0.7945372929318211
2024-08-05,SC,1.375083144367293
2024-08-05,SD,0.8011956663406996
2024-08-05,TN,1.297494077527301
2024-08-05,TX,1.8772887513950176
2024-08-05,UT,0.9094550639991068
2024-08-05,VA,1.552379981424025
2024-08-05,VT,0.7610183787122333
2024-08-05,WA,0.8307991109931803
2024-08-05,WI,0.9292527142613165
2024-08-05,WV,0.9770748564775362
2024-08-05,WY,0.9867099308602758
2024-08-12,AK,0.7055536268131913
2024-08-12,AL,1.764315703363058
2024-08-12,AR,1.4914236980477267
2024-08-12,AZ,1.1694194753564238
2024-08-12,CA,1.6343874755042207
2024-08-12,CO,1.156936954881554
2024-08-12,CT,1.169385017210386
2024-08-12,DE,0.7055953289991668
2024-08-12,GA,1.8975353610030232
2024-08-12,HI,1.617043610929797
2024-08-12,IA,0.9719065889073808
2024-08-12,ID,0.9099295618836688
2024-08-12,IL,0.9542445202689201
2024-08-12,IN,1.0683289380095045
2024-08-12,KS,0.7702826216783083
2024-08-12,KY,1.0513255608383079
2024-08-12,LA,1.3194937856805367
2024-08-12,MA,1.0339303729669789
2024-08-12,MD,1.4005794280334205
2024-08-12,ME,0.9227535522134294
2024-08-12,MI,0.8384956043634906
2024-08-12,MN,0.8401630012959626
2024-08-12,MO,0.7791177708388187
2024-08-12,MS,2.479701753635204
2024-08-12,MT,0.7608858132785848
2024-08-12,NC,1.2531110737524491
2024-08-12,ND,1.3766660213162467
2024-08-12,NE,1.2978068929180304
2024-08-12,NH,0.85260327629944
2024-08-12,NJ,2.064096463705553
2024-08-12,NM,1.6807320885914485
2024-08-12,NV,1.2249999314472553
2024-08-12,NY,0.4767085079723942
2024-08-12,OH,1.3058632667935255
2024-08-12,OK,0.9876667059494963
2024-08-12,OR,0.848539608057363
2024-08-12,PA,0.9354478529975087
2024-08-12,RI,0.7424765147735277
2024-08-12,SC,1.1787487354699733
2024-08-12,SD,0.7247688919443134
2024-08-12,TN,1.4834291435655007
2024-08-12,TX,1.8814431461510697
2024-08-12,UT,0.851214382552494
2024-08-12,VA,1.5491846772899402
2024-08-12,VT,0.7081682650702565
2024-08-12,WA,0.8825280569079842
2024-08-12,WI,0.9024652150357921
2024-08-12,WV,0.9072377973290043
2024-08-12,WY,0.9220296268756565
2024-08-19,AK,1.5058047791523252
2024-08-19,AL,1.7962805596253508
2024-08-19,AR,1.400943807711815
2024-08-19,AZ,1.4951561992838958
2024-08-19,CA,1.6200143318686528
2024-08-19,CO,1.2525624266645212
2024-08-19,CT,1.2383531411876985
2024-08-19,DE,0.7676206234296693
2024-08-19,GA,2.427938317689129
2024-08-19,HI,1.7506112058311305
2024-08-19,IA,0.9522577978599915
2024-08-19,ID,0.8995855597628474
2024-08-19,IL,1.115391318997321
2024-08-19,IN,1.285131252487811
2024-08-19,KS,0.8581550063271082
2024-08-19,KY,1.3274462103209257
2024-08-19,LA,1.4327121969582919
2024-08-19,MA,1.0882735329675883
2024-08-19,MD,1.3055453923934963
2024-08-19,ME,0.9985986468440216
2024-08-19,MI,0.8525174966243025
2024-08-19,MN,0.8566564334540177
2024-08-19,MO,0.933241047053342
2024-08-19,MS,2.4778349261081156
2024-08-19,MT,0.7414122913061705
2024-08-19,NC,1.2518826787379136
2024-08-19,ND,1.2868155471658933
2024-08-19,NE,1.300378211568788
2024-08-19,NH,0.8142085121784148
2024-08-19,NJ,1.9857644343733414
2024-08-19,NM,1.8084816725760984
2024-08-19,NV,1.2203293943068996
2024-08-19,NY,0.5087556005403225
2024-08-19,OH,1.331302534701294
2024-08-19,OK,0.8781995894855026
2024-08-19,OR,0.9040430725847131
2024-08-19,PA,0.9434274201861521
2024-08-19,RI,0.8875561077803718
2024-08-19,SC,1.216226945806731
2024-08-19,SD,0.7714426152478178
2024-08-19,TN,1.699737851357042
2024-08-19,TX,1.819847819577792
2024-08-19,UT,0.9976059204956291
2024-08-19,VA,1.649028517152972
2024-08-19,VT,0.7486109868948052
2024-08-19,WA,0.8474254506858142
2024-08-19,WI,0.9299634641747387
2024-08-19,WV,0.9590796480137151
2024-08-19,WY,0.9475726619517253
2024-08-26,AK,1.520481374792762
2024-08-26,AL,2.147797867714592
2024-08-26,AR,1.5576486943146701
2024-08-26,AZ,1.601395324441523
2024-08-26,CA,1.832750584706255
2024-08-26,CO,1.5488727285178385
2024-08-26,CT,1.3363355114094961
2024-08-26,DE,0.876767223768655
2024-08-26,GA,2.65392483788348
2024-08-26,HI,1.8560008583887078
2024-08-26,IA,1.0521925835059656
2024-08-26,ID,1.0403458233513974
2024-08-26,IL,1.2217029167173088
2024-08-26,IN,1.529482988219078
2024-08-26,KS,0.967360400822283
2024-08-26,KY,1.765021922429442
2024-08-26,LA,1.885984625056765
2024-08-26,MA,1.2365280398272795
2024-08-26,MD,1.3998693850736093
2024-08-26,ME,1.1503238114286418
2024-08-26,MI,0.9766723433481795
2024-08-26,MN,0.9369107766930589
2024-08-26,MO,1.064151429041062
2024-08-26,MS,2.3867402812721776
2024-08-26,MT,0.9129129567230961
2024-08-26,NC,1.4295824833753639
2024-08-26,ND,1.4802910227200945
2024-08-26,NE,1.5380955510582428
2024-08-26,NH,1.0247393285543265
2024-08-26,NJ,2.009587414981231
2024-08-26,NM,1.9784642855080274
2024-08-26,NV,1.4969714432165642
2024-08-26,NY,0.575004156850222
2024-08-26,OH,1.53328638296483
2024-08-26,OK,1.279501301784686
2024-08-26,OR,0.9878677541491288
2024-08-26,PA,1.1267619004267604
2024-08-26,RI,0.8123559502226021
2024-08-26,SC,1.4317934864253523
2024-08-26,SD,0.9704711215106108
2024-08-26,TN,2.1328389940924772
2024-08-26,TX,2.336163269122756
2024-08-26,UT,1.0712643099215093
2024-08-26,VA,1.8293802395906402
2024-08-26,VT,0.7891387444848692
2024-08-26,WA,0.9030378825672494
2024-08-26,WI,1.0795316070724412
2024-08-26,WV,1.1373181970532151
2024-08-26,WY,1.0792444848144234
2024-09-02,AK,0.8902537841461422
2024-09-02,AL,2.2240219473761313
2024-09-02,AR,1.8852938468908698
2024-09-02,AZ,1.6668987282252847
2024-09-02,CA,1.9355216801485997
2024-09-02,CO,1.8994504996142663
2024-09-02,CT,1.420995439381135
2024-09-02,DE,0.8925173910816664
2024-09-02,GA,2.3517977733948987
2024-09-02,HI,1.9850553072251387
2024-09-02,IA,1.128433254949067
2024-09-02,ID,1.050955358129926
2024-09-02,IL,1.3926971077418462
2024-09-02,IN,1.5409672987252927
2024-09-02,KS,1.1854647099100553
2024-09-02,KY,1.6097113943287638
2024-09-02,LA,1.8169105747688254
2024-09-02,MA,1.245249643835943
2024-09-02,MD,1.5712109095609703
2024-09-02,ME,1.1027803641992457
2024-09-02,MI,1.0014014041000803
2024-09-02,MN,1.0242353686675716
2024-09-02,MO,1.1482185289221558
2024-09-02,MS,2.302927643019241
2024-09-02,MT,0.9699875643470797
2024-09-02,NC,1.4669141189262818
2024-09-02,ND,1.686227362340686
2024-09-02,NE,1.7413762177516325
2024-09-02,NH,0.9737005787749551
2024-09-02,NJ,2.037614929612582
2024-09-02,NM,2.0352640899552092
2024-09-02,NV,1.6784341230072308
2024-09-02,NY,0.6051962528094046
2024-09-02,OH,1.5500417118720597
2024-09-02,OK,1.3765851375121994
2024-09-02,OR,1.1400056078590344
2024-09-02,PA,1.1338528255894738
2024-09-02,RI,1.1484109225059507
2024-09-02,SC,1.7129060125316506
2024-09-02,SD,1.1879326009881979
2024-09-02,TN,1.9198564375896172
2024-09-02,TX,2.944081071004508
2024-09-02,UT,1.1950920471346191
2024-09-02,VA,1.954882262780648
2024-09-02,VT,0.9348259121109896
2024-09-02,WA,1.0234181928257202
2024-09-02,WI,1.1297778866220476
2024-09-02,WV,1.6170556283935698
2024-09-02,WY,1.1529324132947827
2024-09-09,AK,1.6675559624436433
2024-09-09,AL,1.7844756503271224
2024-09-09,AR,1.9392984505776474
2024-09-09,AZ,1.5210380616407302
2024-09-09,CA,2.053037679906795
2024-09-09,CO,1.7454400488881066
2024-09-09,CT,1.498620081594142
2024-09-09,DE,0.9169533863700055
2024-09-09,GA,2.1304374900812126
2024-09-09,HI,2.222378274544411
2024-09-09,IA,1.135385603952257
2024-09-09,ID,1.1630002512334086
2024-09-09,IL,1.360502676630221
2024-09-09,IN,1.4829535620594148
2024-09-09,KS,1.1823491716123538
2024-09-09,KY,1.8587228425705535
2024-09-09,LA,1.7114736066048737
2024-09-09,MA,1.3854733310320935
2024-09-09,MD,1.6678862925457216
2024-09-09,ME,1.1752400970391572
2024-09-09,MI,1.1394935188372641
2024-09-09,MN,1.0245628113681449
2024-09-09,MO,1.3727966988474587
2024-09-09,MS,2.022502503280072
2024-09-09,MT,0.9280680080110866
2024-09-09,NC,1.7210867756940034
2024-09-09,ND,1.5135811430044908
2024-09-09,NE,1.8502596712553134
2024-09-09,NH,1.2264515400243643
2024-09-09,NJ,2.2355043878866496
2024-09-09,NM,2.0563923516384515
2024-09-09,NV,1.729721636284032
2024-09-09,NY,0.6402299090806141
2024-09-09,OH,1.8008475233990715
2024-09-09,OK,1.2824218351778072
2024-09-09,OR,1.174718664053285
2024-09-09,PA,1.2810940948622203
2024-09-09,RI,0.9794698117395402
2024-09-09,SC,1.5026667153885183
2024-09-09,SD,1.1693961743821042
2024-09-09,TN,1.855914785853502
2024-09-09,TX,2.3839516608197444
2024-09-09,UT,1.3305930847233607
2024-09-09,VA,2.0988759331388724
2024-09-09,VT,0.9034048132156711
2024-09-09,WA,1.0335410881995966
2024-09-09,WI,1.154437267519373
2024-09-09,WV,1.482648553091602
2024-09-09,WY,1.616727812082631
2024-09-16,AK,2.13707293837032
2024-09-16,AL,1.8579108965522206
2024-09-16,AR,1.8634565681476336
2024-09-16,AZ,1.4719884407720158
2024-09-16,CA,1.9369538834897648
2024-09-16,CO,1.758680746992983
2024-09-16,CT,1.706570030368188
2024-09-16,DE,0.9566022251992761
2024-09-16,GA,2.1744993708682303
2024-09-16,HI,2.0972867671588333
2024-09-16,IA,1.2811727140740332
2024-09-16,ID,1.3419649537979947
2024-09-16,IL,1.428145965509555
2024-09-16,IN,1.4773955023340726
2024-09-16,KS,1.0581565914025877
2024-09-16,KY,1.7728055966857443
2024-09-16,LA,1.354213078251027
2024-09-16,MA,1.5236449873970175
2024-09-16,MD,1.880569592610361
2024-09-16,ME,1.374805377769766
2024-09-16,MI,1.2025099215475807
2024-09-16,MN,1.0730941040376112
2024-09-16,MO,1.173138811632469
2024-09-16,MS,1.9657768264801405
2024-09-16,MT,0.9162208632453928
2024-09-16,NC,1.665850238657266
2024-09-16,ND,1.6336006217972057
2024-09-16,NE,1.8637328069343966
2024-09-16,NH,1.1265205688830597
2024-09-16,NJ,2.7602037447679577
2024-09-16,NM,1.9877609053164025
2024-09-16,NV,1.642840158585824
2024-09-16,NY,0.6596993915936294
2024-09-16,OH,1.8374217188183388
2024-09-16,OK,1.3557658821288152
2024-09-16,OR,1.0772944872177557
2024-09-16,PA,1.434963753525106
2024-09-16,RI,1.0612972899815794
2024-09-16,SC,1.4641381938336044
2024-09-16,SD,1.143355106224969
2024-09-16,TN,1.9926917329534692
2024-09-16,TX,2.502711793197389
2024-09-16,UT,1.2672496960746642
2024-09-16,VA,2.0721461057842756
2024-09-16,VT,0.9211478212139044
2024-09-16,WA,1.1500204028179601
2024-09-16,WI,1.287046046966282
2024-09-16,WV,1.6524587377326185
2024-09-16,WY,1.390695072354836
2024-09-23,AK,1.9500766767016677
2024-09-23,AL,1.6358598522733225
2024-09-23,AR,1.7449381425868205
2024-09-23,AZ,1.4724273451797845
2024-09-23,CA,1.9104775906634797
2024-09-23,CO,1.6743756539955843
2024-09-23,CT,1.9334887341853428
2024-09-23,DE,0.9711634853691431
2024-09-23,GA,2.2314790079677187
2024-09-23,HI,2.10411763023625
2024-09-23,IA,1.2584533769612278
2024-09-23,ID,1.1326323698332614
2024-09-23,IL,1.3254363787000405
2024-09-23,IN,1.496542121370591
2024-09-23,KS,1.0940117503234692
2024-09-23,KY,1.6089162656467324
2024-09-23,LA,1.6390481693545933
2024-09-23,MA,1.5778345422457272
2024-09-23,MD,1.8751297647967027
2024-09-23,ME,1.387373507738596
2024-09-23,MI,1.206323601046082
2024-09-23,MN,1.1208353800813904
2024-09-23,MO,1.2623913451681599
2024-09-23,MS,1.794249409440058
2024-09-23,MT,1.0168879587227344
2024-09-23,NC,1.6153888060481862
2024-09-23,ND,1.615592771896074
2024-09-23,NE,1.7931868169646425
2024-09-23,NH,1.19687725562668
2024-09-23,NJ,2.895667053234887
2024-09-23,NM,1.8820455177468363
2024-09-23,NV,1.5347610425939204
2024-09-23,NY,0.6571883498899722
2024-09-23,OH,1.7565044064429451
2024-09-23,OK,1.2670451119851727
2024-09-23,OR,1.3294827703574241
2024-09-23,PA,1.4817144935804865
2024-09-23,RI,1.296038884092689
2024-09-23,SC,1.4249374950957434
2024-09-23,SD,1.010665221465937
2024-09-23,TN,1.7766775102953263
2024-09-23,TX,2.2647421553288387
2024-09-23,UT,1.2766867829059143
2024-09-23,VA,2.06648115120008
2024-09-23,VT,0.9532230571727962
2024-09-23,WA,1.1560406369649021
2024-09-23,WI,1.357503165738438
2024-09-23,WV,1.3815457168150254
2024-09-23,WY,1.4495632789169874
2024-09-30,AK,1.8627437485231026
2024-09-30,AL,1.9051094041203855
2024-09-30,AR,1.6929040039760452
2024-09-30,AZ,1.525853432379289
2024-09-30,CA,1.9940809129021244
2024-09-30,CO,1.6905273013882942
2024-09-30,CT,1.595961884602921
2024-09-30,DE,0.9505911987476175
2024-09-30,GA,2.3266190365673483
2024-09-30,HI,1.9190482103485254
2024-09-30,IA,1.2374701919269042
2024-09-30,ID,1.1550696336245996
2024-09-30,IL,1.360016401166694
2024-09-30,IN,1.535327672718249
2024-09-30,KS,1.1553868068765758
2024-09-30,KY,1.7157293939752303
2024-09-30,LA,1.3700979167499372
2024-09-30,MA,1.4837798041147314
2024-09-30,MD,1.742896393197714
2024-09-30,ME,1.296224211133103
2024-09-30,MI,1.1371477370814718
2024-09-30,MN,1.1079013728708527
2024-09-30,MO,1.2240034505084423
2024-09-30,MS,2.027985282897051
2024-09-30,MT,0.9350558504742819
2024-09-30,NC,1.5022250332330227
2024-09-30,ND,1.6807139569355662
2024-09-30,NE,1.7305714069773943
2024-09-30,NH,1.1770961894736551
2024-09-30,NJ,2.9409449256938083
2024-09-30,NM,1.8403308997941572
2024-09-30,NV,1.484901101259926
2024-09-30,NY,0.6501510196572738
2024-09-30,OH,1.6915838119418294
2024-09-30,OK,1.2405811625548617
2024-09-30,OR,1.1057667845023613
2024-09-30,PA,1.3160108794247347
2024-09-30,RI,1.25688442949505
2024-09-30,SC,1.3353488169120575
2024-09-30,SD,1.062368036213317
2024-09-30,TN,1.8987508144903988
2024-09-30,TX,2.1698990677199674
2024-09-30,UT,1.193113598374322
2024-09-30,VA,2.0978462909128077
2024-09-30,VT,0.937384792435131
2024-09-30,WA,1.1499568655998493
2024-09-30,WI,1.259543590060839
2024-09-30,WV,1.255627140922949
2024-09-30,WY,1.2633351189914297
2024-10-07,AK,1.8561468465810667
2024-10-07,AL,1.6643589884185255
2024-10-07,AR,1.6972586537161745
2024-10-07,AZ,1.5555082141371372
2024-10-07,CA,1.9179164676502716
2024-10-07,CO,1.651629561362329
2024-10-07,CT,1.815786978415478
2024-10-07,DE,1.032520623739898
2024-10-07,GA,2.1384100478298844
2024-10-07,HI,1.9436116641126402
2024-10-07,IA,1.3716334720058827
2024-10-07,ID,1.2850903329100074
2024-10-07,IL,1.3418873210050986
2024-10-07,IN,1.7276992178307737
2024-10-07,KS,1.4019448523835025
2024-10-07,KY,0.9577599958511628
2024-10-07,LA,1.824166676834151
2024-10-07,MA,1.6179042050440544
2024-10-07,MD,2.03482480109381
2024-10-07,ME,1.267580819965863
2024-10-07,MI,1.18599914554866
2024-10-07,MN,1.2311707603858721
2024-10-07,MO,1.255349208367583
2024-10-07,MS,2.422770541767198
2024-10-07,MT,1.042730397228442
2024-10-07,NC,1.5043553918007007
2024-10-07,ND,1.354349644320534
2024-10-07,NE,1.948170703159456
2024-10-07,NH,1.1866618034622234
2024-10-07,NJ,2.766955814995687
2024-10-07,NM,1.8833398928821445
2024-10-07,NV,1.4446511623332143
2024-10-07,NY,0.6569617772723788
2024-10-07,OH,1.6930962568532817
2024-10-07,OK,1.3786026368505984
2024-10-07,OR,1.3801212923291746
2024-10-07,PA,1.377232116191852
2024-10-07,RI,1.2873881321813485
2024-10-07,SC,1.8613247356771683
2024-10-07,SD,1.1046060172336958
2024-10-07,TN,1.7465993708979264
2024-10-07,TX,2.1560955501052814
2024-10-07,UT,1.208222105895981
2024-10-07,VA,2.251770065109747
2024-10-07,VT,1.1661566470374627
2024-10-07,WA,1.2706667090203259
2024-10-07,WI,1.2816507047926495
2024-10-07,WV,1.405286384039487
2024-10-07,WY,1.5128216514046229
2024-10-14,AK,1.8405868920992245
2024-10-14,AL,1.9090155304663077
2024-10-14,AR,1.7390529456068395
2024-10-14,AZ,1.7571060153346558
2024-10-14,CA,2.031340826078255
2024-10-14,CO,1.8499724468828995
2024-10-14,CT,1.846311825837692
2024-10-14,DE,0.9866015022054125
2024-10-14,GA,2.3490950549642267
2024-10-14,HI,1.8846241121945855
2024-10-14,IA,1.354590105522131
2024-10-14,ID,1.3328748652997695
2024-10-14,IL,1.5398513601432726
2024-10-14,IN,1.6741204572286867
2024-10-14,KS,1.3200155129236555
2024-10-14,KY,1.2499692029979097
2024-10-14,LA,1.5337883614832388
2024-10-14,MA,1.6538363493799428
2024-10-14,MD,2.1747328941244617
2024-10-14,ME,1.4706964667792473
2024-10-14,MI,1.3327809575072944
2024-10-14,MN,1.1607931716351407
2024-10-14,MO,1.3877032022650047
2024-10-14,MS,2.3641002753715825
2024-10-14,MT,1.1055676438253856
2024-10-14,NC,1.7420294093074056
2024-10-14,ND,1.3946809925946209
2024-10-14,NE,2.1340358083173747
2024-10-14,NH,1.3788514213867513
2024-10-14,NJ,3.1279831377948293
2024-10-14,NM,1.8946741834281144
2024-10-14,NV,1.4359489647626882
2024-10-14,NY,0.7035925326245642
2024-10-14,OH,2.010733564965957
2024-10-14,OK,1.4171545754776909
2024-10-14,OR,1.2882240209655538
2024-10-14,PA,1.5574266137812198
2024-10-14,RI,1.3378720251435083
2024-10-14,SC,1.4256460190928226
2024-10-14,SD,1.1806054256844174
2024-10-14,TN,1.9135606893946446
2024-10-14,TX,2.291824067342306
2024-10-14,UT,1.3323728877512178
2024-10-14,VA,2.3977440770408185
2024-10-14,VT,0.9791185325977998
2024-10-14,WA,1.2993744204934634
2024-10-14,WI,1.3819077221434837
2024-10-14,WV,1.3823467788364296
2024-10-14,WY,1.7815476404457784
2024-10-21,AK,1.9623804257525386
2024-10-21,AL,2.042632401778305
2024-10-21,AR,1.892194175180148
2024-10-21,AZ,1.6926838298316165
2024-10-21,CA,2.1096556372438933
2024-10-21,CO,1.849992053422743
2024-10-21,CT,2.1635611075764727
2024-10-21,DE,1.0317433638817828
2024-10-21,GA,2.263542076751363
2024-10-21,HI,1.9178455727909915
2024-10-21,IA,1.4589944985989831
2024-10-21,ID,1.373572244423666
2024-10-21,IL,1.5405560547159038
2024-10-21,IN,1.8880004728848976
2024-10-21,KS,1.3035411980601694
2024-10-21,KY,1.2946574102396107
2024-10-21,LA,1.6695923573341138
2024-10-21,MA,1.8855504607006761
2024-10-21,MD,2.295103372922161
2024-10-21,ME,1.6436360746508374
2024-10-21,MI,1.4251305330434696
2024-10-21,MN,1.2266788038883996
2024-10-21,MO,1.4638760464221607
2024-10-21,MS,2.267521091120831
2024-10-21,MT,1.0130753111095387
2024-10-21,NC,1.8256933335771424
2024-10-21,ND,1.4770868919473537
2024-10-21,NE,2.037636258273632
2024-10-21,NH,1.4122954136783312
2024-10-21,NJ,3.373997532276299
2024-10-21,NM,2.0723440196150813
2024-10-21,NV,1.5338540473065083
2024-10-21,NY,0.735026048692862
2024-10-21,OH,2.2827174397304724
2024-10-21,OK,1.397957136947635
2024-10-21,OR,1.2483657126885355
2024-10-21,PA,1.626697531476609
2024-10-21,RI,1.3717601600550218
2024-10-21,SC,1.5392083446012772
2024-10-21,SD,1.2607439403089562
2024-10-21,TN,1.9137616109016984
2024-10-21,TX,2.1876849536312335
2024-10-21,UT,1.1006928770288607
2024-10-21,VA,2.6211688698629834
2024-10-21,VT,1.1361933479134205
2024-10-21,WA,1.3410634650753503
2024-10-21,WI,1.440428310670982
2024-10-21,WV,1.3520441556002118
2024-10-21,WY,1.622618533349624
2024-10-28,AK,1.840919349349827
2024-10-28,AL,2.135089939034332
2024-10-28,AR,1.9918759138392534
2024-10-28,AZ,1.8579481221760212
2024-10-28,CA,2.3359551011673707
2024-10-28,CO,2.024238691385907
2024-10-28,CT,2.1643935343504066
2024-10-28,DE,1.1582299022970093
2024-10-28,GA,2.9508534454749515
2024-10-28,HI,1.9499542782700048
2024-10-28,IA,1.5890528687611254
2024-10-28,ID,1.472187612022248
2024-10-28,IL,1.6352367434880732
2024-10-28,IN,1.8229559456270032
2024-10-28,KS,1.4954635990970933
2024-10-28,KY,1.3469744030085264
2024-10-28,LA,1.9562418080158233
2024-10-28,MA,1.888520516612194
2024-10-28,MD,2.57342264840096
2024-10-28,ME,1.759411470079241
2024-10-28,MI,1.4984213755068523
2024-10-28,MN,1.2648640654634027
2024-10-28,MO,1.3872944153578932
2024-10-28,MS,2.4650138126768395
2024-10-28,MT,1.0837224436204052
2024-10-28,NC,1.9942468183375304
2024-10-28,ND,1.4989479762036755
2024-10-28,NE,2.013829476460879
2024-10-28,NH,1.567967251531413
2024-10-28,NJ,3.4709176747936876
2024-10-28,NM,2.185569544772072
2024-10-28,NV,1.7002783578453868
2024-10-28,NY,0.7806682832236254
2024-10-28,OH,2.390006871961372
2024-10-28,OK,1.3865264178263523
2024-10-28,OR,1.3032794796771658
2024-10-28,PA,1.7281983792920463
2024-10-28,RI,1.4048880195506679
2024-10-28,SC,1.6632572856211507
2024-10-28,SD,1.2799317750359531
2024-10-28,TN,2.1234627796992473
2024-10-28,TX,2.359729647858471
2024-10-28,UT,1.4350602632545257
2024-10-28,VA,2.7295329933718415
2024-10-28,VT,1.176540305272683
2024-10-28,WA,1.5456189585073803
2024-10-28,WI,1.5396639672217685
2024-10-28,WV,1.353387937346919
2024-10-28,WY,1.6630734098896665
2024-11-04,AK,2.0917034383683717
2024-11-04,AL,2.3284013694385295
2024-11-04,AR,1.9533408480554568
2024-11-04,AZ,2.085622838856491
2024-11-04,CA,2.4510436649541303
2024-11-04,CO,2.2003128932654734
2024-11-04,CT,2.101822870706127
2024-11-04,DE,1.2711844827540792
2024-11-04,GA,2.68885660775733
2024-11-04,HI,2.122868663863593
2024-11-04,IA,1.7198620227587231
2024-11-04,ID,1.5196239626271535
2024-11-04,IL,1.7256940581770652
2024-11-04,IN,2.0134765691106855
2024-11-04,KS,1.7074245971104869
2024-11-04,KY,1.4595123814702946
2024-11-04,LA,2.319302608392505
2024-11-04,MA,1.9454217495595634
2024-11-04,MD,2.3532916693738812
2024-11-04,ME,1.8597890084811728
2024-11-04,MI,1.5675809281775048
2024-11-04,MN,1.428114052270229
2024-11-04,MO,1.4605680013565738
2024-11-04,MS,2.4992464105869803
2024-11-04,MT,1.2067619918616121
2024-11-04,NC,2.033506357389238
2024-11-04,ND,1.548261614105042
2024-11-04,NE,2.119436644870401
2024-11-04,NH,1.54367137407995
2024-11-04,NJ,3.17051346606835
2024-11-04,NM,2.2923699149026304
2024-11-04,NV,1.7775693200484048
2024-11-04,NY,0.8095585455089949
2024-11-04,OH,2.366292788137334
2024-11-04,OK,1.574477133541654
2024-11-04,OR,1.622600859561694
2024-11-04,PA,1.7824299955169183
2024-11-04,RI,1.551253979612043
2024-11-04,SC,2.2275191157204692
2024-11-04,SD,1.293105048338425
2024-11-04,TN,2.3309020330497634
2024-11-04,TX,2.528484414357105
2024-11-04,UT,1.4985760862972424
2024-11-04,VA,2.65107039117273
2024-11-04,VT,1.3965859311541966
2024-11-04,WA,1.5303885504406605
2024-11-04,WI,1.593505826637303
2024-11-04,WV,1.7051609694011418
2024-11-04,WY,1.588466942854971
2024-11-11,AK,1.938796484214449
2024-11-11,AL,2.3037252858252675
2024-11-11,AR,2.025698602841168
2024-11-11,AZ,2.317139519172067
2024-11-11,CA,2.7624483316519326
2024-11-11,CO,2.3568717251458686
2024-11-11,CT,2.2080276888349575
2024-11-11,DE,1.1454407527653674
2024-11-11,GA,3.140079991945694
2024-11-11,HI,2.076961835670668
2024-11-11,IA,1.4915565453605568
2024-11-11,ID,1.5967586154044884
2024-11-11,IL,1.6780647077871862
2024-11-11,IN,1.8288660806661736
2024-11-11,KS,1.5480298735768891
2024-11-11,KY,1.4839424692954055
2024-11-11,LA,2.3706697888833927
2024-11-11,MA,2.003019346181774
2024-11-11,MD,2.5530169690839593
2024-11-11,ME,1.797947061633073
2024-11-11,MI,1.5946054611973728
2024-11-11,MN,1.370624889185049
2024-11-11,MO,1.615740440057837
2024-11-11,MS,2.6483138844822913
2024-11-11,MT,1.124420385203001
2024-11-11,NC,2.1519890121596807
2024-11-11,ND,1.6026249839909505
2024-11-11,NE,2.2225546224471184
2024-11-11,NH,1.505613060260616
2024-11-11,NJ,3.3582238814831764
2024-11-11,NM,2.4703603199296085
2024-11-11,NV,2.146500447424362
2024-11-11,NY,0.8396358179613054
2024-11-11,OH,2.4322244465933753
2024-11-11,OK,1.5771093644594087
2024-11-11,OR,1.5751741483658876
2024-11-11,PA,1.7596725372368218
2024-11-11,RI,1.3268245448544929
2024-11-11,SC,1.7792937756730778
2024-11-11,SD,1.4106674260845715
2024-11-11,TN,2.7767528296117043
2024-11-11,TX,2.5766203336897133
2024-11-11,UT,1.6123442942580795
2024-11-11,VA,2.685831030107739
2024-11-11,VT,1.2564839038693967
2024-11-11,WA,1.633952855727606
2024-11-11,WI,1.5640352948863518
2024-11-11,WV,1.4801371361344207
2024-11-11,WY,1.828684547278735
2024-11-18,AK,2.2358698318351076
2024-11-18,AL,2.664258149538957
2024-11-18,AR,2.163290858667589
2024-11-18,AZ,2.5487166172878766
2024-11-18,CA,2.9325291163188707
2024-11-18,CO,2.3469539084816557
2024-11-18,CT,2.328729885942029
2024-11-18,DE,1.2589707889393607
2024-11-18,GA,3.18699018373209
2024-11-18,HI,2.2597316734216357
2024-11-18,IA,1.758552260420339
2024-11-18,ID,1.8447354222266736
2024-11-18,IL,1.778643812095107
2024-11-18,IN,1.9805359444691737
2024-11-18,KS,1.6620316788398157
2024-11-18,KY,1.5508360551094773
2024-11-18,LA,2.6527217726023338
2024-11-18,MA,2.0336904623833956
2024-11-18,MD,2.7167788287668184
2024-11-18,ME,1.721714452356569
2024-11-18,MI,1.6947191794464977
2024-11-18,MN,1.4570842600991285
2024-11-18,MO,1.5754711156802
2024-11-18,MS,2.7947904297429025
2024-11-18,MT,1.1134751934434983
2024-11-18,NC,2.217899855737983
2024-11-18,ND,1.6470982239399894
2024-11-18,NE,2.3393775644644745
2024-11-18,NH,1.6632141684100779
2024-11-18,NJ,3.4312416539779127
2024-11-18,NM,2.6025870435337457
2024-11-18,NV,2.529152556725848
2024-11-18,NY,0.8936674107436979
2024-11-18,OH,2.589936078991546
2024-11-18,OK,1.660834467051839
2024-11-18,OR,1.7688296819809817
2024-11-18,PA,1.9253564457189403
2024-11-18,RI,1.5272980709369506
2024-11-18,SC,1.9417869586165923
2024-11-18,SD,1.3358443101714121
2024-11-18,TN,2.921279476813387
2024-11-18,TX,3.158841299690509
2024-11-18,UT,1.835513498224631
2024-11-18,VA,2.794456751053298
2024-11-18,VT,1.2992961007066401
2024-11-18,WA,1.8374385295320246
2024-11-18,WI,1.5925290246846604
2024-11-18,WV,1.4107337602167722
2024-11-18,WY,1.830833343913338
2024-11-25,AK,2.2804864968262506
2024-11-25,AL,2.688178057482136
2024-11-25,AR,2.4403162582672415
2024-11-25,AZ,2.854250786863201
2024-11-25,CA,3.270847989100944
2024-11-25,CO,2.696869962968134
2024-11-25,CT,2.5018699887257974
2024-11-25,DE,1.4118688252793627
2024-11-25,GA,3.639331844319615
2024-11-25,HI,2.3152240149053513
2024-11-25,IA,1.7381183137878202
2024-11-25,ID,2.492724093634002
2024-11-25,IL,2.0122960919428343
2024-11-25,IN,2.195924121562464
2024-11-25,KS,1.9750146177028487
2024-11-25,KY,1.745257465553941
2024-11-25,LA,3.127901874212765
2024-11-25,MA,2.2440882666562367
2024-11-25,MD,3.0342940500924414
2024-11-25,ME,1.9701792477942024
2024-11-25,MI,1.8103419038461044
2024-11-25,MN,1.5712876971706677
2024-11-25,MO,1.7676712400927435
2024-11-25,MS,3.088449178468896
2024-11-25,MT,1.1994506599147017
2024-11-25,NC,2.400432899673032
2024-11-25,ND,1.7790817720387415
2024-11-25,NE,2.4557308044913437
2024-11-25,NH,1.8869696583783573
2024-11-25,NJ,3.877730391311566
2024-11-25,NM,2.734115136871959
2024-11-25,NV,2.6903158209207816
2024-11-25,NY,0.9750004131978022
2024-11-25,OH,2.633869704680142
2024-11-25,OK,1.81334104774943
2024-11-25,OR,2.1911241880714787
2024-11-25,PA,1.9471758972392803
2024-11-25,RI,1.4181895329353154
2024-11-25,SC,2.030368380840801
2024-11-25,SD,1.5700066097737295
2024-11-25,TN,2.8699794185388363
2024-11-25,TX,3.284920313273579
2024-11-25,UT,2.0677833353080755
2024-11-25,VA,3.127739607756345
2024-11-25,VT,1.3898502522785015
2024-11-25,WA,1.9918097840843108
2024-11-25,WI,1.8500784231132315
2024-11-25,WV,1.7013973153034485
2024-11-25,WY,2.1928203983157
2024-12-02,AK,2.6698351638256055
2024-12-02,AL,3.5986811577064355
2024-12-02,AR,2.4563815484188023
2024-12-02,AZ,3.3476086418644786
2024-12-02,CA,3.853542564263277
2024-12-02,CO,2.7827796962365343
2024-12-02,CT,2.6771489038428005
2024-12-02,DE,1.6331151298319586
2024-12-02,GA,3.790208273833455
2024-12-02,HI,2.855882132003872
2024-12-02,IA,2.186472087089758
2024-12-02,ID,2.7013710840725462
2024-12-02,IL,2.2258335827275246
2024-12-02,IN,2.6414319354896056
2024-12-02,KS,2.7361349813285463
2024-12-02,KY,2.021667611612022
2024-12-02,LA,4.768888246331681
2024-12-02,MA,2.5906899567343924
2024-12-02,MD,2.864749624037593
2024-12-02,ME,1.9307918179429797
2024-12-02,MI,2.03572156801608
2024-12-02,MN,2.0774124421684492
2024-12-02,MO,1.9655135946756879
2024-12-02,MS,3.681135258570647
2024-12-02,MT,1.4969531927398163
2024-12-02,NC,2.470390225663013
2024-12-02,ND,2.070263527293799
2024-12-02,NE,2.828350946593722
2024-12-02,NH,1.9742457360647057
2024-12-02,NJ,4.083894453637926
2024-12-02,NM,3.501179530538883
2024-12-02,NV,3.105259948072713
2024-12-02,NY,1.0529782904187308
2024-12-02,OH,2.9174857442981716
2024-12-02,OK,1.9680339551867703
2024-12-02,OR,2.7882002670148154
2024-12-02,PA,2.137471864010089
2024-12-02,RI,2.020983092880941
2024-12-02,SC,3.241643179711709
2024-12-02,SD,1.7890414830380923
2024-12-02,TN,3.6245731272973862
2024-12-02,TX,3.4793259592641315
2024-12-02,UT,2.1879974997497427
2024-12-02,VA,3.247338993197653
2024-12-02,VT,1.6942136719249468
2024-12-02,WA,2.324310583777236
2024-12-02,WI,2.056699892029264
2024-12-02,WV,1.8559382452468538
2024-12-02,WY,2.252889606404693
2024-12-09,AK,3.1163198177172426
2024-12-09,AL,3.0408435206822793
2024-12-09,AR,2.7807340725375616
2024-12-09,AZ,3.364817055572056
2024-12-09,CA,4.029107157789753
2024-12-09,CO,3.2274830694995362
2024-12-09,CT,2.702401573545895
2024-12-09,DE,1.643876364400327
2024-12-09,GA,3.613619685708467
2024-12-09,HI,2.6431233278128943
2024-12-09,IA,2.1988785178464028
2024-12-09,ID,3.1490313452511196
2024-12-09,IL,2.371830398869812
2024-12-09,IN,2.4863795715571584
2024-12-09,KS,2.3917679964953127
2024-12-09,KY,1.9518211246926054
2024-12-09,LA,3.6601177546180486
2024-12-09,MA,2.606369301661447
2024-12-09,MD,3.084776147460386
2024-12-09,ME,2.1281271474843604
2024-12-09,MI,2.1302615627096717
2024-12-09,MN,1.7836662803859051
2024-12-09,MO,2.065013594289085
2024-12-09,MS,3.692558931673938
2024-12-09,MT,1.4488501467721495
2024-12-09,NC,2.8434983331190287
2024-12-09,ND,2.0556634872211372
2024-12-09,NE,3.0882188513274187
2024-12-09,NH,2.0212702181957316
2024-12-09,NJ,4.508149667022401
2024-12-09,NM,3.464461426893187
2024-12-09,NV,3.226869672657377
2024-12-09,NY,1.1100777889461004
2024-12-09,OH,2.886329644788603
2024-12-09,OK,2.2048744523282284
2024-12-09,OR,3.0666676690970434
2024-12-09,PA,2.33416208741668
2024-12-09,RI,1.8874731049196254
2024-12-09,SC,2.3587100720928875
2024-12-09,SD,1.7461615725533122
2024-12-09,TN,3.5052635144783943
2024-12-09,TX,3.344809621467177
2024-12-09,UT,2.2352928807378545
2024-12-09,VA,3.362790373864456
2024-12-09,VT,1.4933686421488765
2024-12-09,WA,2.429302441526045
2024-12-09,WI,2.0462074912491803
2024-12-09,WV,1.7409988508154952
2024-12-09,WY,2.020649327051414
2024-12-16,AK,3.2044479523125267
2024-12-16,AL,4.462354504357496
2024-12-16,AR,3.613923212541216
2024-12-16,AZ,3.6061639677611517
2024-12-16,CA,4.53359743436833
2024-12-16,CO,3.5468531549734568
2024-12-16,CT,2.9993315813504697
2024-12-16,DE,1.8212043009776528
2024-12-16,GA,4.207916032507663
2024-12-16,HI,3.005562744624962
2024-12-16,IA,2.4450142794655747
2024-12-16,ID,3.8100805028700986
2024-12-16,IL,2.7745331025194786
2024-12-16,IN,2.8436642419544307
2024-12-16,KS,2.7651496720078064
2024-12-16,KY,2.3233030540771975
2024-12-16,LA,5.2869960905485485
2024-12-16,MA,3.068623266278186
2024-12-16,MD,3.258294194025566
2024-12-16,ME,2.2065843274168877
2024-12-16,MI,2.401976200131368
2024-12-16,MN,1.9758014863242273
2024-12-16,MO,2.320688442483717
2024-12-16,MS,3.813410645193385
2024-12-16,MT,1.6640299113382644
2024-12-16,NC,2.894822214372951
2024-12-16,ND,2.1615063522680877
2024-12-16,NE,3.301701734828304
2024-12-16,NH,2.328672093874886
2024-12-16,NJ,4.789573515975924
2024-12-16,NM,3.9220906570538188
2024-12-16,NV,3.709824296022131
2024-12-16,NY,1.2413233439829126
2024-12-16,OH,3.3416397751515934
2024-12-16,OK,2.2448043802588455
2024-12-16,OR,4.757959818430332
2024-12-16,PA,2.4391110199473998
2024-12-16,RI,1.9675970362517345
2024-12-16,SC,2.6645246648686713
2024-12-16,SD,1.9107537256278615
2024-12-16,TN,5.256666609625718
2024-12-16,TX,4.016497803382118
2024-12-16,UT,2.687100753402097
2024-12-16,VA,3.705803042707642
2024-12-16,VT,1.6463810942974368
2024-12-16,WA,3.2940464553446924
2024-12-16,WI,2.289389177087739
2024-12-16,WV,1.8965027963817462
2024-12-16,WY,2.057034061909598
2024-12-23,AK,4.482368338294362
2024-12-23,AL,6.508217045995188
2024-12-23,AR,4.827605646397344
2024-12-23,AZ,4.760130447694361
2024-12-23,CA,6.040881551368432
2024-12-23,CO,5.103855110474694
2024-12-23,CT,3.809223916694653
2024-12-23,DE,2.4114328252785135
2024-12-23,GA,5.6849388122869415
2024-12-23,HI,3.5232269883618383
2024-12-23,IA,3.5879051972306972
2024-12-23,ID,6.980514083642271
2024-12-23,IL,3.8422294885309594
2024-12-23,IN,3.548403845927872
2024-12-23,KS,4.017984870649389
2024-12-23,KY,3.2768914263798914
2024-12-23,LA,7.893424241746901
2024-12-23,MA,4.0682018250516485
2024-12-23,MD,4.060206328337361
2024-12-23,ME,2.7148785214536857
2024-12-23,MI,3.252692247819755
2024-12-23,MN,2.560696740876412
2024-12-23,MO,2.90132472451336
2024-12-23,MS,5.988590836435451
2024-12-23,MT,2.189346127173306
2024-12-23,NC,3.95953596623699
2024-12-23,ND,2.899973121977931
2024-12-23,NE,4.959195149189608
2024-12-23,NH,3.3329157560891316
2024-12-23,NJ,6.090430861010191
2024-12-23,NM,5.85045596676469
2024-12-23,NV,4.751568500022806
2024-12-23,NY,1.646730649754122
2024-12-23,OH,4.682161705238103
2024-12-23,OK,2.9460270501688592
2024-12-23,OR,7.4052728743434715
2024-12-23,PA,3.208308991500668
2024-12-23,RI,2.578482122247655
2024-12-23,SC,3.5447068709262513
2024-12-23,SD,2.660853408927304
2024-12-23,TN,6.966969899822268
2024-12-23,TX,5.218979224388178
2024-12-23,UT,3.624805250276479
2024-12-23,VA,4.586636290374756
2024-12-23,VT,2.27698948074659
2024-12-23,WA,4.809403628837202
2024-12-23,WI,2.897281448602952
2024-12-23,WV,2.399664665281189
2024-12-23,WY,3.6623780866926934
2024-12-30,AK,5.270735217909156
2024-12-30,AL,8.387837909694007
2024-12-30,AR,6.002763631514988
2024-12-30,AZ,6.247763597078874
2024-12-30,CA,8.387186047625084
2024-12-30,CO,7.531998179862056
2024-12-30,CT,4.913148220446821
2024-12-30,DE,3.362806658434179
2024-12-30,GA,7.936701307438772
2024-12-30,HI,4.8781948369645285
2024-12-30,IA,4.80618050676616
2024-12-30,ID,7.681682533669791
2024-12-30,IL,5.620581859914021
2024-12-30,IN,4.851644060406418
2024-12-30,KS,5.637517691045058
2024-12-30,KY,6.242287228361154
2024-12-30,LA,9.328521004711725
2024-12-30,MA,6.095609130269844
2024-12-30,MD,5.383556782747663
2024-12-30,ME,4.167260548204464
2024-12-30,MI,5.118180179509741
2024-12-30,MN,3.967996795051755
2024-12-30,MO,4.511764460352492
2024-12-30,MS,6.933623151507122
2024-12-30,MT,3.4754802313263657
2024-12-30,NC,5.407389525831073
2024-12-30,ND,4.368895725248951
2024-12-30,NE,7.521130937973556
2024-12-30,NH,5.5172757794685765
2024-12-30,NJ,8.024100794675181
2024-12-30,NM,8.77351317362571
2024-12-30,NV,6.663372918137601
2024-12-30,NY,2.2218686620713486
2024-12-30,OH,6.55005833124725
2024-12-30,OK,4.633375017497372
2024-12-30,OR,8.407506485010698
2024-12-30,PA,4.791089871714432
2024-12-30,RI,3.7031227409930865
2024-12-30,SC,4.9640500737852715
2024-12-30,SD,3.807389776535218
2024-12-30,TN,9.982048385607051
2024-12-30,TX,6.821008665090425
2024-12-30,UT,5.242368332925741
2024-12-30,VA,5.926435649863741
2024-12-30,VT,3.1573749704155993
2024-12-30,WA,6.705832516445473
2024-12-30,WI,3.9070751258652585
2024-12-30,WV,3.5561840501588815
2024-12-30,WY,5.239084001568539
2025-01-06,AK,4.92513622442282
2025-01-06,AL,5.874368620425703
2025-01-06,AR,5.064856846735235
2025-01-06,AZ,5.825133633886304
2025-01-06,CA,6.913521477677142
2025-01-06,CO,6.317054598332145
2025-01-06,CT,5.160687973707287
2025-01-06,DE,3.6144937344274157
2025-01-06,GA,6.106883331769264
2025-01-06,HI,4.738780721479028
2025-01-06,IA,4.2729256877063975
2025-01-06,ID,6.23534082912229
2025-01-06,IL,4.666572361214842
2025-01-06,IN,4.884759791407523
2025-01-06,KS,5.868106958687402
2025-01-06,KY,4.350624602995163
2025-01-06,LA,6.914767078564757
2025-01-06,MA,5.789350129504198
2025-01-06,MD,4.87630210802466
2025-01-06,ME,4.2883503908798986
2025-01-06,MI,4.843681767845954
2025-01-06,MN,5.01076678964299
2025-01-06,MO,4.316395795302306
2025-01-06,MS,5.448010020918735
2025-01-06,MT,3.142142589655719
2025-01-06,NC,5.126140091651489
2025-01-06,ND,4.037892161344324
2025-01-06,NE,6.453979112359108
2025-01-06,NH,4.93418369839968
2025-01-06,NJ,6.870282990060077
2025-01-06,NM,8.514605741423846
2025-01-06,NV,5.937702528156238
2025-01-06,NY,2.025846538289545
2025-01-06,OH,5.82996634155765
2025-01-06,OK,3.9102812367540696
2025-01-06,OR,6.141615787775538
2025-01-06,PA,4.377448135609188
2025-01-06,RI,4.3674859889945825
2025-01-06,SC,7.519028295240027
2025-01-06,SD,3.5879421700689607
2025-01-06,TN,6.810195193244196
2025-01-06,TX,5.931715574582592
2025-01-06,UT,4.701989798590745
2025-01-06,VA,5.378891224088617
2025-01-06,VT,3.5736338223928015
2025-01-06,WA,5.372332218314157
2025-01-06,WI,4.162930601586022
2025-01-06,WV,3.8107831129733434
2025-01-06,WY,4.712085080113778
2025-01-13,AK,3.8766212085234706
2025-01-13,AL,4.822245455953343
2025-01-13,AR,4.4184585480101255
2025-01-13,AZ,4.7204443089733905
2025-01-13,CA,5.381329180692401
2025-01-13,CO,5.037861021585731
2025-01-13,CT,4.522348557019712
2025-01-13,DE,2.692546631751135
2025-01-13,GA,5.282093561467424
2025-01-13,HI,4.031307026888442
2025-01-13,IA,3.5874869475189466
2025-01-13,ID,4.798495937198139
2025-01-13,IL,3.5960530637714623
2025-01-13,IN,3.085138113964289
2025-01-13,KS,3.515166856352039
2025-01-13,KY,3.508446630356489
2025-01-13,LA,4.838169453073029
2025-01-13,MA,4.685980314086974
2025-01-13,MD,4.219904594949494
2025-01-13,ME,3.554516955677527
2025-01-13,MI,3.974595918631457
2025-01-13,MN,3.2752338964400725
2025-01-13,MO,2.9426118741514316
2025-01-13,MS,4.801382677768621
2025-01-13,MT,2.3495550955926676
2025-01-13,NC,4.042700110867157
2025-01-13,ND,3.501066223880251
2025-01-13,NE,5.144342187345572
2025-01-13,NH,4.2432210963773525
2025-01-13,NJ,6.398453525353018
2025-01-13,NM,6.236540457153516
2025-01-13,NV,4.693428383885277
2025-01-13,NY,1.6989495494231326
2025-01-13,OH,4.450275262872529
2025-01-13,OK,3.6728693979917884
2025-01-13,OR,4.089609522497477
2025-01-13,PA,3.507223857243458
2025-01-13,RI,3.2064473220615892
2025-01-13,SC,4.422069974703058
2025-01-13,SD,2.9219732274464256
2025-01-13,TN,5.797374720911901
2025-01-13,TX,5.087905607250358
2025-01-13,UT,3.71428764663385
2025-01-13,VA,4.35150499170995
2025-01-13,VT,2.581961527218267
2025-01-13,WA,4.175084783323909
2025-01-13,WI,3.220305543029303
2025-01-13,WV,2.537773012180997
2025-01-13,WY,4.0915675859261444
2025-01-20,AK,3.821748474252105
2025-01-20,AL,5.574041384856416
2025-01-20,AR,4.857823130450376
2025-01-20,AZ,4.502559782785206
2025-01-20,CA,5.637152996892057
2025-01-20,CO,5.266633813752457
2025-01-20,CT,5.053613478980917
2025-01-20,DE,2.790579557615802
2025-01-20,GA,6.766801073109122
2025-01-20,HI,4.118929279775216
2025-01-20,IA,4.108300184142052
2025-01-20,ID,4.8168474803384
2025-01-20,IL,4.117594028441165
2025-01-20,IN,3.709944014342005
2025-01-20,KS,3.5784667809835327
2025-01-20,KY,3.038571005482281
2025-01-20,LA,6.584902696321023
2025-01-20,MA,6.657267147681785
2025-01-20,MD,4.575945365014182
2025-01-20,ME,4.116892605464446
2025-01-20,MI,5.062880306648895
2025-01-20,MN,3.7319094004044313
2025-01-20,MO,3.0752242105051133
2025-01-20,MS,5.625559591235856
2025-01-20,MT,2.51401231729111
2025-01-20,NC,5.323974375841615
2025-01-20,ND,3.9895296903695723
2025-01-20,NE,5.7069465758382165
2025-01-20,NH,5.6929227659019155
2025-01-20,NJ,8.439752034599545
2025-01-20,NM,6.391456239852245
2025-01-20,NV,4.542621949206101
2025-01-20,NY,1.8397548573866038
2025-01-20,OH,5.098476760846282
2025-01-20,OK,4.068369486661215
2025-01-20,OR,4.394650060645171
2025-01-20,PA,3.9333111482087135
2025-01-20,RI,4.09158094727362
2025-01-20,SC,5.521731208730259
2025-01-20,SD,3.5645481610683984
2025-01-20,TN,6.5731658249575355
2025-01-20,TX,5.585785658952015
2025-01-20,UT,4.002704369529459
2025-01-20,VA,4.841825370055404
2025-01-20,VT,3.0624235766315584
2025-01-20,WA,4.621991973614539
2025-01-20,WI,3.8797203296677027
2025-01-20,WV,2.6639549310470256
2025-01-20,WY,4.606461234810485
2025-01-27,AK,3.977410165724212
2025-01-27,AL,7.215938365701804
2025-01-27,AR,5.658441340896544
2025-01-27,AZ,5.067559845858483
2025-01-27,CA,6.943794268771466
2025-01-27,CO,6.518969947324445
2025-01-27,CT,6.018887333208008
2025-01-27,DE,3.4887912467423012
2025-01-27,GA,7.721915619911774
2025-01-27,HI,4.691368891065878
2025-01-27,IA,4.817136791972441
2025-01-27,ID,5.3518580123945405
2025-01-27,IL,5.125365719990382
2025-01-27,IN,4.7410103304115
2025-01-27,KS,4.808992211505084
2025-01-27,KY,4.397072134908232
2025-01-27,LA,7.783437150118843
2025-01-27,MA,8.299713901116943
2025-01-27,MD,5.999274824105065
2025-01-27,ME,5.458255391976362
2025-01-27,MI,7.0124221786321765
2025-01-27,MN,4.320658097148983
2025-01-27,MO,4.1652985806236975
2025-01-27,MS,7.50249960559619
2025-01-27,MT,3.130623704404151
2025-01-27,NC,6.849402047544322
2025-01-27,ND,4.832421163890863
2025-01-27,NE,7.085884060040854
2025-01-27,NH,7.561342401164747
2025-01-27,NJ,8.25489021597107
2025-01-27,NM,6.898358862272797
2025-01-27,NV,4.915724461901731
2025-01-27,NY,2.2243038940442297
2025-01-27,OH,7.196495204551766
2025-01-27,OK,5.973772803287476
2025-01-27,OR,5.537566784527501
2025-01-27,PA,4.853156476130859
2025-01-27,RI,4.993574940989927
2025-01-27,SC,7.5363013775995285
2025-01-27,SD,4.1874425802702815
2025-01-27,TN,8.528320594389207
2025-01-27,TX,7.594570184682512
2025-01-27,UT,4.897775542146917
2025-01-27,VA,6.5677241678005025
2025-01-27,VT,4.094933188468263
2025-01-27,WA,6.136607862780889
2025-01-27,WI,4.680934491748639
2025-01-27,WV,3.135383384374835
2025-01-27,WY,4.781495864371108
2025-02-03,AK,4.349331689270875
2025-02-03,AL,6.809686618780436
2025-02-03,AR,7.396241646286215
2025-02-03,AZ,5.365888510982967
2025-02-03,CA,6.95451883868496
2025-02-03,CO,6.6420786227102875
2025-02-03,CT,6.601000576699549
2025-02-03,DE,4.635400845239245
2025-02-03,GA,7.286569489076235
2025-02-03,HI,4.941423291690905
2025-02-03,IA,5.994083705393358
2025-02-03,ID,6.271312282495025
2025-02-03,IL,5.581956928481922
2025-02-03,IN,6.93996422893662
2025-02-03,KS,7.716250947088047
2025-02-03,KY,5.464731079873328
2025-02-03,LA,6.667914206959057
2025-02-03,MA,9.364800146288802
2025-02-03,MD,7.15429117134348
2025-02-03,ME,6.244492214564763
2025-02-03,MI,7.46000079246318
2025-02-03,MN,5.33924005913929
2025-02-03,MO,5.5467162167847
2025-02-03,MS,7.478796174066736
2025-02-03,MT,4.430314343365412
2025-02-03,NC,7.076400815897908
2025-02-03,ND,5.099758973496133
2025-02-03,NE,8.27239429707302
2025-02-03,NH,8.855062724010777
2025-02-03,NJ,8.839795234288724
2025-02-03,NM,7.82724162339861
2025-02-03,NV,5.052750178119943
2025-02-03,NY,2.4890747978969947
2025-02-03,OH,8.73954042758833
2025-02-03,OK,6.6088366063415425
2025-02-03,OR,7.281953692596461
2025-02-03,PA,5.696172055264113
2025-02-03,RI,7.280292986718342
2025-02-03,SC,10.8730692125011
2025-02-03,SD,4.784356790585939
2025-02-03,TN,10.558957641526973
2025-02-03,TX,9.580226101309735
2025-02-03,UT,4.996980247523512
2025-02-03,VA,7.553844868115773
2025-02-03,VT,5.563227669032733
2025-02-03,WA,7.339749871184913
2025-02-03,WI,5.678307810251343
2025-02-03,WV,5.551245849962528
2025-02-03,WY,5.150101920422676
2025-02-10,AK,4.523929050943139
2025-02-10,AL,6.759709587158246
2025-02-10,AR,7.362097009482703
2025-02-10,AZ,5.451255179184489
2025-02-10,CA,6.898034882788652
2025-02-10,CO,7.240665650070341
2025-02-10,CT,6.897991186294375
2025-02-10,DE,4.540320120693858
2025-02-10,GA,7.53018843120401
2025-02-10,HI,4.989607726572138
2025-02-10,IA,6.244302880337224
2025-02-10,ID,6.344789263656166
2025-02-10,IL,6.264820245590931
2025-02-10,IN,6.524816367561557
2025-02-10,KS,6.3620708283361544
2025-02-10,KY,6.697656314229993
2025-02-10,LA,6.57152842843948
2025-02-10,MA,9.821759440412224
2025-02-10,MD,8.228928698340916
2025-02-10,ME,6.855453398294813
2025-02-10,MI,8.304267812164854
2025-02-10,MN,4.324316475749015
2025-02-10,MO,6.034778959287799
2025-02-10,MS,7.154675441513048
2025-02-10,MT,4.079944852556484
2025-02-10,NC,7.28806347960602
2025-02-10,ND,5.049211865053923
2025-02-10,NE,8.269082268708686
2025-02-10,NH,9.0867946559313
2025-02-10,NJ,8.54519473946946
2025-02-10,NM,7.8270618339315075
2025-02-10,NV,5.379085037608181
2025-02-10,NY,2.5916676670620227
2025-02-10,OH,10.891901411375033
2025-02-10,OK,6.681513030395623
2025-02-10,OR,6.9521082283290845
2025-02-10,PA,5.905068915656605
2025-02-10,RI,5.960042452232031
2025-02-10,SC,7.987470470125132
2025-02-10,SD,4.730290033332189
2025-02-10,TN,8.601540148679966
2025-02-10,TX,7.86701881625053
2025-02-10,UT,5.077098071026736
2025-02-10,VA,8.3742484632597
2025-02-10,VT,4.676872872400088
2025-02-10,WA,7.888715180425679
2025-02-10,WI,5.281980173383435
2025-02-10,WV,4.605238756896033
2025-02-10,WY,6.004894171962927
2025-02-17,AK,4.234075818256513
2025-02-17,AL,5.27420100681039
2025-02-17,AR,6.313828882368298
2025-02-17,AZ,4.887112133669416
2025-02-17,CA,5.866419382800982
2025-02-17,CO,6.38399104344084
2025-02-17,CT,6.02022692919268
2025-02-17,DE,4.219389149438814
2025-02-17,GA,5.440762142616793
2025-02-17,HI,4.7233943137529275
2025-02-17,IA,5.845114943384736
2025-02-17,ID,5.947473253191669
2025-02-17,IL,5.268484031903663
2025-02-17,IN,5.769838905888697
2025-02-17,KS,6.037554195957722
2025-02-17,KY,5.613813026633299
2025-02-17,LA,5.435894949094777
2025-02-17,MA,8.013181645857403
2025-02-17,MD,6.747954478038566
2025-02-17,ME,7.813100974068506
2025-02-17,MI,8.656030817944242
2025-02-17,MN,3.7964724386776805
2025-02-17,MO,5.076946656775421
2025-02-17,MS,5.432642745715093
2025-02-17,MT,3.8988571695152983
2025-02-17,NC,5.699389865686372
2025-02-17,ND,4.473127549171776
2025-02-17,NE,7.737271230362548
2025-02-17,NH,8.054271106154214
2025-02-17,NJ,6.517761416644783
2025-02-17,NM,7.354323836283309
2025-02-17,NV,4.845939617294635
2025-02-17,NY,2.3379777313362022
2025-02-17,OH,10.179779198701858
2025-02-17,OK,5.140948615790451
2025-02-17,OR,6.359981610120005
2025-02-17,PA,5.270428846354396
2025-02-17,RI,5.640653242309753
2025-02-17,SC,6.2421448678201825
2025-02-17,SD,4.472609862740878
2025-02-17,TN,6.538127765560581
2025-02-17,TX,5.866954729789123
2025-02-17,UT,4.572522250035998
2025-02-17,VA,7.3263477587825365
2025-02-17,VT,4.621782412567043
2025-02-17,WA,6.992144714575654
2025-02-17,WI,4.870472355200785
2025-02-17,WV,4.416363258442791
2025-02-17,WY,5.658297595090287
2025-02-24,AK,4.2009347418435095
2025-02-24,AL,4.597344814371606
2025-02-24,AR,4.974861997739897
2025-02-24,AZ,4.512720275395111
2025-02-24,CA,5.526260870230795
2025-02-24,CO,5.318191717778979
2025-02-24,CT,4.817915048550299
2025-02-24,DE,3.586842461512501
2025-02-24,GA,4.8757270238096755
2025-02-24,HI,4.5050527464806125
2025-02-24,IA,4.361981494849335
2025-02-24,ID,5.6495803020964495
2025-02-24,IL,4.528926562552535
2025-02-24,IN,4.842782844482744
2025-02-24,KS,4.274957001451362
2025-02-24,KY,4.61174592098712
2025-02-24,LA,5.130679393012992
2025-02-24,MA,6.189678427225834
2025-02-24,MD,5.363991343619031
2025-02-24,ME,6.798235996932389
2025-02-24,MI,7.066841242341923
2025-02-24,MN,3.187470338649611
2025-02-24,MO,4.258707347838882
2025-02-24,MS,5.010051833546908
2025-02-24,MT,3.429009432235764
2025-02-24,NC,4.742420839157746
2025-02-24,ND,3.830578261530368
2025-02-24,NE,5.681703077873147
2025-02-24,NH,6.869648723852546
2025-02-24,NJ,6.063528269159126
2025-02-24,NM,6.433922062810423
2025-02-24,NV,4.259139138073392
2025-02-24,NY,1.9930577418696132
2025-02-24,OH,8.022996697850722
2025-02-24,OK,4.095502394398919
2025-02-24,OR,5.671594510972135
2025-02-24,PA,4.322495938748824
2025-02-24,RI,4.122432646744819
2025-02-24,SC,5.002226633693876
2025-02-24,SD,3.5221418149117065
2025-02-24,TN,5.995831008987213
2025-02-24,TX,5.351823413476243
2025-02-24,UT,4.1647889279323795
2025-02-24,VA,5.613199358721845
2025-02-24,VT,3.8270032280005344
2025-02-24,WA,6.531499644680036
2025-02-24,WI,4.087875990659523
2025-02-24,WV,3.972337241189184
2025-02-24,WY,5.050242889889182
2025-03-03,AK,4.199712529195619
2025-03-03,AL,4.497790541140135
2025-03-03,AR,3.9164752588362335
2025-03-03,AZ,3.961014846412472
2025-03-03,CA,4.272708214572367
2025-03-03,CO,4.729209873580397
2025-03-03,CT,3.876427960647481
2025-03-03,DE,3.0510158246345997
2025-03-03,GA,4.177433722608389
2025-03-03,HI,3.966380863739655
2025-03-03,IA,3.6570451506505277
2025-03-03,ID,4.603734667945922
2025-03-03,IL,3.559781440748668
2025-03-03,IN,4.154691598715118
2025-03-03,KS,4.10027334383611
2025-03-03,KY,3.2805061810518374
2025-03-03,LA,5.3391160617139235
2025-03-03,MA,4.700559990376169
2025-03-03,MD,4.621953568772949
2025-03-03,ME,4.951084682085096
2025-03-03,MI,5.509185910211461
2025-03-03,MN,2.9932765594528865
2025-03-03,MO,3.1205649451904964
2025-03-03,MS,4.980135059636971
2025-03-03,MT,2.9968209453168266
2025-03-03,NC,3.9003495884846693
2025-03-03,ND,3.061439152014607
2025-03-03,NE,4.372653986530816
2025-03-03,NH,5.139842441934251
2025-03-03,NJ,5.229493315285173
2025-03-03,NM,5.837045020844576
2025-03-03,NV,3.7313247205027142
2025-03-03,NY,1.6560473555645687
2025-03-03,OH,5.872400123816161
2025-03-03,OK,2.8823032467051495
2025-03-03,OR,4.620995471635372
2025-03-03,PA,3.6399725357076465
2025-03-03,RI,3.7721762541379205
2025-03-03,SC,5.061758416005585
2025-03-03,SD,2.9095458619552117
2025-03-03,TN,4.866985768879745
2025-03-03,TX,4.722739655949337
2025-03-03,UT,3.3831775412850895
2025-03-03,VA,4.443491512578154
2025-03-03,VT,3.198025633467081
2025-03-03,WA,4.276191112551115
2025-03-03,WI,3.657372394693128
2025-03-03,WV,4.051806560922399
2025-03-03,WY,4.495042573518722
2025-03-10,AK,3.5314850940390357
2025-03-10,AL,3.897923356599809
2025-03-10,AR,3.4780644223414097
2025-03-10,AZ,3.559100304249121
2025-03-10,CA,3.8628590566751475
2025-03-10,CO,3.954166670359717
2025-03-10,CT,3.6932855580033888
2025-03-10,DE,2.4649057692948064
2025-03-10,GA,4.02968968949284
2025-03-10,HI,3.5233397599536227
2025-03-10,IA,2.9561299143145128
2025-03-10,ID,4.137223769510615
2025-03-10,IL,3.1797876499009377
2025-03-10,IN,3.321393966257845
2025-03-10,KS,3.0529156114254885
2025-03-10,KY,3.1163364573935164
2025-03-10,LA,4.449692067957491
2025-03-10,MA,3.886191675884838
2025-03-10,MD,4.042581481220464
2025-03-10,ME,4.461257670571743
2025-03-10,MI,4.644466102955663
2025-03-10,MN,2.3273233258803483
2025-03-10,MO,2.7723510740756394
2025-03-10,MS,3.823228598687799
2025-03-10,MT,2.377733121397532
2025-03-10,NC,3.62716656334742
2025-03-10,ND,2.852462499126294
2025-03-10,NE,3.7550619016010893
2025-03-10,NH,3.7498874439723737
2025-03-10,NJ,4.704906908398871
2025-03-10,NM,5.290105663480338
2025-03-10,NV,3.4250457304183337
2025-03-10,NY,1.4529023568869677
2025-03-10,OH,4.861460961658234
2025-03-10,OK,2.4006104540705553
2025-03-10,OR,3.0486577174590517
2025-03-10,PA,3.075971323290167
2025-03-10,RI,2.7865320792288495
2025-03-10,SC,3.665192241149347
2025-03-10,SD,2.37399737013742
2025-03-10,TN,4.794096244985655
2025-03-10,TX,4.096739762662361
2025-03-10,UT,3.073428370426249
2025-03-10,VA,4.339737792378225
2025-03-10,VT,2.6872063824322048
2025-03-10,WA,3.616985505418718
2025-03-10,WI,2.9493896226523804
2025-03-10,WV,2.9572089231018595
2025-03-10,WY,3.9251533998599752
2025-03-17,AK,3.3647305989212364
2025-03-17,AL,3.3355006075287057
2025-03-17,AR,3.1064533381835755
2025-03-17,AZ,3.4632274324535426
2025-03-17,CA,3.6971341900444337
2025-03-17,CO,3.5437512003341043
2025-03-17,CT,3.3918256395295487
2025-03-17,DE,1.977919128375453
2025-03-17,GA,3.613912965257056
2025-03-17,HI,3.1386785166707405
2025-03-17,IA,2.532377010349383
2025-03-17,ID,3.9165212851958895
2025-03-17,IL,2.8368274148220487
2025-03-17,IN,2.657903162751455
2025-03-17,KS,2.6068597211544207
2025-03-17,KY,2.9318007237648502
2025-03-17,LA,3.436902965111159
2025-03-17,MA,3.3579849781807667
2025-03-17,MD,3.817726415563133
2025-03-17,ME,3.66038876650664
2025-03-17,MI,3.9078041465036395
2025-03-17,MN,2.077483994190685
2025-03-17,MO,2.395326097399635
2025-03-17,MS,3.5659187677820823
2025-03-17,MT,2.2183210462924245
2025-03-17,NC,2.95109145523159
2025-03-17,ND,2.527809888288958
2025-03-17,NE,2.895912094835151
2025-03-17,NH,3.383592645566538
2025-03-17,NJ,4.440265334427043
2025-03-17,NM,4.434740583844229
2025-03-17,NV,3.3319024115355735
2025-03-17,NY,1.2836796254137963
2025-03-17,OH,3.936367977544599
2025-03-17,OK,2.197448776866846
2025-03-17,OR,3.375697499737098
2025-03-17,PA,2.600357278738585
2025-03-17,RI,2.7822075585364363
2025-03-17,SC,3.1826088894465565
2025-03-17,SD,2.162099792745297
2025-03-17,TN,3.9731606702301927
2025-03-17,TX,3.5026010644061434
2025-03-17,UT,2.6872441913782334
2025-03-17,VA,4.067529139675258
2025-03-17,VT,2.3183891886743795
2025-03-17,WA,3.1078087476082827
2025-03-17,WI,2.5172270218081048
2025-03-17,WV,2.602563528927986
2025-03-17,WY,3.4724496005626255
2025-03-24,AK,2.871187290934761
2025-03-24,AL,2.7061193497646556
2025-03-24,AR,2.6083318790177215
2025-03-24,AZ,3.0354341121484785
2025-03-24,CA,3.326544429533974
2025-03-24,CO,2.8681123345161774
2025-03-24,CT,2.878377038776317
2025-03-24,DE,1.662252178907751
2025-03-24,GA,2.8334502650126963
2025-03-24,HI,2.7260124198881335
2025-03-24,IA,2.119756594883917
2025-03-24,ID,3.1930598466755225
2025-03-24,IL,2.3759506268635926
2025-03-24,IN,2.1174290201293697
2025-03-24,KS,1.9926679511888192
2025-03-24,KY,2.12555697770071
2025-03-24,LA,2.894165337304475
2025-03-24,MA,2.733046216088861
2025-03-24,MD,3.2238125129749475
2025-03-24,ME,3.0670888102942797
2025-03-24,MI,3.125585598405563
2025-03-24,MN,1.768956400477621
2025-03-24,MO,2.075755282573077
2025-03-24,MS,2.636634432714269
2025-03-24,MT,1.7140752220274924
2025-03-24,NC,2.433158130370842
2025-03-24,ND,2.14566071484091
2025-03-24,NE,2.6116280600935626
2025-03-24,NH,2.632989526527468
2025-03-24,NJ,3.693236196826562
2025-03-24,NM,3.619477945259466
2025-03-24,NV,2.6855355778005876
2025-03-24,NY,1.0693994692501447
2025-03-24,OH,2.7590767027415435
2025-03-24,OK,1.74839252390723
2025-03-24,OR,2.7731467048920515
2025-03-24,PA,2.2094189147550933
2025-03-24,RI,2.2559455744138868
2025-03-24,SC,2.452028288619794
2025-03-24,SD,1.7367789795370838
2025-03-24,TN,2.8790465955944518
2025-03-24,TX,3.083919903961181
2025-03-24,UT,2.268408438539687
2025-03-24,VA,3.3303035604314406
2025-03-24,VT,2.0811094134743833
2025-03-24,WA,2.6645118034526147
2025-03-24,WI,2.170340592485813
2025-03-24,WV,2.304723414224153
2025-03-24,WY,2.563750487527405
2025-03-31,AK,2.4451327616693934
2025-03-31,AL,2.3620188306348053
2025-03-31,AR,2.0838118266466634
2025-03-31,AZ,2.6448852276643224
2025-03-31,CA,3.0882033265796656
2025-03-31,CO,2.676925541290741
2025-03-31,CT,2.625832764624398
2025-03-31,DE,1.5045336006522319
2025-03-31,GA,2.7976366191054582
2025-03-31,HI,2.67872554665236
2025-03-31,IA,1.7726118651559024
2025-03-31,ID,2.566731865892099
2025-03-31,IL,2.137881607528131
2025-03-31,IN,1.880524871523492
2025-03-31,KS,1.689876009102767
2025-03-31,KY,1.830952085304818
2025-03-31,LA,2.873272788616217
2025-03-31,MA,2.556207127860168
2025-03-31,MD,2.9837572975731277
2025-03-31,ME,2.820348051019338
2025-03-31,MI,2.518435653273616
2025-03-31,MN,1.6657451608119902
2025-03-31,MO,1.6383904434522178
2025-03-31,MS,2.47561833273999
2025-03-31,MT,1.5240595553978662
2025-03-31,NC,2.162713630609811
2025-03-31,ND,1.836065922523938
2025-03-31,NE,2.324409052612462
2025-03-31,NH,2.0788787291832063
2025-03-31,NJ,3.567087951180728
2025-03-31,NM,3.3163752340282953
2025-03-31,NV,2.2964256997578807
2025-03-31,NY,0.9549814546862198
2025-03-31,OH,2.545683197911063
2025-03-31,OK,1.7247027079641262
2025-03-31,OR,2.5104936289051434
2025-03-31,PA,2.0250691979907924
2025-03-31,RI,2.2238842779698857
2025-03-31,SC,2.28262020090152
2025-03-31,SD,1.6448348983892542
2025-03-31,TN,2.6582535089732913
2025-03-31,TX,2.6949596314289774
2025-03-31,UT,2.1195496584927493
2025-03-31,VA,3.0418872953469727
2025-03-31,VT,1.9525001087299434
2025-03-31,WA,2.2887948983264375
2025-03-31,WI,1.982608335971307
2025-03-31,WV,1.9262680124378715
2025-03-31,WY,2.3155197400394454
2025-04-07,AK,2.2702633632768734
2025-04-07,AL,1.8868042284205402
2025-04-07,AR,1.7541439030046266
2025-04-07,AZ,2.6471720483812353
2025-04-07,CA,2.7846608037345426
2025-04-07,CO,2.4027566143983634
2025-04-07,CT,2.3984874863764194
2025-04-07,DE,1.420382030737609
2025-04-07,GA,2.2939882270776217
2025-04-07,HI,2.2931634521030904
2025-04-07,IA,1.5831758887337908
2025-04-07,ID,2.1917750592976115
2025-04-07,IL,1.8137452052812928
2025-04-07,IN,1.8343012409135873
2025-04-07,KS,1.8194010551143798
2025-04-07,KY,1.5342242498847105
2025-04-07,LA,2.2083692758357176
2025-04-07,MA,2.4016086888941155
2025-04-07,MD,2.9275517236638935
2025-04-07,ME,2.4473470224076252
2025-04-07,MI,2.0105719506695863
2025-04-07,MN,1.6698029891381885
2025-04-07,MO,1.5051979641062052
2025-04-07,MS,2.2229184767003662
2025-04-07,MT,1.486100745322175
2025-04-07,NC,1.769259427706371
2025-04-07,ND,1.5397909429152707
2025-04-07,NE,1.892421369458192
2025-04-07,NH,1.8265949674618323
2025-04-07,NJ,3.1649479523044075
2025-04-07,NM,3.065297925155355
2025-04-07,NV,2.2053995907710955
2025-04-07,NY,0.8449223506968847
2025-04-07,OH,2.105830561148685
2025-04-07,OK,1.3933563172159422
2025-04-07,OR,1.9400765580723573
2025-04-07,PA,1.8370641798175447
2025-04-07,RI,2.362759201790822
2025-04-07,SC,2.202167571197659
2025-04-07,SD,1.4283195409296257
2025-04-07,TN,2.16690675550908
2025-04-07,TX,2.4808791703164115
2025-04-07,UT,1.9503633652088064
2025-04-07,VA,2.6181269679980836
2025-04-07,VT,2.028980557833633
2025-04-07,WA,1.9604041435853792
2025-04-07,WI,1.8248960143216693
2025-04-07,WV,1.8517959488881621
2025-04-07,WY,2.180093977122932
2025-04-14,AK,2.068505572022235
2025-04-14,AL,1.7027726054768244
2025-04-14,AR,1.6903277125149998
2025-04-14,AZ,2.3256052719295006
2025-04-14,CA,2.7621688512544003
2025-04-14,CO,2.3546029672503965
2025-04-14,CT,2.1214243949434968
2025-04-14,DE,1.1473497265005466
2025-04-14,GA,2.1302391122553237
2025-04-14,HI,2.2312693170202493
2025-04-14,IA,1.3948231297101596
2025-04-14,ID,2.1013645075503624
2025-04-14,IL,1.6311901046800537
2025-04-14,IN,1.4935121277856584
2025-04-14,KS,1.4436153213382896
2025-04-14,KY,1.1863727061870464
2025-04-14,LA,2.2719213010614374
2025-04-14,MA,2.156831816501583
2025-04-14,MD,2.437932415287537
2025-04-14,ME,2.1239524268731844
2025-04-14,MI,1.7000820368785325
2025-04-14,MN,1.3958420504181361
2025-04-14,MO,1.4335953569509166
2025-04-14,MS,2.16605186293996
2025-04-14,MT,1.1387015477728095
2025-04-14,NC,1.6713680098423285
2025-04-14,ND,1.40406324130916
2025-04-14,NE,1.822874879599645
2025-04-14,NH,1.7006066949183178
2025-04-14,NJ,3.3536925629886705
2025-04-14,NM,2.569497809323087
2025-04-14,NV,2.0554577127776352
2025-04-14,NY,0.7641074787954368
2025-04-14,OH,1.9409659143889288
2025-04-14,OK,1.2619042459105918
2025-04-14,OR,1.8469973521971823
2025-04-14,PA,1.5829860042251562
2025-04-14,RI,1.984511187008136
2025-04-14,SC,1.805104646537512
2025-04-14,SD,1.4184607277333834
2025-04-14,TN,2.136674971414446
2025-04-14,TX,2.4719872210225455
2025-04-14,UT,1.8248520035344613
2025-04-14,VA,2.126491928974798
2025-04-14,VT,1.6375367685128155
2025-04-14,WA,1.7464484653616337
2025-04-14,WI,1.644837505468461
2025-04-14,WV,1.48504823318016
2025-04-14,WY,1.6381167020039404
2025-04-21,AK,2.0701614201483056
2025-04-21,AL,1.8581904391820214
2025-04-21,AR,1.7268120393165298
2025-04-21,AZ,2.252804396404823
2025-04-21,CA,2.4477262769274826
2025-04-21,CO,2.157974215940351
2025-04-21,CT,2.0373261487810437
2025-04-21,DE,1.1609506839961066
2025-04-21,GA,2.07118613336875
2025-04-21,HI,2.1288629009588487
2025-04-21,IA,1.2932734488139332
2025-04-21,ID,1.9850890986663328
2025-04-21,IL,1.6896622802971486
2025-04-21,IN,1.4702254664374044
2025-04-21,KS,1.3307855013832142
2025-04-21,KY,1.1301599191875775
2025-04-21,LA,1.873371425815683
2025-04-21,MA,1.9705496921727943
2025-04-21,MD,2.318313410279693
2025-04-21,ME,1.741092459736742
2025-04-21,MI,1.6651469408679387
2025-04-21,MN,1.3563592736798302
2025-04-21,MO,1.4116386828687748
2025-04-21,MS,2.250493306401364
2025-04-21,MT,1.2195059821478993
2025-04-21,NC,1.6093721722128256
2025-04-21,ND,1.3936034122710272
2025-04-21,NE,1.96552845092879
2025-04-21,NH,1.7474669361475703
2025-04-21,NJ,2.7145330276518553
2025-04-21,NM,2.4744608489480564
2025-04-21,NV,1.986701129066541
2025-04-21,NY,0.7312209807549567
2025-04-21,OH,1.920846827448206
2025-04-21,OK,1.304684836506098
2025-04-21,OR,1.5625355947188644
2025-04-21,PA,1.4650848701834431
2025-04-21,RI,2.269684701017854
2025-04-21,SC,1.6046050577749447
2025-04-21,SD,1.3193791609794365
2025-04-21,TN,2.051973783557165
2025-04-21,TX,2.406971636453251
2025-04-21,UT,1.698865351140404
2025-04-21,VA,2.2034743970396584
2025-04-21,VT,1.5062199004973778
2025-04-21,WA,1.6570637833524082
2025-04-21,WI,1.567907424594883
2025-04-21,WV,1.4517808720597771
2025-04-21,WY,1.688999302132674
2025-04-28,AK,1.9206955007655553
2025-04-28,AL,1.6463918352154125
2025-04-28,AR,1.6697026870209353
2025-04-28,AZ,2.2444678469758177
2025-04-28,CA,2.4743940071554036
2025-04-28,CO,2.1857159018326975
2025-04-28,CT,1.582792404402261
2025-04-28,DE,1.0642973257854613
2025-04-28,GA,2.069227421969563
2025-04-28,HI,2.029780840772453
2025-04-28,IA,1.1119541615945159
2025-04-28,ID,1.9022616535672745
2025-04-28,IL,1.4674191853637408
2025-04-28,IN,1.427072723783676
2025-04-28,KS,1.3710647764811874
2025-04-28,KY,1.0758511188337652
2025-04-28,LA,1.7602414751488937
2025-04-28,MA,1.7235492622142299
2025-04-28,MD,1.973492825614928
2025-04-28,ME,1.4085483422444458
2025-04-28,MI,1.6066590227845827
2025-04-28,MN,1.2814051520775065
2025-04-28,MO,1.1771877458597317
2025-04-28,MS,2.1504088562518664
2025-04-28,MT,1.159270741183803
2025-04-28,NC,1.555909502375835
2025-04-28,ND,1.2280247153432966
2025-04-28,NE,1.7093212362199086
2025-04-28,NH,1.6985036149065764
2025-04-28,NJ,2.545048044782767
2025-04-28,NM,2.4149289270483116
2025-04-28,NV,1.9875631792114377
2025-04-28,NY,0.6762232309193734
2025-04-28,OH,1.7670680019991183
2025-04-28,OK,1.2198063148029197
2025-04-28,OR,1.7763064588536752
2025-04-28,PA,1.3783730552542597
2025-04-28,RI,1.3942628988375247
2025-04-28,SC,1.3956426638040442
2025-04-28,SD,1.1715864253308435
2025-04-28,TN,1.9153786961120225
2025-04-28,TX,2.3398829304635185
2025-04-28,UT,1.5395115208293513
2025-04-28,VA,1.969466493094246
2025-04-28,VT,1.3667834860834907
2025-04-28,WA,1.5751330562494708
2025-04-28,WI,1.4788767346241354
2025-04-28,WV,1.2067262678809676
2025-04-28,WY,1.7272526483309305
2025-05-05,AK,1.698853458466506
2025-05-05,AL,1.605081668643444
2025-05-05,AR,1.4908612820528475
2025-05-05,AZ,2.0774182062053956
2025-05-05,CA,2.324061506464914
2025-05-05,CO,2.1323415318936574
2025-05-05,CT,1.5454851991276455
2025-05-05,DE,1.007319742317908
2025-05-05,GA,2.0223364899529415
2025-05-05,HI,2.1127844666846816
2025-05-05,IA,1.1960817421763048
2025-05-05,ID,1.800902208678242
2025-05-05,IL,1.3990464305742742
2025-05-05,IN,1.346211226380615
2025-05-05,KS,1.3825624019827873
2025-05-05,KY,0.9937175777204073
2025-05-05,LA,1.763934599679315
2025-05-05,MA,1.3879904758652837
2025-05-05,MD,1.8166004051173597
2025-05-05,ME,1.1661362557924702
2025-05-05,MI,1.5904078106355681
2025-05-05,MN,1.2783468385470054
2025-05-05,MO,1.21415516185287
2025-05-05,MS,1.802565491058854
2025-05-05,MT,1.1431243670272726
2025-05-05,NC,1.2467654790993956
2025-05-05,ND,1.0844248850408271
2025-05-05,NE,1.4755395357725565
2025-05-05,NH,1.2413660069104018
2025-05-05,NJ,2.4500381597770877
2025-05-05,NM,2.1895835566993687
2025-05-05,NV,2.013850145449858
2025-05-05,NY,0.6374203676511473
2025-05-05,OH,1.5873950439178854
2025-05-05,OK,1.1301292054352785
2025-05-05,OR,1.7105398438280197
2025-05-05,PA,1.2693596770988607
2025-05-05,RI,1.7144701847643031
2025-05-05,SC,1.6958580075372442
2025-05-05,SD,1.001195028571631
2025-05-05,TN,1.7194948810496506
2025-05-05,TX,2.100447320944091
2025-05-05,UT,1.593992264440724
2025-05-05,VA,1.7716075527888022
2025-05-05,VT,1.425262091890924
2025-05-05,WA,1.461868221577259
2025-05-05,WI,1.4365751755634961
2025-05-05,WV,1.3618708935515076
2025-05-05,WY,2.0363826351416128
2025-05-12,AK,1.4618353393755001
2025-05-12,AL,1.4700970131663134
2025-05-12,AR,1.5583247390771415
2025-05-12,AZ,1.9326144640936112
2025-05-12,CA,2.3467163719913215
2025-05-12,CO,2.0339614399269825
2025-05-12,CT,1.4599104331895028
2025-05-12,DE,0.9618459348355328
2025-05-12,GA,2.0283013801766656
2025-05-12,HI,2.0419265618479407
2025-05-12,IA,1.0748820913032666
2025-05-12,ID,1.5260524822693455
2025-05-12,IL,1.3433426642395987
2025-05-12,IN,1.2591568688721066
2025-05-12,KS,1.1334241067373092
2025-05-12,KY,0.9485995502802151
2025-05-12,LA,1.5904079458292473
2025-05-12,MA,1.2842890909264617
2025-05-12,MD,1.7511979341233301
2025-05-12,ME,1.056588571266717
2025-05-12,MI,1.258138403972123
2025-05-12,MN,1.135395524157104
2025-05-12,MO,1.096162447598845
2025-05-12,MS,2.0523894333550214
2025-05-12,MT,1.0376258823792186
2025-05-12,NC,1.3395183198530827
2025-05-12,ND,1.0288113330788538
2025-05-12,NE,1.548408922634518
2025-05-12,NH,0.9519759376396233
2025-05-12,NJ,2.2014765044481686
2025-05-12,NM,2.0714524482950214
2025-05-12,NV,1.863388800285168
2025-05-12,NY,0.5994735032172537
2025-05-12,OH,1.6015778339718043
2025-05-12,OK,0.992532977442506
2025-05-12,OR,1.7350041864052583
2025-05-12,PA,1.1900136737178828
2025-05-12,RI,1.4526346078159589
2025-05-12,SC,1.379565140249512
2025-05-12,SD,0.9902446131155427
2025-05-12,TN,1.7042646674025086
2025-05-12,TX,1.9345564504994415
2025-05-12,UT,1.5121407302569836
2025-05-12,VA,1.746056083941002
2025-05-12,VT,1.4139843968185013
2025-05-12,WA,1.4725795369990538
2025-05-12,WI,1.2600183416212336
2025-05-12,WV,1.0869111334351167
2025-05-12,WY,1.8039502620899475
2025-05-19,AK,1.4975394220561506
2025-05-19,AL,1.456057557677592
2025-05-19,AR,1.4301805699814185
2025-05-19,AZ,1.7069774955207915
2025-05-19,CA,2.2260785504902696
2025-05-19,CO,1.9054693373162126
2025-05-19,CT,1.3764549498891103
2025-05-19,DE,0.9309925707046833
2025-05-19,GA,1.855622137785508
2025-05-19,HI,2.2479350894845944
2025-05-19,IA,1.029590343275813
2025-05-19,ID,1.4323297171994178
2025-05-19,IL,1.1862783549561597
2025-05-19,IN,1.1900634469198363
2025-05-19,KS,0.9932863141443515
2025-05-19,KY,0.9456899507833312
2025-05-19,LA,1.4796134645644015
2025-05-19,MA,1.3100893136629113
2025-05-19,MD,1.702044362610356
2025-05-19,ME,1.091743472399871
2025-05-19,MI,1.1337458742188273
2025-05-19,MN,1.1150749116800207
2025-05-19,MO,1.1057484503346575
2025-05-19,MS,1.690129143743935
2025-05-19,MT,0.85544006862076
2025-05-19,NC,1.2802172276375325
2025-05-19,ND,1.032906305144534
2025-05-19,NE,1.5445528767032963
2025-05-19,NH,0.9185516213171556
2025-05-19,NJ,2.204072814205521
2025-05-19,NM,1.949331749962445
2025-05-19,NV,1.7161828765566645
2025-05-19,NY,0.5703301479489359
2025-05-19,OH,1.5842452056921965
2025-05-19,OK,0.9295284012343372
2025-05-19,OR,1.3381309353098532
2025-05-19,PA,1.1882950782739594
2025-05-19,RI,1.0833311530816745
2025-05-19,SC,1.3771376853262387
2025-05-19,SD,0.9729493416915093
2025-05-19,TN,1.6471670200122948
2025-05-19,TX,2.0440865545603124
2025-05-19,UT,1.4406020425506674
2025-05-19,VA,1.7448321838156442
2025-05-19,VT,1.202935023308025
2025-05-19,WA,1.462759944735852
2025-05-19,WI,1.1857217449269353
2025-05-19,WV,1.0053651323589243
2025-05-19,WY,1.7297125611632125
2025-05-26,AK,1.4472525861208425
2025-05-26,AL,1.285914591494945
2025-05-26,AR,1.4006152255864337
2025-05-26,AZ,1.662259567177184
2025-05-26,CA,2.160968220043973
2025-05-26,CO,1.736751671898776
2025-05-26,CT,1.338435744663236
2025-05-26,DE,0.9151806846874359
2025-05-26,GA,1.8399612216844035
2025-05-26,HI,2.220838243766844
2025-05-26,IA,0.9183648170798018
2025-05-26,ID,1.4088625742556902
2025-05-26,IL,1.2162165901978803
2025-05-26,IN,1.1717897145542404
2025-05-26,KS,0.91119205462595
2025-05-26,KY,0.8679904671099231
2025-05-26,LA,1.3055848338855938
2025-05-26,MA,1.2562594248474699
2025-05-26,MD,1.5927716461201173
2025-05-26,ME,1.018327762881276
2025-05-26,MI,1.079894487738422
2025-05-26,MN,1.0725446002231565
2025-05-26,MO,1.123492348730573
2025-05-26,MS,1.8333929884033515
2025-05-26,MT,0.8602170586118985
2025-05-26,NC,1.3175331924113762
2025-05-26,ND,0.9003342461195778
2025-05-26,NE,1.2879864946010309
2025-05-26,NH,1.0044061385670535
2025-05-26,NJ,2.3446334107258755
2025-05-26,NM,1.9001210852223687
2025-05-26,NV,1.5909744306604923
2025-05-26,NY,0.5415698875031434
2025-05-26,OH,1.4546647163445376
2025-05-26,OK,0.9302750873974153
2025-05-26,OR,1.556656900154541
2025-05-26,PA,1.0478972896321983
2025-05-26,RI,1.0574012989395825
2025-05-26,SC,1.3663795744532
2025-05-26,SD,0.8610743712826374
2025-05-26,TN,1.4705131887081846
2025-05-26,TX,1.8436415501572405
2025-05-26,UT,1.3896703164197022
2025-05-26,VA,1.6592285260284099
2025-05-26,VT,1.0902291825503037
2025-05-26,WA,1.3263510546739958
2025-05-26,WI,1.1082642242915208
2025-05-26,WV,0.9979834501249862
2025-05-26,WY,1.4531127816489815
2025-06-02,AK,1.5259258177162853
2025-06-02,AL,1.4830922151224757
2025-06-02,AR,1.3980731394264727
2025-06-02,AZ,1.644433441335925
2025-06-02,CA,2.2519142970598547
2025-06-02,CO,1.5604367572705304
2025-06-02,CT,1.5007893377183874
2025-06-02,DE,0.9462680593566534
2025-06-02,GA,1.8798021013143236
2025-06-02,HI,2.4367873782374208
2025-06-02,IA,0.9679613292548732
2025-06-02,ID,1.2043454404453664
2025-06-02,IL,1.2426028632965358
2025-06-02,IN,1.280701031816648
2025-06-02,KS,1.0901879561124055
2025-06-02,KY,0.9175193068103306
2025-06-02,LA,1.6596755191708106
2025-06-02,MA,1.3550809125942131
2025-06-02,MD,1.6377101916873398
2025-06-02,ME,1.0463727937699718
2025-06-02,MI,1.1051607503591474
2025-06-02,MN,1.1264569885042728
2025-06-02,MO,1.0738016577269347
2025-06-02,MS,2.048717389523807
2025-06-02,MT,0.8939666351767817
2025-06-02,NC,1.308957352683445
2025-06-02,ND,0.9477309201883344
2025-06-02,NE,1.2361375636062142
2025-06-02,NH,1.0531810018852044
2025-06-02,NJ,2.349431551544299
2025-06-02,NM,1.899062237087825
2025-06-02,NV,1.557686023361164
2025-06-02,NY,0.5481902459239892
2025-06-02,OH,1.5112401573470013
2025-06-02,OK,0.8405598905628515
2025-06-02,OR,1.9639352405691577
2025-06-02,PA,1.15914474286699
2025-06-02,RI,1.154695423760919
2025-06-02,SC,1.5903705874932832
2025-06-02,SD,0.871569875156002
2025-06-02,TN,1.5185051719403169
2025-06-02,TX,1.8202036148449736
2025-06-02,UT,1.3919564708709933
2025-06-02,VA,1.767530970574859
2025-06-02,VT,1.1035576545224366
2025-06-02,WA,1.384125620916596
2025-06-02,WI,1.1617630012726234
2025-06-02,WV,1.515427830244843
2025-06-02,WY,1.2702444569505793
2025-06-09,AK,1.0908391981527426
2025-06-09,AL,1.0745660923729365
2025-06-09,AR,1.2623335986799713
2025-06-09,AZ,1.3469853592473278
2025-06-09,CA,1.8805141697233074
2025-06-09,CO,1.36569952787651
2025-06-09,CT,1.143092735354462
2025-06-09,DE,0.7566494610552323
2025-06-09,GA,1.420063328597709
2025-06-09,HI,2.2425409235283955
2025-06-09,IA,0.7269165646748519
2025-06-09,ID,1.2357287978763596
2025-06-09,IL,0.9855234501014504
2025-06-09,IN,0.973657280883416
2025-06-09,KS,0.760387590114358
2025-06-09,KY,0.7037406993000858
2025-06-09,LA,1.100500752092413
2025-06-09,MA,1.0148645268606358
2025-06-09,MD,1.4615022732922673
2025-06-09,ME,0.9493794353455185
2025-06-09,MI,0.868965399601723
2025-06-09,MN,0.9512270063940815
2025-06-09,MO,0.862614341785076
2025-06-09,MS,1.374224447661293
2025-06-09,MT,0.8009972519712882
2025-06-09,NC,1.0527463688780991
2025-06-09,ND,0.7770675246048822
2025-06-09,NE,0.9936257354403983
2025-06-09,NH,0.6888262405384693
2025-06-09,NJ,1.931391925295608
2025-06-09,NM,1.5527234343318344
2025-06-09,NV,1.2405873837369361
2025-06-09,NY,0.45471224538957
2025-06-09,OH,1.724578666030866
2025-06-09,OK,0.7445458060825422
2025-06-09,OR,0.9241213958260219
2025-06-09,PA,0.9240023697105899
2025-06-09,RI,0.8699172946532108
2025-06-09,SC,1.1438970986330337
2025-06-09,SD,0.7101375170477914
2025-06-09,TN,1.2360500502598675
2025-06-09,TX,1.4575375515896216
2025-06-09,UT,0.9485781553916146
2025-06-09,VA,1.390121860391444
2025-06-09,VT,0.8942811784515017
2025-06-09,WA,1.0587335282298045
2025-06-09,WI,0.9943927784412595
2025-06-09,WV,0.9745047169027887
2025-06-09,WY,1.403028495864936
2025-06-16,AK,1.0185685662582447
2025-06-16,AL,0.9878922287435529
2025-06-16,AR,1.0062964765191542
2025-06-16,AZ,1.1272270230558603
2025-06-16,CA,1.7979578385513353
2025-06-16,CO,1.1960091950941911
2025-06-16,CT,1.1050204136956576
2025-06-16,DE,0.7187688489852555
2025-06-16,GA,1.203531269848248
2025-06-16,HI,2.2143564578848536
2025-06-16,IA,0.5778465848507834
2025-06-16,ID,1.2160233628786237
2025-06-16,IL,0.8301259231195006
2025-06-16,IN,0.8617794941236923
2025-06-16,KS,0.743065513408558
2025-06-16,KY,0.6326070260956419
2025-06-16,LA,1.0325323185921464
2025-06-16,MA,0.9775067231407133
2025-06-16,MD,1.3123869418118492
2025-06-16,ME,0.7836915343627602
2025-06-16,MI,0.7712254196166507
2025-06-16,MN,0.8644461914207175
2025-06-16,MO,0.6683004426297225
2025-06-16,MS,1.3972713662402834
2025-06-16,MT,0.6300539573953113
2025-06-16,NC,0.9640494898390243
2025-06-16,ND,0.6537711247490736
2025-06-16,NE,0.8619300778792527
2025-06-16,NH,0.6191684120437293
2025-06-16,NJ,1.937446217663675
2025-06-16,NM,1.2836106609435638
2025-06-16,NV,1.1423022823225222
2025-06-16,NY,0.41273225347754716
2025-06-16,OH,1.0321375736192637
2025-06-16,OK,0.7040601090609393
2025-06-16,OR,1.091200976846013
2025-06-16,PA,0.8693570855264527
2025-06-16,RI,0.7450058810487445
2025-06-16,SC,1.028791086660853
2025-06-16,SD,0.7297924319335698
2025-06-16,TN,1.0268103095244772
2025-06-16,TX,1.2650878856707048
2025-06-16,UT,1.0076323013535153
2025-06-16,VA,1.270975073144424
2025-06-16,VT,0.9482719605370061
2025-06-16,WA,0.9816976657470875
2025-06-16,WI,0.9092139688740842
2025-06-16,WV,0.8762496193066364
2025-06-16,WY,1.1669579595760897
2025-06-23,AK,1.0268272349369656
2025-06-23,AL,0.993672472097788
2025-06-23,AR,0.9301134313046242
2025-06-23,AZ,1.0184710625319608
2025-06-23,CA,1.704266821329029
2025-06-23,CO,0.9906518183668785
2025-06-23,CT,1.0731993194073208
2025-06-23,DE,0.6772619417327382
2025-06-23,GA,1.2139015683245429
2025-06-23,HI,1.8756139723675702
2025-06-23,IA,0.642180299870005
2025-06-23,ID,1.0120890619602236
2025-06-23,IL,0.7678619782602673
2025-06-23,IN,0.7860303247312492
2025-06-23,KS,0.630886161999509
2025-06-23,KY,0.5463903729319453
2025-06-23,LA,0.9046227037949379
2025-06-23,MA,0.9675371671479789
2025-06-23,MD,1.2146705864776355
2025-06-23,ME,0.7820448914886062
2025-06-23,MI,0.7014172998172066
2025-06-23,MN,0.8176679874589934
2025-06-23,MO,0.7210196443608772
2025-06-23,MS,1.2616594940485875
2025-06-23,MT,0.5922779040588373
2025-06-23,NC,0.9071705967018651
2025-06-23,ND,0.6128670992442012
2025-06-23,NE,0.813374632195713
2025-06-23,NH,0.6298939555502407
2025-06-23,NJ,1.8047580323446362
2025-06-23,NM,1.2380615559817976
2025-06-23,NV,1.048415516784634
2025-06-23,NY,0.382091704024022
2025-06-23,OH,1.0712337513512167
2025-06-23,OK,0.6012340864661029
2025-06-23,OR,1.0418835105803836
2025-06-23,PA,0.7298136959170145
2025-06-23,RI,0.6369435396206251
2025-06-23,SC,0.9595634780118271
2025-06-23,SD,0.7017064141999398
2025-06-23,TN,0.9299209911933306
2025-06-23,TX,1.241419306990999
2025-06-23,UT,1.0417673380743202
2025-06-23,VA,1.1925656769256991
2025-06-23,VT,0.8467828840483074
2025-06-23,WA,0.9187269231316146
2025-06-23,WI,0.8085347248382917
2025-06-23,WV,0.794477926970804
2025-06-23,WY,1.137623803467207
2025-06-30,AK,1.0186244860330937
2025-06-30,AL,0.8661764960153464
2025-06-30,AR,0.9403516370613142
2025-06-30,AZ,1.0098918394368135
2025-06-30,CA,1.4982571478916975
2025-06-30,CO,0.9138287114282276
2025-06-30,CT,0.930248296158111
2025-06-30,DE,0.5663873607824117
2025-06-30,GA,1.0474126338858403
2025-06-30,HI,1.8905928540998027
2025-06-30,IA,0.5130172615349333
2025-06-30,ID,0.891811715473996
2025-06-30,IL,0.6515272903873923
2025-06-30,IN,0.7070241167623887
2025-06-30,KS,0.6357850066040173
2025-06-30,KY,0.5122856817972125
2025-06-30,LA,0.8266548791798033
2025-06-30,MA,0.8316449438202538
2025-06-30,MD,0.9620216581086904
2025-06-30,ME,0.6591886252197638
2025-06-30,MI,0.6156075918738286
2025-06-30,MN,0.7549082519905558
2025-06-30,MO,0.6199165567378109
2025-06-30,MS,1.074646909276185
2025-06-30,MT,0.5372460356270297
2025-06-30,NC,0.7615753491502248
2025-06-30,ND,0.5699755321095171
2025-06-30,NE,0.904199125212059
2025-06-30,NH,0.5466153862859251
2025-06-30,NJ,1.6991876778984816
2025-06-30,NM,1.1076220650475328
2025-06-30,NV,1.0164306372996705
2025-06-30,NY,0.35004210987165363
2025-06-30,OH,0.9281063754183372
2025-06-30,OK,0.5320881692473626
2025-06-30,OR,0.9494863244702131
2025-06-30,PA,0.6807652167496439
2025-06-30,RI,0.5241436988051287
2025-06-30,SC,0.8651645240105177
2025-06-30,SD,0.5743383833099229
2025-06-30,TN,0.7780979063910716
2025-06-30,TX,1.0249717971495311
2025-06-30,UT,0.79998371988135
2025-06-30,VA,1.011534188714395
2025-06-30,VT,0.7846602957809276
2025-06-30,WA,0.8933639534463224
2025-06-30,WI,0.6865053744238556
2025-06-30,WV,0.6673330172311082
2025-06-30,WY,1.1760331316270942
2025-07-07,AK,1.079577099357145
2025-07-07,AL,0.858573052424583
2025-07-07,AR,1.010279939297145
2025-07-07,AZ,0.8927306171106476
2025-07-07,CA,1.4761767699891366
2025-07-07,CO,0.8058017473557968
2025-07-07,CT,0.8077823985022723
2025-07-07,DE,0.5319325368176205
2025-07-07,GA,0.9640408717207131
2025-07-07,HI,1.9108240017230331
2025-07-07,IA,0.5541391300221647
2025-07-07,ID,0.8435375704568044
2025-07-07,IL,0.6994077264806606
2025-07-07,IN,0.7809592600984321
2025-07-07,KS,0.7126623576011626
2025-07-07,KY,0.4999427927702037
2025-07-07,LA,0.9440431721821952
2025-07-07,MA,0.7870160088883105
2025-07-07,MD,0.9761288200058668
2025-07-07,ME,0.7558248527924483
2025-07-07,MI,0.6193214534006954
2025-07-07,MN,0.7969258146339487
2025-07-07,MO,0.6062908971917638
2025-07-07,MS,1.09642207884873
2025-07-07,MT,0.607842422368414
2025-07-07,NC,0.6778140687564328
2025-07-07,ND,0.5174906437562005
2025-07-07,NE,0.7013495376564601
2025-07-07,NH,0.5927034380688949
2025-07-07,NJ,1.752039260878381
2025-07-07,NM,1.0957112563072995
2025-07-07,NV,0.9262006982584299
2025-07-07,NY,0.33614382321457126
2025-07-07,OH,0.8829471714162092
2025-07-07,OK,0.5138044886297655
2025-07-07,OR,0.8589849712501862
2025-07-07,PA,0.600332271722069
2025-07-07,RI,0.7527795221999429
2025-07-07,SC,1.0950978111634495
2025-07-07,SD,0.49655156704863324
2025-07-07,TN,0.7455048415291814
2025-07-07,TX,1.008258686339131
2025-07-07,UT,0.9068774450962493
2025-07-07,VA,0.9370331920922178
2025-07-07,VT,0.8400730543737042
2025-07-07,WA,0.7032972528533565
2025-07-07,WI,0.7273058333803406
2025-07-07,WV,0.7059751028806267
2025-07-07,WY,1.1309892750229382
2025-07-14,AK,1.0554137556387206
2025-07-14,AL,0.8711519231292568
2025-07-14,AR,0.763262164647715
2025-07-14,AZ,0.8691845819389863
2025-07-14,CA,1.379824591739877
2025-07-14,CO,0.8781984018728233
2025-07-14,CT,0.8499139086245947
2025-07-14,DE,0.5453000112024269
2025-07-14,GA,1.0770270978809977
2025-07-14,HI,1.772212633010713
2025-07-14,IA,0.5687430456799919
2025-07-14,ID,0.8126894825251632
2025-07-14,IL,0.6145076880488095
2025-07-14,IN,0.70142415341018
2025-07-14,KS,0.5759518379944606
2025-07-14,KY,0.4674346550037123
2025-07-14,LA,0.7547154160176424
2025-07-14,MA,0.7677733877153995
2025-07-14,MD,0.958602565125427
2025-07-14,ME,0.574702082161908
2025-07-14,MI,0.6070875469423848
2025-07-14,MN,0.7160044775942604
2025-07-14,MO,0.5557982325533489
2025-07-14,MS,1.0304841397184958
2025-07-14,MT,0.5901839410635848
2025-07-14,NC,0.7381824144918577
2025-07-14,ND,0.5325378713604503
2025-07-14,NE,0.6964706834567116
2025-07-14,NH,0.5274388872254492
2025-07-14,NJ,1.5175241482446042
2025-07-14,NM,0.937767912958322
2025-07-14,NV,0.8850902967532787
2025-07-14,NY,0.3302559371848654
2025-07-14,OH,0.8896696374914397
2025-07-14,OK,0.5790266971215821
2025-07-14,OR,0.7373656141644997
2025-07-14,PA,0.6579010090819505
2025-07-14,RI,0.5460747218180001
2025-07-14,SC,0.8289500167818193
2025-07-14,SD,0.6449819659661726
2025-07-14,TN,0.8616892487571636
2025-07-14,TX,1.4638812331620565
2025-07-14,UT,0.8005349596637851
2025-07-14,VA,0.9468548556579502
2025-07-14,VT,0.700942784916166
2025-07-14,WA,0.686246635714273
2025-07-14,WI,0.6755457624029388
2025-07-14,WV,0.552999062915973
2025-07-14,WY,0.9723240958283144
2025-07-21,AK,0.9360268441545598
2025-07-21,AL,0.770045641365537
2025-07-21,AR,0.6884379945033521
2025-07-21,AZ,0.8644265615445696
2025-07-21,CA,1.3749772944851335
2025-07-21,CO,0.7501079965516908
2025-07-21,CT,0.7604719846518861
2025-07-21,DE,0.546577383058025
2025-07-21,GA,1.009580046783582
2025-07-21,HI,1.7962227803667603
2025-07-21,IA,0.5672173730844139
2025-07-21,ID,0.8329763646812082
2025-07-21,IL,0.6378090346701
2025-07-21,IN,0.6362644569212332
2025-07-21,KS,0.5687369604520637
2025-07-21,KY,0.465269044540102
2025-07-21,LA,0.8177567521252418
2025-07-21,MA,0.7393024459891754
2025-07-21,MD,0.8436142861848509
2025-07-21,ME,0.5267675900316032
2025-07-21,MI,0.5733582529735498
2025-07-21,MN,0.7082156936131045
2025-07-21,MO,0.601519831946178
2025-07-21,MS,1.0487374953811586
2025-07-21,MT,0.557368942966535
2025-07-21,NC,0.680255148509662
2025-07-21,ND,0.5190361291148414
2025-07-21,NE,0.6490127096695943
2025-07-21,NH,0.5178680310209031
2025-07-21,NJ,1.6144420994648268
2025-07-21,NM,0.9857493617737956
2025-07-21,NV,0.8728496560190828
2025-07-21,NY,0.3255936706046555
2025-07-21,OH,0.9562366544160893
2025-07-21,OK,0.5599319154304825
2025-07-21,OR,0.6820522775760942
2025-07-21,PA,0.6147649190606523
2025-07-21,RI,0.5024710565995016
2025-07-21,SC,0.7886526480532439
2025-07-21,SD,0.5415806360312252
2025-07-21,TN,0.726702423664791
2025-07-21,TX,1.0237013551899796
2025-07-21,UT,0.7445289367587118
2025-07-21,VA,0.9875592119199906
2025-07-21,VT,0.7361066943367855
2025-07-21,WA,0.6024987560799508
2025-07-21,WI,0.6463941379828897
2025-07-21,WV,0.6286464086952345
2025-07-21,WY,1.0311462026532632
2025-07-28,AK,0.8004924175530844
2025-07-28,AL,0.9591435226150912
2025-07-28,AR,0.7900223384548578
2025-07-28,AZ,0.8701057718867373
2025-07-28,CA,1.261491838269782
2025-07-28,CO,0.8560763074536145
2025-07-28,CT,0.8090625709743731
2025-07-28,DE,0.4934896143666391
2025-07-28,GA,1.0263646272742561
2025-07-28,HI,1.7613735526813636
2025-07-28,IA,0.5804523422524931
2025-07-28,ID,0.7802342433536527
2025-07-28,IL,0.6940597711433272
2025-07-28,IN,0.7040878958294146
2025-07-28,KS,0.5163147719059356
2025-07-28,KY,0.48093904145576094
2025-07-28,LA,0.8421509927637019
2025-07-28,MA,0.7268082574683101
2025-07-28,MD,0.9407692591972265
2025-07-28,ME,0.5419719693986316
2025-07-28,MI,0.546633312759488
2025-07-28,MN,0.7080055202620299
2025-07-28,MO,0.5325860772984653
2025-07-28,MS,0.9028845195706636
2025-07-28,MT,0.49329194958371325
2025-07-28,NC,0.685933771759025
2025-07-28,ND,0.5496345171602528
2025-07-28,NE,0.7461387818512021
2025-07-28,NH,0.45841436582990347
2025-07-28,NJ,1.4827857237065771
2025-07-28,NM,1.0247862112820387
2025-07-28,NV,0.8480698842270475
2025-07-28,NY,0.3212582656567157
2025-07-28,OH,0.8806509026733528
2025-07-28,OK,0.4945769005910019
2025-07-28,OR,0.6785483314988294
2025-07-28,PA,0.639312205849931
2025-07-28,RI,0.5452359280822863
2025-07-28,SC,0.6826445319740846
2025-07-28,SD,0.5700284699701099
2025-07-28,TN,0.8443664327498402
2025-07-28,TX,0.9419184312492583
2025-07-28,UT,0.8311452588120679
2025-07-28,VA,0.9557969463769111
2025-07-28,VT,0.6214876510267386
2025-07-28,WA,0.6780366081944329
2025-07-28,WI,0.630826616625418
2025-07-28,WV,0.5552899515127231
2025-07-28,WY,1.0200371193231463
2025-08-04,AK,0.8462254073737743
2025-08-04,AL,0.8519633531059849
2025-08-04,AR,0.8289409088574557
2025-08-04,AZ,0.9284375061448197
2025-08-04,CA,1.376961267781951
2025-08-04,CO,0.7711363172758914
2025-08-04,CT,0.8141718781367654
2025-08-04,DE,0.5639851349235194
2025-08-04,GA,1.0639676420592634
2025-08-04,HI,1.8538644774155166
2025-08-04,IA,0.5111663651148445
2025-08-04,ID,0.8253227541573843
2025-08-04,IL,0.6735766331193491
2025-08-04,IN,0.8324024480636543
2025-08-04,KS,0.7660656520278777
2025-08-04,KY,0.4835256437093539
2025-08-04,LA,0.9136466587618658
2025-08-04,MA,0.6831427812936913
2025-08-04,MD,0.8308543150496777
2025-08-04,ME,0.6472013761763074
2025-08-04,MI,0.5412319563827689
2025-08-04,MN,0.7830497038488216
2025-08-04,MO,0.6027228556650661
2025-08-04,MS,1.1588103917505996
2025-08-04,MT,0.5393729906967792
2025-08-04,NC,0.7595686742297513
2025-08-04,ND,0.5393370433851289
2025-08-04,NE,0.7414370403144448
2025-08-04,NH,0.4627496629193023
2025-08-04,NJ,1.4889890670944104
2025-08-04,NM,1.0439696845456012
2025-08-04,NV,0.9111449580403513
2025-08-04,NY,0.33465968441304994
2025-08-04,OH,0.8537941255826593
2025-08-04,OK,0.5392567067930377
2025-08-04,OR,0.9493447962624612
2025-08-04,PA,0.6477987272342725
2025-08-04,RI,0.6506613293654255
2025-08-04,SC,1.1075732012967845
2025-08-04,SD,0.5449715394444574
2025-08-04,TN,0.7871292213104637
2025-08-04,TX,1.0757637609010573
2025-08-04,UT,0.707019976818836
2025-08-04,VA,0.9720889539725595
2025-08-04,VT,0.749582624116474
2025-08-04,WA,0.6143575546617279
2025-08-04,WI,0.7248909938414099
2025-08-04,WV,0.7258303144527809
2025-08-04,WY,0.9659664009909705
2025-08-11,AK,0.974704600015061
2025-08-11,AL,1.0298965909491593
2025-08-11,AR,0.9286750894327431
2025-08-11,AZ,0.9923985910982922
2025-08-11,CA,1.5077702757425893
2025-08-11,CO,0.9384209130750019
2025-08-11,CT,0.8872109160129142
2025-08-11,DE,0.5875988018124993
2025-08-11,GA,1.3699892919191685
2025-08-11,HI,1.9392852752860057
2025-08-11,IA,0.524857732758645
2025-08-11,ID,0.8015894310637006
2025-08-11,IL,0.6897401401263744
2025-08-11,IN,0.8088134670297802
2025-08-11,KS,0.6033948825213844
2025-08-11,KY,0.5416977861517279
2025-08-11,LA,0.93046140192905
2025-08-11,MA,0.7642206472423287
2025-08-11,MD,0.9147743990962276
2025-08-11,ME,0.6589522328511532
2025-08-11,MI,0.5820661405368204
2025-08-11,MN,0.7800283846886911
2025-08-11,MO,0.6852473643187118
2025-08-11,MS,1.4403066172627954
2025-08-11,MT,0.5192563153630071
2025-08-11,NC,0.7900692579912939
2025-08-11,ND,0.6303312522680731
2025-08-11,NE,0.7811917745665529
2025-08-11,NH,0.5655648040715587
2025-08-11,NJ,1.8509283871808828
2025-08-11,NM,1.1538447458110115
2025-08-11,NV,1.0029668693251903
2025-08-11,NY,0.36802089724388926
2025-08-11,OH,1.0545356951385587
2025-08-11,OK,0.689556332717695
2025-08-11,OR,0.7327741617263748
2025-08-11,PA,0.7510419323983049
2025-08-11,RI,0.5387294169256286
2025-08-11,SC,0.9661633732140806
2025-08-11,SD,0.5705491048146553
2025-08-11,TN,0.9860012313927353
2025-08-11,TX,1.1561396315176378
2025-08-11,UT,0.8035704133119725
2025-08-11,VA,1.1294408118596537
2025-08-11,VT,0.666819818901611
2025-08-11,WA,0.6614985422648072
2025-08-11,WI,0.732016053429539
2025-08-11,WV,0.6477776566027913
2025-08-11,WY,0.9921461527543594
2025-08-18,AK,1.0841892786222844
2025-08-18,AL,1.3428694929388088
2025-08-18,AR,0.8520453415739591
2025-08-18,AZ,1.2074190869160917
2025-08-18,CA,1.4940762191781487
2025-08-18,CO,1.0544785801979042
2025-08-18,CT,0.9094872706608634
2025-08-18,DE,0.588899291763366
2025-08-18,GA,1.8341868185406363
2025-08-18,HI,2.047974824940083
2025-08-18,IA,0.7010428710356664
2025-08-18,ID,0.8983440527967346
2025-08-18,IL,0.7564788350517978
2025-08-18,IN,0.887045935995243
2025-08-18,KS,0.6753844961342488
2025-08-18,KY,0.5951990634731666
2025-08-18,LA,1.0793433353103024
2025-08-18,MA,0.7953665312260586
2025-08-18,MD,0.966632359242684
2025-08-18,ME,0.6598395578986245
2025-08-18,MI,0.6085379292824775
2025-08-18,MN,0.7622665144562755
2025-08-18,MO,0.66349236333176
2025-08-18,MS,1.6547056644113705
2025-08-18,MT,0.5317559161904484
2025-08-18,NC,0.24108142081006306
2025-08-18,ND,0.6576707759923157
2025-08-18,NE,0.9872541429542205
2025-08-18,NH,0.6044297316380032
2025-08-18,NJ,1.6704920726100583
2025-08-18,NM,1.421723755762554
2025-08-18,NV,1.064262765325486
2025-08-18,NY,0.38941667062290064
2025-08-18,OH,1.0067495503605468
2025-08-18,OK,0.6860778645806992
2025-08-18,OR,0.7547113491829498
2025-08-18,PA,0.7824464973215199
2025-08-18,RI,0.5344528628358833
2025-08-18,SC,1.0443373989980733
2025-08-18,SD,0.63905162426988
2025-08-18,TN,1.243653948850028
2025-08-18,TX,1.328981919251746
2025-08-18,UT,0.741508255729284
2025-08-18,VA,1.14579226989066
2025-08-18,VT,0.6952766293504629
2025-08-18,WA,0.7154953012443219
2025-08-18,WI,0.7393555163448753
2025-08-18,WV,0.6360534178357947
2025-08-18,WY,0.8221125205754223
2025-08-25,AK,1.1922082199264905
2025-08-25,AL,1.785605218983699
2025-08-25,AR,1.0247709049244786
2025-08-25,AZ,1.2671631527918237
2025-08-25,CA,1.6740491177091554
2025-08-25,CO,1.2980938966366735
2025-08-25,CT,0.9829723108133159
2025-08-25,DE,0.6313657000315772
2025-08-25,GA,2.1954269587240485
2025-08-25,HI,2.2437106238209767
2025-08-25,IA,0.7094326049058886
2025-08-25,ID,1.0642216762378527
2025-08-25,IL,0.9267089576209826
2025-08-25,IN,1.134268956215478
2025-08-25,KS,0.8139946139357391
2025-08-25,KY,0.8035805757534034
2025-08-25,LA,1.600092008740578
2025-08-25,MA,0.8773242608012297
2025-08-25,MD,1.1345418546027894
2025-08-25,ME,0.764741750156763
2025-08-25,MI,0.6254032796217446
2025-08-25,MN,0.8154049606382122
2025-08-25,MO,0.8390502077616471
2025-08-25,MS,2.118467128911259
2025-08-25,MT,0.6217490924047172
2025-08-25,NC,1.2206327855565942
2025-08-25,ND,0.7791415190875148
2025-08-25,NE,1.1679849890584135
2025-08-25,NH,0.6861506109115316
2025-08-25,NJ,1.921017882107403
2025-08-25,NM,1.6533431022406422
2025-08-25,NV,0.7438932615624779
2025-08-25,NY,0.4617202440080777
2025-08-25,OH,1.1502998556607356
2025-08-25,OK,0.8270679541435628
2025-08-25,OR,1.0004569261476879
2025-08-25,PA,0.8135712395737502
2025-08-25,RI,0.8711870843167085
2025-08-25,SC,1.2673129830465943
2025-08-25,SD,0.7658798781334017
2025-08-25,TN,1.599649958544144
2025-08-25,TX,1.7842329786120539
2025-08-25,UT,0.9770958959848457
2025-08-25,VA,1.378653975049722
2025-08-25,VT,0.8026006115249673
2025-08-25,WA,0.8020249880539075
2025-08-25,WI,0.8895443919673925
2025-08-25,WV,0.7760177815609794
2025-08-25,WY,1.2264817762911049
2025-09-01,AK,1.3408836022587152
2025-09-01,AL,1.7905939049463437
2025-09-01,AR,1.410506543487804
2025-09-01,AZ,1.3702472387522666
2025-09-01,CA,1.9102550703203764
2025-09-01,CO,1.6256218581972655
2025-09-01,CT,1.1242627923595445
2025-09-01,DE,0.780560800287553
2025-09-01,GA,2.24321457908303
2025-09-01,HI,2.3666245967300332
2025-09-01,IA,0.9051269792215322
2025-09-01,ID,1.2634635532378882
2025-09-01,IL,1.4574496674536062
2025-09-01,IN,1.4175856477803528
2025-09-01,KS,1.20095296079956
2025-09-01,KY,0.9878696397742781
2025-09-01,LA,2.18064507397054
2025-09-01,MA,1.217559869474218
2025-09-01,MD,1.2356139981003533
2025-09-01,ME,0.8242049565465391
2025-09-01,MI,0.9111796021062228
2025-09-01,MN,0.9832532572140621
2025-09-01,MO,1.0678539591063547
2025-09-01,MS,2.0202537038257313
2025-09-01,MT,0.7567323955846366
2025-09-01,NC,1.5790898942246492
2025-09-01,ND,0.9134699078750761
2025-09-01,NE,1.404399257429742
2025-09-01,NH,0.8218169664410073
2025-09-01,NJ,1.9179145381767333
2025-09-01,NM,1.6987896214111946
2025-09-01,NV,0.9833982541537652
2025-09-01,NY,0.5392740952122417
2025-09-01,OH,1.4089643384363164
2025-09-01,OK,1.1408004286146227
2025-09-01,OR,1.065756380508259
2025-09-01,PA,1.150451339127822
2025-09-01,RI,0.9031793064454876
2025-09-01,SC,1.8299822652637279
2025-09-01,SD,0.9079545853089155
2025-09-01,TN,1.6681955740373566
2025-09-01,TX,2.618783129298553
2025-09-01,UT,0.9692057686922202
2025-09-01,VA,1.7273934722511877
2025-09-01,VT,0.9836405878284189
2025-09-01,WA,0.8930152937854221
2025-09-01,WI,0.9989013087762437
2025-09-01,WV,1.2269475471822888
2025-09-01,WY,1.287993879214469
2025-09-08,AK,1.565969554969822
2025-09-08,AL,1.7400528061170282
2025-09-08,AR,1.5985714261094608
2025-09-08,AZ,1.4585097822371584
2025-09-08,CA,1.9948953873235928
2025-09-08,CO,1.6871122984402698
2025-09-08,CT,1.3919132179299383
2025-09-08,DE,0.7494759055935674
2025-09-08,GA,2.0045217442772043
2025-09-08,HI,2.4716832520056653
2025-09-08,IA,1.0152069284555703
2025-09-08,ID,1.2974044927883652
2025-09-08,IL,1.773841435218948
2025-09-08,IN,1.294597990994487
2025-09-08,KS,1.0145009722639875
2025-09-08,KY,1.0644325476453917
2025-09-08,LA,1.3440843692109412
2025-09-08,MA,1.1048513081907947
2025-09-08,MD,1.4810953423190552
2025-09-08,ME,0.862665634984829
2025-09-08,MI,0.9600226731918502
2025-09-08,MN,0.9677626454748569
2025-09-08,MO,1.13630424695225
2025-09-08,MS,1.9435843959999985
2025-09-08,MT,0.747795934391236
2025-09-08,NC,1.6839279336534787
2025-09-08,ND,1.0410932554898726
2025-09-08,NE,1.5632250617846943
2025-09-08,NH,0.7792146984090358
2025-09-08,NJ,1.9225577730261092
2025-09-08,NM,1.62693452894902
2025-09-08,NV,0.663478553976975
2025-09-08,NY,0.563030641350614
2025-09-08,OH,1.5725345850748673
2025-09-08,OK,1.1731514300289148
2025-09-08,OR,1.1294860462604372
2025-09-08,PA,1.1861662964796356
2025-09-08,RI,0.9582233021433639
2025-09-08,SC,1.58007190044674
2025-09-08,SD,0.9723670380082652
2025-09-08,TN,1.3540098097995814
2025-09-08,TX,2.072043429353464
2025-09-08,UT,1.1562494163393355
2025-09-08,VA,1.7721556952760138
2025-09-08,VT,0.9844978684131667
2025-09-08,WA,0.9557294372927368
2025-09-08,WI,1.1083420283428325
2025-09-08,WV,1.1017395397614527
2025-09-08,WY,1.3480866885469909
2025-09-15,AK,1.3709397781103714
2025-09-15,AL,1.4215802882338993
2025-09-15,AR,1.5613759248968286
2025-09-15,AZ,1.4262927137518644
2025-09-15,CA,1.8608554658328778
2025-09-15,CO,1.7399321040468336
2025-09-15,CT,1.5147053105704098
2025-09-15,DE,0.8282420641979622
2025-09-15,GA,1.8576783585488192
2025-09-15,HI,2.1890562742828568
2025-09-15,IA,0.9675398879336683
2025-09-15,ID,1.2877413849545456
2025-09-15,IL,1.4356687256174316
2025-09-15,IN,1.227430372964538
2025-09-15,KS,1.096223057131481
2025-09-15,KY,0.973122922438231
2025-09-15,LA,1.4557835846507428
2025-09-15,MA,1.2018335490670076
2025-09-15,MD,1.529573961603418
2025-09-15,ME,0.8961385943619746
2025-09-15,MI,1.0929508173331683
2025-09-15,MN,0.9895585598359128
2025-09-15,MO,1.19022476406231
2025-09-15,MS,1.8013745936552497
2025-09-15,MT,0.8161781883607757
2025-09-15,NC,1.6580505722760213
2025-09-15,ND,1.0099745258673338
2025-09-15,NE,1.5051822493256488
2025-09-15,NH,0.862604339312639
2025-09-15,NJ,2.179347681148005
2025-09-15,NM,1.6025805710582668
2025-09-15,NV,0.9171244410228085
2025-09-15,NY,0.5716203760711143
2025-09-15,OH,1.6185033665307156
2025-09-15,OK,1.3334464649144575
2025-09-15,OR,1.071631208951972
2025-09-15,PA,1.202180112608147
2025-09-15,RI,1.1215410845722418
2025-09-15,SC,1.6146320571113266
2025-09-15,SD,1.1087887631206796
2025-09-15,TN,1.4903148264625388
2025-09-15,TX,2.016100864212296
2025-09-15,UT,0.7466074518930508
2025-09-15,VA,1.7684904180375542
2025-09-15,VT,1.0689321368592053
2025-09-15,WA,1.0189324829991435
2025-09-15,WI,1.2129757101416885
2025-09-15,WV,1.050311027375027
2025-09-15,WY,1.2515554401066291
