date,AK,AL,AR,AZ,CA,CO,CT,DE,GA,HI,IA,ID,IL,IN,KS,KY,LA,MA,MD,ME,MI,MN,MO,MS,MT,NC,ND,NE,NH,NJ,NM,NV,NY,OH,OK,OR,PA,RI,SC,SD,TN,TX,UT,VA,VT,WA,WI,WV,WY
2016-10-03,,,,,,,,,,,,,,,,,,,,,,,,,,,,,,,,,,,,,,,,,,,,,,,,,
2016-10-10,1.1061393578215455,2.449760468084094,1.097798411225726,1.2344437201743999,1.6319430732565452,1.2445993498657635,1.5175382898624232,0.5382978547497628,1.760229770754429,1.3231950553441254,0.7674827462028209,0.7831784481497985,1.5110516676217236,1.126319270250125,0.8903908710391719,0.9668624146182557,1.632072741808243,1.0962466992552682,1.0158362285228784,1.1047224424488737,0.9443459459872243,0.9971080164104866,1.1740913118610692,1.9355475739392187,0.5077701286218197,1.3089024444918222,0.9635959628335429,0.856674343202181,0.6720802639192376,2.778184972610343,1.2372652400909787,0.7985796138469816,2.079732178022135,0.8511594090943324,1.0028991335665003,0.9364421362633226,1.2606990344446583,0.6938357229304113,1.0392995774768918,1.045462282106842,2.055673500493901,2.047097171086825,1.1779216466904585,1.7297680095362618,0.8193065816978047,0.6058209442388583,1.056532782093082,0.9258905891475762,0.7360499500445783
2016-10-17,1.245298356251406,1.2056973878593256,1.1297042746846384,1.0483785869212934,1.3051947479361505,1.366705493823261,1.102341623601697,0.5336335798813724,1.7998572595042839,1.1786624308629399,0.8036029273797495,0.7658396311863307,1.198623250587947,0.9126672618303928,0.7681528743813826,0.8314690188908975,1.0664737596857599,0.8313894820108881,1.001578453932225,1.0509323452288681,0.9873496193652176,1.050164326542031,1.1708001852873946,1.821079816718406,0.6096703157350364,1.0086665914993385,0.8546405597633387,0.802819180352382,0.6654418286412417,1.9524029850806996,1.1915353099893748,0.8510965686631183,1.176198986900129,0.8212760600215301,1.857944073685777,0.6251107863792327,0.8786989242194838,0.6011710870110301,0.9306601728010666,1.128119004676376,1.2426801879624874,1.7031359286051173,1.0140435643623587,1.5296427949226126,0.8470732687756231,0.6003337957619389,0.9520751043657367,0.9453828474727213,0.8580831991565026
2016-10-24,1.0174747795992407,1.8753440224835831,1.196438957631162,1.11222212476559,1.4518939201060554,1.1563450039810017,1.1116886895474702,0.5761092967439633,1.642987554607467,1.3582070064208411,0.8165186623292536,0.9055338098346077,1.4376562214289643,0.6914170230654613,1.0113337532877367,1.0186592364433609,1.2319107288045505,1.0009985678443165,1.1843800996191385,1.032586530051346,1.1478025426303524,0.9929747086954646,1.148975065920134,1.987488997772676,0.6020548894246175,1.1036561270683198,1.1149665418319965,0.8311101358987729,0.6570873907820042,2.1087272500292835,1.1625776270110877,0.8772095693407072,1.5336931103309304,0.7843333737857836,1.28290764438457,0.9071908609428944,1.119052603297382,0.8127830106523981,1.1555087429415563,0.9810727065147289,1.4706697348975275,1.6739337993187058,1.1616224758245273,1.5214385211255836,0.7496157205638516,0.5796816793079617,1.054319525713336,0.7266465018757073,0.8938643581437333
2016-10-31,1.1959178888471231,2.105553508990397,1.3694914590372897,1.2791201129147676,1.475256816539556,1.126025751163487,1.290168071153354,0.6631805034502959,1.8532092150576331,1.6620201319510217,0.9033440550300067,1.077117930679676,1.4737629225253146,0.7931047528126045,0.7459825709804646,1.3048854924722368,1.362066289172624,0.9674929160092276,1.0818327607726608,1.1582817550243822,1.1831258201648642,1.1403723419506577,1.2723357190297389,2.218122305484405,0.6228183860097642,1.2579942394861243,1.315442801665737,0.8165111774891962,0.7858623084320903,2.2433858816784906,1.2967954153866774,0.9605840338420224,1.5209709382873817,0.9086417440803052,2.3088378901292073,0.8135634771192632,1.1148811030240489,0.6097472571616571,1.2050390004804439,1.1903484712098962,1.5939134279989595,1.892084167099952,1.1034663981357438,1.7463054955099395,0.7311889890605178,0.6526442617692387,1.01085393412008,0.7917992365644386,0.8946735154324457
2016-11-07,1.1047713018512368,2.2586250156623002,1.4709095266552161,1.3868629785567745,1.5467838383238717,0.7300532615164744,1.7010842779333595,0.7283050746639359,2.1629567730087302,1.7474000811884545,0.9051220441183622,0.9066600348396661,1.5828310223305857,1.1747832163219,0.8565927829671276,1.0507378671414513,1.4426248319649477,1.130846683214761,1.2351913851470382,1.1411423165455168,1.4099556157691213,1.0034191531038155,1.4892286127732086,2.415978435555509,0.6312803431721381,1.1289063844697265,1.0265981855952622,1.0179102954577033,0.9242939988340364,2.332257511033556,1.4927360921934367,1.1441845791619951,1.8014426092775044,0.9608317726070625,2.0679765472095655,1.1751552132689747,1.2922464886316043,0.7194424952911951,1.2891525177426413,1.1524653499141633,2.0074830793955947,1.8574357069262921,1.0923921568421107,1.841282953732723,0.695619356892847,0.6416324161850991,1.2535962166664507,0.8564709861805149,0.9768064836740928
2016-11-14,1.2436603330404017,2.012078686866006,1.654518181242647,1.2499767997253988,1.6922630556922758,1.214000853012947,1.6536743785981618,0.6347799456468459,2.2221632499595905,1.7121814371107447,1.0712707627696867,1.0569745796913472,1.6633733958740948,0.9234459874960652,0.9544784233028026,1.1329264387101554,1.644725894874711,1.0301738958924274,1.4289471258807822,0.9533212254444297,1.4246914891101692,0.9638897981439198,1.3450198957514936,2.45197994929972,0.6867048822496408,1.6289100163183945,1.0031951117672169,1.1437464421429113,0.9061841427964953,2.1699429442658666,1.4409856541037975,1.2943677823002342,1.8742943453768972,0.9702575415486441,2.0541287302265485,1.291613657314877,1.31475558679133,0.7196920093492042,1.1610950392346706,1.2198925238167069,1.6271321010835371,1.9376980396176329,1.2556666204904694,1.805129193430877,0.7031035524833149,0.6987678197024048,1.1900839779814114,0.8712325991879588,1.059016254511206
2016-11-21,1.4194081254581608,2.451729158077185,1.7626412771266748,1.4699238533008505,1.6962617602157608,1.4165774347003144,1.5719064272925136,0.6699707716860367,2.18124838720433,1.6116440260271565,1.1078314362041768,1.093881402452235,1.742526509869907,0.8081283151679541,0.9816180277450895,1.4944463984467384,1.515072334265864,1.2024235963787442,1.157705976653135,1.1009206829389329,1.4377730458993727,1.0503846767384086,1.5364996677579699,2.2992194013156277,0.684772715624463,1.5962495694196135,1.1348174969725453,1.044966008986682,0.8508803114462462,2.382135383638951,1.4405996003453372,1.202240301537976,1.8310987517542952,0.9690284780313689,2.6077617370218587,0.7935275321205781,1.3855893050466204,0.6690956183030486,1.2673194617952648,1.4189452676400884,2.1520779835851944,2.0727727782458976,1.2625120280092847,1.9111249313467646,0.7653997694701927,0.7898958552897491,1.0800795486213275,0.9941953617842749,0.9756367786235806
2016-11-28,1.4738942192396054,2.229525689254162,1.7833710198585864,1.5180875856816463,2.085060847448708,1.0929195108146346,1.8483182462277665,0.7304534722082391,2.725635716587444,1.9192200309121352,1.3131013461193461,1.2213649803504034,1.8473450434710126,1.1806441830930638,1.490056822921907,1.317725369668131,1.7471137223921556,1.2826018916781083,1.89713106851152,1.2003164883034603,1.4418130843490506,1.1766242438557495,1.9047134254704248,2.9730407348350747,0.7695767307835288,1.9919028019724399,1.2845873952560238,1.238123400427603,0.9437679560246155,2.943097546365663,1.5695885738613886,1.4190858830812334,2.345304814585677,1.0997217497577012,2.5162173731524966,1.2325817933512384,1.5670725824141456,0.75307359336206,1.4907975254520331,1.4368750441336329,2.9404911045676725,2.37296427801763,1.4427369766973492,2.1627116885682636,0.9186609982117615,0.935894298225129,1.1263300569333767,1.1183575751420483,1.0815711556334373
2016-12-05,1.5125066503312645,2.381833573110594,1.609257077043728,1.5207756484946857,1.844469564256224,2.0464023645129727,1.6489445933653788,0.7032619205046714,2.1782913959558368,1.7872387784630284,1.2850654827447667,1.3339329822027644,1.7004812157389138,1.0946075994175954,1.2000307825897059,1.6928977612900244,1.7700925457537686,1.119822082544951,1.299222838303061,1.2275362724054648,1.1664353873006172,1.2640182812830612,1.8109093246744652,2.541623890057327,0.7024009383463998,1.506349024435696,1.3604015546151587,1.3706392617746102,0.9044342701484351,2.3846054274627475,1.5343796470834976,1.507548015863646,2.0497636083650317,1.1779467569456288,2.5843255202356734,1.135729918460616,1.3127813900270615,0.767091788038526,1.5191480796871621,1.405911865085077,1.7914728106889977,2.251273865005235,1.5101849131713125,1.9991814997784527,0.944741524639588,0.8390414335109313,1.198710714021388,1.0446546295963897,0.9622338993545574
2016-12-12,1.3556646941203958,2.3184728861117305,1.6023007713428292,1.708632920371744,1.9702285258210188,1.3775018298764836,1.6884813525276563,0.758168255878619,2.5459513924630492,2.184837743813902,1.357700392763818,1.1871375372370943,1.847873871345939,1.307190561623226,1.2197267033840276,1.1758774544891595,1.8069364957556147,1.3421173184758808,1.4349206698555057,1.2180258633551055,1.6423636835913271,1.1939939152125334,1.6864082309705226,2.4670769941516744,0.7543653253190254,1.6517485690643576,1.6549816589115294,1.1566487546798645,0.9402333359839146,2.6277278128344905,1.5972130448950397,1.8498372941093884,2.3834069484011877,1.2210014229024058,2.7242768601542835,1.1917191898565274,1.6605565353871,0.765041695581382,1.3703460907342135,1.273511875665665,2.398044326795433,2.666746501448368,1.564672624089543,2.093024894580523,0.8764870735250392,0.8175402754950609,1.4046995487844889,1.1343737081324559,1.1009958338528603
2016-12-19,1.4632665238574236,3.4414535237845363,2.0549843574547078,2.02120564654723,2.3188279077852854,1.80223535343762,1.8999786186379957,0.8810264505436731,2.8378573459546677,2.665307316143973,1.3290729179817897,1.668937859821913,2.100273704552314,1.5516454421601122,1.3457894194847362,1.6222271614534767,2.1247333070134573,1.5389413591135854,1.7491811151521715,1.1988167259479976,1.7139310696465206,1.3197171990439247,1.996475088269703,3.0832020854186184,0.9047276295911886,2.3479862794047484,1.263332698871178,1.3083469603284241,1.1551510655720048,3.2899347374245362,1.8051438441316447,1.7522336283069935,2.6720276552736166,1.496959695015188,3.7676034610539264,2.144567475358592,1.9808271879370414,1.018080167264384,1.7326545159153397,1.4339123403799012,2.221351870896701,2.9513723856913407,1.9398256674545251,2.269619508372087,1.0595610530309592,1.4363531971684345,1.255337007699867,1.2980933779299817,1.4830582204802596
2016-12-26,1.8975653423128986,4.106771788822785,2.1214361646134923,2.4550486403640717,2.834763654562166,2.2041530668141474,2.119298663647159,1.0456108771200863,3.783999957143668,2.5870639665663235,1.6370110497261396,1.7685472988446351,2.400937573124584,1.6190658231765735,1.9359517517997413,3.606471220519664,2.681004582281382,1.8169915591061572,2.1778169554848814,1.471527530366143,2.0899459440786847,1.7446209258287677,2.457218010785721,3.9408262485187215,1.239293462314,3.0029271953216368,2.660610519244793,1.7953226487633192,1.4038818457877553,3.708611779918393,2.2054481964681,1.9826997093620202,3.613403435006198,1.6665993473998646,3.5664791431647576,2.1008918007470383,2.158064145831064,1.118899847294433,1.7306549389753545,1.808262011940013,3.004995565299025,3.5625211350276946,2.918781970209297,2.87026571737225,1.393721224802026,2.122935945962835,1.7568405334065802,1.5426767798308747,1.8651975141901982
2017-01-02,2.238349018060125,4.3965155057867715,2.588476252293689,2.6633852133794607,3.412622400598368,1.2214204711236434,2.455294154956726,1.2339458882914314,3.795651779645018,3.0224730642693958,2.1549468850036906,2.715301008281857,3.1199385492358505,3.008318367239979,1.9702370203326671,3.7391322903173547,2.9462275006859215,2.274007997468689,2.7695586185843166,1.9149380458537066,2.4137917652571366,2.0012665713079554,3.8478782886526024,3.565958625936494,1.2892352607197881,3.219034089154697,1.8797525061347806,1.9907545674868068,1.352937984158309,5.096644496608832,2.3694758937632985,2.468261697119752,4.563400153210997,2.020917869750216,4.6662586849564045,4.84670881939224,3.247400427552762,1.5320348162368989,2.5703762200702522,2.018097024596548,3.4701414083556896,3.8069665666753525,3.4240923852151806,3.3323746026949377,1.5802206187582852,2.621281848790886,1.8090556920978482,2.0311230436881362,1.9313662921801984
2017-01-09,1.8884697542974762,3.3650999578950653,2.4175634966869133,2.5304923815851668,2.9681897485597695,2.783601260427743,3.0156206153451524,1.2129662571969582,3.071339422931491,2.962276137164534,1.84901994538837,2.181496846896372,2.736792805164471,1.9599019010825358,2.2141925832545954,2.4637806671256666,2.567090057828133,1.9221603254382766,2.0138432503863473,1.7490806898378664,2.244362179370389,1.9459153210110882,3.650466341576536,3.220495318868584,1.2440514710683943,2.3003867297117733,3.414642327432067,2.2159004033165006,1.4973833748184024,4.216435241403694,2.4243001116485865,2.309142669701517,2.6860430360000205,1.8607710293755706,4.76203025814038,3.3465012343507774,2.7216148393583297,1.7309234377495042,2.5689532710428473,2.1174654472765715,3.3996183236349795,3.638682924797875,3.0912365219255773,3.0072883018395515,1.5372972733961228,2.0690876599405668,1.7403167653855944,1.7750650965657924,2.0195467392761155
2017-01-16,2.7805806564626616,3.589785496805625,2.594173320074862,2.373982538686883,2.8601526078179886,2.086616813602434,2.7820063496594076,1.3691722903842103,3.2210023088041844,3.4391493372602095,1.9564413437630974,2.4665931966548262,2.8377012940961617,1.962961969951509,2.3851925159014913,3.4070568601861613,2.6475100573550145,1.98065734770414,2.6425483254425295,1.5464876490413215,2.223948949045088,1.9696726568540242,3.023577632769061,3.219869838665546,1.3170350945103162,2.408852926557131,2.1511904171351626,2.459892779924962,1.5936033614633498,4.0552324879587225,2.3640964752092835,2.1122425277018673,3.7568944902035577,1.7674352112963594,5.733286932237654,1.128834605524997,2.6813616009799635,1.4334325162539923,2.434846042591694,2.22735676078033,3.6496480086406446,4.2506280461967245,2.8240059088320164,3.1879852873964367,1.620507220548519,2.052788612254503,2.064452182987696,1.7810531969973633,2.7394108492353917
2017-01-23,2.548148638562304,5.367017082909498,3.125176985759862,2.6806321217659965,2.893899606076279,2.854947557002677,3.3369556336804003,1.4738120215771335,4.0926269161750835,3.282421829521834,2.392922080165093,2.8490347082894196,3.0428670030844263,2.239066199582975,3.2867412672447065,3.9817588233394563,3.1376111721323756,2.2950823844079182,3.0098093571785816,1.8855495533338211,2.379937304134076,2.3636617790345618,3.480355619971911,3.861004317005241,1.500838284715315,3.0747846302458637,2.527207026430886,3.169117482372091,1.6393719019979929,5.114822324017666,2.826136342712465,2.231186309665629,4.16492644213338,2.2273410342921665,6.2240539351897,2.6956713389753384,3.355416364604318,1.5868746065705883,3.1812120805529234,2.7518253118517784,3.718375971609466,4.562359435190412,2.9845847666693053,3.177014571264397,1.765725513723914,3.339500594220969,2.528180475958039,2.2088412401729602,2.712326351460028
2017-01-30,2.6584655310120815,4.051141656568753,3.7384062034234207,2.7115426995885508,3.3585133705382493,2.4647872715167143,3.686553279543891,1.5736417001477276,3.77622595082293,4.124892029593381,2.895369557403736,2.4379683192093204,3.326537967929145,3.1642679384893833,3.44452494660381,4.262279110995387,3.1340066944238876,2.6082872295054336,3.130633142933716,1.979179119332715,2.655936506794116,2.531538355803746,4.962540102685065,3.5325715111247957,1.5634472604076575,3.09548319996263,3.5700379971961906,3.051458900556849,1.8693669202437637,5.052444690839601,3.0585416842541306,2.3421117967571616,3.906366410700021,2.459383337423002,7.823470380031208,2.892368883423064,3.7774205244765797,2.3557859886929076,3.4600798672379494,3.2541465073707743,3.955362468818329,5.1250094326650695,2.6514715406579574,3.408159978827727,1.9979120722295378,2.312568109776989,2.6654130420738236,2.311361842230757,2.9625907608590496
2017-02-06,3.0474832703146166,5.76759976336115,5.3282482092730605,3.1018539664629383,3.564574403479993,3.196253428025695,4.3984368388131205,1.9472896891724025,4.623157892411028,3.9726169408296723,2.9839436862249356,2.6851206624549153,3.8040982499549933,3.8963255730793174,5.012356345432826,4.217424668302088,4.176751944155091,3.1527047992159964,3.4008941963771804,2.2781525265559113,3.367774315440998,2.8046494396730948,5.355155028698316,5.021089233543295,1.8994321536783514,5.439800199451012,3.875802799455598,3.6401225585831707,2.0949963577347526,5.776133764769529,3.8866513546858776,2.7223777869726504,4.34052583647724,2.5350525715591994,10.275432316744636,3.2408044107520233,4.054645427637254,2.8729610787061928,4.031578881788731,3.931190037387477,4.764841140696734,6.580620569142898,2.6678675366727553,3.96164672735073,2.432277618266415,2.403916539001057,3.2797574576623028,2.6770448213807385,3.7530365335140523
2017-02-13,3.9129148631769484,6.551555357176165,7.220292868047622,3.3670596653773917,3.391328900422386,3.0964721440883123,5.291875287221261,2.1978385175815647,4.920691060454745,4.142270534805262,3.647739390077568,2.9732928422142217,4.570397038168031,4.0114462737661984,5.779804898756978,5.854614699536843,4.66473807519659,3.690178943536866,4.906787183354735,2.991697617694479,3.9314700582322843,3.286520990467751,5.65239430113523,5.635123002125962,2.1698232642892803,5.028367213983286,4.727019669792135,4.4829611098934325,2.690160017694424,5.9411100186761505,4.547061067806368,2.9912472506813925,4.580075898451102,3.637451050953082,10.159658113731956,3.4744996898677547,5.502350983948885,4.035617279724398,4.2419263766851625,4.6297453383601965,6.757991511388769,8.038952054362092,2.909236131512885,5.212831954042894,2.454950747821004,2.28419554549121,3.6417154298629466,2.925580121139742,3.916628969560928
2017-02-20,4.1318571655004845,5.939256905165281,6.962506094047724,3.2002932928035985,3.33432034814942,4.4238932237895465,4.856923756446082,2.3305012849219295,5.6679484217878064,3.9654125204302755,3.3826975099916172,3.017341534966117,4.643662492994658,4.713981244639399,4.720531197199078,7.328160262907272,4.139131833509733,3.2050857405625344,5.561189938795971,2.6338547223530293,4.343734596682541,3.2886044383767343,4.270432976038435,5.357865907592494,1.9340024456985685,5.919076711994271,4.114455227720473,3.1310416793402993,2.917266666114081,4.607951984565146,4.427923921690104,2.651196454605879,3.475368804323873,3.533080448357543,8.260360363427472,3.1046357064866745,4.160572447394956,3.696616860563216,4.164591037489569,4.314427236574735,5.563211649883329,6.990913365917012,2.6740337211281844,5.34844103387084,2.311169594859115,2.1270984593969504,3.3107766263748415,3.10085162712545,3.5215921676537647
2017-02-27,3.8132636994753537,5.8673939104926305,6.012079323322884,3.192550553337843,3.1231557072413896,1.835821702568825,4.545133298696629,2.19912867650371,4.969798270204166,3.9919024016257163,2.89202647011164,2.622966469889084,4.276860662558473,3.8916687295475896,3.9435806557711874,6.129022989330071,3.8438122510189032,3.2406089243231926,4.9261799425571375,2.4261475730055904,4.001924862233217,3.1832357666352205,4.11840841155999,5.560668123399481,1.8583145428491006,6.1987995241812115,3.7604598297761926,2.8079287548675698,2.7631234269779457,4.418458207583438,4.2008430559608385,2.456540787287827,3.3695285162029514,3.652127526834902,7.409772176251781,2.801928434284336,3.841386120026908,3.663232127498435,4.2751741769304274,3.4862887460556085,4.213632198793796,6.814572880119479,2.704774083940124,5.66316768391668,2.434525323932438,1.9862721872210514,3.3205528934621507,2.948961684137208,2.9564277591358534
2017-03-06,3.3368806420384587,4.613368846759606,3.9137948346828964,2.949768799759858,2.5966798119267622,2.6227594262788525,3.4347768843038224,1.6639380339155685,3.6005056191208364,3.288521306730959,2.157836531000259,2.0447310724847307,3.1735233810151615,2.4559415780144764,2.984679256973342,4.47752147335609,3.4422062615514104,2.0655407609228584,2.8448193774910293,2.2176399906383466,2.995287826484496,2.4654914052873513,2.8675506296693984,4.554070267467703,1.4682950051247972,4.027690784024848,3.360326460598457,2.1212712427452143,2.01239616319088,3.514752746419208,3.491176007513313,2.1354416236942066,2.344380021068381,2.54062169639386,6.367243256433752,2.6150671559140406,2.5136005156249515,2.3290987794880254,3.326958373688155,2.6799550100483587,4.878751126536533,5.4733852640726,1.7434476589403056,3.2137319373634172,2.101004394534696,1.6340698280674983,2.5289736774726075,2.5414238578453374,2.4124120202346058
2017-03-13,2.5174947203097484,5.224719828251956,3.744153487253634,2.7838563131899976,2.660234634304292,2.2663129025488997,3.190407980000738,1.670757366220543,4.105934354692953,3.834138099506338,2.1687206731529947,2.2284881274880037,3.4280276986032536,3.9276521190108253,2.8198699110776797,5.128033746328463,3.158137997246838,2.3651141991403515,3.4970471897892543,2.356526576912628,3.1253792691630116,2.510689613129358,3.170241619178836,4.354950729402159,1.4685849504697774,4.207640102775253,3.282808981179161,2.3352949746664873,1.9035131274695665,3.60082660736855,3.1967027346383734,2.0079444124097052,2.5474641091264765,2.3272818718641948,5.137578750889155,1.8063883762011326,2.8800501820515003,2.4180116814040717,3.308320484775251,2.647725779960804,5.188377555965413,5.470487439647097,1.7772448995088368,3.3684523122876766,2.1512571827939433,1.4212175547620691,2.5597016661704255,2.445130383324651,2.6260953301007626
2017-03-20,2.6010332199298656,4.388143860311429,3.2783553805821675,2.5138308617143625,2.670749992825446,1.8914463571541673,3.1541669456749855,1.495872037308838,4.050712457708983,2.879022898137783,1.7465598203738941,1.916043411858872,2.973380507462841,3.1315873833534953,2.7531160771141794,5.504984313443602,3.0117037110793285,2.3305813269121396,3.5363241374286303,2.3603755864673235,2.947450341772218,2.245344762343208,2.5474077815808185,3.889187278015772,1.3838459405247956,2.4570900197104333,2.4880818363554287,2.517945052681032,1.9584445937999484,3.1086008061044783,3.0610922602032193,1.9667742535425412,2.6704029870509207,2.270334723902788,4.713257436321777,2.505466583654868,2.9251283336469003,1.9592744592831748,3.406712506302412,2.6796255607915445,2.575788627650116,4.42742571360579,1.6507035544790631,3.337593302651318,1.9092204102425783,1.5285113671065973,2.445636005872206,2.402788361841945,2.2073101027786697
2017-03-27,2.613036868504808,5.276059580813747,3.373024531793098,2.4988755349167295,2.275617146582811,2.530546632279675,2.2252324588788612,1.3954512848865916,4.310865139235526,3.1790428048887573,1.7131287419923582,1.6278942620989345,2.9627350048264676,2.4017480728267175,2.6320345503187754,5.768394796104062,2.755101627607308,2.2995151719761573,2.9534671300379562,2.556813925746857,2.8835093061043793,2.243201610183441,2.286525689834021,3.2629029041447817,1.2754328916536084,5.281309284813792,2.21643280670898,2.038491816299298,1.8420261833287737,3.1455073960293363,2.5981027681393534,1.8225070784330202,2.501569729692852,2.3604462140699995,4.830634067095081,1.7527810711831102,2.4124557337015986,2.5247628085511904,3.744390559309907,2.235748115977755,5.479809177491507,3.6482742963267207,1.6211294662155147,3.489253568701452,1.8360095979439386,1.3521049029880492,2.225960933076111,2.25754919982156,2.197455077385759
2017-04-03,3.2289043351189135,3.4465669516084527,2.671144368925244,2.4173622223349294,2.247142394235496,1.7559527979968728,2.447832847757752,1.3080208817214756,3.094633476836632,2.628422448009905,1.3799644697856057,1.4555183183019778,2.546979563450053,2.1428888906573595,1.8574357338431122,3.702251083814767,2.2540691564499546,2.3016071420092983,3.179033916171225,1.9884151522186249,2.441719068985978,2.135686809067282,2.3660905213584424,3.0317467331148378,1.2008629594678217,2.6040147440736265,2.1597237189754743,1.5843535333935503,1.5330644719762443,3.651052975306991,2.251670786269284,1.5867581454511104,2.8918249316272204,1.9228138206923004,3.3808389338785285,1.30951810099572,2.618800830246421,2.3586897463805006,3.031089771912992,1.9997158961762524,3.2249999516488277,3.3360493256842325,1.4271461901005968,3.236388156071297,1.6619405129209635,1.3509316959823685,1.7295415921875898,2.0376103496884586,1.9534746775627045
2017-04-10,2.939871797070092,2.3908060010002274,2.1243465187805026,2.277351000395033,1.8934240331116636,1.8596886113566122,2.6057763529432774,1.146116237525922,2.3556249012979382,2.5891993901498087,1.2540671811166209,1.3248102650584639,2.182010771503449,2.087358949883435,1.6986129244744974,2.868635477839936,2.1179017308320245,2.1571332399408734,2.017993711813251,1.9227934692997564,1.8142515566587116,2.0310194388911014,1.7037944758039625,2.548674019487728,1.0319311730615583,2.3962753130270125,1.8073385990134363,1.4840502043184975,1.964868846969647,2.7880673801184725,1.9641127444689492,1.4683070771303774,2.417925606019169,1.5020866620116777,3.2601797261908763,1.4994791178347122,1.7736894333528623,1.926402475630741,2.6370170390353453,1.8490395849428531,2.820492634304513,2.899749272580842,1.2600185316381922,2.2904347684198583,1.527300774233281,0.9920703055859554,1.808987971177186,1.4796922928247909,1.6087586482192888
2017-04-17,2.47061600718436,2.4097785743909013,1.8401981282111817,1.8442258330412336,1.6233653166534894,1.1333355271032024,1.8132428800531488,0.9432707567993233,2.057423525443882,2.0373587904946593,0.9296183655632153,1.1820941448244526,1.4778428432361037,1.0875154838534522,1.1275024468276331,1.4827251848418987,1.7474130197455486,1.5664397038420712,1.6982499050994804,1.9308337640690931,1.3883643746718823,1.6986028307502403,1.3958308040675294,2.5228908688236524,0.7758267966842256,1.998956531580482,1.459633375491713,1.1212134923225452,1.0857537286027485,2.3592270727370295,1.915939861638484,1.166762250857941,1.8985213990892116,1.2671917649972118,2.082933157169714,0.9931991772262714,1.6714411268911902,1.5542466749337513,2.039217518188429,1.4738479863030696,1.9541364717665415,2.680161767437333,1.060994378595585,1.6940613433204659,1.3308912395247727,0.8069801695621535,1.6410409698056507,1.109121206350344,1.3415668849849396
2017-04-24,2.004341696322374,2.2083499315200035,1.5546811006249874,1.8139097107026996,1.6163384369938796,1.3804842170895344,2.1096046034232465,0.7881524643645526,1.8143201510139382,2.171013631383165,0.8838960027742351,0.8730943415761403,1.4031744089496172,1.2927290490966126,1.0954770029243739,1.2883833949215497,1.65123363715538,1.226382734474315,1.323872173701274,1.2296779358996046,1.314311612777002,1.649601844813561,1.2791854140427106,2.2042367896372452,0.7328306663869678,1.1611097839894633,1.1218844495208575,0.816233593028324,1.2053514586603744,1.7791081941784053,1.6655696969643445,1.0906499268183847,1.5145982888035396,1.0986416412287123,1.7109502025083065,1.1007356161607142,1.428497252841002,0.8986365851887296,1.5246222887129437,1.1640087556529162,2.8194960638309574,2.597441431284308,0.9945226274624139,1.3907936616010639,1.1524209472539098,0.7363177718242432,1.275050252909556,0.9478666983283976,1.2970042182102144
2017-05-01,1.5213207395631627,1.5079566055173366,1.3070187124225328,2.0886586351401215,1.5070288508493277,1.4009256324800794,1.5825448976249492,0.5965036608817912,1.4996548357114294,1.799493737552149,0.7090810689973122,0.9236510119035003,1.324038016374595,0.9862285746172015,0.9268786531749151,1.0077320181879688,1.496433931844016,0.9238309963470039,1.187730090816783,0.9194490091753307,1.1112678913866865,1.4288348071876045,1.0864611337262007,1.7986860275506786,0.5929738401633767,1.0237479811935581,0.8772085017715887,0.7792267661197165,0.790604260064957,1.8548176300715795,1.4335551243289557,0.9570282333360627,1.4988590716329862,0.9102897266993975,1.6215586473486852,0.637961545780432,1.1206565634501424,0.60548825965717,1.4984818778975433,1.227960883462496,1.3939203800849436,2.0554183477419463,0.912909002623594,1.2428744727661285,0.9010217564247629,0.6264320082164709,1.2256813107655145,0.7471312250930844,1.0658588272861536
2017-05-08,1.9514030819359576,1.9739250104016532,1.5733686708601384,1.8192233055578009,1.351118894170681,1.3062466654343967,1.3570152355249374,0.6194161591934182,1.6543628918792468,1.9594585733296306,0.7404198433594575,1.0307814225970324,1.2655572930628045,1.0054187685192841,0.8936007649682923,0.9453369734059902,1.3187715210781363,0.8955950124920427,0.9964601814461329,0.9992110043576797,0.9906470352923404,1.3660886269869177,1.1568604828268334,1.7467341396712466,0.5975075999529379,1.0981919818388253,1.2693647400525871,0.7543963460952009,0.6860808881109879,1.63284197657838,1.5954093347213831,1.0811894764195809,1.4090821355294492,0.8808397819858146,1.2801637761225142,1.2975953071312734,1.1518558283807934,0.7233538052493651,1.2030767132264777,1.003222700788331,1.4873228242818044,2.0489208505241865,0.9850827082829161,1.1770969748310685,1.1241397869647165,0.6024610531260041,1.2016558760819074,0.7695265025421592,1.2151344912673039
2017-05-15,1.2812907397876205,1.755127554562679,1.079145669933606,1.6321599986334974,1.3014917222356441,0.6156199337916312,0.7522263614248133,0.5169235792786175,1.4379849769698378,1.2897473058976827,0.6915432188036768,0.7709240009207035,1.362471253457449,0.6411200744238492,0.7373550475538035,0.7239880646985994,1.4386112431777984,0.9128463900497623,1.0077235732658851,0.849370085279692,0.939930410085602,1.2863757660305362,0.5574854767212238,1.7183338918365454,0.5150959416445866,1.1156358946466458,0.9190301988629562,0.6572258029642302,0.8284128472091978,1.7997392987326344,1.3988388588060205,0.9629695529277609,1.575507252158633,0.8556320631960104,1.3383372218218241,0.7309835731643113,0.8505868777644093,0.5956415108656223,1.1396838904587452,0.9751596245706371,2.0652927822472895,1.367630407187578,0.7646738960597879,1.0328544433746751,0.780172463103754,0.5902949201940813,0.9900318298113614,0.6603899204031393,1.006902952720973
2017-05-22,1.1176814137299917,1.8561633028995121,1.1284903676742704,1.6285125836830243,1.2474688567139485,1.2508427626401342,0.7522415766299868,0.5143648910770358,1.3342403988208793,1.5059708465205273,0.5499151417152156,0.9616190398512414,1.0707093769688092,0.6599398234342613,0.5173087967077573,0.6588183287549827,1.2958301279842894,0.9048637373186599,1.288127603500101,0.603217673752686,0.9650521761106412,1.1621129971601645,0.6248302674785712,1.765696822161916,0.47107168757840273,0.9285205437643449,0.6150491503419827,0.7275758850740632,0.5919164057163365,1.5844653392163657,1.2748320892620708,0.5835608369442744,1.454775095716732,0.7260571255533399,1.2041017639823375,0.7588702886259594,1.034884814826105,0.34177904186391683,0.8404483341675707,0.7500319018805391,1.6441431956166075,1.822703314133891,0.7574002316754562,1.014919330577645,0.9069242223707439,0.5839568201825832,0.6780086413621746,0.5925405862551943,0.7750413571353199
2017-05-29,0.9158119773580453,1.3859244695021589,1.103991352178947,1.5831534172088244,1.2060353603351857,1.290986252735014,0.7637061212788377,0.4891272962490031,1.3919227616916074,1.0904934590437512,0.4707213043303991,0.5342270483235666,1.079616256219422,0.5881772947764586,0.5688012896077177,0.6046410154339055,1.3091765562941249,0.7409850314097781,0.7651615653607609,0.6761083171296722,0.7902711201919879,1.018735752765855,0.4820922811157068,1.6754807655548223,0.45936596843723393,1.3701228087339097,0.5658054251728262,0.4539290946088751,0.5582868408782099,1.3374692141080988,1.0796093029911444,0.7926047531226937,1.1668965270338922,0.7758952771946248,0.6970288754963536,0.4748715805384117,0.7154093613828298,0.3644344922319569,0.7804354519171326,0.8566838213951297,1.3061083038965449,1.6206626035044143,0.7066688833631707,0.9891276071125863,0.678298254655514,0.43356298714538927,0.6622609701154945,0.5989932741295626,0.8515424588169463
2017-06-05,0.8542838940408541,0.94793821626367,0.8430652054822656,1.4346390344049063,1.2005752196056503,0.5956077436680716,0.66640233923867,0.4968699841534077,1.015518330683212,1.1970707499564817,0.5785427940680079,0.4495165591640804,1.0082141068486892,0.5889350401919211,0.5857308648862977,0.5514181045227579,1.2414502005730257,0.8347957484437318,1.1944888069571717,0.9325318155143454,0.7945920321591174,0.9100932645985365,0.417478282140262,1.3707399896202863,0.4394647914343353,0.6673693365932906,0.6109766093908081,0.5184730915314872,0.6196045678514189,1.5779257622246785,1.3439900667535734,0.8886074539171938,1.459341298194809,0.809380785060983,0.6949902282232828,0.612774847449352,0.9218071607851224,0.42124197324033097,0.7116789731495926,0.575424543815701,0.8668064781958313,1.3854360574186015,0.7390210669961247,1.021929199995974,1.0466630349966017,0.538058904326256,0.5718703335590849,0.6007343845579726,0.8459512763876391
2017-06-12,0.8952130058180753,0.9381987311854402,0.6545519874039769,1.2887556936415514,1.336346731867886,0.56881240173095,0.6553860366713531,0.4101785386851706,1.0149219424989802,1.0094452249667474,0.44608292280435885,0.4096357812052015,0.9018832599085963,0.5055336394517578,0.48913855216028235,0.42267627270989017,0.9718961730822789,0.6888101752229119,0.8203337192464166,0.7570042147401617,0.6694170895549815,0.805665543027873,0.38278141938556026,1.3712622752538264,0.4018269989625993,1.2656775665300029,0.4210989139686147,0.5919434579782928,0.4328111424740684,1.5485965905844647,1.0320016913156917,0.6899173771781532,1.4245256719525383,0.8200312494888368,0.5949928016580224,0.6282509456252865,0.7242339167974718,0.2966088095168375,0.5985262402119704,0.5568280152431468,1.0053369283275133,1.3851567217941663,0.5632486189422221,0.830037756698424,0.8726870968513979,0.29820400688728516,0.5624137882497252,0.4969035098876998,0.7908392315155862
2017-06-19,0.6185739313456153,0.7148371342755937,0.5946001737729583,1.0594233337426322,0.9304928246001074,0.14407802553803273,0.3849623457753334,0.5227020401708573,0.9811129281887343,0.8927057315872378,0.38800214583865766,0.3460751978841965,0.7567969736344085,0.427863892130202,0.4089849222816542,0.3396906476836872,1.1491972178656553,0.6904054674282741,1.0339208284795731,0.5720879699494352,0.6008967844730648,0.714778547926571,0.39255899740815936,1.3221618721602004,0.33962542499817644,0.446826454225964,0.8001238096988028,0.5226509652088123,0.356584419142457,1.3537333967794425,1.125291053049503,0.6502661990462484,0.9640246734091054,0.6462706647035257,0.48240841106121524,0.4159281944060137,0.6227240124765816,0.3010518107282957,0.5561442117795924,0.4052975375486456,0.5769611476241634,1.1741111564954563,0.47769535472209435,0.7419665246278248,0.5885660151563634,0.43699871638193677,0.5303570363317789,0.4429452793257324,0.7128747456233444
2017-06-26,1.2022044455286456,1.0412554838697654,0.6946570740368839,0.9109151313090079,1.055294070711362,0.9878143082807536,0.46964115181835414,0.41360242734061564,0.8603783299731813,0.9835139901543615,0.3675520900782049,0.385641966601283,0.8037427207236548,0.4164871578802637,0.4526818897290803,0.4312731100078354,0.9838705446482613,0.6379383641488976,0.8823319895281864,0.5427029826527097,0.6376610489788852,0.8798019299331048,0.3140695085093627,1.0848622464477944,0.3796474095246428,0.7275790413334241,0.43146934688131133,0.468114948028132,0.5378510813024551,1.3093876452397666,1.1744557114798613,0.6448301503317101,1.105440482833293,0.6752468595989829,0.5985003040969801,0.6160150555288146,0.6179972918975862,0.280476724652366,0.521150223976149,0.5196771723439271,0.4263833160273715,1.1782813556767016,0.48886614819179,0.7761390666688518,0.6536250762219518,0.4485622622466129,0.5312570401589742,0.497020948821019,0.8715989616794981
2017-07-03,0.6211938499174163,0.6987570045114883,0.6884538921064915,0.99215580211848,1.1343899882457116,0.44643058345649667,0.5775113488237336,0.33947491198966273,0.8914500496457618,0.9675243883472597,0.462905459481019,0.348455229132166,0.7479436223322112,0.35560749353873267,0.4642407155953318,0.368858258940696,0.8436991466630224,0.46528084509797174,1.051444074820922,0.7547930413761266,0.5989168157196951,0.7408104139030653,0.3950540425037078,1.102865839809777,0.3420054562461459,0.5775921944770883,0.3382138384072878,0.5514544579089509,0.3111932736968268,1.163005287490158,0.9775650906848017,0.48688714788679055,1.1181894088909545,0.5745789801641927,0.4125015567443438,0.5570351175777499,0.5393162840872814,0.32472396105774015,0.5276303251176295,0.48839941422360017,0.46570427099865647,1.1785402631374629,0.45193382408260896,0.7506520290609702,0.6457215970717349,0.301314850313666,0.5412002306499835,0.4496705562891935,0.6337269020944035
2017-07-10,0.6086831942486495,0.8350982160883136,0.4630239053866747,0.9135619929911629,1.0009246905175846,0.494206106669557,0.39169246195791285,0.32060055155357575,0.9466209563673011,0.9083940692781116,0.4006048137975792,0.3309398780526612,0.6090635014504986,0.36529203428439994,0.455668330552904,0.3580773420575658,0.9838989549980219,0.6318713863451881,1.0441964190042323,0.5283538456798836,0.6193351213756667,0.6754030013848686,0.30221684685387584,1.1583100075177575,0.32313109581005894,0.29600094248358616,0.3234257533145605,0.3770711552332882,0.4671097473478031,1.0891474350650547,0.95104235334098,0.5280379834251976,1.0913380699395303,0.49795272219368036,0.5475629958299616,0.21621038179872293,0.6000769679621519,0.2176331799516173,0.4213547621163329,0.6216836237860925,0.45424615553091724,1.0725351628355793,0.44902360201571,0.6478413616091944,0.6647268375148624,0.303073146555321,0.4142400795488831,0.4095255094187911,0.48269992911905235
2017-07-17,0.6668862402859861,0.8049659957052357,0.5578434300307937,0.9124639687519207,0.8661681188249019,0.5206883272362179,0.18668562822561985,0.30836277910919,0.7186732976372933,0.7489488579418199,0.36737510938354023,0.3209450910954183,0.7192377674190759,0.42459875335041175,0.2725344895850445,0.37284733339215476,0.6894611910092049,0.5101223980169798,1.2322279914793126,0.4366414623817962,0.507020032747011,0.6998927812033302,0.27009792234775915,0.9302322459713409,0.3108933233656732,0.7234422056913257,0.3179321995521391,0.3855166170545017,0.6376634330698185,1.010896800265798,0.9790460283222112,0.46237128044752585,0.8421826681166712,0.6272774749946919,0.4321080473675768,0.35735422675164685,0.434438319026377,0.22560463288672294,0.43790139420063096,0.6354428334344833,0.4058502505068763,0.9606796838773644,0.4182564933690963,0.61705609564607,0.6561662662457513,0.25725801215255545,0.4037189194161729,0.43358001436275867,0.5427333884170031
2017-07-24,0.36795018781966166,0.5733766252223869,0.6207894740286783,0.9128257025526154,0.8829309573146406,0.3117307476557296,0.244284284014841,0.33858809656481387,0.7523787677472605,0.6852175475825131,0.3045686400409414,0.3084242054817964,0.625786701914893,0.5939847573573438,0.3550969674539377,0.317585459832877,0.9062999658744622,0.45700527598182283,0.583134216064083,0.38965383038901225,0.4240093939971054,0.7638015919843097,0.27401464309725093,1.10910653103925,0.2952781839135137,0.31691670186361454,0.31162087622550744,0.41486833465798245,0.4299301314029135,1.1531188840150897,0.9596228259233371,0.39583395016398276,0.903299609262757,0.50218443367801,0.4363600402180436,0.35471035320483757,0.6006434725771894,0.23213791279855064,0.4345518152367217,0.5307437833474917,0.43655643894070584,1.0978953125078772,0.4172473108228476,0.63343773097599,0.6136737299407318,0.2900719622525894,0.35471001318978923,0.3697415258591,0.47786971800067524
2017-07-31,0.3640449445410431,0.635381796011223,0.4591421931463221,0.9160186904956391,0.7985757070736693,0.35027419943754,0.2543842831639515,0.307347822857898,0.8271324389595109,0.8398438704185979,0.3200104990946259,0.31791374269051836,0.6342520081701477,0.45856382568248255,0.594184141448652,0.3306048250865367,0.7497251466994147,0.4548674896706281,0.9039500063525138,0.6032958456366309,0.4742822249876426,0.7979080220652981,0.32612664922286877,0.8787867561314886,0.300867320120922,0.6347722254145307,0.3289377554125279,0.2777720322687373,0.5362957583237848,1.0786865464681803,0.9985463173259234,0.3086969766208866,0.9817648156233463,0.5217164730728506,0.5391819881501972,0.30905226416040504,0.5805530182809209,0.23262782789026812,0.41399519831542175,0.5043046753565696,0.2268201596870947,1.0361287392733378,0.43211295015861656,0.6059729812772883,0.6001245616137867,0.2635519911563761,0.3819547576467277,0.354114375951909,0.4189624443858583
2017-08-07,0.8158948510665447,0.6617549298047984,0.5969939786504596,0.990236643118579,0.7638630765738741,0.6444334555071999,0.29059073442936545,0.3291658233682303,0.8379213055059305,1.0719896016911248,0.36200547263383304,0.35339246172886224,0.7028301505301944,0.710559016319285,0.3039799681461556,0.36206433754465484,0.9582912202834271,0.566101542936281,0.9003002407258793,0.4838835518099097,0.5182784989409438,0.7714752905961739,0.3142432414752401,0.9963817189210125,0.3316963676247135,0.39066510019139017,0.5206811350295248,0.9057861742708027,0.43710662626171115,1.1007863262168849,1.0684772764165358,0.4862082418400563,0.9306769009835522,0.5868453285227563,0.6144425045509679,0.5640704712755972,0.7408508554219433,0.2393854498563032,0.4256976368239924,0.5148777395343258,0.4445790859830064,1.046254189709652,0.47265184990269715,0.6807776870577018,0.684793795310392,0.44666215202052345,0.4481732684469396,0.38884416851727366,0.4182472677123507
2017-08-14,0.6948928507284797,0.7967312140694336,0.5469369828665775,0.8726664558200545,0.8375742902939494,0.5967372526438879,0.2625263541514992,0.2949359131645246,1.0300894037151291,0.7591823697568927,0.34282428278823274,0.3244936909118254,0.6613492206601268,0.8457577650098578,0.37114939001894454,0.3373085901732453,0.8337751256805801,0.5320728246849629,0.7073348734802245,0.40881041605750645,0.39363205833495496,0.7298691936642423,0.2655707539617522,1.1720369443203011,0.2974664574210078,0.39236563280561076,0.373580405806511,0.6030475519016761,0.40327188708866935,0.9660410289910404,0.9075502338169379,0.4997198708695618,0.9805670348309125,0.5511789680165358,0.5670208810233216,0.47374659761730875,0.40844689465253364,0.21217776694205753,0.36102459422192135,0.42907369412124036,0.32497832768841206,0.8707111660646241,0.4441918067160102,0.6351948166835713,0.4220050551031699,0.230878342706729,0.3751803312672053,0.37335786425799267,0.4543948987862676
2017-08-21,0.646183539305117,1.1958608435201694,0.3579356160520065,1.0911837845301418,0.8870001632630627,0.5233562376131181,0.2811129958467307,0.3308914911854261,1.2051287472855008,0.665422664575379,0.3713000967406587,0.3421514510487307,0.6975871199920243,0.6088419054495393,0.38129414944746043,0.412910117320982,1.016391032354482,0.5603278141288528,0.8264455543050746,0.5033383876508787,0.47375948025498005,0.7758762491344596,0.36034590110696807,1.2240316943460636,0.30918935033606576,0.4866016948895786,0.38511511705263857,0.3906962694715093,0.6080316554837035,1.0375609770307241,1.0598675143831888,0.4722814521183061,0.840455424008181,0.4916508375391161,0.6158495341015677,0.24908531097961475,0.5431723986454076,0.22390065985711552,0.38287932258787627,0.5738693186490353,0.34463039818631186,0.9653431194546671,0.4561677003377324,0.6718931090252391,0.5990691727043704,0.263669291242919,0.5655180539954096,0.3750670949982996,0.4200564873247935
2017-08-28,0.8277624838309285,1.3921600540307497,0.9244850473586114,1.6610464165057854,1.0449953919134751,0.7745345063662706,0.35687269195751564,0.41576430640251805,1.2586639083234996,1.0600537788080624,0.4578107405335802,0.4169013197668134,0.7528699399052433,0.8438960480352075,0.4762684320708973,0.4234790315826658,1.2665804986949554,0.6016559929446008,0.9154580506292509,0.6395276847874494,0.5986026679303749,0.7672903423615115,0.4241398492423906,2.137833683270238,0.3774871677253744,0.3828791384693883,0.4728129909104082,1.0010516690037283,0.5690089237540226,1.281708600086696,1.220940749591465,0.5314168999192296,1.0290512708671777,0.6018988569209411,0.6689027478603791,0.5172941885331506,0.5811484754398633,0.2921984772464241,0.4214107416101514,0.6264442037444016,0.5006815871229389,1.568063529390926,0.5514690970723812,0.7310150430039629,0.7331188732781944,0.40503760217138923,0.5521630629793906,0.44595594957385365,0.5507492527976623
2017-09-04,1.0268396445715104,1.234158349844877,1.3094456861192727,1.5124720653066284,1.1227913478724283,1.158985841442326,0.5479125115556587,0.4385828043069697,1.3927247896441963,1.3266883662220774,0.5547368549479647,0.48031730107790693,0.8706037765148276,0.8741003696587509,0.38832394557917893,0.6689264659877102,1.3845014613221351,0.6332948596273393,1.1413568928989273,0.685079272964424,0.7681376408890068,0.7835516856613083,0.49097529079659047,2.373463278270103,0.4340279990378948,0.8755429788508658,0.9100742984339006,0.8603794579265948,0.515972671327025,0.9974000954621037,1.5687326726697033,0.693884729746977,1.0602165406951238,0.8135946385155012,0.6697929188514018,0.6978932453919313,0.77647398762824,0.41358399450672645,0.572783581346811,0.8859271553603412,0.5469325734351842,1.5392217204922471,0.6296479527864152,0.8096046934948739,0.8385024104878587,0.40649592840356186,0.6061487489441286,0.5541531936751682,0.6820365564530209
2017-09-11,1.3186533913443927,1.4978802495312564,0.9978602566003101,1.3146590499580797,1.2038159720181116,1.1725543637355815,0.4121903311845675,0.48292682177623114,1.4436782007874518,1.7348164550503835,0.5993617188438821,0.5078071871040531,1.03893337415245,1.0572605155515618,0.5331601868356932,0.5940907090287126,1.3519566704667256,0.6979915790344966,1.323189160306835,0.6316542355440253,0.9065168219502182,0.7865897423340853,0.741063020524415,1.6179428986424451,0.45431989156413766,0.94373907121227,1.0471481259161646,1.263415531472067,0.5599744913765994,1.3206636508877914,1.3237159938769203,0.7409160403813699,1.033381450683121,0.8398486304224817,0.8861608136505249,0.33532746605197983,0.7129386136609317,0.3497617566185771,0.744948300868705,0.8436425040572209,0.7455899614771215,1.655114649173545,0.6650174011441934,0.9178871634377141,0.8331151517073343,0.4668482022991385,0.6602046756506577,0.6171814608095588,0.8581468247907482
2017-09-18,1.4974829917333237,1.462200831472189,0.9789950880201352,1.6415391153441128,1.4091207437589317,0.3925661616298828,0.6665813632578448,0.4582803654474349,1.4912073778914254,1.4651495011047857,0.5964297657406565,0.5155932579771654,1.1661258110800121,0.992145855682921,0.43817764978388557,0.7075146021706417,1.3802908211690263,0.8223497502439274,0.9299705590356224,0.7338147619038665,0.8606671090773644,0.8852666412947561,0.7606272994186472,1.5829324775838958,0.4546900883897147,0.8034660176050541,0.6650710210583803,0.7088019621847303,0.8654975681110657,1.5540599432514166,1.4220315438449913,0.7278330212713225,1.2167654994231263,0.8212027574477804,0.9966061949156259,0.9923179715941823,0.7865129961602262,0.4396569144500962,0.846524655184142,0.9342823094613156,0.7534675914753877,1.596763996216211,0.6740799541083924,0.8831938611015441,0.7661807930303186,0.4587926036737379,1.0873666090736585,0.6238114071839632,0.751828044721329
2017-09-25,1.5993031854033048,1.38285682688773,0.9294750391238626,1.4218935974060027,1.3321496397430417,0.8080514701207941,0.5141033237245923,0.4689871080969352,1.4091803448700262,1.4456000305485235,0.634645467488071,0.5399464363933291,1.1327618122372385,0.9992009767743049,0.7782249977249652,0.7495133066777037,1.344708207013608,0.8049414154550578,1.2421790678483686,0.8827869191652227,1.0150697453984698,0.8498367347131159,0.862217502897971,1.68468886112158,0.4715176523534184,0.7248366133888648,1.46085903760778,1.0730388993841122,0.7167237238115574,1.6224254713070307,1.270205849059941,0.7115765320654908,1.411898773107076,0.9232670441774418,0.9850649915508651,0.6276821323015307,0.8216443472353147,0.5286721290770939,0.8784717384123801,0.8391750668867248,0.886232338207971,1.527713375372255,0.5844428613381187,0.9996198881124798,0.8362988620825014,0.5550496730544324,1.2141608820316732,0.6866584131219515,0.7070807038509412
2017-10-02,1.549001160223489,1.5994888103343616,1.1649872326065407,1.261281827435805,1.4236758077784473,0.8033303842522622,0.7150680546664828,0.5378424665967418,1.6562556876727308,1.2977662342559724,0.6918246810149202,0.5843098354320061,1.1779038928226546,1.31329037825143,0.6665618239843484,0.7710881509967298,1.5458188153726131,0.8274028423407122,1.1209847813516098,0.8406737224579621,1.104626004693623,0.9822213086368918,1.0001886602347165,1.9153244158816127,0.5083554369396355,0.9835671202228389,1.9017123271203866,1.0053821759144128,0.8372024584221003,1.8186074210743297,1.2465534357539743,0.7960941194933941,1.2699740505013817,1.1067291254601364,1.110596760553736,0.5946103262793364,1.0772451467309738,0.6181802355523737,0.9845070646704785,1.0154842440777128,0.9409915376957698,1.7310304647255255,0.6375157287440215,1.0726925569471166,0.7414668023293669,0.5666217024559904,1.2683678898041113,0.709107393855874,0.9382755019506455
2017-10-09,1.974209688572912,1.5705170518130847,1.1000132145186106,1.8361420196115943,1.586629686511496,0.9221211909085849,1.3066413243517594,0.5384234381647172,1.6533995537387534,1.3447590464900725,0.8541711680515586,0.6803710433424572,1.1936353912624613,1.0337497085092957,0.8588732030187316,1.0532885305515447,1.61122484959322,0.9800060786966085,0.9360082374925869,0.6643506057728784,1.0012801539598561,1.0641067278294862,0.744291608936026,2.010564863807993,0.5780209797421865,1.267377666101639,0.9062968366165265,1.375832667449453,0.907079006360193,1.6013809098708494,1.0813039059347476,0.9357938326122996,1.288453874655248,0.6760177875411003,1.2248596619854681,1.021571797402324,0.9358287189125776,0.6073192115174393,1.1283148548286392,1.2503568646477585,0.8688054538823444,1.845119041461654,0.6497821940951592,1.374227546015149,0.8001095467632634,0.47933068915931315,1.412334034302464,0.8626093386554757,1.1045705654509939
2017-10-16,2.043657866234857,1.6699657874948945,1.236992386840213,1.7411981267541252,1.3717728883959563,0.9614103165903264,1.145613534801138,0.5564534973929581,1.829179453919799,1.160250578234908,0.9050754268127453,0.8497353494325307,1.287142485415934,1.1082187121311904,0.9043103042315441,1.2157568431290935,1.5714496144255503,1.145080951023957,1.1707495615655517,0.9024008932196079,1.093961392705272,1.0961964481277422,0.9189630711619574,1.91539165851194,0.5570725184194485,1.3264665046345492,0.965216573426336,1.4184814674991917,0.7298951734020068,1.7435363612539534,1.068569948061583,0.9580667717460463,1.4416249850617675,0.8094157675852776,1.6410264896244733,0.965988479899013,1.0498140304481867,0.5487549708511595,1.063283367730366,1.3218563698847337,0.9800997771959219,1.9029478895197818,0.6872914060014252,1.3430481403708052,0.7860517074953957,0.585788109919676,1.2323263546488632,0.8605009701135379,1.4479394803332626
2017-10-23,2.521494275575521,1.6811927531678705,1.1550461465668802,1.6353601794820576,1.5028924172693823,1.0003412977136772,1.2055790560389616,0.5674323993365757,1.8632310393282785,1.661739564682771,0.9017489421972518,0.8417139152063062,1.098182608621991,1.1317990399906306,0.8639772710941317,1.2003895895409855,1.9749100782991738,1.033801363678392,1.0450356805062246,1.105202003820622,1.2165896354629921,1.1166095087594339,1.1105646412401533,1.9143568431377995,0.5786003115356493,1.047774824499243,1.0271495271423778,1.7368912632933073,0.7995306685403547,1.9393737717699862,1.1914507984657272,1.0276428223584924,1.6350513261529385,0.8944099123864182,1.6308070346549104,1.0898861539618743,1.118063381287038,0.723283838168978,1.1915496555492402,1.4336044874473013,1.0594427672053581,1.8699077086197557,0.7539909045683519,1.4842928085314133,0.7222146785655656,0.6828356975185824,1.2535304831807415,0.8243946734318753,1.2214305614503616
2017-10-30,2.441518110676771,1.974836876286565,1.4690823962277952,1.8287418428548596,1.6826577043686524,1.027521416404758,1.4873749781064074,0.6505009233114979,2.146166073533413,1.7317560560322207,0.9967065723969417,0.950254840102454,1.3221640816966627,1.3200026706653327,1.0528792019989792,1.6049672836011755,2.0573112605250454,1.2664126687999895,1.2317887995284607,1.1272914774590648,1.2917783466698238,1.1373588203265423,1.1968629583237198,2.407747086490292,0.6405293002247479,1.601776899918612,1.1753047689235143,1.8337309387522782,1.0224785162452417,1.9147106990603613,1.2162483188295155,1.0236756812385353,1.6709957540201914,0.983030332785026,1.757702110010194,1.0938911684499737,1.2082126182776034,0.8441275846477727,1.4923089519212827,1.6458278520533423,1.1487796604668938,2.093132930186707,0.997331485335683,1.6588422693041907,0.8759789205410755,0.6313933018387581,1.4552986712122975,0.9185012037097455,1.5808169863969481
2017-11-06,2.288472402965274,2.2402335591045843,1.502356546576903,2.138450226088119,1.9075055764472397,1.2638719213749294,1.4803446983790827,0.8390905577277002,2.2792446608548,1.950640169908207,1.1583289380261241,1.2654745028434724,1.3884367939935105,1.4435069585527391,1.1070929532694733,1.7448598772037727,2.4869750142207225,1.304121486886359,1.1786322292372389,0.910349277228939,1.2583994913622858,1.2095084818541142,1.4559727455360139,2.6274759356005033,0.7454736336489769,1.5569236551025498,1.2079218668483804,1.9872442174662095,1.1210940415675432,2.20183568068589,1.3998787948944464,1.2404461919410679,1.7405426648665894,1.0178425062819771,2.019576401768658,1.3047513947224156,1.3547900157475334,0.7958652055171523,1.6294943905212669,1.7047448635531166,1.6338460498931802,2.737175001558942,0.8666891120186385,1.734842464574996,0.8753670377764957,0.8942843301131085,1.3881901507084609,0.9745532469217857,1.6556275870739707
2017-11-13,2.4208786843658228,2.1462126809766997,1.5441020365167384,1.9027618652867493,1.8345512930105112,1.361027163554279,1.6154483040266103,0.8160242558310237,2.7315249630767484,2.5045967561213143,1.2611822512264634,1.115064411783295,1.5663124480106725,1.192367906373418,1.3496865077704945,1.73334619307029,2.600334021364935,1.543780970456942,1.4827974628544065,1.0533705841100458,1.5103881940113828,1.2863599904197152,1.329133765452982,3.417202466989008,0.778089984442315,1.6838221509729459,1.4411071405955886,2.3509841079122404,1.0981391116829025,2.3005990261457603,1.6173703891357503,1.4033975708671202,1.7442899894743629,1.160871272063893,2.3056860656199047,1.4520672983905691,1.4740818503246538,0.9672393216034203,1.7138317162320105,2.001381137520181,1.911001051486438,2.978470749458494,0.8993580510960643,1.8629811492884225,0.9665342050593961,0.9357004871809792,1.5389921718094222,0.9937769077415723,1.645900813338327
2017-11-20,2.6634842062437043,2.5459823056446584,2.0593988675929826,2.1600313187841946,1.9932302485946598,1.482251149368693,1.8735270144754486,0.8161165134921341,2.6561005798109134,2.359385868043508,1.2555737946928636,1.2255558656218253,1.5413158136929401,1.1609580907547634,1.5006957306997455,2.185760208279933,2.8701799610124974,1.5850609757645169,2.148347571387953,1.3402915727160116,1.517715328566145,1.3857044394099167,1.634182194175517,3.8946304693553646,0.8166667138545675,1.9539202731777838,1.3528740854624255,2.405878443289025,0.9894140644929714,2.344803331921195,1.6865150153981063,1.3649864277364332,2.386033912136747,1.2287776108803992,2.2987808484652597,1.2694710091347585,1.5485280198173692,0.9921412535137573,1.8336041154433376,2.288625292662745,1.6531892938447745,3.4835014271919187,1.0511499353937477,2.073235247564951,1.0712542219869878,0.9238967671886168,1.1969509231729518,1.0806723710231485,1.3963403805607335
2017-11-27,2.813719277286924,2.569565272005457,2.0369500734097112,2.076106102583677,2.256785610844413,1.7196740437392988,2.4453710050740645,0.9018885973226962,3.2352843641928186,2.8013198272764424,1.5979922673212008,1.6172623609370285,1.8638705869631946,1.5457798330576717,1.7177771659510193,1.9245287661283927,3.497978897754207,2.014295117997844,1.8993032652763142,1.5059999076642714,1.8203050794393736,1.505378204452781,1.7730032717027133,4.410689887694633,0.9728743640954457,2.6145285003149885,1.767030532855892,2.8705228716191122,1.3352051893172932,2.773226299723946,1.8123745405145906,1.6499971163199492,2.0204990676753947,1.407981714157578,2.55745626515541,1.7258472771600932,1.6589036193683415,1.1492155704215286,2.2441314092395177,2.084861709471004,2.3753269241245056,3.6048862142698455,1.1182317447903785,2.2609143569550794,1.314865577738681,1.216519193725091,1.8412194529612906,1.4683219296770846,1.499093652878836
2017-12-04,2.932013662549834,2.714411355394468,2.3762124514386076,2.727974597084612,1.96157117557981,1.7134404561383452,2.488815343715984,0.9299317408623331,2.7034838236999277,3.155806214052848,1.5598609602763678,1.6248741988958737,2.0301076598331713,1.8755177393330058,1.3844697253869687,2.225881996672463,3.1356459179917935,1.6453367351191686,1.6697191076002744,1.5837105221250198,1.6429969126596233,1.4539041759682256,1.7668330803012753,4.015143264687783,0.9093782622024349,1.5223967259367335,1.5876664209402016,2.2732176484451143,1.3846433447772093,2.588613385790201,1.6746500465091692,1.616227319011013,1.812490057129572,1.400616263991751,2.5507744971343005,1.5475228289086624,1.6930295387895573,0.9921065481532633,2.1928747991564044,2.0183926636047183,1.4790978386196048,4.050994915235717,1.136093300978429,2.3285778924561917,1.2629559195193276,1.1155443489591232,1.6689175171052995,1.2983953904959902,1.6531983197958877
2017-12-11,3.251345939406163,3.2812656677735976,3.124074186199856,2.84309359362945,2.6218870458215795,2.0342842579734075,2.568111982529281,1.0499374863871944,3.16105464731853,3.2626251483587505,1.738071550866588,1.6983014148876858,2.1872226551686484,2.1343964114148855,1.9536133763042487,3.120549679595305,3.509717712896089,1.9541769145887433,1.9132660654394502,1.5259475038937471,1.90642779906767,1.712891121471547,2.503654511133094,4.397560950502322,1.0236908894447616,2.382229128918892,1.9419241248302228,2.461145057077186,1.3682173846019408,2.763003875553345,2.0357654793629125,1.8378068575611033,2.924171891768517,1.6877923984282277,2.7895733055062752,1.9018516911202539,1.8023545888540835,1.9448775331955557,2.366866902224947,2.14618132468474,2.137800336234484,4.45774641716419,1.2443488684974071,2.438925641277338,1.385909287645745,1.0006258040482054,1.9721819367410944,1.4258224374781614,1.9832961936512756
2017-12-18,3.370888779232362,4.186427573141353,4.077091263385131,4.027189103498911,3.3984901315595737,2.3916863092152774,2.916879086942664,1.2883073837025014,3.3851507711725732,3.133362261192741,2.0358080434105172,1.7232324920417013,3.1246208492305207,2.1554154782707307,2.781419102970215,4.169062416737063,4.787008829797802,2.3115389283623213,2.211508334620857,1.6692417962410162,2.3351501279536215,1.9882842265639873,2.8917744420900338,6.147368500903935,1.227855228354296,2.2957190388079765,2.3578473164608473,3.2659567206208457,1.682280578729653,3.336592055000394,2.543888711954889,2.583867446848356,2.6870475215580996,1.8166814617148277,4.036812534428622,2.505048771069114,2.0884837804989766,1.6853322737059615,2.688064674712741,2.348383589683414,2.96496892714023,6.988813198997547,1.5501316217398564,2.8234004697323387,1.9722462607025273,1.3566245008235953,2.088954073179681,2.0163487208344457,2.3203213841987074
2017-12-25,3.950812680263419,6.803842181833822,6.886712175289027,5.072389275398396,4.62687820114583,3.187836670787605,4.207086240229496,1.8553302926616957,4.745519978783875,4.706889679540029,2.7164562191355435,2.852716814884703,4.312654666885443,4.173651291627008,4.146600004645773,7.708838064613035,6.907792029238239,3.0661742569009345,3.2420391844478624,2.3122735405790884,3.1244741026483673,2.62785828590944,4.844342838180655,8.67931942404019,1.7077836965739939,2.8220765045805245,3.787581987625796,4.094599222419275,2.214844148011355,3.9310004955190676,3.406108652178247,3.368785188340191,3.7040207743491997,2.699020434076864,5.578747193841166,3.795614788784907,2.734288808924527,2.328129598081312,3.821006377008321,3.0876177029459937,5.167312686143071,9.783795220659918,2.463245515491246,3.5959968099777617,2.0804420557885237,2.1838467168542586,3.006965135801583,2.971199672473393,3.0790772117132326
2018-01-01,4.618505280150913,7.391407968597221,8.179095210491,6.770553446739103,6.610610546008247,3.775850019580955,4.622921259619237,2.2448788035638505,5.4834285672324015,6.200909885504431,4.002831412109576,2.9646117363612,6.20461032112886,6.103369462004413,5.1275395110563045,6.862056657083658,7.70550370216293,4.270153306957406,5.122531946771925,2.916803181083243,3.991613444619243,3.26053676775814,8.049478252975637,9.751845566910209,2.198937319619946,5.004547457476772,3.7217683593030277,5.469433800489604,2.615837554760789,5.284959106183683,4.5280711008366055,4.30784461216181,4.309384554053489,4.007274268892293,6.789482091248194,4.679923326321072,3.7591030626940647,2.7294068996449288,4.768182785076116,4.060114097739138,4.367678890221679,8.023676736844951,3.426087696143623,4.59436827645807,2.818137233315312,4.895402076511688,3.7840460909016267,4.666269444720827,4.399638591973352
2018-01-08,4.452871260236638,7.315677428787277,6.410943868106008,6.1096637584192575,5.751870348806964,3.7524168301950676,4.703318639270616,2.271221774941447,5.803346828641102,4.88044523109885,3.36106624402895,3.9611429076483784,5.247809849460754,4.882748712570622,5.150944656922902,8.39946684671828,6.429158818427785,3.659856619572417,4.106730741419417,2.6243904637484246,3.582454323011265,3.3654317261065154,8.024742369807294,7.144355024735749,2.1149354580931563,3.3326783680610887,3.742910804253162,5.003228513331784,3.2154918670254826,4.98515770771217,4.493405981256595,4.163860261126246,4.09887326391118,3.6418209651264792,5.7641554923163945,4.230886044069579,3.524482853345315,3.215224957600676,4.646591292942234,3.72474252101272,5.273785795466221,9.384474802418588,3.31900612074186,4.681088060226788,3.0832294540374487,4.512206641819117,3.801862011287617,3.900686095270035,5.19047980547303
2018-01-15,4.581498349657389,8.808614449435122,7.419784255323469,5.235601666126735,4.34410371577723,3.6615707200600722,5.3281917828974406,2.458080004037819,7.932849917401937,5.8440939003038626,3.541498395178887,4.177924670799042,4.9536905353922975,5.623146237642395,5.448291364204492,9.083596142960136,7.174488290683673,3.323859486066447,4.303389414563976,2.454954183007411,4.24877761837591,3.670982074609532,6.492021511094549,8.072588814809,2.4109178059950738,4.9325578419347895,4.832649261208113,4.017709745904968,3.259924113637144,4.677091858913581,4.5680865724965045,3.7521220153386903,4.588586274480531,3.744041536703338,6.65236190779749,4.286846181162851,3.855071027566793,3.607141684395473,4.815175312476612,3.9217698731215673,5.515968592502107,9.449803002050887,3.3996018690836136,5.066961411113816,3.093833766604296,3.7332975479731383,4.121145233871202,4.137066450685321,4.9213679399615495
2018-01-22,4.641461733994961,10.248486509020658,7.686290300595243,5.6145238435075004,4.573846966353692,3.9314937039395854,6.008035279412169,2.8504130141159947,10.070411317005268,5.594311064646249,4.016968005989321,4.072210107548998,5.369864685254253,5.626735667405834,6.345264222752348,8.118649998365601,7.042675152025423,4.530698086479833,5.495485347362532,2.929100074362953,5.060304988889259,4.133106553505941,9.051122985545454,7.414239409525637,2.628901888533517,6.887746617637518,4.5272998038404815,4.942409770394937,4.2887814229582695,6.688629304472478,5.415440384078629,3.7168669874569975,6.089805971617076,4.385033797428031,7.657917639717994,4.780147258266946,4.789644719856666,4.567311933313979,5.62425574192178,4.657817800031925,8.649007625620204,9.777114183621155,3.9314458800811587,6.162976931149654,3.646079393831516,3.8789604999709937,4.30743578672495,4.5109921411413545,5.728053112445107
2018-01-29,5.161646652986532,8.536156821579224,7.244269552184926,5.31440546242167,4.864574747365902,4.554868717023548,6.049006169956686,3.396965210514793,10.857255048992174,6.1074913720127135,4.513670239713696,4.1675123656457895,5.381422868348237,6.185148674680411,6.316372564860086,7.435854371150128,6.127326591088825,5.048997600940734,5.926501727288475,3.4730702589522298,5.367364733364738,4.4508557537620845,8.608792206518993,8.385048141125447,2.7504101355033317,7.341812793714114,4.576590983673587,6.674715865580906,4.748852824207431,7.980273572794987,6.0194570637289635,4.01726026026285,6.897740185512996,4.565416149051627,8.800243933704941,4.626635525449956,5.388173979872299,5.090299903309706,6.766331745606529,5.182102907358008,4.184379638119461,10.955022909616279,3.6416902715569064,7.815304296082083,4.0897545113444105,4.363495563553742,4.771264809528613,4.698745682669096,6.051727313490357
2018-02-05,5.887825741687598,9.858779950073028,8.564039482194286,5.453527031685886,5.3287993612161,5.085991341512202,6.281729859276842,4.00652781388857,11.25753649199021,5.771300937295525,4.675432912677495,4.612844215059947,6.2279032962938015,6.097856559734685,6.792739445394189,8.453084640903102,7.23141206274449,6.384947095715249,6.091429483207017,3.5865561114689957,5.733169829005744,4.689901952804051,8.535029785893048,7.851031268617404,3.051633011855139,7.627307500133326,4.759026331151787,6.747333920219375,5.584298006529474,8.897588296590346,7.813788377230091,4.443613288897099,7.721121861900217,4.968138480308281,7.968002939576595,4.874659986688192,6.252743737729792,5.42636276491308,7.2187080721190995,5.6849269784386145,7.528996151060069,10.51181263236461,3.9600320573213184,9.061737326347046,4.499219652372439,3.9743546433396624,5.019775745259352,4.660459604249173,6.299238677284338
2018-02-12,5.9309731863857635,9.122667932620296,8.191922840420233,5.697927581005134,4.8826201707800605,4.503156273208346,7.088294873765564,5.0017842533604355,10.902165580897101,5.605161970050322,4.626186846475981,4.170143756408525,5.883960764200271,6.5130609436195925,6.908562292938349,8.115072691817389,6.172697443192979,5.833524875140846,5.682796614544145,3.7244987127850746,5.501203667760683,4.796202321093676,8.065462402119206,7.5186040643302325,2.9955074752681075,9.02164456026301,5.231408639700082,7.910857098074835,6.780577691176757,9.059273931633554,7.090097851891151,4.4630623870312025,8.083832940106799,5.5706816733360895,6.982266307852806,4.161773104148904,6.604297108657719,6.656459366582084,7.661329185588363,5.370487325233098,5.959533565546655,9.925426677586763,4.295618198643671,8.97309256640424,4.926016226866144,3.7576013584047816,5.025881053440671,4.998044996174201,6.402303680657211
2018-02-19,6.026200216070915,4.7941835012121885,6.593357522533905,5.316530016506965,4.602703825887983,4.102582555403996,5.74132583921111,4.3414316902411745,8.043171637070934,5.256618568513943,3.8891425898073635,3.674427250677173,5.111437069677056,4.88345329149186,6.52803276652965,7.2078449417942885,5.471014866814311,5.200443824666783,5.06098328528365,3.3830617563794996,4.431981125870122,4.227527077331135,6.985420796453726,6.621047442934314,2.6601675069472615,5.837824553157224,4.281222987143576,6.487258545273717,6.0430891509941125,8.792709980642849,5.928107752759668,3.9395737974968563,7.322898703540461,4.197761342494789,5.890365006460769,3.778210552210478,6.20094709181261,5.5676941097987545,6.58617603436516,4.714342667244124,5.61168970201166,8.384274570450145,4.171914266913319,8.417594652559611,4.15862726423065,3.3541871679255566,4.43584900409417,4.56302537513472,6.029767797929837
2018-02-26,5.212728336073769,5.281246315599975,5.291889386247083,4.763462170758815,3.918144966044432,3.484389271107376,4.702485956706331,3.0866141393556568,4.305028561399378,4.376151565936745,3.122423935314165,3.318168623707835,4.005214867093308,3.1338315268872714,4.905036434548178,6.51834304689424,3.525537207869817,4.3853070389124555,4.191786209461172,2.8525179008141115,3.5910253629655053,3.57824820765601,4.250302688441157,5.000396226570576,2.1829675125860835,4.087363268558848,3.768536243509801,5.364826394511885,3.51743102099377,5.623676236395711,4.6726263168710656,3.1379143513845698,4.230091297690997,3.332960891474634,4.858312454128986,3.367482438260814,4.564037112064548,3.7035915326632116,4.922321217194551,4.248404751598171,3.2745737809463193,6.298295186008214,3.662018506764375,5.7717855848420205,3.385222293043718,2.96459053584249,3.760125023948155,2.9043527534617404,5.166093058827376
2018-03-05,5.098254831406975,2.9248673546077892,3.821607409019885,3.919674064378947,3.6256903415141792,2.6025551085140184,4.356283565952847,2.2136277791203067,3.8398009791839245,3.70924004141368,2.371253148556004,2.334131227684957,2.766566543625345,3.1698187857129447,3.4536224960680757,4.308128024149397,3.1192783169505405,2.656327543122909,3.025674287609331,1.9801000065086956,2.977135985441417,2.907297761857662,3.211317430546016,3.5253721343475464,1.8402526148897604,2.7555191566530386,3.0924105940171245,4.492766969356336,3.117040777522679,3.401377245067148,3.872277138087039,2.4515227467438896,2.8750292129533737,2.139561447643204,3.5673987594543926,2.5669233881156774,3.1487333703349103,2.326873845126044,3.623517702428365,3.500563598113339,2.6476544757074185,4.67786494515726,2.331270395751926,3.8379523104058952,2.9300917166588967,2.2723954072673633,3.06526276157237,2.364666345253538,4.0934940068847085
2018-03-12,5.087905083894876,2.99297678143684,2.8981756991847862,3.4582891103432223,3.142130421164765,2.2192777360867466,3.071590787388484,1.6836240525405743,3.6502050216015975,4.323578713800091,2.231995926113889,1.5640269805170552,2.4860127376062575,2.400402494175969,2.928102097075383,3.7848284921335997,2.710285900288999,2.432998491445569,2.5565627367319337,1.5494531882047144,2.3648720581404223,2.6980746352749807,2.925582301750893,3.036621077883991,1.4741433384958371,2.939923463621178,2.223387995453531,4.491221015404326,2.103260867204005,3.7027345078020737,3.0373951154233128,2.03288508384521,2.9069924360760475,2.0166412611420106,2.988944414803697,2.0835268363908943,2.594104298585907,2.0608454199163324,2.759309700360598,3.1332941254799223,2.0672991368637224,3.90965604439954,2.2038555130616606,3.3456612156494634,2.561861613789211,1.9072081473112208,2.909386584419668,1.9189353810575218,3.789659704261746
2018-03-19,4.50110090674972,2.6192672405039215,2.4265917447745524,3.2405917098030264,2.918574491288069,1.9802897335091854,3.1103921425432963,1.6181573173129347,3.0675892297656113,3.631396501620795,2.161644624628442,1.7124987006203038,2.4227530397984145,2.4154517148987553,2.1831462036516482,2.4363426405870037,2.297793067020992,2.404395894063512,2.145713646599029,1.7195828049129374,1.90240880863099,2.3053992951492592,1.688747390540814,2.902742661564972,1.276465635464622,2.4717999536615287,1.7487064389413476,3.6799924935110395,1.3875161394507285,3.123302202542205,2.8665184547846096,1.9380531757944917,2.483835813629505,1.9775066451271155,2.453953919405441,2.3248244612134323,2.4528604049013083,2.424314532434286,2.4728207250555827,2.842940020294537,1.6919884041768356,3.1361146517007006,1.8726602323590884,3.312385355299101,1.9968834656047671,2.310206239364907,2.2236774652275377,1.6416400720083772,3.3953205673856863
2018-03-26,4.223814220535053,2.333687035588821,1.9861017351041026,3.065300475655863,2.6485112640706703,1.6998425208609425,3.004451514086254,1.5268720010096866,2.570973574334902,3.189671125349045,1.6914522204088822,1.7741074769812468,2.235110531884086,2.481741523604157,2.178107417862549,2.737433813553034,2.1028896562487382,1.8242140894332333,2.081634879891634,1.4317388257317543,2.0764188997578215,1.998537770079283,3.0131391501595806,2.555887706413012,1.1739802332104907,2.139901221250355,1.4130565284077317,2.7941260121642166,1.3561720678453435,2.782818415269325,2.5563331287578643,1.6365183980098248,2.428537415117977,1.7195428047071255,2.4280416433087213,2.0742746766675033,2.2776979809587394,1.8134057539240032,2.133458115936803,2.520228909868673,1.5882839918483231,2.732855820104617,1.5058620266018665,3.03107205813236,2.0475063688652,1.7641328948442823,2.0122410551447865,1.5678497898672723,3.0207366617048064
2018-04-02,4.17649393411952,2.0680006961451647,1.7104099490515394,2.7819480463501747,2.471343522940436,1.3905614810187266,3.39059238164725,1.3385010290318218,2.6838516331216207,2.6709492810538875,1.652311659873237,1.3338913547847873,2.1524381313713894,2.097919217931489,1.7686914585881017,2.575516894618125,1.945833652221645,1.9837487991124965,2.18103137315798,1.2021535611677825,2.1251077377756715,1.8458183557658039,1.4669512891738574,2.29664037901372,1.078454433653799,2.4834511436585456,1.39083070063184,2.7743022228335423,1.2043129101083567,2.823663206865993,2.0680758760280575,1.4992145283764216,2.2116097675778406,1.7004032739967976,1.835186826845939,1.826796613596232,2.074456779998719,1.4507222606099441,1.9608432428092248,2.2532009656151404,1.4307975618663975,3.0185777055722527,1.5181018924382657,2.900001077380545,2.0779411826192904,1.536849061226758,1.8475927764147817,1.679410971437468,2.4442504141990224
2018-04-09,4.156400560416447,1.8595020350044769,1.3735261990007803,2.6659870342881935,2.05042565827434,1.4177953686314124,2.371987709678195,0.9685733677618059,2.300429380248352,3.0318187445934384,1.4103175032872355,1.498634130820348,1.7410000099218224,1.7388132158338343,1.5717854013398327,2.2545344496235167,1.8103148495198969,1.9572493880347916,1.54020459100345,1.1428400567401684,1.740054822207844,1.5613446576403907,1.6859118587125932,2.166909579701632,1.0503051521415672,1.7702514198629613,1.8277728829805853,2.540792429242468,1.4635204523364185,2.4018676061601143,1.8728480373512724,1.2819966014163873,1.8086827165289323,1.4703909825809398,1.658052866925343,1.502665197133735,1.7198167184672841,1.4176527307416418,1.7029668057707625,1.6429556225918138,1.1997384103325843,2.4724795225934866,1.5352896930641053,2.3495347683942,1.9318882786282454,1.333094874123036,1.756549480914254,1.652348690032408,1.9309122873655635
2018-04-16,3.423438847101913,1.6421225174262344,1.306372045006552,2.5040927490383478,1.6486460125695181,1.0133793129011681,2.3398255779947252,0.838935298111227,2.215547258307814,2.2800285623766996,1.0302552218552021,0.9449364228640744,1.5404756950080785,1.919561927951277,1.3519323796271094,1.5695752817695405,1.6634396101297522,1.7257661922639038,1.503431302443397,1.0366861181291944,1.4894350461193437,1.4873461806248918,1.3306461633174946,2.2415199991209582,0.9565733754866604,1.1912464580068272,1.1336192830320306,1.8328106429633206,0.9901715586794831,2.0193799694424746,1.5655506500230585,1.1682101092498054,1.7248272576103407,1.1486039330435234,1.4090887446811173,1.2491342484015995,1.5802379204161818,1.5222760667444146,1.4207671462072833,2.099244031517455,1.1551775303414016,2.0922213976336934,1.2071959594974524,1.8839123277853846,1.6337803780361018,0.9625466036418073,1.717628429214533,1.5187821065932963,1.4834552372873735
2018-04-23,3.2654823120482317,1.53233212949829,1.322234829287209,2.3754730895910408,1.7244955482489335,1.0106694382016936,2.1404284908811624,0.7870670036215026,1.819069707558695,2.0839335423816854,0.8806567342918838,0.8606192664876388,1.2261580903829392,1.394048070508818,1.0842904847249137,1.3254587188308105,1.5903147975251115,1.5008500829894706,1.5588674041742139,0.9795487322727001,1.3249138054503855,1.448552220992418,0.8963221008940054,1.8768008792566424,0.7391506615123047,1.3784700183267915,1.1325969315549347,1.5804863402301768,0.9745320967195792,1.8218274695025563,1.4763498172683596,1.014146116890706,1.6125504380340416,0.9982336802593559,1.1526488253756433,1.1462999585849545,1.3105243641245756,1.1602922668907185,1.161301462587605,1.149956748704836,1.037647472617581,2.07564822306297,1.0605697364420408,1.6281682123769499,1.6580744399984795,0.9180389613493579,1.6387413635575196,1.1732903493682947,1.3540327076805685
2018-04-30,2.705753311105665,1.3846627592380654,1.4907085838756298,2.171221538368187,1.7136542984956096,1.055290123153803,2.055526076187899,0.6841152521225252,1.7207249013455752,2.2624709165423713,0.8507823560800609,0.8355352964955334,1.32695695754697,1.1307792827003862,1.0012594547160945,1.224050472187268,1.6012474049761765,1.209449565947538,1.0496178774631675,0.7399237662878524,1.2162615840559667,1.3302284401051163,1.0838753436026203,1.8910115092653421,0.6314394488779861,1.2355283523100997,1.1437647382976135,1.8403526236723904,1.025146539096017,1.9645473355470768,1.4669866457218976,1.0341815169418775,1.528829053890204,1.1224406554818334,1.0478566804318965,1.0267811025878326,1.2977139931606678,0.6263074831329115,1.0554746368575243,1.230333682426576,0.7795305662032308,1.9092864776374472,1.1313175903439663,1.6538777266713298,1.6199349377296115,0.6382071538500395,1.5553312692668446,1.022262894377008,1.2450594158079928
2018-05-07,2.2528019213492128,1.2821988321715192,1.227175149066601,2.238023297162537,1.5819550581768742,0.8277430919694739,1.7132277595392158,0.6513010190494553,1.8304683043649272,1.7611200688413295,0.7246831264212952,0.9123853095901331,1.0575917973627542,1.2585567532048945,0.7803205664001931,0.8539379025588794,1.3016799248565782,1.174609837752799,1.1900790254212725,0.7458883773733938,0.8022470774502142,1.2432439692027406,0.4999637415994853,1.8840460458961585,0.5678248269321632,1.1300216650345505,0.7048213341667946,1.2900851964679085,0.8054597401816721,1.4743017324422645,1.340262652600895,0.9744889612568773,1.5836188983400754,0.9306106137602038,1.0318754311301417,0.9955368065020922,1.0912770149465016,0.9518838030406418,1.0066345975963302,1.0636753497328297,0.9657601835796152,1.8687640841178248,1.1072320454109486,1.4616906992828458,1.2631671448019124,0.6612442783120784,1.4305041124278866,1.0368717351257741,0.977917077483125
2018-05-14,2.106870885628653,1.1067642583691077,1.387036786875345,1.886223443224969,1.471634112988792,0.7081841958283251,1.0020996104305,0.5583691293180569,1.5550834105638858,1.8308354171502392,0.6475247530919163,0.6038008486652706,1.0036948365978853,0.868138313675559,0.768972471103679,0.8528142854613963,1.4640387979740386,1.0032095768377531,0.9386996211557026,0.5660276296154607,0.868928320940492,1.1372643229043886,0.7058440541634563,1.5683049658649562,0.5310651758219702,0.7888333881994862,0.6037870800885183,1.107984752480432,0.6618674724510827,1.6093540509930941,1.3776289618790067,0.8622458177127102,1.3129909030606481,0.8313661438170437,0.7745246998227822,0.8580821198807449,0.9266531852154987,0.5934857986921847,0.8061944155041199,0.8250884159022199,0.6954152549880145,1.7013852921209889,0.8764152321273737,0.8726738406015789,1.2159373857119387,0.6550437433858434,1.1864128120122102,0.7316976053983172,0.8586299186249607
2018-05-21,1.8072754988379713,1.0649554972083086,1.177391393463717,1.8232219798655418,1.3003241439489475,0.6695365853743629,1.2441787912363078,0.4934377581510317,1.6201258425516671,1.4460621441270816,0.6372419162164181,0.6044947542229115,0.9200525687038947,0.9098961453959349,0.9034996261628325,0.758370038565902,1.2701078678275608,0.9828212020801668,0.9576997090775341,0.45627795958316036,0.7570885475334039,1.0201630561307315,0.6006614512824933,1.5113081593872748,0.47665394754419915,0.7312955523217745,0.5947768809206877,1.112445438287727,0.6395318921560867,1.426315519765475,1.2885699466333165,0.718469309146112,1.4090520118630612,0.756937188442845,0.6810744189762321,0.770317599844244,0.8304080331133654,0.47929121898407556,0.8418698412320341,0.9095134430528571,0.6317872434858522,1.3607474966458124,0.9573253223662741,1.0899045144574036,1.1004077076382632,0.5629069459328998,1.2690847814915818,0.7034618819264061,0.8047889228345358
2018-05-28,1.811443021831851,1.0248084679468998,1.071701986485038,1.7349759777373204,1.4617949188362491,0.617285601754703,2.536174634883137,0.5174357466666022,1.4332680671850961,1.726474884038791,0.5851351954549796,0.7712645282868994,0.9937956096469776,0.9928753484810275,1.0011746501376302,0.6679140286026461,1.322570692212748,1.0673941877036155,1.2240742825351931,0.5500798352529308,0.7563528712199163,0.9793759221041785,0.5494509982248784,1.5008444853150218,0.5044574228992236,0.8824005877492394,1.1485698314769863,1.5576653943334442,0.633917248219081,1.5586564865308539,1.2320321330620065,0.7304322977744914,1.4396051890706654,0.902645223833543,0.7874165570621552,0.8025702749093201,0.839620202932577,0.5009212392337753,0.8151123635505954,0.960765876490927,0.8721504565203988,1.6158697318476494,0.9225594347410699,1.0808259599640635,0.9421158070678557,0.48424584012317623,1.3188025677553459,0.6897203012474832,0.8125908115596367
2018-06-04,1.4278220584538568,1.0361872401124768,1.06065923085439,1.8508470022994952,1.24357725058791,0.6916865581302365,0.24793561162113717,0.45538101447235196,1.5650777722917577,1.3910582050048204,0.4578017957887948,0.5747590836848724,0.8980238103477082,0.9999291114489257,0.6821583879254404,0.573639973756558,1.1413232556458732,0.8435196849574315,1.2347574180842205,0.4371646475370744,0.6486130826077598,0.8712888956962478,0.568894981516334,1.5250566694679417,0.4553271838571481,0.5280584515629887,0.7169407867598262,1.464844594283985,0.6477442109197352,1.3549337536789485,1.3898849946191003,0.8139585517689838,1.3005293522529968,0.7691043417941495,0.5521076576341942,0.8124654368881786,0.7934085187412578,0.40441250919765953,0.7638948305437901,0.7299148668488751,0.5113245182495684,1.361265967052834,1.3015174342515579,1.0283205344462738,0.9626200822298588,0.37832033342536253,1.3226386404358368,0.588750270297333,0.7169588279365482
2018-06-11,1.3126055328432469,0.7207994257695924,1.0191773451311787,1.2420050083720287,1.095278323516336,0.491167822836787,0.6641182331663962,0.4135273591506138,1.282428030110163,1.3861075320250185,0.4097195298287214,0.611832653328352,0.6665755808409889,1.0179026690118693,0.7546315128934782,0.4844544518989996,0.996501555083223,0.6727047630505805,1.6653158864730617,0.3459699068591998,0.5440342449924902,0.752231873288962,0.36867005597787916,1.1316598763735382,0.416057903407097,0.8900036604692418,0.602282911708985,0.9986108909983011,0.6066521167016086,1.4988409963138682,1.3180568492724,0.731013695090591,1.1986281762587518,0.6923033022893872,0.5334621820777384,0.7791690902381305,0.7767288099228347,0.32617968677673803,0.5827527801596787,0.5899005549462758,0.47529359863297527,1.264953840249246,0.8020060738266097,0.8257625586719886,1.1812540985149047,0.37779757674590675,1.1603676738657014,0.5040255678050104,0.7413519719638186
2018-06-18,0.8715345701443337,0.7760202171038759,1.0541573587784954,1.2997032239908584,1.0897114639953251,0.46083244747340546,0.8608392060731805,0.37517425726434883,1.044438263050609,1.096326881894726,0.3515724395376337,0.465775660285091,0.6389415767561184,0.4089171682532961,0.6293175503718971,0.46785334942244516,0.9351612907234189,0.6587484680203788,0.5158587978800004,0.36742076974968263,0.6927516635279197,0.637966546202398,0.36359209200881637,1.0555475199881341,0.364300593144412,0.4078545797907126,0.6139193557588478,0.8731270043683055,0.7254415127755567,1.3122506992246064,1.0391448949176199,0.6246849232660792,1.1277823053788678,0.751236226877447,0.620615831175107,0.6682707659020022,0.6377787258111725,0.3676784035228551,0.5063311205161579,0.6561918245509519,0.44753415802230934,1.2402172985883815,0.49800080241390654,0.8702831489897687,0.971952279942742,0.4352617898525035,0.4275860725123577,0.4775119429940151,0.6743420704270484
2018-06-25,1.0320220945711824,0.6624544296252799,0.6707730878954223,1.3870817371259392,1.3343892062975105,0.41214691017671845,1.0066063743751676,0.3744887830855065,1.0466294374785043,1.3070508637944231,0.34556998922383675,0.45820579021555274,0.7340994477402518,0.7125027719138661,0.29987310087934627,0.4330794587881116,0.9598666197493801,0.7040298739009518,0.7792698844615791,0.37136838506503456,0.5075688007867851,0.7113325974383402,0.4526782830688416,0.987790242312006,0.359583124317889,0.581448196347135,0.5653376145437439,0.40503734451697715,0.8647103313635651,1.2678180156551744,1.0467414497350345,0.5763262522609243,0.9698184805114398,0.5663220949246175,0.29466880816199514,0.6443671421987973,0.5745120419534031,0.414020290188627,0.5387441221525202,0.5954162395590351,0.5754795997057865,1.0489560513582652,0.6393744738952059,0.8603413877001755,0.85755383855013,0.4239135702047614,0.4332182733491803,0.46390510679024666,0.7518019962241616
2018-07-02,1.2740496069249754,0.6924067881139149,0.6526139455663318,1.3124238972744258,1.1530500560665515,0.49291375874003607,1.4920677455549087,0.480805691350897,0.9972864471532554,1.005478251519331,0.35131014196441435,0.4678529704554863,0.6504266208009095,0.6333004852249982,0.8333766652575187,0.3227444447039281,0.9490242961180029,0.7152760844596877,0.8605387953173587,0.3025571285559592,0.5194949776323111,0.763043629195485,0.4643240833993648,1.01365706343536,0.36403829557119266,0.4465039064432539,0.5530192352895846,0.4928412251116382,0.5419320360397653,1.0496351674525852,1.0171385725782127,0.43374072834928346,0.9915040377961782,0.65611112972453,0.4094523056504443,0.5773746203054559,0.5804844412339538,0.24807950241253351,0.5663702957228495,0.6485875550182847,0.38036583320244416,1.370733678341832,0.4389580890693111,0.8280475341049862,1.0095001973538733,0.5125346897042979,0.40168690760312675,0.4416321257072606,0.7579957731594243
2018-07-09,1.2025886974048232,0.7278153929382595,0.6698413661735199,1.3391842707712183,0.8163458931569931,0.39877599125841534,0.061766974042967854,0.36715198052365156,0.9559934275844414,1.3682463238411344,0.33791163338643215,0.45974254155091776,0.7231880296659796,0.6852174521167352,0.34856957158041435,0.41048087203492917,0.9123967191230266,0.6778396018351958,0.8090472847448933,0.344693678995852,0.4743731126307288,0.6588911668187476,0.23047792434703315,1.1176098227508722,0.3468035804549995,0.5802579288410041,0.6016085824220645,1.167158606741651,0.34653407269681097,1.1964401123020063,1.0625529187057474,0.48023345115209537,0.8517954902670082,0.5873058578180987,0.4605354660657226,0.605974908211369,0.5583343809157609,0.3378134564777045,0.5053989551885121,0.650812295257758,0.6602099191265101,0.9841805983361388,0.31840711686198647,0.7934918336927579,0.983779491964715,0.36485563605177534,0.44096136842695194,0.48151161213239785,0.7608744577224025
2018-07-16,1.2289936686716145,0.5915494491105653,0.6760082798059669,1.1869373161890717,0.8386442575824705,0.4353910950511415,1.125601989509537,0.3239814830556705,0.9337219642085783,0.8725511354527057,0.3983866062039262,0.33656379504189876,0.6546253649391927,0.6922885667192133,0.280705595716029,0.4065946692881762,0.8438408805214042,0.7527525730926707,0.8630671642877551,0.2970586801850086,0.427295451737242,0.6421945428282552,0.28559425250682,0.9522686991440696,0.3265120273121537,0.6366362267997165,0.4762669520898095,0.8551561423572225,0.47351489560404203,1.0084671645131982,1.0093018062460926,0.48818511532049985,0.9409954125567731,0.5591187835740573,0.46793920906136344,0.48324949960963415,0.5338338957203241,0.23345921207975429,0.47886751344727974,0.4329373360536256,0.18087505956247577,1.0803813888301663,0.3975493284760656,0.7297185695419317,0.7795331850352063,0.30464961780551564,0.4637542806471645,0.4560670411676513,0.809109268520295
2018-07-23,1.081148235883282,0.6463077557573997,0.7115540663789759,0.9643669436144824,0.8038107419480387,0.3895687753948577,1.7746315128617864,0.4075094035151428,0.8279502293851313,1.0172035122385785,0.3528663558149542,0.32777450074112163,0.5747549595688246,0.8131574713663272,0.37340577947026404,0.45780696964678436,0.8049842707536321,0.5843472155082892,0.3737340455675605,0.26180376499203617,0.3788485773646233,0.7071240589409304,0.3445131902878492,0.8817397285175348,0.3146284791728389,0.1120830866261569,0.4033672725073456,0.8040447922879872,0.2532097440888316,1.0172828017848323,0.8768546822497232,0.5224854598728934,0.819835102021899,0.5506994287608438,0.4505538989797231,0.4721468397692099,0.4312072346032898,0.22440690844030442,0.418855057442273,0.4763490854337644,0.6613181296681556,0.873899790510521,0.381245831681703,0.698541519903277,0.8685134619403594,0.32308527704634804,0.5130948276847358,0.4011830266603796,0.6210473227746725
2018-07-30,0.9975496489571338,0.6157704567929262,0.5461208773521949,1.2178092269903378,0.8059642973102641,0.33295854308303874,-0.018716183363908095,0.34925413192706023,0.9845689165340052,0.7912646585958975,0.34410092837016315,0.47433658445478977,0.47763989218407266,0.5495290814143561,0.29759111783951325,0.36399524823694035,0.8932741462514763,0.6231103938836058,0.5466029850007919,0.31008103134926085,0.43876615392589824,0.6476846151398714,0.2628741334265654,0.9741770488974717,0.2914556188083003,0.49693068475717195,0.397879547971963,0.548955923509731,0.5556867185453316,0.9211173857849788,0.8974039355971414,0.4632172697852809,0.6806149428486362,0.40103852483423963,0.38654578601442585,0.40902043099004515,0.43734785915871977,0.2230930401306369,0.44936196464156497,0.5935812394867203,0.39234951732482004,0.8604097975584227,0.3004643731747072,0.6556657103336425,0.7390075460746988,0.33745101778347764,0.41421845557670667,0.3641632993971109,0.5172698268251386
2018-08-06,1.0372705161045759,0.6449548566328267,0.5691860136690436,1.001572507632654,0.7951496909546026,0.3805695199988019,0.164388497168439,0.29152972932074916,0.8090889400498259,0.5919961321582531,0.3440773123623044,0.3075840678166373,0.5399683454149756,0.5314656238692751,0.3202120855030786,0.2593655385311367,0.9052506323648661,0.5294181476224886,0.5053563483785516,0.3034413906158613,0.5019871698168207,0.6963071110163604,0.32000805034123514,0.9095661494949626,0.28588797371248853,0.29963408050434176,0.3946091733189582,0.5565896938906703,0.9633440144376748,0.9465223572893413,0.9503650403416576,0.4056048345598843,0.8549546530653012,0.5782836837151641,0.42818083051351763,0.3862713555208586,0.49440721831824463,0.22932439383688247,0.4158370943441179,0.38220008185334853,0.34130338047397213,0.8896564791079662,0.36256305189354476,0.6433933219377376,0.842278794940444,0.2214071374704347,0.36263744136000975,0.3844164028477114,0.6352804303086542
2018-08-13,1.1012291278083635,0.679758684341877,0.7387127756236422,1.2311358759679454,0.8447893850607998,0.39941574893058607,1.321210570279029,0.3158960576770577,1.056094611784395,0.7717590659005552,0.41413496218169243,0.3454538354243585,0.5190010811932901,0.9363355501004564,0.34171307996141287,0.4536543956912424,0.8379099166683986,0.6827687393358103,0.6746803286711791,0.31250169047278686,0.4031415133985319,0.5525175119248282,0.3823946747175051,0.9941430406547123,0.3184266019335409,0.28145616506783744,0.3836175526217087,1.0523309718969514,0.6903662727355746,1.0679379516046366,1.0363113482527018,0.423564551837321,0.8668143732555054,0.5826847122911023,0.6132754745046358,0.4985511070956805,0.4693483379053544,0.28399968098859957,0.44425168064750886,0.5320852587959892,0.5517926844546224,1.1065683292277702,0.5194161603699459,0.6732730921666339,0.9511810533088402,0.36215243416966414,0.44103988964498286,0.3845751859323321,0.6589094470536212
2018-08-20,1.289415954925617,0.8944060019218611,0.6455794055678801,1.2296217654985755,0.8429916488555468,0.43281892901501806,0.20656267779884,0.31898715797852256,1.443656515674559,0.6179045657031987,0.4728363979054082,0.3544798029476707,0.5674774448654344,0.7507524422730519,0.29846033337591316,0.5263212532489773,0.978423094547973,0.6927262002548291,0.5988048263196727,0.34070711801337483,0.4567568770828103,0.5720815246807449,0.3676011918548763,1.2755242007191665,0.32151770223500575,0.5358910733013204,0.3974434689515785,0.9527911730420694,0.7479016642572104,1.1743412020065955,1.1594934981864717,0.4618276793636277,0.8577791282015192,0.5856310730971849,0.7061939554864659,0.4966444116348231,0.5294205929555132,0.2544096446863132,0.4904776297927396,0.5521102686093167,0.33984763746922764,0.8649741146413461,0.5222289111545844,0.6951047395541774,0.7026833658220545,0.2610439959165282,0.47599255233684135,0.3999102646617436,0.6527969036697554
2018-08-27,0.7838261029148044,1.1984260720857702,0.7157181629197082,1.5732892993304473,0.8084950381244176,0.5735997317608639,1.1165925013504225,0.3564686656636912,1.484748924731342,0.8062800672961803,0.5145270520008532,0.39841336196161337,0.6321155124502631,0.8805605834103052,0.4125004446875594,0.6923967423537931,1.212240971378984,0.746089044396383,1.046918576010912,0.37534485373088905,0.563510830411081,0.5722541880369569,0.3550216088065192,1.4002334121890787,0.35899920992017437,0.38302142467653205,0.5302237185783332,1.6371625152992142,0.8496695438684438,1.3337205798313148,1.0277304785272845,0.5468136142629055,0.8852202703961125,0.692384222261299,0.8652795074931472,0.5173634248563281,0.5631948450219993,0.2812485525341576,0.4566565969157378,0.6677032485154766,0.5884147709783293,1.2323330983678178,0.36257825772646846,0.8336982786733487,0.9252257364167527,0.3433465720171115,0.5465777782424553,0.4297052815939909,0.7293419336533438
2018-09-03,1.787511786435089,1.0857265923951827,0.9661900519215474,1.56440531691771,1.0232792061466558,0.5815523102984475,0.5579368617184803,0.3972080042081354,1.5152455067065864,1.1365654439097048,0.57258375857692,0.4460278505046307,0.8239898150693676,0.9537592437124545,0.37249447134894326,0.6650909767164295,1.2353827399457564,0.7946229378789169,0.712889885595481,0.38869279015894354,0.5655005692458838,0.6539701766430948,0.6252857177012767,1.7496519174858487,0.3997385484646186,0.6700473636170565,0.7417969905431726,1.643687182486435,0.38277833032438846,1.2100450034840418,1.2772316099750223,0.6232188509407338,0.9529947402119066,0.7875161561657582,0.9874076709567725,0.6244451553603421,0.6499025909348854,0.3236965476983041,0.5500725388746303,0.7506808510973133,0.6936664367755859,1.1020580871332508,0.6175222389514762,0.8584619038450052,1.1476581820588585,0.38654655702794244,0.5962784311302826,0.504595494318399,0.6719647467052307
2018-09-10,1.9375361963588382,1.3566122612849556,0.9960739047484503,1.6274872478674973,1.3155837838446929,0.8474755862364528,0.7841047333359434,0.4610206848369413,1.764950715905006,1.241178778849259,0.6672499666937497,0.51703852463334,0.8752379091697805,0.7222964394860626,0.5687615563400286,1.0696792225666552,1.502047420370931,0.9916062612884233,0.9962386852640862,0.4989682667894596,0.9445720410816885,0.8750517074884265,0.9209356926531613,1.579865657107944,0.4635512290934245,0.7989468130681864,0.7610221261883459,1.751865500041892,0.7148497088409145,1.4339951332911383,1.429871402429025,0.7423978155901215,1.106094137503205,0.8258249081856546,1.033842557126593,0.7522864528379396,0.7988077851640034,0.4509939384930881,0.906389217998825,0.9432271706814438,0.7939621876523244,1.704236643223563,0.8189927557595889,1.0484913061813135,1.4169953258197274,0.4975766079013323,0.7799451896706711,0.5754821536136837,0.824629223697508
2018-09-17,1.8511885957064602,1.2918343406436843,0.9824368535599433,1.662933530601531,1.384700000362705,0.6474276790393809,1.6648091815248416,0.49078609816719787,1.5684021901593945,1.5956864822089412,0.7031466822862786,0.5274796190438988,0.8848990564865524,1.1375477340759024,0.6282907268923876,0.7532707277718929,1.1178640241214644,1.009012058091507,0.7370056556518467,0.4821890984493725,1.0748928385019323,0.9769165607525288,0.6590312701687964,1.5092010135569935,0.4665764494564481,0.8331604744287902,0.642866704654211,1.3711269272255084,0.7010225930658012,1.6722419039591192,1.362516113846163,0.7232992095492004,1.2405812386244683,0.7215202286887831,0.9930962640711638,0.6405603747112483,0.886517719972648,0.43292416441543907,1.0178330622536937,0.9692745886691763,0.6499258140014104,1.7514237793653231,0.7469353749494658,1.1934475937465236,1.2211284102167805,0.5395868672292327,0.8867901663627782,0.6379577221854943,0.8026557926002663
2018-09-24,1.704972156099561,1.4752928680315225,1.0614016439198497,1.5617029918035097,1.214804197151318,0.7068694829210487,1.95108972154528,0.501593738801249,1.6718575022060813,1.2389814616323478,0.7539391938552138,0.7237261832075469,0.9832900300704508,0.8433193065362277,0.533122214226291,0.5767121509194755,1.4192076898681614,1.0847134427493765,0.9451580701598816,0.5758870149049174,1.2631130142756073,0.9728471510564968,0.8495749136939371,1.6207195363729763,0.4763808964660978,0.8846853961202332,0.7766934728246915,1.1637076431000568,0.8314698935334524,2.028456150080637,1.3667352715601695,0.8019145816982995,1.5868491838099108,0.9428723838253733,0.5200846357089715,0.7688918317242415,0.9808811113067343,0.4752885042036968,0.8551460022016637,0.8890344786025364,0.7356463536772007,1.582143686141387,1.2951970395368715,1.1965387898673545,1.0405476931991218,0.5814332554561563,1.0517525447978708,0.7304764832087379,0.8185100647747926
2018-10-01,2.191708652132308,1.413616304427282,1.4925928300483255,1.703036447231281,1.2750740232887432,0.7500086314088578,0.7521813837858721,0.5624501869371721,1.8750606677037998,1.8052929414689085,0.8061785512327576,0.6481814593905466,0.9310711252235753,0.9281921388898253,0.6075746448100751,0.9368379672546976,1.4576966726811993,1.1445508076140674,1.0806689923345683,0.5945611557061581,1.289452507502302,0.9845561324197312,0.7189398886408098,1.8008993549948946,0.5226526697902341,0.8468712385458874,1.057612717320328,1.4094871559067101,0.9268535572479222,2.1978832192628217,1.3309428730286366,0.8119534185732322,1.4668496372422228,0.8523404155014712,1.6511547017681363,0.8532345458216049,1.1207352723770934,0.5661555008974866,0.9379383503425383,1.1645627879968254,0.8937617906487275,1.8698010843904576,1.1574772936609667,1.3661993371634684,1.4888484482573607,0.4961253187837063,0.9899614735574833,0.7994711247955782,0.6679884097962447
2018-10-08,1.7439445012155015,1.5930680632699314,1.3241185013158947,1.5561455631164265,1.4819990891463233,2.333938330933424,1.554825584251279,0.5674694027732478,1.9930881117955592,1.40853392862137,0.988386675869886,0.9156031921555738,1.0378339080349588,1.1566279744036057,0.9241612865028305,1.2479439157790517,1.7966708979087949,1.1474676035368643,0.9767234060942891,1.204629841136382,1.0110722558343503,1.076927675276945,0.9952888195254381,1.7797510463537705,0.8152931730858143,1.2174605271985086,1.2373293451319802,1.7880991092635379,0.8904589007867665,2.2020447895423616,1.1588408316818382,0.8071227455848466,1.4758781853361538,0.945683267232766,1.5696915383065488,0.9203288268261327,1.0515713313279784,0.5802421979553879,1.021254433167942,1.0814849605444974,0.9703303699593997,2.154262770975953,1.232656548032571,1.5256667815929787,0.9856870948967733,0.6431643294396826,1.1655989260923396,0.8659831741625286,1.294684568157077
2018-10-15,1.9397989826941724,1.6621846833511724,1.2911375893384656,1.5505098917296998,1.277908611443617,1.9966865764877118,1.4861736244991475,0.6076895955226951,2.034177072837111,1.4571053745986307,1.0284515126384728,0.8125851816294887,1.2162022125162915,1.032049770401224,0.8648525324522778,1.421983262570603,1.7124886179009526,1.3271455567399204,1.0474223480473295,1.2737408661521226,1.0569244766441765,1.206307232720477,0.9506884384764673,1.8682418989018315,0.7981294763983308,1.2307619629117523,1.4583086280219097,2.1867468260102023,0.6494160047779289,2.135153232177162,1.158079611943576,0.9761865117678477,1.5474182211504839,0.8734385452185611,1.6851125481883407,0.9308733051026846,1.2254826278641398,0.6625572192516095,1.1083528833561231,1.0008517187510324,1.1716444937104395,1.8308450238695113,1.1328743145347104,1.615240863760655,1.0148230416114672,0.7513978826528707,1.2515533813989252,0.865283784387366,1.423399190046631
2018-10-22,1.9109418454473994,1.7512713314472408,1.5978649518688433,1.6323883126681307,1.498062150364937,2.1836582227899,1.3262998352444375,0.6343023461224768,2.241645475096361,1.514952342078056,1.0519264583338677,0.7398258518838807,1.2186006745470603,0.9084419183776342,0.9482120618666798,1.4835552364991216,1.9123618054340756,1.3917032910893088,1.358417844126827,1.1471776262685731,1.1081372626333232,1.1621092455451185,1.1573663385057738,2.0084433548634903,0.8815370819145658,1.3076696439057272,1.2837885038682246,1.491655361605692,0.9797009947168387,2.279412562308739,1.2979388893104746,0.9815458840181266,1.783515454240266,0.8894064293744837,1.8304288405110114,0.987040395247438,1.2256967159518368,0.6552913382469486,1.103393724026625,1.0874036515532353,0.8197828883524514,1.9709559895688047,1.3976547155739079,1.8447794727433364,1.0372034350563433,0.616722994405636,1.2665168035879006,0.9339011079124746,1.2128511718182122
2018-10-29,1.4342150483795204,2.1131389917801737,1.622433893380471,1.591442514501186,1.623555659322494,1.9105244710204192,1.6651485655476308,0.6960747716858173,2.4921068253551177,1.5629933706927708,1.1769312212349723,0.9395869125696923,1.3562884151467705,1.1361735948951166,1.0748441953319365,1.6506029592767817,2.1999041416754572,1.2976279206592751,1.245236033023052,1.4045948229337335,1.2187099820721483,1.2296535584704884,1.286269384957754,2.246224203870986,0.8735391330768887,1.5311556009157221,1.3218794249713983,1.9101344104002793,1.127090700749009,2.564122154683698,1.3539885811306662,1.0162654918668355,1.885390538639144,1.1073647443769397,2.10842893496837,1.0326182161101485,1.3276772040987164,0.790191291503219,1.2959724462998035,1.1313216036506468,1.6364863870194442,2.3094968396882485,1.646303493611764,1.7806885754552906,1.194890313970723,0.7819196235410797,1.2688200228402287,1.0188667458629896,1.1641817438230255
2018-11-05,2.085553914296843,2.160886647203987,2.006598338974751,1.8744433486840035,1.799414232049039,2.3536639398083903,1.8468369257886859,0.7599198739479662,2.756785809394289,1.6574699808236353,1.240627519367901,0.9289984004731794,1.5095034951227335,1.3216454735005758,1.0928119183752094,1.8861927311187165,2.211250495033708,1.3884905295004497,1.8563480761698563,1.2206933536128717,1.2533954865458161,1.461209610645171,1.671428630713483,2.409337976793686,0.9867791782183034,1.5847853766013396,1.5593811064565397,2.114312174649317,1.1440271972291838,2.5108325642358094,1.5148048310355746,1.0751147914604142,1.7382316133241988,1.2317493049253478,2.2839857492779285,1.1246732543239475,1.4266023349580101,0.8927581221266407,1.424592481813904,1.2627454283668116,1.2309100558289727,2.501823868714605,1.579196635953195,1.9942705241438607,1.162445540882323,0.7977155220834502,1.3919263780827942,1.0798828954268869,1.1940823310438171
2018-11-12,1.9663208605928444,2.4830428846579506,1.9840653910676223,1.912243776727814,1.8523433255169224,2.379230598720052,2.1529502827988676,0.8916154349214397,2.7245368009947417,1.5213417433607646,1.2205824973517208,1.1025953993080946,1.4633346012751882,1.299184783025853,1.2095849533282381,1.7249304782466233,2.519724034825826,1.499300280478451,1.585929141187103,1.2865930812901185,1.3843603778369489,1.3888224077358982,1.507439034510369,2.5031099823036502,0.9533266846941018,1.6434864844884105,1.4458504610467942,2.1033605223685585,1.1958449574594512,2.507866544137613,1.5376489160818188,1.0942182367892817,1.8505131700923592,1.1272707168501537,2.2577701720921457,1.1742727680876923,1.524138486868047,0.9319233679852832,1.5585429770966672,1.247830019014263,1.5074010874985233,2.6688010245624687,1.9304482177168694,2.140870862045414,1.0750959029087892,0.8649658539260996,1.3432404275835,1.0997919110886185,1.245071706568296
2018-11-19,2.253876970367771,2.5696384462027733,2.2369480313235233,1.995642494295384,2.0522384358376415,2.700130112219591,2.239997630211926,0.9257289933012135,3.0864927707163563,1.6859342502440184,1.2469009543401293,1.5528561915589796,1.6114961557703005,1.4472646288176598,1.2568667675070817,1.8600630082468121,2.7433821709160244,1.5004933620883434,1.1707852762971909,1.4918120414689526,1.4834659055553943,1.4367879306585287,1.0051035207358159,2.803792735569886,1.0488516816303748,1.8269015749623774,1.6409604294707978,2.4001506504435026,0.8825510364679604,2.8551069683649555,1.627634346856441,1.2017982900601305,2.0345917128379045,1.1142225730784332,2.9075851589270063,1.3253246515666064,1.5948722629573227,0.7591216168518247,1.5363178534451598,1.0219300574556454,1.6306648280008615,2.843156240642563,1.9606020963449986,2.2882528787378305,1.2091580360461036,0.8942736310480929,1.4863434213383884,1.1645212518079964,1.2235122257999889
2018-11-26,2.383925107167017,2.6995041109952744,2.494969151160587,2.4011647981089514,2.082641042422845,2.4374743640089505,2.4252131045254677,0.9531487446376357,3.676849966506241,1.753736778241453,1.4730132728064413,1.3039892233414352,1.8114214405824074,1.7213118841980548,1.3860759035978756,2.0556952401555924,3.1768149183830863,1.9829258093248776,1.8709636383945796,1.5757290701386277,1.689630131400182,1.6080519091076078,1.7809924632511704,2.861894502571235,1.367580382397582,1.8287606973508281,1.5405395373869313,2.762809602829493,0.9443162878907371,3.0006932766721173,1.677422086772966,1.5645160843824018,2.306296562536798,1.3873713910239736,3.215192116150712,1.5167676277374023,1.839603306153637,0.9966073446738557,1.8319023098813119,1.5204403978318468,2.086934648859387,3.0958047398167263,2.6059441351688593,2.5384324186120457,1.1572677469857715,1.1471552794147883,1.5638869142069824,1.34935674278473,1.2202484088363563
2018-12-03,2.232343257767847,2.661580082742936,2.157942415520673,2.3685328428922516,2.2850120860509024,3.087845716361709,2.327185528774744,0.8899766191700346,3.0419587114799556,1.8305166527230798,1.4028507866895965,1.254230704775807,1.6613641473337333,1.510430623819718,1.3082358070242595,1.9151521209710682,2.7828948925642187,1.5968185095409595,1.4790983679111185,1.318439571275725,1.5346714561341772,1.5581892083541722,1.6619615032044726,2.921312586027382,1.1660737404338986,1.9431755999559934,1.7735600389229367,2.4422422788635756,0.9643841764423259,2.7956114537984704,1.6778955789394825,1.499252104908437,1.964613316970155,1.4066449380272152,2.4466347755717948,1.3173125215452741,1.6165375419983485,1.025840522923199,1.7917935362217863,1.4191607741883512,1.6916906331330523,2.975059350246776,2.197600525320111,2.366302704031074,1.1848456539728685,1.0171486517048378,1.5566947536020064,1.2774394589827462,1.260398552803771
2018-12-10,2.30171634331443,2.6230130347275114,2.059093149814416,2.3760962197803206,2.3978392332568905,3.232487955905615,3.2194954255393204,1.0581453637198979,3.296435359066381,1.9903426498304935,1.4200189189362615,1.3306455225484886,1.7892073552278358,1.6496940151642696,1.2831614250492018,1.8234480921245073,2.567642950851498,1.80947990935483,1.4647337414053503,1.3557425939493115,1.4880753327723972,1.5406712909403721,1.9086760515400534,2.8211824002435435,1.108505044660231,1.8886005378419617,1.622629181918628,2.2393503595500075,1.3470354798404118,3.121372534041214,1.7932664649721939,1.5160935005744327,2.3997637648215946,1.3858686665511672,2.571834772706505,1.4345026056783259,1.7737833664922804,1.2769740886473167,1.7610301850809447,1.386432998887614,2.1020632807051687,3.008825197222108,2.288195723628589,2.4278925632858255,1.346403522257606,1.0232475617645305,1.5229338647052266,1.2199792618082694,1.4612344272812545
2018-12-17,2.5861015229872955,3.363901805639604,2.706649672148539,2.839755240453133,2.774851681084151,4.227808482567925,2.876151973306995,1.2238353530735673,4.456723840788708,1.8341890539804382,1.597473105592305,1.3443244371933458,2.01798351778904,2.0362735905393228,1.7101444169359628,3.031608067287069,2.8944563040797706,2.0691859737334055,2.072137792170723,1.6301592236800753,1.7744883008261043,1.848366681091591,2.5176410401789546,3.0931170288254437,1.3347264442776448,2.2250380935063423,1.934406324453009,3.0257822027149297,1.1842209102072845,3.6358707214122834,2.2940853171123607,1.8747219775673702,2.7901762117053375,1.5619997335845164,2.8485156166421772,1.7574967829023649,2.167896129152818,1.2530192322702873,2.0793884704412284,1.339479641822963,2.379237724377828,3.5301652392742056,2.437246881933371,2.8171649356318307,1.7773796984854964,1.2537454204482006,1.7469524585682246,1.5499783484230099,1.827782385582986
2018-12-24,2.862506712543267,3.646445250211669,3.0959195465546294,3.0107054715057764,3.068735355762061,4.895568746241984,3.7530476392530394,1.5902418692059563,5.17899985965016,2.090259894740451,1.8257432927795867,1.6185042166677217,2.4723457800394737,3.118945855389029,1.7790445134428654,3.3298306167377794,3.183081486347822,2.6912909797794433,2.7659455595285216,1.924602907673868,2.446974022367759,2.0370627299657804,2.66442493668284,3.9641283809965566,1.5426550615710701,2.344765699265124,1.981524266435911,4.491758132320615,1.6082312852715503,4.224180398137005,3.433601863210985,2.7825084076008473,3.268101516436675,1.826237071759505,3.546566208366607,1.8802038698876857,2.450366059981127,1.6332926615357906,2.489910405260726,1.551048264889975,2.5781510675651393,4.18879798896691,3.0957774250412085,3.054986878700678,1.8713147343341756,1.5340201077788782,2.0109957416466893,1.7373151717152173,1.864820386022862
2018-12-31,3.248773122359068,4.8177281678020485,4.025910658485612,3.9304616484329538,3.5635541324228326,6.240017577686365,4.351781573229378,1.8841549098721169,5.765107490778054,2.6092193725972503,2.734777426910888,2.8336800028617315,3.7177641267953536,4.316441173449406,2.8758785626652354,4.338170302121591,4.308186502787417,3.822069965907894,3.308976822589795,2.5570304775710104,2.776947804631593,2.619330547785599,4.631050489297157,4.5352097815022026,2.3748301879740437,3.466460478042763,3.1439993708132903,6.852349559030073,2.7387073383722593,5.808535553514804,4.9035689820713495,3.6024291130050523,4.080493170757308,2.769173472928948,4.677516597856304,2.3914947308646033,3.462607463633219,2.8702225418209535,3.30824821029534,2.439444725002332,4.1883636264193145,5.458592811330879,4.386867709170081,3.7987997117545715,2.763860815616032,2.1502711934521432,2.4336011531711446,2.2568417826808904,2.8163258108185825
2019-01-07,3.120070017179131,3.493567239194191,3.2230702225891736,3.578365131980627,3.296054644168735,4.3190233705939525,4.296586831866281,1.6353714098599943,3.8955333536088244,2.7853234984869584,2.313377426015002,2.144500100458747,2.961002486500781,2.6600683490856083,2.303577397184673,3.656534186098117,3.206559834247785,3.170295656577434,3.437573696049168,2.4433119884997296,2.347862211267185,2.4188065850271467,2.581253023322431,3.6929049612634524,2.0061515878069796,2.808812989423292,2.166782448085913,5.688483240204153,1.8613753211121746,4.437453421871971,4.092036819457158,2.848641675613881,3.1681449011574836,2.2426001195037726,4.301461148307115,2.4293160415459747,2.909702984117283,2.1240908908105425,2.9305252984741523,2.340320605638226,3.2035146956874896,4.197922141655363,3.9753577358615706,3.5033914801058303,2.3470917289496804,2.299434922813953,2.2152201432135277,2.0441444727471296,2.5213944552138603
2019-01-14,2.8116596228703417,3.110255013152913,2.59045538331224,3.6025448207618074,3.046062830268008,4.088510763777972,4.229348948147477,1.51924183351642,3.412977918263067,2.8097061460624904,2.0975924382107523,2.16536329947294,2.384623422336988,2.5403298423748,2.2640846436669433,3.876752125354484,3.0305933970663936,2.8502480559114303,2.7582852960208966,2.411522210807023,2.1251317209495397,2.6615392664097404,2.3032015477549783,3.375164483431372,1.8803702244955784,2.525498874191673,2.31053383743377,4.548614439288512,3.363008757577947,4.132377920578,3.607426811098157,2.782636025728848,3.056191011425007,1.984356672062706,3.8047672386048537,1.849262918943471,2.537201090782136,2.6525851879995734,2.52553349209264,1.9948897312575147,2.070646117884835,3.9622694242173813,3.3731958274008775,3.2736638689484883,2.5323448911139805,2.22990821389425,2.1331397676848876,2.0076101724387607,2.544173609979886
2019-01-21,3.3669436958775893,4.223494592818452,2.9058025443355797,3.4062735385775333,3.006564706238767,4.034974783295971,4.4010511352234225,1.6755004172101087,3.840906163380355,2.729366081613219,2.3941857492107603,2.4795245254084715,2.6436489919026815,3.340548678366577,2.6504323816675983,5.488827054483704,3.4822292501375713,3.1799582814504124,3.9567733900973687,2.550164783576987,2.443858155144712,2.4872647530631444,2.890342495717209,3.8704064829955875,2.0323854142060984,3.0403526944574377,3.114590918785863,5.93669446928817,3.3133625948105543,4.665136613906305,3.771035731517766,2.840924554364955,3.8537984655279205,2.33191762506054,4.297851151561747,2.150216141795073,2.7736248144665265,3.1693060885964472,2.7584852850649533,2.375332481259355,2.851237381565662,4.751860920314933,3.2527737154725616,3.48006748751697,2.7762009726604546,2.4195738712664197,2.261304267322611,2.303547013403527,3.056116788061266
2019-01-28,4.755622891895663,4.99636180324507,4.055355935900901,3.735200164316348,3.1767442067343823,4.1756985481405975,4.213427834184245,1.9631898172909752,4.356493951779157,3.9195634936653416,2.6674093054493304,2.9597344531902783,2.906335767269623,3.0892936062462235,2.6929649243135785,7.2981106792648305,4.245863313205425,3.456184232227434,3.696111603822459,3.0147626080116376,2.794744443932869,2.7702912439920544,3.1922663084664045,4.681916520951652,2.3955473645112453,3.955601488019063,3.136120877512404,5.804456787256234,2.929284692102299,5.019618940728703,4.052576262385209,2.983413395609512,3.8976064622521087,2.6421685211792254,5.143786956876843,2.5102383794379013,3.324594564697616,3.701137010835626,3.1291805489225304,2.883491254420191,4.0639945800592665,5.853548938807844,3.954337583802748,4.265982994630239,3.1960128145984292,2.8133463078312286,2.525346684012568,2.679780387129952,3.893313199725606
2019-02-04,5.5869555450648445,6.834515890329131,5.070848223690479,3.901329986450434,3.850773982567849,4.762708051883502,4.617452117425619,2.6644027649486794,4.863964340355723,4.278778462868067,2.991088863442445,3.303676659169721,3.6412879563180267,4.060723301864367,4.193836611695721,7.262322170189922,7.363016787712505,3.6667913965836774,3.1169186083577305,3.2386973565429287,2.768527150092454,3.5506825476784325,4.611490397090606,5.978527082132029,3.501977044808677,4.717615373543298,3.8151254597163056,5.49452953354327,2.876018863886905,5.16156218342778,4.278735414389393,3.0636717438789622,3.962914824506255,2.880104344133652,7.186868090648176,3.294078408441936,3.431934822657247,4.694850953272548,6.508875802298823,3.147069546828658,4.528439984269404,6.895226937213469,5.0053515638536075,5.167223894257738,3.90796215733245,3.2171046878613834,2.9521262122484107,4.199994348978207,4.375691244763031
2019-02-11,6.8346802057795175,6.916987517612159,6.423430806281861,4.14766293218364,3.9245876446312544,5.026363392050856,4.993648476496289,2.8712126472002386,5.903414775320991,4.421069366254666,3.0715833958016026,4.752635223419933,3.2615876429969783,3.729124769793322,3.4107658708743553,7.220093576461376,7.553554801147733,4.117309908518889,4.647197890126669,3.6437288161647974,2.975453925443868,3.121485784589888,4.480413477457532,7.005718087015817,3.3138392205138136,6.095904374739934,3.8999662842231437,5.719093115760554,3.1747011788238746,5.322194211990859,4.5939624780016945,3.3201485723448543,4.4285380640312075,3.3208124314154195,7.736367881625925,3.2654319194107524,3.715169348713626,5.349752409470286,5.112955684146752,3.272456633349189,5.721709802529886,7.9909476241116115,5.5723971281388875,6.03941698123447,3.2203806425687267,3.3396910948847784,2.7645423945607632,3.3303884387678737,5.425579790350198
2019-02-18,6.875200537183401,7.0499953472714,6.779917425315426,4.037584680022299,4.418843754312501,5.948800655209247,5.01951702109154,2.970783817910769,5.093493193469451,4.742743613969351,3.346703317424546,3.786856143288004,3.7857332186102903,3.8209270930080574,4.047979142627339,6.610835882639397,7.7096439071068215,3.6012872822731614,3.9335124117443643,4.041745543019051,3.1732214795083427,3.208725330057569,4.867761795444572,7.544641075165383,3.5281706927442134,5.452235948190529,4.069837720338328,5.025300231238079,3.567176295239447,5.20060632320122,5.338899212881884,3.428828901939612,4.639046985448781,3.4287891564756343,7.879974255419663,3.536747683246949,4.060926514260764,4.519550290520902,5.020356456371293,3.4699110453584936,4.875599222812058,7.869921899436477,5.678407574698183,6.160039126139967,3.603450424802541,4.187891161580601,2.924722575910766,3.7888242639282868,6.004893864085808
2019-02-25,6.259193441486299,5.649539860235815,6.839062765175352,4.290428041249502,3.9374890846658928,5.870026075808454,4.575555934952808,2.790669762190782,4.967236948377774,4.812248859899393,3.4185699137713437,4.324654287768107,3.9511137716377265,4.256443201550374,4.178401335242986,6.704508568819629,7.148637194772345,4.0029512733379,3.9148842504253314,3.9811465763318363,3.1313501193349254,3.256810616806429,5.960457900674553,6.044897024572997,3.6006901431626868,5.191105276381032,4.660512230614566,4.79714924881544,3.234387987286409,5.211441787401639,5.453450795767454,4.144205882815686,4.042140628080505,3.9011955007862955,7.809812118743058,3.884124098983535,3.8440392348580046,4.092730835401789,4.957927441828655,3.5136129236167886,3.9700112189372403,7.186200877474001,5.7950874624663875,6.604283272686839,3.503409531173382,3.254707635938206,3.099166889365228,4.23737850575927,5.532328931004891
2019-03-04,5.503982333714313,4.940987631977457,6.241443309484706,4.1381753626702835,4.0280575089392165,5.442473098829437,4.734159882740913,2.5395246094138573,4.002531447211165,4.740450409082905,3.512163283248687,3.29379847006833,3.6876146586353045,4.711202418567053,4.615866446026241,4.417721822296027,6.570664830912084,3.038241226061193,4.201587799156584,3.5864095655446864,3.2317795711010153,3.5425874471698986,4.80999322325518,5.387841153422843,3.8120785311247722,4.126615472036888,4.5257327655451345,3.924652542471574,2.9479907050547567,4.329561845920985,5.310771884191859,3.736948573701233,3.172531648853503,3.712066123882156,6.723691905656988,4.230876342177551,3.5965682067915545,3.7909302674290783,5.858744965225795,2.9780984400789974,3.7148982855657753,7.313511582795206,5.231063386939022,5.504828525381409,3.2963808477512853,3.40882569932271,3.4966558327580826,4.778455746066248,5.340804835901225
2019-03-11,5.179985113938332,4.476090526071621,4.556109613123481,3.9686579708951757,3.794605830735115,5.894508861926251,4.5851176235279025,2.2759551153694946,4.365727848144748,4.27147821716384,3.904960247820376,3.01113676077782,3.673982175268761,3.764573887907836,3.713438003473681,4.116364823580074,5.8951850812135085,3.0868933444622533,3.8082688441281727,3.2060828058274673,3.26850359300661,2.94505850272334,5.124021180658753,5.1447385467352795,3.0646950018701427,3.7630391700543675,4.263728136418418,3.3517025278122836,2.64786461650653,4.553668093463058,4.782971655643726,3.335731695412804,3.5893854795614306,4.023070712899398,6.3684957782078495,3.6526687248698684,3.6057537368598434,3.367102432539187,3.989176597804446,3.3008194363309045,3.9220498212487156,6.609504805706052,4.757544422885784,5.55983012129939,3.000409218402055,4.107444590843761,3.268811456479799,3.1473629573071396,5.295397552168277
2019-03-18,4.604816337603835,4.328559997783856,4.549194382901381,3.7477492683455216,3.5941535173377472,4.956703430725832,3.2928585113369353,2.0871920402051636,3.8965051791147634,4.001097594332012,3.600254520622996,2.640432589100822,3.8245403955139823,4.48363264371179,3.352475032239113,4.654290143696472,4.4021813191358925,3.0858484585435457,4.347586339717669,3.3267769718018667,3.564587840500489,2.8508050427161598,6.288648288282248,4.134052551052678,3.0737541439730256,3.533200268050691,3.628234055968468,3.4158983965421976,2.4040362044078654,4.224227554400891,4.4526522029399995,3.174495290719424,3.330743599661471,3.442678147239391,5.377781724563109,4.073610843848596,3.4668814872663702,3.551777305901897,3.555524280788699,2.7642178684426084,3.3051873744338436,5.993447370191678,4.38524208979704,5.349797275337846,2.7696181951126917,4.643140959608918,3.266711597454627,2.979444505654598,4.341265478059668
2019-03-25,3.1135009085533065,3.261275050066926,4.099938987034587,3.611845579605136,3.4660907444150824,3.6859683845040268,3.7247457748633663,1.7587345417412457,3.456208279564685,3.0827642910408226,2.9147631115871846,2.4305300302847073,3.0710943823654846,2.6505404763497005,2.449545873158847,4.2291905422226845,3.9633740303485947,2.6478795917634157,3.411082713771571,3.1144339754069064,3.4083006796374207,2.4668671132926514,5.132659866406134,3.22377658552618,2.3502806957869327,2.800532441109356,3.027318794553643,2.7645601385222087,2.1751638740594994,3.6473259859872873,3.4866419136872215,2.743594013988539,2.695147843384098,3.181653215061841,4.035059946070969,3.608205975720695,2.8420266917982824,2.7067817725252175,3.0369951630552356,2.086689031237817,2.956862261861445,4.471974460226963,3.673647536787938,4.111324171963919,2.657332533180191,3.5708272306309294,3.0798529383580804,2.3971776812788863,3.449563837660423
2019-04-01,1.9412381447888545,2.8823094971616405,3.128185891405881,3.1332751392350007,2.754286318428967,2.996036259677167,3.551426654017914,1.544157189913822,3.2702860950556287,2.9423916338716527,2.280810511426877,2.483574335262399,2.4979273410046554,2.5156004097810376,2.3993942454649675,2.962945668118903,3.654310515377837,2.581363873919366,2.597545999435688,2.556135344954083,2.7397355369086007,2.2798598981011367,3.8313842287486715,2.973867704245313,2.126346839566814,2.544271815901891,2.401856528533459,2.6661011561695918,1.8699479001123227,3.233507627900347,2.827797541553602,2.3686426078844014,2.7395717290614634,2.542986464993428,3.065173718029323,2.1382048644368763,2.7061271804269182,3.2533493170245498,3.224057681519623,1.90792613065301,2.037534695348252,3.8763131623021803,3.0952618311438713,3.5226232883054696,2.18900820854451,2.3372750169783423,2.619299661978019,2.3995266008888563,2.3374747409829126
2019-04-08,2.1846222500243675,2.3823805334609625,2.511575527983205,2.9385733711145687,2.7173031743099316,3.081814722503832,2.623141360993231,1.3049121948586182,2.730691874746004,2.9214295593976622,1.7617617768235059,1.6481000598482223,2.1532519402569235,1.7188967402535593,1.579013621366723,2.150109404524427,2.823507274608365,2.3039328712790446,1.7106792327464801,2.2605361645358597,2.2478917572491963,1.8768531313112513,2.0797448166229167,2.7906405367205056,1.545997111038122,2.0262081339458256,2.352387652801553,2.4554978596532457,1.868028302914706,2.9540152987787875,2.426024789948093,2.031833358049187,2.5232028992538327,1.8318145522438787,2.650009582121885,1.7249718191447887,2.16107531213847,2.1890415740002207,2.46119644766171,1.664719662059777,2.4762339117781935,3.4829899067577066,2.84637370954265,3.030010374993703,1.8734322578688358,1.7895654680162183,2.252471954141392,1.9077256133787954,2.016964231681744
2019-04-15,1.9201242156461753,1.9934824114115197,1.9226920388775073,2.6772025798354457,2.0964468402170047,2.4476469317082405,2.491820411134332,1.0343042694205913,2.348689197341665,2.9243549383484133,1.559129619639571,1.272083289821611,1.9566685385613656,1.6846374400012452,1.301772848649379,1.3901210958647212,2.451179660325125,2.0349387377847914,1.6121043625742844,1.937596058018062,1.6749784299752055,1.655502065748014,2.1069265723969828,2.256146904380769,1.3372572918749666,1.7363447360204116,1.8040173612993762,1.980963762990278,1.4277884231975446,2.6423868406556332,2.2053603547069027,1.60400593998875,2.000432420530474,1.4867857340557196,1.92236820672235,1.3003824095922214,1.78640683515621,2.1807863643444585,1.9331817109936111,1.2933437944883557,1.428362997312723,3.0508361294981414,2.168553723891833,2.287401397148228,1.633919208910311,1.2864801568322335,1.8689847470949856,1.5040670331211645,1.3660395605300337
2019-04-22,2.5670661922180273,1.8411942722019372,1.7079451231821006,2.3706149159934413,2.0502288867128606,2.3353093977116983,2.435159719931697,0.8743266268671265,2.074368266619037,2.1945079045054605,1.1883431228063177,0.9826356497762541,1.5071904764697948,1.6220989471314113,1.1789040013699832,1.2980166498327133,2.1634540749656352,1.7356812038881935,1.341846115497841,1.6773885069563308,1.5444015588474427,1.5205172028090232,1.1210289826389666,2.328119712929556,1.1366764335496689,1.4045412058166815,1.5736724193811122,1.781853758338721,1.0862803267796417,2.124271473444243,2.0024029402410433,1.3871877033619642,1.8301414798735136,1.4369576684083287,1.7470302890112146,1.3500211968089082,1.456141862776912,1.4857571379566439,1.6380214024100979,1.2476411609193288,1.5759101215719695,2.6478144755687807,2.2673305961684713,1.8732771193404845,1.4132807558160188,1.177107304139215,1.6801558655724196,1.2276642118508783,1.319925378459546
2019-04-29,2.521188157201076,1.9344914515796883,1.471300289892882,2.290405432261987,1.7617640674049955,2.0572818417401093,1.7910346316242594,0.7729457471142913,2.049364141034342,2.268787496104178,0.9847241107941165,1.0968507473572382,1.346198641136168,1.1116903666740774,1.0289661669300871,0.9914236816308706,2.0506703657137315,1.2792270036871811,1.0273511042352532,1.340688398629803,1.2481040722563672,1.492084252362269,1.2885022540946436,2.0833786581805778,1.037021720484362,1.295580827925515,1.282963043982666,1.4810992268684973,0.9210305476686433,2.106675124529077,1.6965476769692758,1.3233531001758478,1.4214340192876784,1.1663733309494497,1.4678647675629866,1.26193582830547,1.2321859390593817,1.1034052614439516,1.4451520327712983,1.0779551057227472,1.4878070227882387,2.1348708672528245,1.9415863242578182,1.6181152794466542,1.057927491454207,0.8753781612967262,1.3285171272191139,1.2257622940340593,1.1955418625046161
2019-05-06,2.436437582795113,1.6609884980021126,1.450192898541094,2.2141960240391856,1.438593765505487,2.284513959762103,1.315404248539023,0.7302004056412306,1.8048972304656319,1.7532745145202635,0.8595429641312031,1.0726722701484293,1.2623278819685448,1.489662569424857,1.040068124885904,0.914244181686362,1.8036496470744514,1.3126293300384444,0.9575410801918544,1.2616860228034747,1.0917851578134872,1.4933166052776081,1.1185563832345562,1.8306126342141136,0.983019972380942,1.045029446177403,1.2218956427404353,1.4865220451852919,0.9688955244807509,1.930041230940914,1.5786941740444806,1.240833390082119,1.4830559599398936,1.0370634620200216,1.2084283138940994,1.1457338693660737,1.1714587732961008,1.2402186013519103,1.5211225143454867,0.9297337288368709,1.0595513150584626,2.055936823352059,1.9387847621076855,1.4798603739509875,1.0884430717734612,0.9700660312359946,1.4225826133700035,1.017792594059368,1.0199341443999357
2019-05-13,2.0665718350403037,1.512911699312888,1.3068858083936519,1.7673729181306959,1.6614939236595316,1.9373689251873607,1.5496325069184769,0.6554340660790697,1.7728036197262984,1.845314223644312,0.8628196543761784,1.009863999455599,1.1065027944591233,1.21184129048182,0.8623269541413148,1.0046595853916485,1.738953970507565,1.1045636841429307,0.9144441416768085,1.0993992577861618,1.0886759925010008,1.2400699177825587,0.7887649822659113,1.686899949348931,0.8685286411543204,0.9536770180487446,1.0032127908345694,1.4225204671301732,0.8431956071074551,1.7416131638013965,1.3829142024653756,1.0636912596313037,1.2424657041461242,0.9668860277572193,1.1029078856415107,1.0029073644937319,1.0382396386470378,0.6953415438395769,1.160527294469149,0.8795139632556478,1.0590680769374683,1.9801107707552812,1.8259127155794266,1.4426457648364235,1.0028909404392015,0.8394715045195029,1.131567310510134,0.8305444567543783,0.8172309532027938
2019-05-20,2.027568993283407,1.4232692420340136,1.3323929329458162,2.0749774957771248,1.4259272042925957,1.9930355763410315,1.2682665123551082,0.6459626188474105,1.7360707568139127,1.6338181220911354,0.7905293499941122,0.7153908203401091,1.1231905843130936,0.913460403893039,0.8715881139246748,0.9437619777456969,1.9015021876214584,1.266642314702167,0.904420719791724,1.1501015500175193,1.0260835316748445,1.367174367715264,0.9116853868913135,1.8139024673594977,0.9185756364259008,0.9359094132091983,1.0196784255254578,1.2342775885064716,0.9194857874107896,1.9710974026483077,1.434961242311792,1.0458991999386782,1.367725719000551,1.0329076757846836,1.0794917599885723,0.9713785168727125,0.8675377235455333,0.8503638433422671,1.0905244843840385,0.804823794487519,1.260330640669301,1.9737936589050198,1.8249899471705482,1.4772239535099831,1.0146217901374044,0.7515326439539831,1.2781502287442434,0.8278742389561409,0.6939115003795571
2019-05-27,1.35948038020686,1.3597605424769679,1.1833729027112878,1.9135826769286541,1.3760523632790953,1.868797419607205,0.7414941982986051,0.5593227012747872,1.4526794869593478,1.672985431891986,0.8088894046602486,0.6671304128679978,1.0280174997363294,0.9891184422559435,0.8283235622107118,0.6873977516222787,1.5775663686366104,1.066065731491011,0.9641962832453295,0.99692602233209,0.8758566664318574,1.307785482254621,0.7645790686404299,1.5535838928624028,0.8796911749689935,0.90893927166912,1.4741844474823853,1.3021209961645819,0.7410014134589492,1.7235067101478763,1.2749739327980976,1.1169005660770015,1.366046762386738,0.9252108258065509,1.1588012049404537,0.9354312500264725,1.0435206488948436,0.4931919548264076,1.0206679479550684,0.8721824111728658,0.6772211963866938,2.197326152172458,1.6127312532024742,1.365400398807444,0.9412926046852994,0.8583931243654489,1.0878298965824604,0.7806120405301662,0.6665953287281601
2019-06-03,2.2936554007248926,1.2258221615069094,0.9990940486835191,1.8333960490854049,1.5118264865832511,1.58013821382825,0.7262181058720624,0.5915669924747795,1.547094613304937,1.8252428065200932,0.7722725869204602,0.705950827150722,0.9958369757033481,1.4089790513812677,0.9536507942365418,0.7783294255687655,1.7220808444043012,1.318470188276174,1.0452476774320012,0.9858877272615636,0.8590388126484689,1.3639349287315654,0.5761250147245818,1.6059212140542514,0.8182218048241441,0.8832165849447627,1.1381058226986103,1.2570871100920238,0.6766607486263351,1.8546561147226643,1.3038133061102537,1.0248540816595901,1.2966304789519203,0.9294081719129144,0.8482541818923439,1.015869661793862,1.0194151749436118,0.6128534930831455,1.254414627732583,0.4692231223031024,1.2309048719058588,1.6827433481690914,1.8321045133039344,1.3176241807280507,0.9393802229501921,0.8220805222417045,1.152244496976602,0.857014133286536,0.6763154500801567
2019-06-10,0.9389057561836531,1.0527714258181304,1.2671771276606154,1.5301655560204581,1.2664635966068254,1.6428991691350274,0.30643794062781604,0.4820753053521003,1.1580094030995194,1.7421234834304116,0.6209878887171466,0.6336470505206034,0.8605235802328846,0.806382412824842,0.761559980763931,0.5910898389061898,1.3691974970682408,0.8749004436054164,0.8102764305148554,0.8715392402181799,0.766378430300986,1.1551352279773586,0.6399819465937436,1.2112817827134243,0.7835397584451618,0.7476215355931264,1.1545121348814735,1.0091143684784245,0.9441812251491792,1.4806255822263985,1.1081324351491455,0.9840226071880585,1.2369775342753797,0.9250620191877621,0.6835605387036711,0.7451758051710832,0.8239142715208638,0.400294327485846,0.8730467161979167,0.772634950744899,0.6464497180720189,1.6934142909977696,1.5896843854711946,1.2160726025375688,0.8458805893676398,0.7200512775861005,0.9683255410642497,0.6314017291820903,0.5593164509824696
2019-06-17,0.9987199873594145,0.912142383517293,1.0596406652997294,1.0929352874666654,1.193916094492841,1.2343569093988094,0.3695554904176352,0.44979263760398586,1.1906979333754557,1.377692951674605,0.5748976465914524,0.43474345924241903,0.7521695711602914,0.9315574571193574,0.7005976512077545,0.5655815201170367,1.1924059776133697,0.7990079973860769,0.5188813754409636,0.7207829669163524,0.6808853216113379,0.9503175888978804,0.2965054324401381,1.2897216500737847,0.6853828743917463,0.675496034519101,0.6578774758585433,0.9701487228640614,0.5743767140975372,1.587902817311722,1.0096970266517884,0.9099636835630748,1.1260433050947023,0.7882765412956249,0.8415666388592045,0.7068772143808751,0.7214484675523378,0.35050868629159965,0.7990461920614605,0.5947826647954676,0.7322202951037133,1.668405042470245,1.305269615222707,1.051734498545672,0.8197639083890237,0.558139950373469,0.901646075981882,0.630936901865501,0.5239638521462255
2019-06-24,1.0890811939760665,0.9502072830775,0.7320824235436163,1.0668673205245924,1.0430658996158297,1.1325392294214545,0.36490310308372403,0.42636079426904155,0.9720048705662575,1.602053350160396,0.4990532085846728,0.4301623189229036,0.6599480208273799,0.71612611804067,0.617015460825461,0.6536567718985187,1.2395675260640826,0.8145782677336975,0.33780856451687535,0.6701227231501573,0.5869365112076634,0.9827939529212362,0.4225182483135211,1.0604837981138964,0.5908309560333457,0.6539285541941577,0.7700969957947172,0.9371384232098585,0.7341017557268499,1.3243509191440126,0.9291015039645325,0.7615906181725458,0.968466951673352,0.7661153265381977,0.6634040157742738,0.731138936203696,0.7462722423557846,0.4030075020116779,0.7117012656119102,0.5781920101805633,0.4470002895771541,1.478736840131193,1.2152364045486514,1.029602368605035,0.7542166282979945,0.5212637219157471,0.8406097563143016,0.661279149067775,0.528176434693529
2019-07-01,1.0239783995627192,0.724683400865859,0.6455587104624325,1.0040766794178941,1.0306302129259997,1.0574953632465942,0.3151582491833069,0.41665635497794745,1.0062731952446575,1.2295436942393787,0.4991526126847475,0.38034621800809076,0.7780356849801395,0.9405782115483385,0.665617411032965,0.545715170155632,1.333916999137781,0.7872670539607409,0.4886580116124556,0.6053026795054127,0.613183189705973,0.9547381322783792,0.39979611556462935,0.9882246612779642,0.5157425852516562,0.553567031186603,0.5547631711189391,0.8066072461678395,0.6851564775643879,1.3810392581590931,0.7932561010491856,0.7172217755217041,1.0255047664345898,0.5947015174617316,0.47993605640869247,0.6283604134774943,0.6066129236002848,0.46298672163593313,0.9229126000058503,0.5487143603498594,0.477413348032232,1.4274334186686695,1.1764130725785809,0.8990287629149134,0.5880764255641199,0.41982967018118167,0.7422972614315755,0.7121742388582555,0.45928427901763264
2019-07-08,1.1417007188564365,0.698968342013733,0.673327640512601,0.8118075288414883,0.8410727262918116,0.8029288079082391,0.30882370749597365,0.3634596477203892,0.9161447277872823,1.1732140898940184,0.4678274094180284,0.37379897421947456,0.6645550585831476,0.965175000101496,0.4865382501958555,0.8396957206481199,1.0614062297278661,0.7194355225780107,0.3992985228919935,0.6391750706884629,0.49781387084208384,0.8842594644979807,0.28093065979251064,0.9317711183620019,0.566879083889263,0.536792137144033,0.5765513695580656,0.881874168277462,0.49509941125765533,1.3745014225293808,0.8223504859888588,0.6219604866007764,0.8616560935384486,0.694664334430153,0.5353222170639711,0.5971477324994316,0.5575651767996925,0.2717040878771027,0.6296121533741239,0.49334808346870185,0.5504749070838066,1.3369747190164878,1.1860260896367336,0.838264332275185,0.6342704916015374,0.6793860326437708,0.7816403739317375,0.5706405694306369,0.5108033953373294
2019-07-15,1.0280456783601282,0.7108046452031974,0.47777515376047697,0.9248944233966925,0.7865075426227205,0.803371239644215,0.2747898016806299,0.3268317009053326,0.8456081425698996,1.0447867537522457,0.4995292794604324,0.33941401289156087,0.5801269347538092,0.2521706441553724,0.4518787821648055,0.3300012958424039,1.1397796942710734,0.5864176879918093,0.3733964560632322,0.581066022716366,0.4667377383941199,0.7971915231938279,0.40864488270357024,0.8430273658587847,0.5435407417675782,0.4491525288148474,0.5100072644631521,0.707029851995663,0.4385579933238787,1.1763453990448438,0.7949927511797205,0.5449882480572603,0.7583924549639381,0.6459542606059452,0.4720215346985762,0.49961651136970464,0.541201566213865,0.27083078975122016,0.5603048671407096,0.5399992868078398,0.5842645589133553,1.2079893362550553,0.9425908278858465,0.8057476054568613,0.5481520914054099,0.41156935838900205,0.6627494284265907,0.4584468657483134,0.4544400427750566
2019-07-22,0.9503308365528573,0.7508542294060779,0.6399797413492472,0.7807265143716408,0.8169985979756836,0.8582898687310897,0.27256102737734383,0.3210243830195333,0.8396212282277473,0.8178762558525803,0.4356897394397077,0.3367009488442992,0.554742681267202,0.6029766289730325,0.5755196735386081,0.5438165874978519,1.0004368152482166,0.6606926941026836,0.4525733080744796,0.5002694902317287,0.3949848188236153,0.7587018361457146,0.23586260110290014,0.8492908350580679,0.5141710148655708,0.4531622036114537,0.4300923654711336,0.842200453628254,0.7306899592294368,1.0881941119643905,0.7830372172031267,0.607959753465229,0.7777538710326105,0.6644457078716002,0.48092576829874123,0.4416471446649882,0.5054613805835844,0.26131391699957,0.5562264163941338,0.4642593856855194,0.47225533083815696,1.0371915417061763,1.0037201666379751,0.7869063841279469,0.5072866878876828,0.4158521597374917,0.720662440534505,0.5120769820488165,0.3969653016748039
2019-07-29,1.1070346366332013,0.7437167907331124,0.6701855999293274,0.5462486573929909,0.7968150153691257,0.7072643022116966,0.2717999110669146,0.3157524037674018,0.9197279597596462,1.019322826894282,0.42972160407924614,0.33532937059348145,0.6090416665218786,0.3784785431203326,0.43515726451123526,0.49224080181424257,1.0635191806258875,0.5715601919297087,0.3779116120793101,0.5449180316558611,0.4568834988722971,0.8713504817186162,0.3304116211857129,0.8894584067573231,0.48117663442511566,0.4728422119770108,0.5233718162421314,0.8824025898947778,0.2467776486061978,1.0538782884399527,0.7744443607809873,0.5236225162499241,0.7582749717939166,0.6069099766218568,0.4463765794681131,0.4608094374319872,0.55987879566639,0.22326102630521508,0.524793311935249,0.42686073270622876,0.6164258822046074,1.2292254248497663,1.0197257461214664,0.7421606197221193,0.548798524908363,0.4631887934024011,0.621790020194262,0.4221145204923916,0.3955413907343508
2019-08-05,1.2002540804261732,0.8070939578352092,0.6943910102215046,0.590096402594106,0.7520356514349339,0.8340325499836281,0.27728386657978393,0.3158589555186488,0.87119755250161,0.7772213722260172,0.5274834370083399,0.3400855938792807,0.5932743168246709,0.599893070531315,0.6372601757932503,0.3957382422698576,1.1609914638325745,0.6022450215615969,0.3851360502182841,0.45688750780662246,0.4393306755299484,0.9351385517064391,0.27136512362004056,0.9109582398853578,0.5412787419929423,0.4762922029003861,0.7899681086835162,0.7077598792405061,0.32594866952001894,1.1393934519212578,0.7768994438105259,0.49703777563618307,0.8529450181715037,0.5398529531380176,0.5216686318231769,0.51734554877818,0.5303204466793866,0.34748736782974776,0.8101607305370083,0.4737219260540185,0.6675565394081379,1.044685683407128,0.8868429935512729,0.7514477092045175,0.7060537284272995,0.35402637984710317,0.5847604963728901,0.5683453880843656,0.3818563491723852
2019-08-12,0.9296880924875688,0.7142473411572119,0.5914304410245832,1.1048054304258268,0.909731850215147,0.7749483551131335,0.2826154677232106,0.315025026736236,0.9678762011260025,0.7949216894645881,0.47723349644947693,0.3445828044835368,0.6124344184651667,0.5343681838627874,0.4616497365286286,0.4135840406142549,1.107175841539967,0.653028873415847,0.42022779358211304,0.5380102761010789,0.449416426645388,0.8212575861372773,0.38109876515053026,1.0074019972360428,0.4866496399472985,0.4619783116203043,0.8233935990690384,0.7660841053941718,0.6316587239801524,1.160146906089642,0.7127620780605988,0.5255651011419777,0.812772513587119,0.6028176353820971,0.496129815001912,0.460647105484293,0.5132789539683736,0.22735041522812163,0.5667996716224792,0.45618972097743815,0.7677073251844755,0.9795784663546507,0.9587787895698678,0.7541524321414286,0.4896339309666947,0.4137103571380779,0.5440476089392339,0.48110804044106414,0.406315953231694
2019-08-19,1.1191144207661834,1.023206936263764,0.7977723782996704,1.2608067507607668,0.7298288412150791,1.0321896167883369,0.5716273041086793,0.3314225161987698,1.3671946009959495,0.6197455594142895,0.5013391091014546,0.3669151611679179,0.551795285484175,0.45875777552567615,0.45121625850677394,0.6188596343345836,1.1382444929143998,0.5745258018637246,0.3625907438397191,0.5581967475796417,0.4733757166591739,0.875058717975081,0.3260363257729641,1.0201247817215169,0.4826292939425395,0.5199728263258157,0.7242375632435538,0.8520934172212478,0.5994323213713735,1.2896545415633942,0.7987958598813312,0.5515834154985653,0.8563926926917149,0.642297821952384,0.5705016443218374,0.48111872166322023,0.5734850978649235,0.3069212808443406,0.5236306301390936,0.46587225927213743,0.6437587228562605,0.8203006989214652,0.902546731739158,0.8049374555268406,0.48790077073439886,0.30876813313572826,0.5906185124304362,0.512978143092909,0.4681091334478844
2019-08-26,1.0512950229825209,1.2338087497471772,1.0319479382638288,1.24128458853213,0.8051776551993994,1.208844272320819,0.7143893809203923,0.36714296848557704,1.4887874784826316,1.0039848041210904,0.5308456449032056,0.4090876647834992,0.6003542684741316,0.4716336563002459,0.5299556357262563,0.6821575492484122,1.6029780119359707,0.7067219377978932,0.4490878163445914,0.725215036768416,0.5169286301180439,0.8927227793393597,0.49548939332600694,1.358565573434033,0.5452330637415802,0.5915731827702636,0.808687954202034,1.189769144733962,0.4789572925416337,1.3082516851453574,0.9345359919125573,0.5258120007418103,0.7511801675354658,0.6508293887332006,0.6212642449325769,0.5468584739204669,0.6205352668865101,0.34823741819424237,0.6136542527335327,0.5957742714887588,0.6703461853124228,1.1690878561171634,0.9644729272269799,0.9357605560303563,0.5790889918619451,0.5812642388632867,0.5890127560625664,0.4663752533968424,0.47506108002598824
2019-09-02,1.610608780469524,1.3459050201916751,1.0865353163297728,1.3734719366904475,1.049842284101753,1.7105902797102523,0.6313427821990005,0.4595537635144567,1.501552592886013,1.331106705732678,0.6537654781341249,0.46308315569859204,0.6993277204269702,0.8084734856220142,0.88089411252094,0.8729044431015691,2.2765171498754735,0.8384923542765037,0.5283216752878106,0.57320854506216,0.6397856566129876,0.9262452636696052,0.5388313948075245,1.5111617103587256,0.6558581453363553,0.7315364744353701,0.7905454689388953,1.2811116567232799,0.392321400651884,1.2633354381621467,1.0611224144809914,0.6529271442751479,0.9814364754813922,0.8160278739520592,0.7829362250870187,0.7255661469797203,0.6699908058506836,0.5534950259191529,1.184513432427579,0.6661628018692405,0.8899589093710591,1.5649700316670334,1.1355516158972083,1.0010706115846295,0.680649029413801,0.40405362415812146,0.7608595310763961,0.6724680534738599,0.5439215157261036
2019-09-09,1.8342458981891365,1.5580598141766773,1.149473871382586,1.5787085524326026,1.053418094671414,1.727262044252861,1.5010807976198786,0.47408697865580424,1.7564965484565187,1.7655624510006742,0.7579581372835715,0.5301048184522029,0.9572058628520638,0.7979301654544178,0.8000696709073882,1.0412795516509226,1.9209169087084796,0.9393648194515901,0.5143139649135063,0.7056152052476766,0.9186584816654606,0.9355648932490752,0.809357864250476,1.6196688714472152,0.6454819185836105,0.8795303011742169,1.0174231002835188,1.0897228564833734,0.5428841587686023,1.3379460981265994,1.1451631038612748,0.8274357325453403,0.9825282638006139,0.9755966405431966,0.841864937509752,0.6632752815330428,0.8921419980259642,0.49464235598424316,0.827432973658607,0.8353391994471834,1.211389867762584,1.6091404707547698,1.4028227029223852,1.1333333199520257,0.7312153312268352,0.5988404879432511,0.8290370055050643,0.6450889435250006,0.5854418229397019
2019-09-16,1.9083276419259285,1.5226738494822853,1.1551240309774706,1.3849002942560795,1.1709193150211576,1.8610099972868765,2.1505895264757715,0.4966552958490415,1.567057663197056,1.5918489635996524,0.6957644930547553,0.5600890096929754,1.1267668856494282,0.6909317631968446,0.7922093032386459,0.9889280706675496,1.798031614072508,0.9751616248596477,0.7024539094183204,0.86334531134367,1.0041244105373486,1.067707804973899,0.9776668777815863,1.6702458984083735,0.7754704603969343,0.8770182764939165,1.1018164927246545,1.343449724336092,0.504337311092415,1.6920514966027753,1.0849122822730537,0.7388510674998241,1.265091082174338,1.039351843885099,0.9611460546573384,0.7224803182637047,0.9363598695261748,0.4390078689972833,0.9392981829581482,0.7854889216520325,0.7883424607656094,1.7961829189800915,1.3590478598513225,1.2993281431667334,0.7177214459964437,0.7239610411767962,1.017863455180492,0.6975735623554027,1.073731265863433
2019-09-23,1.7652808243495457,1.473000169323178,1.1791404170622173,1.5776870373209437,1.1905946961686282,1.8416681902834813,1.310315276636063,0.521135295855911,1.743887929549242,2.007722326102111,0.8499057399503553,0.592094624152305,0.9346638973108397,0.9362368163238766,0.7749349587469943,1.3198741000369367,2.0937699843619897,1.0794822378475906,0.7640770519652771,0.9579235391974935,0.9844237726813827,1.3594308010352192,0.7866464101860925,1.642388703010797,0.844341489685087,1.0885192923227942,1.0377929941586412,1.3100034935587264,0.48849804630594384,1.8167634174202965,1.105462545051965,0.7462307177634357,1.524647971560213,1.0015954218768268,1.170238436818916,0.8863638021028066,0.9904360803899478,0.5716170365611681,1.1276364352055723,0.8570772064492396,1.1558323532955272,1.5965961672320765,1.3765197487713712,1.487273382617769,0.8427548822555453,0.6008642611755488,1.0894147281412192,0.6642952739495246,0.6671342925209965
2019-09-30,1.2976764326482928,1.7866505740892626,1.1047115615701837,1.5234844889266363,1.2329021488765197,1.8276149088140925,1.5973072965220845,0.6155630589429966,2.0494641675556378,2.1430521533180897,0.8843792888681312,0.91946570382063,1.22164843227366,0.8478389425967889,0.8760614910772733,1.488119673061129,2.3113490507031904,1.1755905232793964,0.7830566143923458,1.092877098984364,0.9837959525064628,1.3687627841555732,1.5026791710871223,1.739757617989869,0.8532942232711589,1.1471890486449658,1.3937371795172084,1.549838131554337,0.6705878249689605,1.9541284182600456,1.1797862377821922,1.0860059211147453,1.3720374285646098,1.0446601430198854,1.3044852792435782,0.9301679311657998,1.137927486523563,0.6137237538184229,1.0938719486091715,0.9616342395714487,1.2557005495040805,1.8580414188566903,1.3804640781471904,1.57300040831986,0.9228697845839211,0.9852573043947435,1.2524082140702815,0.7319408950418265,0.7972034348152384
2019-10-07,1.3003419699434038,1.7584232656943701,1.3153294861973046,1.2179170916841198,1.443543345887221,2.106298886547236,1.1788979545906306,0.678968756865279,1.973195933209936,1.8183165551200386,1.1662306692712006,0.9806298864136112,1.4602698366059048,1.2290893126993687,1.3355102512845196,1.3097061593163541,3.202627648488278,1.1189558291257589,1.535403988611891,1.0764419692231681,0.978317218563217,1.5258588667451463,0.6749936460891466,1.8207642790728973,1.0997367520324741,1.2490935163027626,1.2812740214736857,1.5929733863438291,0.8432854350327534,1.7658825533564588,1.3006408066841204,1.144366743494942,1.298721441782323,1.0039532449434008,1.4012748406804691,1.3016134719304064,1.0973564531913997,0.8167669809902958,1.7958980631792056,0.9490727485191773,1.721242938271843,1.8905968759279972,1.4456279653973825,1.615596592386872,1.1036716600223095,1.3062579467284656,1.0677237924407046,1.2068625415924548,1.1393352233959853
2019-10-14,1.8922196688929072,1.7497087623379723,1.7505453265471114,1.3374550240278162,1.5552883949854768,2.100635486107029,1.6147489435582112,0.6480763954218559,2.120330773926711,1.829658589666622,1.194795398773282,1.0014811575663987,1.607409567211736,1.1385082234179427,1.093983247708294,1.2365782927379998,2.648533843244193,1.2661101702270783,1.5019544011279795,1.1592659165053467,1.1121055777594289,1.4395650895529186,0.9089864078094034,1.9369797014912509,0.9457320988637501,1.2462912124214733,1.3466192502645886,1.7865118560148256,0.7415304372346173,1.9306478414439878,1.358704264129535,1.1208661017259653,1.4484515871279722,1.100568728687528,1.6169365434122867,1.082848440527001,1.2370761615906702,0.7558826249358704,1.2972317484260032,0.9598927394149421,1.5929642394817871,2.2146045094535256,1.4526481013590709,1.705683079694896,0.8963171778316075,1.377129617453682,1.2913204189522451,0.9910369470857581,1.1428374153389165
2019-10-21,1.6491978817276962,2.1012394203160314,1.9215302853003517,1.4509720683329088,1.6674431125468998,2.1836044074395544,1.772540568526314,0.6774866343436973,2.211167207943144,1.868211784548126,1.2941496748425503,1.0035372630799204,1.7017503502402371,0.9911178445262621,1.117600299759947,1.6135561641040568,3.042710462382617,1.328490667052606,1.465904745996241,1.2478525465924295,1.1760389473578445,1.454926069215845,1.1117124799565397,2.010829952098196,0.9471392231435241,1.4594861765207998,1.5498098518583365,2.1179299186853338,0.9231699252575486,2.439975688834914,1.5409581954195444,1.3975232269286906,1.592548852451757,1.1673349060985116,1.8571683290409393,1.2420374466728639,1.417453179442478,0.7112286544988147,1.4646096320914863,1.0733347370113153,1.7715830156329035,2.2298834318418574,1.6876635948026044,1.9079691354652983,1.0836019546508648,1.4532072522803703,1.3656372338268001,1.0372389516279963,1.2286616208769776
2019-10-28,1.6647495855919217,2.1552618839815296,1.8306584525089047,1.546730810019168,1.7718386720646966,2.3129356035835302,1.7475394419696482,0.7377928254369532,2.653784864629696,1.8556137111964888,1.4224201279988238,1.2217865391970786,1.8466474513633866,1.2704427306330843,1.216138179484625,1.734984071425003,3.457266677498726,1.3092762042498407,1.6693662625525127,1.2799717467140306,1.1460011977684041,1.5337104788180909,1.225047610810432,2.6088578126813253,1.0194681039384,1.4923137377478666,1.5586614999769435,2.025457527849209,1.1481600870687476,2.0697920818174826,1.6796476904922013,1.488833138772378,1.6716360296257,1.3722631815706254,1.9044378766283194,1.2672856634695715,1.549407210877247,0.773152174498173,1.5629197464887503,1.1419686018868167,1.9478906706391337,2.7441980929881504,1.8318033315551232,2.004028517934937,1.0647633537451375,1.2882161311083542,1.254976810065578,1.1635392402153153,1.2734430099932368
2019-11-04,1.7569046554249854,2.4449607397797415,2.1756825231277825,1.6185297888115275,1.9193571729185575,2.467631765242008,1.8584047059272781,1.05398717131317,2.8058330575647634,2.2553709190769555,1.472516168565559,1.404641861107335,1.8223563878317286,1.685264097200838,1.7684689135484408,2.0090311480649166,5.297624607903565,1.4667895981685273,1.8076093857053932,1.3488942507522825,1.286059893219158,1.7845190382376765,1.443719519280744,2.388877148802135,1.2545987243802927,1.5541253208752475,1.6972530918024753,2.048408308487465,1.1835180578581088,2.5263270883536695,1.842121963579006,1.7487233860500915,1.9032539116085918,1.3605462952734193,2.2245744381673047,1.430584947978081,1.440638552360433,1.0295166481758113,2.411218864660062,1.2373904301920216,2.1852597850666315,3.0414236587694883,1.8328453944076522,2.0573965957278952,1.3152587110364142,1.5810444726238513,1.5560686810031128,1.5613751346015183,1.392801866597273
2019-11-11,2.256394602845784,3.0437286658793554,2.4585966344553674,2.360546719811854,2.2642104816615736,2.4400023073589523,2.1236257838435133,0.9566707050250519,3.3013964518331287,1.8676508706045394,1.654979199533288,1.3980763408402783,1.9778198886592386,1.512135249316043,1.3861939798576106,2.177854820067444,5.3930871822882045,1.6896240267434022,2.0437525125655784,1.4620886527859667,1.3988531542666285,1.6806403568360557,1.3837058188035927,3.4274584005434003,1.2536875251518504,1.8486647976590578,1.9129896069692778,2.361188116905229,1.4741289618997502,2.6599390112547003,2.0488456423882244,2.2918008022999796,2.141911530024293,1.5276234446171926,2.487317205682144,1.4692285556184124,1.7731192760247012,0.883087306029331,1.98306869866164,1.3590086036542197,2.5940762876863013,3.7939894267183862,2.196933618979522,2.2486624298772213,1.3462973056845757,1.7009484749544161,1.6765152778107524,1.3867276721536959,1.4702243785248839
2019-11-18,2.567318991276509,3.164793473073985,3.1009983850332032,2.6190014069129095,2.483971973531327,2.852758229344828,2.1911270256687203,1.020355335161108,3.731696549510676,2.246267776022899,1.7847408802597817,1.289107905418038,2.1910758231978686,1.8325096019076796,1.6329640644553436,2.558493948815669,5.965672696494223,1.9609227481348301,2.344458056760344,1.6884342534309655,1.5388997696685118,1.81695154251931,2.1144194394886773,3.982701017837899,1.4413909502858329,1.9404541382270608,2.242969965093678,2.6690184688019567,1.2402077362616843,3.069295392798333,2.403653384222893,2.9619503638310145,2.1851031403159284,1.628344339784213,2.7316521561138365,1.3996136990429466,1.86443731405234,1.1558777668797235,2.2621452197662193,1.6769327376979872,2.8507760906509203,3.812663431087462,2.320741337016235,2.5997481504212323,1.430571364208701,2.099749204719357,1.633386526661149,1.4668131103513677,1.6051819804719152
2019-11-25,2.3670971885845926,4.0420625324232216,2.9845791832328796,2.6369131287132133,2.4793876326282165,3.0636113045537945,2.6232635175766914,1.1300233081767164,4.256221998611782,2.456369077590648,1.8109361812542866,1.8256466003089622,2.3396918058170355,1.6174485622734425,1.5270785084495835,2.776608696089684,6.962799757542289,1.9571569684883405,2.397086386387244,1.8641309078678696,1.7283761561579243,1.9849312560768195,1.770951814432674,4.6244108453886685,1.553837339708398,2.1280589842523243,2.3608716180435207,3.2494578591917156,1.4320004705562397,2.806444809516078,2.7914922049880744,2.8703311553469835,2.4110408217272163,1.7851826269743398,2.8385927705629284,2.132863940339644,2.1245304604069477,1.228426469509111,2.403165965589163,2.0445171908055895,3.5830717312553277,5.061418099756585,2.548197681613421,2.8727159657107166,1.4308779171222943,2.7480699534007282,1.8153726392773937,1.5293752106263034,1.722089206523024
2019-12-02,2.6307221623034276,3.9124050325334943,3.3300051792379253,2.8904822733595195,2.9688176104262585,3.5776118326537865,2.8328115626596606,1.682462241775978,4.601911394470841,3.172199046072153,2.2484569868799187,1.9870894703805386,2.8253232851927255,2.8301572395668604,2.8605685938012595,3.104825453719711,6.789205213864494,2.560829499917422,3.054657380496188,1.9959399900417574,1.925328395440819,3.3132740512980674,1.6661111076673873,5.460701822908598,2.1017540982406473,2.4218812871855926,3.013097132536761,4.444399876292939,1.7058229555947446,3.964361237013449,3.254748935049607,3.2725795190320914,3.126930462280171,1.9741893570216578,3.4827145678803038,2.720923882713391,2.3197466771500412,1.898433626913421,4.6148924677284295,2.1499479484718687,4.6270813686301135,5.588563205139223,3.425647154653242,3.374384929914379,2.065445014602342,3.443046252896456,2.2222398137023562,2.243870542737944,1.8097557072529113
2019-12-09,2.6699311565172428,4.2269737698262295,3.2275856560287552,2.9388245005146016,2.797052492425233,3.666655176705242,2.7376935968752685,1.3587787896185914,3.9602430357876885,2.77701692070125,2.0413285671011754,1.9127753529606633,2.724867716556296,2.3020814557256806,2.019793692676855,3.4181077889241562,4.86920550729173,2.334264289278148,2.8188733823493095,2.177068316475501,2.0288344630370516,2.3636457547245846,2.0454551373342786,4.0136284161605955,1.693521977910799,2.5690238273685564,2.709011515140455,4.056402709214918,1.623302264578901,3.4320196730598003,3.2866203894866475,2.835591244276581,2.9410126202536615,1.9954494960368896,3.3557199505809487,2.5583133158573412,2.334569705032626,1.56639004675658,2.839045292837752,2.160390673945014,4.35421762337387,4.583918921945928,2.664910315144749,3.3224359520968925,1.7252187793957807,3.8263381626248334,2.164497401009716,1.6625687241670528,2.169617876359014
2019-12-16,3.182382276892618,4.765558435944742,4.0936902151043535,3.1350255391324406,3.0833624247100904,4.30764614026717,3.0328052086775674,1.6141490250466293,5.736100207158452,2.91914466736948,2.331284012248483,2.4129089953615845,3.376325614275562,2.8007840120667704,2.717433589701648,4.669452633019297,5.3249000962139625,2.481703376190227,3.5698906516704847,2.501953250310719,2.469955639353199,2.567174070322247,2.0823275719454797,4.8096133072178935,1.9562250940615167,2.8869465974388757,3.6000039865558744,4.7754613402112644,2.162824339413689,3.833127559002539,4.043605509945041,2.732601172261772,3.7272680762073165,2.4387028274609017,3.832409771953536,3.3404131353458975,2.713821289283817,2.072111117920051,3.376398808003144,2.3726762791407294,5.82205543397756,6.726930552573381,3.3772014699295125,4.312591616870058,2.0302736188598494,5.033375159742452,2.4466484372666324,1.8615074890891365,2.7357428914290463
2019-12-23,5.919097109796002,6.227653858627172,4.694642011853935,3.742637668326575,3.8933618488315247,5.193331928502607,4.071471415197159,2.3198009439600074,7.933490236008654,3.2898309303690514,2.8880988804196788,3.108805545857318,4.180248894331598,3.777155930166839,3.7297641216075275,5.596838468695487,5.792919519733309,3.4541668629638567,4.609942877347603,3.214257410456409,3.4056038034786953,3.494954416169736,2.9400871189213342,6.032675829250212,2.5074660381783436,4.0059939511351565,5.413372395768201,5.446924053218257,2.822457857742113,4.948072595340873,5.529383816050984,3.088811103095952,4.866316942344024,3.3500274699574972,5.588944656587238,4.237544054901679,3.5520149717768352,2.8255804201518533,4.418300423270491,3.0820335576291775,8.328032443834298,8.925971609856235,4.2389463791371345,5.474873578471432,2.6476316033539815,6.104817757980663,3.3761713416970256,2.7958624228919495,3.5871466310362994
2019-12-30,8.337199231477992,7.925330468968426,6.8924452979795525,5.461130667204284,5.774384720700714,7.371517664113409,5.762097175378356,4.040233576452366,9.962217345825268,4.371209579632283,5.024874748142469,4.063442552263185,6.366777727350669,5.770779414399259,5.264498888147883,8.921131556096684,8.26821159915766,5.147186443505235,6.877963732129002,4.717871341589495,4.372483055889861,5.321768901764415,5.51456228622393,7.4738769465722825,3.5897643090863016,5.876977399602936,7.098962933287044,8.799754261526322,4.526135065263069,7.602575602108962,8.566293642217678,3.8870928063263417,7.148489083972194,4.6030415605133435,7.538447301904441,5.7384247271099795,5.053872228473858,4.262603609304846,6.402279835182894,4.237078640294858,11.857130384201707,11.70505922227575,6.387482423178641,7.6168133486536345,3.6955155062793716,7.688481417092239,4.489645654563505,4.297539767611585,5.293854376417171
2020-01-06,4.991089468665089,5.732458093670612,4.68404032870251,4.665100545014547,4.984011458816575,5.865134416899696,5.348083621797835,3.5589087214663353,6.162783670458513,4.120992904223089,3.940261784761793,3.3078229258901493,4.872820254558109,3.913444481484393,6.072834767708748,5.5371152603668925,6.101473395020747,4.547837828249934,5.6567618775486075,4.244156221500988,3.5519490721717806,4.678669251220839,3.994486730543414,5.6104017662712025,3.5638391375872236,4.592418264891526,5.933504701094602,6.7496145234781935,3.584160053317567,6.24518497822352,7.836143921830489,3.1200584172689867,5.605680701253331,3.810312472817129,6.306021868730664,4.635669093765314,4.74124382556599,4.375401333841685,7.550051090960496,3.723722438367603,6.909254764608589,8.001661881218366,5.811506011482014,6.142011767463421,3.690391687203232,5.857338832276195,4.22031251939665,4.720944926888696,4.272588747752639
2020-01-13,4.455410912220584,4.518701668510342,4.106973654638676,3.6329648261366994,4.0505371636050835,5.49713653458902,4.854072510801902,2.60953526086543,5.411815779538857,3.3422260641592754,3.3583677433890946,2.774545421829899,4.153525466745721,3.0923611218190916,3.8744795331201924,4.59638506274368,4.971416206069146,3.601220736771049,4.69866402810638,3.3543733626400782,3.092427558820755,3.006467261337897,2.68591603229935,4.515548454293866,2.6578919487751858,3.690026725793314,4.745243006770579,5.202242772746406,3.264308530346409,5.575763959280621,6.460648076974794,2.68525281294352,4.644536113361864,2.8478620528254797,5.170468009664248,3.1592511247165995,3.4776429152598016,3.7828396019755983,4.538640538942045,3.294051798900929,6.240298452165266,7.379655509707812,4.676823196664323,4.971116396737526,2.661119158131703,3.986512746915358,3.3202595273227358,2.9622366474683064,3.987578355407734
2020-01-20,4.441793532191284,5.483025549529971,5.550436815438023,4.463338853136922,4.5821478055772875,5.588019579206989,5.504977140184085,2.866682140751962,6.134804771377846,3.8745214081015256,3.5013927052572225,2.8964598664961887,4.617476493537694,3.3478260462195752,4.283940258995345,6.486015822005592,5.645257979602906,4.65141586001426,5.455063930281168,4.321535759057435,3.286896355351435,3.0975699640524548,6.155272581663029,5.043102642347003,2.8665504900225947,4.5020936715290905,4.441383775632697,5.148571307258137,3.5943715887389263,6.299453392396644,6.826161256529979,2.760665464596113,6.2009328453434955,3.3748265270376137,6.840539775193355,3.3281587395017467,4.1585680562145155,4.986153123424858,4.441937933175212,3.743738142324588,7.2655492189776725,8.106743724333839,5.735523348644553,5.281345893842862,3.0623377555491693,4.119535005956275,3.581838428293954,3.353039487320835,4.660859358213372
2020-01-27,4.900790915356401,6.216249930263746,5.606133198034314,5.174318215184238,5.145286705447735,6.84982224575314,6.74279631985785,2.934118348420097,5.98995495499985,4.108307774226514,3.6682508683903814,3.304183358400738,5.5538512604028645,4.794846748546231,4.405473715254626,6.619217516518856,6.4585861749371585,5.3726582001350724,6.153987797035851,4.8038457075573575,4.20506977791535,3.459643954646106,6.957084513554356,5.610284083781561,3.5050877238992575,4.839904945181836,4.962001901909332,5.181456907619368,4.0101465578483655,6.856919960824928,6.762725027389992,3.298875991293725,6.796226629986574,4.42243927399612,7.26421567151605,3.8441494750060317,4.626972831196676,4.660111905174979,4.754990355943914,4.242522085360246,7.0765275435912045,8.39357330063959,6.336923711664697,6.155559746540282,3.5125147357431263,4.670179302433128,4.009135716193967,4.082814848436597,5.43515586787158
2020-02-03,4.998692652902945,8.213254764846054,7.855469262987819,5.037490421779073,5.4721130457541864,7.178061680127799,8.114110326010064,3.8662857451504555,7.525392197200766,5.02793490389498,4.216281941361545,3.593098792552727,6.582904125845813,5.791841626671251,7.556175830632318,7.923794864580682,8.936921025536357,5.873024653657707,6.793721289782244,5.416391719735385,4.821434093265711,5.402412730346427,7.633750476643952,6.577111836614202,4.8882769065745855,5.763282925712533,5.031646605953558,5.210677218023204,5.162872686306807,7.195913675216,6.898159405695564,3.6054653782162154,6.9878220776694455,5.5685281363029855,7.8117727103504055,4.556467685876674,5.473296302116102,7.951196516316553,8.255053379895596,4.631372042807565,8.570390596671398,8.961273436524754,6.731357477403666,7.308882461569544,5.331514757185369,5.1105810341805755,5.480671082109652,6.8468164448457305,6.054548554944839
2020-02-10,4.710837153768024,7.572084852769802,6.811247737632028,5.020234619870405,5.555726411860139,6.902463259384259,8.646583053252812,3.1353802921174587,6.752889053167118,5.174775421582754,4.658140653848461,3.621917663973402,6.909761712846585,5.736451277207333,5.657929837076784,8.954621164631027,7.817758303213925,6.3875432733698325,6.3658605840445945,5.620180448625055,5.051858595415063,4.24901922626055,7.524196567026928,6.429799612652791,4.106029635256904,6.359246478234732,5.425435375901869,5.471271244814571,5.471308103820986,7.05281411148467,6.61818471143812,3.6151948319700047,6.643750132989263,5.289480374687681,8.304196964071192,3.955091394759208,5.45547893490612,6.833891125033441,6.639483466682279,4.816711892973504,7.586419947545702,8.683270604191332,6.669808143738194,7.83100715687371,4.605181869662172,4.770628247767603,4.9791705263577475,5.338529313905212,5.894489727935812
2020-02-17,4.375864180857784,6.167565157174121,6.496569441746905,4.320068358129614,5.116802182999893,5.657573542178673,7.195738406255709,3.349725191232837,5.395387526272096,4.764305793762471,4.8206504620588575,3.3239120394317307,5.9850092898170235,5.007202115108373,5.197379925003653,7.541207066512658,6.996951989357228,5.055683808095431,5.64152784515097,5.2033510807978685,4.759034881215545,4.20702025169403,5.5900729892952015,5.89303819047105,3.9308090949229655,4.994868127862741,6.330500454142069,5.376371900794881,5.755158107319753,5.782884010458803,5.816866314331611,3.5575074145937298,5.376110543459662,4.515249168535817,7.6852647251407,3.9638296895373646,4.645694658065947,6.428675729313249,5.8309553656914925,4.630020652484223,5.857237835664414,7.762375799043924,5.706438397585371,6.9818610394794645,4.343301587022085,4.532600687584024,4.787170017707339,4.455252124467217,5.2395543190134894
2020-02-24,5.671615995018911,7.012480418662444,5.74753775564621,4.525546732220663,4.748415869939059,5.31281840624395,6.3247436326496,3.574795626991232,5.101861196617978,4.614670016678346,4.389202328126968,3.242834606554416,5.61837407307044,4.611115531573489,4.786426284209899,6.4937356790352085,7.109726423447079,4.71918938801895,5.11984417031369,4.780956588335604,4.10187745170345,3.8484267712182945,5.588275636148557,5.332316711505328,3.659003060563509,4.777925437893471,4.516234891118274,5.04666595513036,4.880241612293198,5.635284391898819,5.111161806487102,3.2284528268320125,4.443845564213069,4.027371026916173,7.029051599002784,3.516232344495511,4.380455799634327,5.418120223949558,5.091153396344907,3.9926330711406104,5.8020865861915185,7.219981851429266,5.987148990981645,6.360593756719759,3.8498981260783927,4.457718264697696,4.62336749945065,3.915186736255866,4.703873384672084
2020-03-02,4.417363234742487,4.862045504559692,7.246064082999958,3.7882911519194575,4.463464743518111,5.0974211261710245,5.377429816500452,3.854619205823142,4.651076950426843,4.552351834895265,4.10724637369292,3.378503928769483,5.067391692252341,5.7471631447005365,5.908378029567115,6.413813477918671,7.961372379341752,3.773693136818936,5.0750120590935435,4.66798269652858,3.652874552335918,5.1116215709354,7.524277937231256,5.390912904349904,4.610803290420078,4.214166253736517,4.9607243442278985,4.813838129263951,4.32455589550024,4.794166713743265,4.944000010927031,3.106004515923815,3.951821556770729,4.284784585617487,6.360053325588639,4.878343307141453,4.322971859179948,4.892156101762708,7.148723572528464,3.8484772123502027,5.138398101037037,6.353654069781655,5.005408293801382,6.0204749284794765,4.361116585959801,4.907689556155216,4.943952570571994,5.384264860975229,4.3846370772125205
2020-03-09,4.136953155705964,5.844005467763699,5.0519992484654495,3.3815411446736916,4.3035739111671125,5.516680639422597,5.503317285622865,3.070405433962687,5.518628569803774,4.4827577518500945,3.9826345953380904,3.66585419085831,5.130047097812157,4.35875812335634,4.117792314531602,6.500953762324308,6.733332192771558,4.026478655762983,5.02690263014222,4.5817841929333225,3.858891329467114,3.66279509459292,7.418564798006093,4.9204133067894364,3.8729494706330883,4.609013779524047,4.487183951623038,4.692426157916394,3.347911046451169,6.181982602637326,4.618993276980786,3.0024427370306817,5.0865263073956966,4.066648314178606,6.2704225033884775,4.603000569052776,4.224990327703878,3.790595682283791,4.777105507071346,3.8647115144903266,5.601672801902646,6.66544071573926,5.2165397755131755,6.081566621299633,3.5456331060428914,6.273733707831065,4.173332343786976,3.9981126669461804,3.7710327189967323
2020-03-16,3.9041158306111106,5.51227308041274,3.8454741198766245,3.8662825400352787,4.729367385735289,7.081192710832394,6.332455714696709,3.0848481355927677,7.410547311103732,4.163145080137628,4.039697022686277,3.719111538764622,5.794579362796091,3.5848949052180252,4.262272052833795,5.96506987955042,8.025015416524912,5.120147976700233,6.164784425285983,4.9683141880447295,4.342692136573154,3.608854892790406,6.375941568933298,5.278236470604529,4.1555824834492014,5.015222749976054,5.135318300931361,5.459178616712431,2.9238144660506045,7.813944651065328,5.115735832864659,3.2682402914519058,7.252046181926859,4.029954252978263,6.541136392860555,5.24531945651116,5.231678419469957,3.248975833271622,5.364481609070973,3.937917303212748,6.445370357370863,6.015419250934647,5.486134101129071,6.963300725206907,3.827574911454169,5.8591069487257155,4.856714408898762,3.777710365155832,4.03551937559863
2020-03-23,4.352602175167949,6.231292604085532,4.180249445700081,4.367199456866651,5.356316039694344,6.03655463257336,6.6302907890500915,3.6087700196921597,7.274477731450142,4.31855310651939,3.718613623363259,4.0935243507370265,6.496890120151772,4.4066580195551435,5.082330907427922,4.999972800182567,8.88204011945687,6.712357091838113,7.12337690411516,6.2652713869389505,3.8530569037374827,3.587990570387875,5.924220452710614,5.641559016549589,4.211316367876106,5.3104942874044445,6.140573376591586,5.600473954295003,2.978578492089599,11.028677396234778,5.4268150072540955,3.2840687547148453,10.199943750287877,4.219189823229968,6.9940717477718675,5.727337989722844,6.28194851673557,2.6381317411018115,5.630650578141976,4.102876147287997,6.501762598832261,7.14316996333212,5.869730128737707,6.3502542740328085,4.2115224462588685,5.602573284930447,5.297353635810078,3.789387191194476,4.882823642182442
2020-03-30,3.266829618232308,3.828146568049905,3.629965280435687,3.8570131478432548,3.539320187614586,3.6106219796051184,5.789078492496235,2.2608640258058976,5.261990831655403,2.8870561333986693,2.731604257203199,4.112110109268237,4.278273571902338,2.2048552979748717,3.861474792847768,3.185996485088636,6.7865609075435,4.512207015274834,5.1708454892424225,3.0825686255085474,2.813920473147204,2.7206445825201295,3.2443639081145377,4.341724992606281,3.286518909157693,3.141574290404214,4.710278509565948,3.4537690485787724,2.0280606963190273,11.597275774831061,4.217635658100513,2.4958391864903517,9.124264792941,2.9472388417717337,6.648668007127658,3.8413898344472543,4.076824274510325,1.7663147595067659,4.222493045256401,2.712637794808431,4.803466784652777,4.11450518229997,3.9077757254994387,3.919053294500632,3.6680076909861086,3.5327787275572367,3.8495341464119566,2.8539191110578153,3.8750278338577533
2020-04-06,2.1046851826925166,3.0071842614533626,2.0209166608742652,3.041751733237401,2.678907983952792,3.116292697333254,4.748835826336549,1.6434975738312878,3.970098592806729,2.395033452613612,2.0466073034453593,4.329866006557149,3.424238320925655,1.8067585729019608,3.181625761713924,2.16518084773994,5.186238577089824,4.15369502795027,4.145488716225981,1.9555984462548544,1.9697855381750893,2.6857812830381023,1.6565583757262745,3.638657976674872,2.7239343488537546,2.3571088707882355,3.1926172175846323,2.6050435367190525,1.649391632661939,9.203214264396653,3.098579677300009,2.123791529525804,6.06504523569318,2.2874005457531785,5.626369644166825,2.9334597198760477,3.1657656922191437,1.473016440157715,3.6854279042589626,2.1489951166835586,3.1756909924814334,3.208553811023827,2.9061571771088013,3.1461768784761412,3.184176872442439,2.4307511624549876,3.2494944726762434,2.64243003795616,2.9184328624477
2020-04-13,2.782043716710254,2.2225183430512745,1.5704611084936382,2.1154886603255854,2.151121950070637,2.076392784139094,3.344259771512874,1.094882547340165,3.228214423010492,1.653860945580381,1.490109305340709,2.4940895755680565,2.4179528301388933,1.307349911484048,1.7057048510487247,1.8557485481200464,3.465925036295877,3.150861514171364,3.50130323718588,1.3723893054880583,1.6362166162012266,1.7037903424724332,1.6054446680423826,2.7314146936526167,1.6909518587299437,1.9006392024419347,1.8445061650757557,2.32602967596537,1.2505802168406384,6.754511727998384,2.289712586425243,1.656582009109187,3.699015785740964,1.506831384822377,3.106706886300562,1.914681753154138,2.3564547902185655,0.9816941006396238,2.7264376659756437,1.4082041742050024,2.5224606551800117,2.708248968295144,2.3916537235189166,2.588576194368053,2.086929928968242,1.7075242744504693,2.5549402379072803,1.3421980361560113,2.1125236205916904
2020-04-20,1.6515765674201544,2.0131198086185558,1.1906980760367512,2.0310504497433257,1.6096822732449583,1.5450093892126575,3.392642029021226,0.8526404363412915,2.3629038481820217,1.239329691155114,1.1390564059241681,3.0436826943973623,2.064953681099268,0.967410293832411,1.3847902461994464,1.341586342745492,2.7486218715915314,2.691339150175721,2.730650037577915,1.1742001926824972,1.1995336638197833,1.3839518554102685,1.1070329631425264,2.210423612205706,1.2949654644870887,1.483751823097642,1.5903898247807988,1.8082476718083726,1.0750218688983022,4.01089741887195,2.0112639405349464,1.2901078588821266,2.7886677796224375,1.2771515508217464,2.450099553246459,1.3163069645293406,1.7986441598784697,0.7698822901188245,1.8955546730648087,1.0854727599700837,1.8045848937662545,1.9616731674330559,1.5846187579224815,2.249172205442755,1.61228703515651,1.358221003440931,2.2781919912642223,1.0279711815473118,1.48895634867883
2020-04-27,1.4121736763260906,1.4107600685874255,0.9103840757407586,1.7846858628297395,1.3994198349819182,1.3498659999263463,1.7069083209981424,0.7703685072882466,1.967361312615952,1.004489777647228,1.1371259400024218,2.984701833664676,1.7565777521377,0.8861435282398598,1.3925020632671705,1.3042321894289182,2.516655065491202,2.042337265796152,2.850650883552506,1.0334670541908941,1.034632006846214,1.3072256715031099,0.7131283200297197,2.20142143320588,1.129461628405171,1.4324538234782238,1.3324208865660871,1.363002367419076,0.7049351716501214,2.8517771349955674,1.6600594479467203,1.0252765577727707,1.7759391968859481,1.5017015552944977,2.4280364425197627,1.399448691964643,1.434305859849527,0.7009645109295217,1.657635508805125,0.9190703339348298,1.7669468116987872,1.870371577266258,1.4928846975909797,1.7023282865081812,1.138558400523498,1.237777106007592,2.170946494154104,0.9486060598878059,1.5559406669474192
2020-05-04,1.0815291576180945,1.2895739830706634,0.8389415730595859,1.2917564829064418,1.3115562447190565,0.9497801589955821,1.2675083005439716,0.6645757511045259,1.7409375486993346,0.9236508368586651,0.9391488045975638,1.8319390294659348,1.5143600557969368,0.8616340531264395,1.3447495104496485,1.1664427770811594,1.8892586909480955,1.7473440939052844,2.5693019756797932,0.8854903622179378,0.7877738601539593,1.4634265880337454,1.2108140654149808,1.4458562461286726,1.0405068937904094,1.0197374547355256,1.22733502159282,1.1406598705984894,0.5970341775987631,2.6056688870563995,1.391396309803954,1.0300877514048008,1.3872831535494896,1.1816557938474936,1.6913979435880249,1.1361934587959888,1.1823799902077075,0.6407308213199965,1.5025602079097595,0.6775955103713558,1.2474659432092559,1.409196826083145,1.1923495641139525,1.4739346830837805,1.3085564760466886,1.055479285033364,2.119576811995388,1.0646683364592482,1.1618502235768564
2020-05-11,0.9921084358525692,1.0627671518502866,0.8312893262759973,1.24997223642109,1.1033570870547802,0.8734153036349257,1.1783454956406836,0.5335639017257426,1.4570195539894786,0.6711013307723428,0.7564447884814052,1.9175288168499136,1.2394779774767273,0.7458528980451743,0.7877749847178888,0.8407681112205481,1.687582636204964,1.395512732743319,1.8862453189495234,0.808093712452543,0.6193147888720476,1.2102834621022176,0.48108831227637516,1.4193974980258028,0.7604319053874082,1.0501514585647898,1.015862191299858,1.1260045851022806,0.5143159405546364,1.608213148457071,1.3333606661489128,0.7251369898564275,0.9793104073023671,0.9485662553176866,1.2175528146374277,0.9942557677405633,0.9499183640637803,0.4361725315422243,1.0571524018142422,0.726685420649597,1.158782762411969,1.237349719560064,1.0705155795640955,1.3003855851567845,1.0296405859724866,0.8963225505583006,2.0727440847295453,0.7310828746636062,1.0813454121110069
2020-05-18,1.063736765676707,1.125809417029348,1.0781915102959398,1.164061664873631,1.133045341776219,0.8989724395292686,1.1416507662247546,0.5044569059240874,1.3723872575815261,0.6673954202125523,0.7559466714909269,2.117275386874107,1.070703816670742,0.49163877502191955,0.8872703097878568,0.7945638345536141,1.4693084404255898,1.3523276145469145,1.5951329162047907,0.7607800286334543,0.6553632959634161,0.9907677608869055,0.5180287175513709,1.2507551937211505,0.6484399215456147,1.022706866706236,0.8946792968783349,0.9377773132941691,0.41517141586080775,1.7449185187796725,1.2201322747002794,0.7898867551140571,1.052869943850788,1.0683330576450845,1.0872184603232298,0.8906049815805688,1.0146308179958328,0.4216987597016204,0.8432609282480477,0.709405410944639,1.182567046207764,1.1388777457348909,0.9185205933792583,1.1268577726266502,1.0796304037759419,0.7439263894211268,2.180253548123364,0.8675801375949288,1.0670245290140707
2020-05-25,0.7140528350532438,0.9358697057413576,0.8399828271723736,1.0752526564057148,0.968656659587716,0.644274296355022,0.8142973477540161,0.4170251249580448,1.228062243747982,0.6689728816111686,0.6252469177302991,0.43270169078281073,0.8576438373727857,0.46587504728506185,0.6030588914245503,0.592298727282406,1.4844443293010028,0.9332421657775882,1.5345610511659664,0.60924106905203,0.45935284073879923,0.7371690786472833,0.3558391615366023,1.0816725444448403,0.6541488169093057,0.930713802408899,0.5947598871167487,0.8577693576768592,0.3292517525661151,1.1115260391463677,0.9976073472807996,0.8315893742009755,0.8131100170761043,0.690129017972101,0.747850073055757,0.8595484183798277,0.7612648147579126,0.5296260671061366,0.7581769941776328,0.5475971724015822,0.9101629338418589,1.072346241335426,0.8766489496436294,0.9922553210627396,0.7817785549771691,0.6508565917971251,2.252802764546636,0.6258603329485644,0.7638237660422798
2020-06-01,0.8419117712420867,0.7967304522813833,0.7680439904044674,1.039408607578286,0.9278922598424546,0.6504508988222442,0.7705157793681757,0.37593004588487344,1.0231889752521783,0.517555684900466,0.4906025579990103,1.6490679227085663,0.7258039622729158,0.582673801799919,0.9217782277983728,0.5528080203719619,1.2716368969486591,0.7875491802420813,1.0810348379096988,0.519680348464731,0.5660435509516415,0.7872606580498419,0.44057279648720427,1.2577148603586445,0.6061783426861365,0.7330100246056181,0.582213524709901,0.6887755386564799,0.29383777631374436,0.9648607157138178,0.9282018125229068,0.7445700791368337,0.6188384555557176,0.6495251342163314,0.782747571748377,0.7179928817640016,0.6117325236769078,0.4823662263221016,0.9334750220224908,0.578205637166989,0.872257202554241,1.0294170877429838,0.8641153896034688,0.753899458492715,0.56790990617406,0.6412536973229079,0.7549466741297598,0.8193627555438903,0.6221632824327015
2020-06-08,0.6850262199063011,0.8102358078414155,0.811049286930438,0.9735268302334369,0.7406500543092335,0.40917219982681485,0.5654900927675456,0.34804933575920943,1.0815371336097463,0.5424817779525216,0.5368136759901287,0.5410127569279607,0.6287348452632562,0.4749149709641529,0.5630726901979007,0.7132505084524079,1.3563173268855593,0.8234814807302588,0.8823415291631966,0.47459196893102085,0.4775894318518872,0.660566115270073,0.3459747089687696,0.8498700316901946,0.49669706750981757,0.5985569622164529,0.7157028280625526,0.7091621157887616,0.2632445013857179,0.9363423725466763,0.7643957109896069,0.6999088317711435,0.6248368492641272,0.673809393343203,0.731698127066867,0.8196657135649478,0.5934873247211452,0.2871956199822091,0.6099113057224735,0.4896558452852995,0.9291133018344384,1.075516306429248,0.7752668871258478,0.6685065209056523,0.669450582314528,0.5726207630458771,0.6178461661331285,0.5373927639126614,0.5700578325555825
2020-06-15,0.7064621216387204,0.8036048365469105,0.7322963302842239,1.1464661637893445,0.8217890945938604,0.5248416039380556,0.5683844590083704,0.3480466291289868,0.98092209680176,0.5266393576855214,0.5090867949363922,0.6111059824300523,0.5698366079662383,1.2147132149909297,0.5663230210355914,0.44505261980015703,1.324492034320985,0.7047299595723716,0.7284678512479912,0.45786897568765467,0.46783940047229045,0.6662855341296203,0.35164699863727494,0.9697149085202454,0.5299400661900389,0.6916562420233272,0.5337178661758599,0.5727843284531189,0.41206215433051524,0.8917363707967636,0.8412975025778975,0.7312764701984641,0.5732684804782725,0.6197673101551289,0.6447415882061763,0.6748080761373441,0.5802172600798253,0.34640106116773667,0.586483298592752,0.4074342470385789,0.7596176525801076,1.1856716510294358,0.7539059995219481,0.5887299241272839,0.6064448412308094,0.5746565960495049,0.6277189457642285,0.58307147471819,0.7209921708547775
2020-06-22,0.649853904455582,0.867994615720711,0.7413701059666935,1.2664936551008692,0.916729375939412,0.5256275276233444,0.5634270958985562,0.35874745507168676,1.2980949988104769,0.5866180781197032,0.5933691758843669,0.36727255640481016,0.49756535595898566,0.7450865140098675,0.6297823380238559,0.5296432932672729,1.2792934739738229,0.6567912957503599,0.8520339417381817,0.47286276751493544,0.44655453328152755,0.6745224701873305,0.7453501996875934,1.2744079276809117,0.5430347485027611,0.7253058000646633,0.6374372683853962,0.6282865594019547,0.3673595558943972,0.9830151320146949,0.7807377578055555,0.7231659018787896,0.6017836908303924,0.5933230196103276,0.6012249799075045,0.6925449508973222,0.585834272460213,0.3101689380752086,0.8223183035333432,0.5092632912698766,0.9596209714008452,1.229436009316498,0.7420821074655926,0.6612849058836019,0.5220978677997278,0.507505260389123,0.6903198379907195,0.6124207948297158,0.6815742649328649
2020-06-29,0.622906204642648,0.9828731016125875,0.8297095126579516,1.3235068868293327,1.2097546453273327,0.6217103356857097,0.6289539441696959,0.4070041410429626,1.5057546498351804,0.5355117171696765,0.9147315463557313,0.9021180358965837,0.7593066497476644,0.8630438698845052,0.7153393702596986,0.5120088113424532,2.0126050827549946,0.7640449300940051,0.7722514356934351,0.5721322096963131,0.5424701469084566,0.723637660166786,0.6932631127727782,1.3846193419555561,0.7078161946364452,0.7861132660193236,0.6308561926822682,0.6031602093662702,0.44516958938102913,1.0528913538642266,0.9203557034836737,0.8923178468090971,0.6092770196701756,0.6935158864661689,0.7213231770613588,0.7350942653548883,0.7369126552040588,0.39887172323372466,0.9011961177829239,0.6058436795780325,1.0740832764195682,1.5610480127019946,0.8008629963680551,0.7335334998557502,0.6880330739273612,0.6671284552275285,0.815326199194079,0.7054962415347745,0.6652782354312488
2020-07-06,0.7466895742859625,1.198301753328874,0.9348541964360793,1.4737661301539013,1.3116157730164615,0.7153738395341596,0.6894788467626393,0.4444095176471221,2.0334714406958945,0.73226884115859,0.8754469851792481,1.2759917749898566,0.7440954841956601,0.9012828109398394,1.0736910460860576,0.9390342664980815,1.9801764711842313,0.6906519050993289,0.8609519066167346,0.6420590538881039,0.5048012900474262,0.993333942367751,0.8847905644591036,1.1228023001950593,0.920744854369643,0.8528740933915078,0.8633784924098031,0.7593356157997856,0.40554960689632136,1.1044150755118642,1.0650475707921403,0.9474034409405312,0.6701996175612863,0.676100508438779,0.7134164796926701,1.1467851178957988,0.7179352764887442,0.6138541316261621,1.3487823418200335,0.5491834631073094,1.3013579928573837,1.7503835806644978,0.8797502950143881,0.8206239846815019,0.7723082707073707,0.7621099464079513,0.9211815657737334,0.9031418600692105,0.6256194961107221
2020-07-13,0.7210285584781181,1.376834690209905,1.0530053273553386,1.1916855820199928,1.3765429014208435,0.7440044003206185,0.8091629127381429,0.7044545914922491,2.3385523060481805,0.827442043756456,0.8078357418781485,1.3083427335422857,0.8494625726815748,0.6273846000970529,1.0826197194337759,0.8542253377966236,2.5670286250578145,0.7785242822776861,1.0624029038415461,0.5810354838720031,0.6077181499063038,0.8492110861450931,0.9313377426987222,1.5184938870010043,0.7833665924119624,0.9777328945486166,0.8860281901746225,0.8843515177278807,0.469050743253654,1.1649832658031598,1.070752341402929,0.7453385447464134,0.7202523478758039,0.877748869602311,0.8907229706948587,0.8958965685678428,0.783086389099662,0.4616129270193029,1.158998285264992,0.7017143272482851,1.332773468927292,1.5384487953446002,0.9592974177429102,0.9092323404235865,0.7046593608570388,0.7442962642565577,0.8822722562559879,0.7169389486269533,0.6982266373038741
2020-07-20,0.8757484775693878,1.2852811248911675,0.9919545490308631,1.0937956484392535,1.2984007547384864,0.730328287927019,0.6849475741943185,0.675125995848332,2.1891429574303483,0.8144888026232422,0.7084058293877904,1.5386150548203736,0.8252572084194065,1.2617870530036635,0.9997292724138229,0.881807150152693,2.175354170850059,0.7702180563294457,1.1547464743755025,0.6443708667871316,0.5682691551130854,0.854606269368549,0.9514559620236834,1.382428330620569,0.7651446290992455,0.8741757241495178,0.8616857775203375,0.7933706187727312,0.4784306689540052,1.1803790885848613,1.0756881508451186,0.7970396152540655,0.7949150386717813,0.9649440904203191,0.8429765649073397,0.8133355586684878,0.8582870774845194,0.5459897551448807,1.1677666685310097,0.7164150784925759,1.308111760527812,1.5362404812235844,0.8396752425813274,0.9277720573946069,0.7402500151804318,0.7880340122416469,0.926342006226157,0.6151486847009533,0.582403604805529
2020-07-27,0.9971451766727899,1.0118324310687656,0.9776290899528775,0.9954868905421475,1.1745902804908341,0.7110100355518805,0.7538934988729256,0.6567376161033945,1.6717776115503646,0.8599817735520278,0.7402533309574475,1.3166814544996777,0.8697748136199761,1.4896932318436553,1.0370516577427362,1.0400190606783755,1.9952066035130074,0.7084497853864453,1.0487326024894896,0.605493331072388,0.5219771073527761,0.8837440137303327,0.8204591728015234,1.4527913145450322,0.6886674766253793,0.8703160583930432,0.7912866723982441,0.893225151582655,0.6359307142858751,1.098163885695017,1.062480211013598,0.761798036537517,0.7375607930926005,0.8427713841080211,0.6679927103446316,0.8582426389952205,0.7369881690485349,0.49177718665636105,1.208224109965628,0.6793876898704383,1.0868873167479107,1.4168351467770688,0.9237784879165194,0.9018092354899174,0.71782340445307,0.6544206097390307,0.8338553517898353,0.6394236949080261,0.5724666161782578
2020-08-03,0.6408853636029614,1.083484140470329,1.0190376543172772,0.8998378114425096,1.2448131750135083,0.6847666111467521,0.7454122930898086,0.6697426195364309,1.8861306408343996,1.0559172517905944,0.6794064828062678,1.0947731662074844,0.9202155597347448,1.3755792377081555,1.1060957309924606,1.0324726005417806,2.0455298119653995,0.8072275518459013,1.0675921270638082,0.5660158645184041,0.6211423798261504,0.9492152040445372,0.9279889525539955,1.5052335393270224,0.8830689405960603,0.7676173305695798,0.9188105712013839,0.9157804241351002,0.459773439252923,1.3843633895422358,0.9987767935362855,0.7353720554558436,0.8917122186281483,0.7742736203380254,0.8964275346718336,0.9920884352895389,0.8913402277994387,0.6212280682512308,1.260383297938234,0.5550732423080782,1.1525758355127127,1.1271996178691794,0.853702100922772,0.9133691078533974,0.7305374459597627,0.7170937797466206,0.88991419025643,0.9772623498973694,0.5830221254645908
2020-08-10,0.618873522120966,0.9477402909883148,0.9205677518577973,0.8437538557517708,1.0215404426122536,0.6654003625758964,0.6729522669127547,0.6367155274227426,1.6109654906740396,0.9263565549703934,0.7563841699171123,1.0802255648450207,0.9693076423273075,1.3604992214526135,0.7150448037757984,0.8683001658780052,1.675808935017075,0.7737235003289294,1.0370277644168502,0.6871697433955668,0.5319733415606904,0.8269898988203781,0.9579390128951397,1.4276850098648093,0.6958115776653777,0.8338322905409334,0.9847163051442778,1.0470288278205506,0.4264921844785731,1.3221017951235399,1.0069572530741366,0.7645077845979027,0.7270615789441179,0.7218381459683935,0.6597056601108795,0.8739828638867062,0.7304874504881471,0.49713688119128335,1.0159058856101746,0.6666635591652039,1.157685492089578,1.1791121648603502,0.7895725587345709,0.8546838229534104,0.7428730426109065,0.5958596758535623,0.784335114862746,0.6934939415955752,0.5303590483267255
2020-08-17,0.5842879088015496,0.92018442500847,0.9607287216957009,0.6885258072953158,0.9197858120853272,0.7535137362313881,0.6611070868393383,0.5753657876029223,1.5424970268690654,0.7202213549972794,0.7583406533705503,0.9271489544950505,0.7549502086938984,1.1003530280686382,0.7003652597554484,0.8234495710337602,1.5338411509754943,0.8529590789779514,0.8601978245398112,0.6398083065892297,0.5548621076545039,0.7997494934674363,0.8558938649051193,1.4562229595884144,0.6633387597348301,0.7386124057859891,0.9259855379274669,0.9897252614565868,0.4376603210532766,1.2487219501611642,0.9698894801273178,0.7005548449167976,0.8595030901442562,0.6683564656662817,0.5394376196190857,0.6498865997147698,0.8002744698113546,0.5126730674789979,0.9104196194495122,0.5358127440416538,0.9331489701735523,1.0478361369992284,0.9536469357953724,0.8542387940655101,0.6655388895293648,0.6358920557719125,0.7020457787831254,0.7233344544675486,0.5148072595985901
2020-08-24,0.9804380366450065,0.9677260453674343,0.8850438155113001,0.6536510376650113,0.8170410315423557,0.7325239347398261,0.7398794747906088,0.6161959679917184,1.622122361882542,0.7244253715754474,1.0512700245304345,1.0245203875518067,0.9122428072121649,1.8226176337474203,0.749102045403808,0.8280612509108554,1.6253678330912298,0.817957324112111,1.0353504897367845,0.6008882775992612,0.5611920187279458,0.7686726356596109,0.7122636128659564,1.351036826424933,0.6430005729213463,0.7769531532923089,0.946976629305986,0.9583028214333056,0.4000796925231623,1.2027258484594086,0.9713457639354406,0.7083748699160601,0.920205744466146,0.5622236337509346,0.5589770412375447,0.7409545989109865,0.7467381406763203,0.5854402641021073,0.934153528456148,0.5426844754119708,1.0182687559133197,1.0783038282851578,0.7671240743266818,0.8919410535311987,0.732742024205302,0.653224680445756,0.7330009391521008,0.7823926138099455,0.5456562903894076
2020-08-31,0.8158072697128802,1.0325081555287015,1.068773348278944,0.7097153909272569,0.9530856860519905,0.7690448064233454,0.9081840444206806,0.7062036462375139,1.5403337465242812,0.867616523773649,5.228195809182227,0.9493699367456387,0.8723937616394815,1.0313958126802507,0.9183924567448862,1.045761955276906,1.3202421626692344,0.8430672884720907,1.0217708935323682,0.6982380621686715,0.6233916523541037,0.8810271551489453,1.0014931366846531,1.3931700740714992,0.6947693934094733,0.9229927525471231,1.016319627133872,1.090916657153485,0.5600187303340055,1.2564369350572593,0.9843300337499465,0.7350360374105004,0.9358180903345774,0.840613543471695,0.890742339654041,0.8417287614948028,0.8702547687859843,0.48801813288603896,0.9868192433080578,0.6856559187414104,1.231667376283015,0.9550931661205908,0.8177245095807799,0.9462598719420505,0.7399814972201508,0.6285936305048799,0.7835433890976786,0.7191632612099896,0.6627577264783335
2020-09-07,0.7722944936090949,1.0853323646417243,0.982572393527136,0.6905571889080533,0.8846921877204412,0.7467007590361712,0.7144496483057396,0.6984801944424174,1.4835891688888145,0.6571007296120749,3.1545857309925833,1.0467392980267765,0.7850850262074791,1.1224117038864405,0.8963461599451257,0.9142221165347264,1.4090274896689754,0.8132663587146733,0.908646572516429,0.6917003928822164,0.5208681629286449,0.8418423147445095,0.9653329261440218,1.33058836793962,0.812579834160551,0.7834156742962681,1.1656327131565067,0.9559695341350019,0.4376717367087034,1.168184571258717,1.0224671740887028,0.8057246742117232,0.7975010785956085,0.6061549675279252,0.6257271308577824,0.8704424836991609,0.7504016604557315,0.6595907267089539,1.1616506666054938,0.7087433255641216,1.0371229026232678,1.0493430585371113,0.8988866126804567,0.8561058434102451,0.8016197470686643,0.6917154105395544,0.811256149187869,0.7487824665434853,0.6128646750163953
2020-09-14,0.9835389271708003,1.0389824995333732,1.243258453290883,0.742310398632326,0.9579923656802987,0.9155444241410856,0.8581488684083984,0.6505768038590469,1.4490124529082595,0.815746232440908,2.1152808348178613,1.0979893963052383,0.8092656980943524,1.4195451184326418,0.7601674353656729,0.9481546257458984,1.56922361790193,0.8775313925431496,0.9177741131246101,0.8369176696345624,0.5093175278372735,0.8399974771293371,1.099299524144211,1.3952026208477366,0.7835015568274155,0.9002101060473209,1.2266283259846587,1.0990085723055305,0.40631163834570977,1.3655854698710435,0.9808012938303833,0.7072189728154818,0.9385294030086412,0.7146639473779227,1.3259093032746798,0.7895466681100339,0.9291982232679633,0.5461183688218413,0.8985653415057927,0.7455205348455898,1.206981519524921,1.35745361623316,0.9530060861158963,0.9405245542734533,0.703046710407018,0.723407171575909,0.8418913929816173,0.7261307920620366,0.6544915566003826
2020-09-21,0.966812884253414,1.050271886107526,1.1341815418101144,0.8980464260375,0.8701508264301213,1.0046419853308897,0.8772758529987558,0.5824500189580385,1.4721608121417284,0.7522339189944414,1.5224931071302057,0.9359571862560198,0.7931172004272564,0.998231402796495,0.8798170326410726,1.0059774610801155,1.402965679919042,0.8371096723824368,0.8553846255439204,0.724417918666211,0.6021103836846816,0.8770409538552604,0.9421744687393419,1.4973799439008832,0.7169600791320971,0.7868672208621746,1.0555360175909454,0.9957963328744964,0.5701279607391838,1.2178348134603092,1.0143564877183304,0.6765296753598427,0.9317636167359298,0.6822462565528209,0.9860686059846228,0.8711879098496917,0.7498717526194685,0.5104203838232688,0.908235807329324,0.7549095740648919,1.1459200436797041,1.1671684658858856,0.8747963197702497,0.908440538217023,0.6704412051494466,0.625477166074089,0.8262495678636861,0.4968967052960087,0.6438549706590048
2020-09-28,0.9972448733046355,1.1988577490364276,1.1363268856848756,0.9439639084730622,1.055148331551376,1.1004945609487824,1.1759855052341337,0.6081059973108358,1.5325285745293054,0.755084552120611,1.689917232787683,1.2051680089680825,0.9389814252771307,1.5156199532328565,0.8490381397415541,0.9723235784980351,1.4113772252657255,0.931600582221441,1.0615498720112053,0.855804854809632,0.6323883828088694,0.9664159341951435,1.1262552427490005,1.4964133008721325,0.8720835453287485,1.0627079147929288,1.292192001175087,1.1727497104960596,0.7517861641766274,1.3094764761317765,1.1500504947519508,0.7560040200920883,1.0259837805044398,0.8474861439348265,1.0555272758035898,0.9772186564533198,0.9672012072023932,0.5548683353041822,0.9825683821685498,0.903618211288025,1.2300858537756856,1.317157220475706,1.01842629795794,0.9940460253769476,0.7480935124850255,0.8405049517868406,0.9728132840901766,1.4493800091698337,1.108888859314045
2020-10-05,1.4874513252493087,1.2258488041532853,1.2365094253963873,1.1136731700777145,1.0025233495844224,0.9732724858860677,1.147575270471826,0.6701278521633106,1.5998528147785762,0.9327907246981365,1.5232650029376762,1.2565415199201964,1.0014741694987586,0.9293593652207256,1.143719824784835,1.3035982127635273,1.9502974516910228,0.8896249131718849,1.0143179700302993,0.8169278458322118,0.6120663335439817,1.0572826950961174,1.281346728295115,1.4966104731561387,1.0930471158394521,1.0144297492908125,1.8772577582439403,1.261328886562203,0.9229057968783395,1.5359576674185975,1.2017138416616349,0.8546140737539367,1.0787493839707856,0.9815568837317369,0.9706210653328706,1.268366980501723,0.9841068581341871,0.742282437338919,1.2461500850484364,0.9389750178970385,1.4056201778039572,1.3779855831805814,0.9526916264679064,1.1345158636873514,1.0033541481920953,0.8134504592604953,1.04669394408518,1.2998891249654685,1.008623789872622
2020-10-12,1.123368948629163,1.277024670795809,1.2603203792772213,1.1471718724524749,1.214222515041266,1.3780677023298282,1.2782955155446574,0.6376310120749006,1.7632924332631648,0.9133162349706756,1.7312838823314987,1.3360822285446003,1.1424081829641644,1.013119383436056,0.9619140258664232,1.2201578649017697,0.32832104787471467,1.0173460727628725,1.2070892516703342,0.9214281078401696,0.6937301567754337,0.9359004061585288,1.2945057454211002,1.6267466893528417,1.0678213084094006,1.220702277195276,1.6307840287954345,1.331525946393028,0.9236044369578904,1.6181508488005478,1.3126548245083225,0.9558128053690441,1.123336248673861,0.9244676585230975,1.504168655408551,1.2477778596557272,1.1225394535181374,0.7780119331196368,1.0368359595961802,0.8439574957085395,1.425533200281558,1.5080492084724704,1.1528389533897458,1.2743201889105529,0.8419624013738325,0.9357573199989511,1.0876462412687418,1.3878782945271104,0.9080650510186967
2020-10-19,1.137931336764057,1.3202581992786275,1.1620759218503904,1.0679216662451978,1.0824541963934933,1.1088004003977627,1.2543463371403611,0.7169064799428169,1.488544056830435,0.8221445251722886,1.6034199328690515,1.2446822954850054,0.9905519053233574,1.0042530153319058,0.7977101272056022,1.1838204952448388,0.8951724189875201,0.8499848602520288,1.1004682813099453,0.8206421866161064,0.6180711949729221,0.8748806832786596,1.1194222089407018,1.5564898058960424,1.010048235919539,0.9717697515706347,1.7003752916102235,1.2408380330844797,0.5645933998449701,1.5993139200089015,1.6119125285923743,0.8341875890433985,0.9415151408709848,0.9221260519881229,1.3965105856438331,1.0193821767953093,0.9799109895990445,0.7225173931052902,1.1160578204082574,0.7548239317782597,1.3347715293064188,1.4937369388924406,1.0176240076095637,1.096282124972924,0.7975764899995474,0.7059773487057084,1.0036605812566184,0.7827958221757363,0.8870573687064325
2020-10-26,1.2355073265598686,1.4103476903675722,1.312451696406638,1.0577058954119405,1.1533379699840756,1.2910416103399505,1.1439306825929003,0.7717880821018163,1.7132880259304646,1.160796173324505,1.6987973385940098,1.4044949932160202,1.1735529783638683,1.0895072186692583,1.0813942978865012,1.505886641524029,0.841826556270399,0.9939166722015973,1.1289135679065376,0.9232467230080729,0.651885746767617,0.8556613006892584,1.2059100850529385,1.8323355097062697,0.9175032508562322,1.1704194546214282,2.016581438240582,1.1763824361090762,0.8803950049823716,1.75662621396016,1.5349520700465473,1.0462711243292782,1.150712340655014,1.1069100988382201,1.8959517506294377,1.1171863948527123,1.1546681662385736,0.6562190247498215,1.0790022796734677,0.8764392119939837,1.5320423549780418,1.4791762096458987,1.1783648281402412,1.206731971119467,0.9410666612027427,0.8520659333915038,1.0483247691236164,0.8492796859619354,0.9194353714102488
2020-11-02,1.2274479075719413,1.2585291554852498,1.3183476066386772,1.076585528888541,1.290457809625922,1.548970096650795,1.5013307091742045,0.8103792779481457,1.5831978433468865,0.9997582655704887,1.9977275357778954,1.423381104294509,1.3257489618808895,1.3146396032485255,1.286404031265611,1.4209569750859297,1.091503611725721,1.1083344630482364,1.4023656658465105,0.9591752081758866,0.7218459611998099,1.0010208905022848,1.316126020605966,1.5794616516963607,1.0463587987419296,1.0592270907952062,2.138911104028671,1.4854143507811328,0.9598077018464329,1.8042818468208084,1.7608306670752147,1.1145110030740097,1.074802635924124,1.1762140018274958,1.985461836905319,1.2337218142672095,1.1639302173931205,0.7798775944823786,1.3199948299110327,1.0411806253565263,1.4130525743386517,1.6031589045804682,1.2335583051097134,1.1967341136337453,0.9990028631796708,0.9697892532833574,1.1822120322799359,1.3306756014124344,1.0809655963800666
2020-11-09,1.370534329167666,1.6423908917590233,1.5676708597571392,1.3530066953493596,1.4423474794102162,1.4884731773797562,1.4075244052446578,0.9158619393578156,2.01774983191899,1.2654894337380977,3.370450225615915,1.810890372731345,1.585782157458819,1.326288297637534,1.3692868129925624,1.5936800817990542,1.0198968216706439,1.3148774794385725,1.5351050676793712,1.0680869279915297,0.8642350938822931,1.0105093564252288,1.3991469257616673,1.96162866983444,1.0496433269056804,1.2507545271062055,2.556815782337184,1.6130758188475967,0.9022404244227009,2.480563397613789,1.7944291833946395,1.6162714194377679,1.28182747656362,1.2148927377700711,2.3115415322542425,1.3997636304385805,1.3342312024359784,1.0043888390477684,1.2807464526938275,1.0687900470354426,1.7403517914541249,1.8400126815506916,1.3601330699351308,1.4201018247545405,1.2025789681491084,1.0177346304928336,1.1697298934405043,1.067354011109924,1.0450229404085645
2020-11-16,1.4401864343484747,1.3678224342969507,1.567449311875842,1.6945659774156079,1.535617850815954,1.4292646082623564,1.4526195201721714,0.8427190994726309,1.787105753053519,1.0760430407339583,1.3571033203356246,1.6568561915050655,1.4762563989372899,1.3858978312821413,1.2875498152955913,1.6469483051358065,0.9338187382718804,1.2497708604498805,1.736393050826336,1.156521922594014,0.8210769960031619,0.976656521720441,1.525193823434239,1.9074927271138185,1.0241361575191341,1.2359206607995006,2.1882841028634417,1.5419999145327932,0.8788248590350785,2.438631382825567,1.8274336218288085,1.537050160741381,1.299856217596682,1.5061717854324086,1.9902821780842053,1.410385304363548,1.5111021492349364,0.9227334366668027,1.206728071257555,1.190739225781146,1.7455503342117726,1.9070823476364005,1.3455744944509056,1.3890962632966664,1.0933312936188508,1.11926260169802,1.1333372626224993,0.9214242254565088,1.192675626740992
2020-11-23,1.4685634794831146,1.6192373877536692,1.5191290759609348,1.5576567436232507,1.5362298131704448,1.4273734654962391,1.413575310738427,0.925716322297351,2.142121708045569,1.07047119340265,1.6541193842037485,1.4029544109047332,1.460302111022749,1.3528953328056752,1.2913059033523429,1.5455990436226719,1.097006716539766,1.262090932391048,1.7202117142544235,0.9878129588545077,0.899289340607536,0.9483721370927211,1.5424743078680816,2.243523793313695,0.960732427396837,1.2675175426724832,2.005760702676015,1.438114806191973,0.7890725782485071,2.574404459072661,2.073379963439866,1.4831857285831307,1.295425921274758,1.4577855050516715,2.2815624917616106,1.3531563406746225,1.489090003223407,0.8227495067458634,1.3585091689012478,0.9768000848858697,1.780627602197828,1.8234842103530613,1.414139892134414,1.5566975656267008,1.2290894798957313,1.10299368263836,1.021290872823768,0.9469588091134733,1.0390614480067897
2020-11-30,1.4652674227787243,1.5965889136693874,1.4479553416520754,1.7296872953081153,1.8462553269641941,1.1873889640755002,1.3564291159515034,1.0680392624743043,2.0123912869461256,0.9223630363964539,1.382001809679025,1.7600933627961177,1.3543965119458177,1.2995299875048807,1.1197126867654301,1.7404032838154835,0.9705213885238344,1.4434629040561762,1.7907733012570424,1.0202041264561528,0.865776820330106,0.9240279202850953,1.5284084168189627,1.8553689843407004,1.0040211242803307,1.3590616027088038,1.8045268661959888,1.5958179799355825,0.7015182556508825,2.8491325248290758,1.8036022132018705,1.6755823341219418,1.3405277542720353,1.2766528046108632,1.9931516789430759,1.280992790243786,1.7706952492764636,1.0267829589686954,1.313640905440233,0.8979084844389946,1.9282445853584893,1.875417102477623,1.4428746448149177,1.6899757787588883,1.1781248986933752,1.0706019739383361,1.0156210814470312,1.0370571749110975,1.0529840409287694
2020-12-07,1.2233851325757843,1.595584998179525,1.4243199678101317,1.6555297528525825,1.5590522340479676,1.267186563707368,1.5360876604788252,1.0239748604636452,2.0167240575383896,0.9174729581826272,1.4512932970102845,1.4436741052489377,1.189956581351126,1.2439233896538013,1.4715779688538528,1.6683555434823374,1.3216229461572917,1.2848950385615263,1.5438792073977998,0.9517108113241932,0.7311167878140609,0.996633770129292,1.472752700605358,2.1981438047389132,1.085978679318932,1.3730884746243024,1.7281202644531315,1.405350363917373,0.7620133638921242,2.6021194401308274,1.9039328587685191,1.8341619693542532,1.3405486543975451,1.4116135798200542,2.02419879099973,1.2731117622570838,1.6126737265681594,0.9031147275434381,1.827540112759817,0.9438138724292298,1.968773454955103,1.7655061011200233,1.2703308440300014,1.5667093567942176,0.9893186135716121,0.9282558066064034,1.0263386158996164,1.3197295554722652,1.1028325051868972
2020-12-14,1.3235678053617725,1.645109742499931,1.4066658326121038,1.5113912335072426,1.836167051262032,1.1533765545778512,1.529528546269745,0.8936346706048428,2.1450695134649975,1.0218007380379983,1.3520599164282667,1.3512173607472135,1.2089920627863702,1.1390078540674806,1.0044033444572888,1.3549819608474145,1.0383663656145572,1.2478129751922393,1.5471644505039595,0.9109114092109356,0.7427544017743583,0.8380146105008017,1.4012934415959384,2.299806437180574,0.9297747269852568,1.3669083866469487,1.50075279834638,1.2855252997873112,0.7152905088364936,2.199345675093288,1.6237472415982768,1.1640289211561667,1.5408108182442004,1.2732996388134952,2.535755106879184,1.1989719460168375,1.5138231690615593,0.7896524172602504,1.340832095674342,1.0095927597831187,1.7136348236421473,1.7081162544770803,1.2556481769409271,1.5144531327803858,0.8324382615556276,0.9471634996180583,0.9242435185847513,0.9650332032634237,1.1627297609168465
2020-12-21,1.180586967243691,1.5456604808722119,1.351215539406342,1.4576351434706596,1.7808536096076217,1.0698855048597267,1.182377298292931,0.8621016152562879,2.2298990254794235,0.8178269862420113,1.4915185641699704,1.27078084678512,1.127316259466547,0.9787183749382437,1.0548541437516905,1.3594960483632548,0.9560591958199054,1.2547452796905274,1.3831920613240056,0.9136234339928134,0.692321576034891,0.7881290016654967,1.3225077234784086,2.3262381596113375,0.8673345688856573,1.3137991393453303,1.5856586941629323,1.199628854191567,0.8502947220026917,2.236865625196307,1.4916024077857954,1.4778719623413195,1.2710252783033458,1.3551680235712995,1.7598519655873883,1.0221068278090875,1.2701956917520594,0.7415922013005121,1.3438928856023793,0.8684414817301802,1.7976945616409739,1.7156275302280224,1.2407111299341222,1.5660305994920434,1.0174435978353626,0.9911788145847765,0.8586190518396548,0.9001841265320942,1.050643340927251
2020-12-28,1.2970023177830283,1.6437086067120972,1.4908427389001226,1.597094362477061,1.9593690289102894,1.0806956929906153,1.3252204632535753,0.8524343095449767,2.0637508960958675,0.9028857121629271,1.283194879747887,1.175674209923398,1.0970952384259522,1.051469970921843,0.9403121081801198,1.3741911449339987,1.0327221763221073,1.3049182046552092,1.476281737558847,0.9830190838053166,0.7359984635512572,0.7960679852063581,1.4826566711652898,2.7412096021336207,0.9526397545479026,1.3674260425212985,1.470338539723349,1.4372501368302835,0.8011581310924837,2.341112883540381,1.5418297249952473,1.9279643618620268,1.4614749539637328,1.4618942896203464,1.914485936934081,1.036227002498114,1.3491946116719347,0.735774172535157,1.4322153639141613,0.9808899180588211,1.7602688329885834,1.775020382073952,1.3051190405500481,1.7063820141096864,0.9471972198720111,0.937099902967365,0.8066692489286895,0.9192032529092427,1.009135016552654
2021-01-04,1.1478674595083933,1.7214662442184212,1.5442128003223776,1.6693967418330729,1.776239132280376,1.0294392497221447,1.1845636817457867,0.9739053276085826,2.6764730251314823,0.9856378528348511,1.249532466772422,1.2623524506032653,1.1780311305304068,1.1940415686003396,1.1157737117312103,1.5905418251736319,1.2586391391368559,1.2931313222109462,1.4771577028710616,0.9449417757323204,0.6771873290073476,0.928910668974605,1.4467726518712283,2.1302878875056606,0.8985895835674178,1.4921825165558444,1.5643080551927409,1.3876345432007895,0.8917421939216521,2.1299789796715234,1.6082025688390704,1.965346423995721,1.5076611442167849,1.1042009415999636,2.4212994297450363,1.1127759970135824,1.2597987781217643,0.8623024499036561,2.0159207815181075,1.005015378153364,1.9093271145837671,1.856316792314889,1.4028973076062141,1.781119688147336,1.0346306754003476,0.9422478824399667,0.8959729261689338,1.014423126674268,0.9982970194300287
2021-01-11,1.2752928662777734,1.502790031907937,1.3376470228386803,1.3669620187926743,1.6112211823292295,1.0663116632941723,1.247778323421928,0.8216477808422618,2.0848725953530076,0.7872536846378467,1.1006382169113689,1.1821583253506434,1.0545220790358718,0.9903659465062082,0.8234830480794268,1.4449792519238474,1.0227072549851532,1.1645477931404116,1.312120851032217,0.8639164351242197,0.8475302995432217,0.790368469118647,1.2010114323167622,2.2001388684467162,0.7911877781553563,1.2509937690471487,1.380773965106253,1.2340792430175127,0.7360301189321143,2.296393442785361,1.4807829687219076,1.6362575899737426,1.45540090453008,1.328390147103602,2.2042511150321316,1.0255373958520553,1.2076455794372316,0.8277480868062528,1.4180564659397883,0.7790857728844008,1.5767035132197191,1.6464847027191012,1.2123765955047847,1.6806898016361242,0.9121716267949576,0.910091598482754,0.8446544397839648,0.8788599628947056,1.055413529374902
2021-01-18,1.0690849804563207,1.37649644547742,1.2533271602880545,1.4620011885379476,1.403471801277064,0.9387403100339953,1.1419219741703213,0.7880337571583759,2.1419083412039575,0.8713451511182388,1.0817132376046035,1.0623578584202646,0.991343485039023,0.878376432518828,0.7726413714402884,1.446394258785053,0.8113217074360033,0.9570120417820384,1.2597000298594603,0.8285527601416132,0.6927111815202038,0.731624089282088,1.1902430857705157,1.879284184701831,0.760156596930707,1.1145885015526948,1.4550226242212518,1.1723456963230006,0.5741600211520923,1.8547742086551624,1.3562121808561294,1.216264699257429,1.2135637579545824,1.2494929853195402,1.7993287598663634,0.827661965782178,0.9418350054887107,0.5813034495437841,1.2764731971239964,0.7698194499957433,1.4424832860292516,1.387195641182536,1.121890947529656,1.4655505207336266,0.783477040879786,1.1217343040878516,0.790433027861462,0.7732574555298782,1.06732658710441
2021-01-25,1.170914586200445,1.259550920243441,1.2335068406332956,1.3431089373950174,1.2176839137865358,1.0593615158761627,0.8897184463769797,0.7213519693494699,1.8887650253866748,0.8050494932832797,0.9768891138844281,0.9805982037660915,0.9506703475649869,0.8584186161341132,0.7196086760486426,1.3345050819319586,0.9386462327476529,1.0010183133597281,1.248251637929215,0.8398693082637683,0.6729075112274081,0.7245887326033975,1.219778731088728,1.5321210605830362,0.7458813167827933,1.0905002995750026,1.7205714980164684,1.1902551937568355,0.5279355285957009,2.1239810439076585,1.3721063466888994,1.1764988522020954,1.4232036579950984,1.0741923349679645,2.379456894400808,0.7938935945165728,0.9926640023282556,0.6797864137318168,1.2086239677268051,0.8789044393481404,1.301455031821972,1.5962776460917105,1.1246617789046347,1.3558403414285083,0.7245025132316094,0.8989723542218606,0.7675944837012101,0.7107782758010914,0.9965299015184976
2021-02-01,0.983141658655621,1.436970114306043,1.2549428478341729,0.9788463089464728,1.1660827137181942,0.9627960497240297,0.9107764654700695,0.6477719884052411,1.7624020159446885,0.7489712164924169,0.9771375597651601,0.9817851663556291,0.8801383412645901,0.9301305708185444,0.8073040038911075,1.1682654057865762,0.8752466055144983,0.963448838954829,1.1083878373877587,0.7246187830448518,0.7403067258163607,0.8360928677678754,1.2152835785716702,2.160444192542096,0.7272239565795904,0.9574616836405793,1.345040908083487,1.0703337283098378,1.0331072428527945,1.9743412596758199,1.2723732138066615,1.3718974497575256,1.1032648872195188,0.8939620802124417,1.752347758851918,0.9457223830692988,0.8893238777468467,0.7140767054816926,1.366028681915711,0.7773322077159195,1.2496187047024174,1.4060518710693524,1.036342426447526,1.3055647054845831,0.7794406993899701,0.832749987736737,0.7579545390272246,0.9047671490074901,0.8205357609115698
2021-02-08,0.8699213909829902,1.3549207641487189,1.1306679397553712,1.124706651184583,1.0691088537520907,0.8976588177102948,0.7613331226424321,0.5803634791130501,1.7276625147081637,0.7634567080814777,0.9315378215266632,0.9827649009285041,0.8502101418059669,0.7637528411547189,0.6965653768568809,1.0861526526137042,0.7672700359456557,0.7706377255965535,1.009292596697291,0.7289777683060262,0.588519036054094,0.6997274071879585,0.9854898816504061,1.7591113918552368,0.5820948261671226,0.8553769381497408,1.3095841133208046,1.038047306789272,0.5705036570377837,1.769888573433452,1.063486187253826,1.0518935223182195,1.1432247015651407,0.8647064328388357,1.441984587596508,0.6974552704416509,0.882109364614187,0.47507936127099926,0.9988725647092275,0.625736090951199,1.2724114845991434,2.0754322744123916,1.040453624291116,1.1434986467391228,0.7307995903821016,0.7840752245715121,0.674677378329287,0.6991465473328045,0.7280092633673898
2021-02-15,0.900451792100875,1.2325259457076747,1.145892748321717,0.8450897080810659,0.946080834455406,0.945418193843636,0.7482633608835085,0.5471802046681539,1.5380804829328656,0.5746878983367775,1.0111688856973646,0.8717269676308046,0.7020723430003233,0.7709305434556607,0.5684009549714981,0.9282291567557666,0.7363721505657335,0.762307977318122,0.9283176846612085,0.5087327304271712,0.585613696639898,0.6517680493018618,0.9646108144175364,1.3805629953116587,0.6174037975444642,0.8818065609960779,1.2980084375163785,0.8179058737501803,0.5756020707355213,1.4873994079051651,1.1069776242142493,0.8476386049450796,1.126466611277988,0.8322689978337416,0.7611155928824573,0.6571940652649577,0.7783845118448853,0.4221035705890689,0.9599305897415751,0.7578465181535372,1.1116332885100377,1.3867421655246979,0.9792549222610085,1.0813055021339086,0.6674046636494998,0.8364018368165616,0.6642898295865141,0.6730072149840344,0.9218034716939058
2021-02-22,0.7239831314225449,0.9681422165151228,0.9962089303320572,0.7985357442340382,0.8755680998996498,0.8667426424915068,0.6778222835919505,0.6188459128515276,1.3874207177022428,0.5393860073961954,0.9036513420952426,0.8653030227803673,0.6820349506164982,0.7047601762775833,0.6030631066262038,0.7662087396118535,0.7439318162677063,0.7267760701312048,0.9449217397145755,0.6082569660684329,0.546946825823091,0.6358658807024629,0.7838681103987853,1.5773703283484792,0.5550639967201009,0.7495246655744522,1.074165173673202,0.9797106458399416,0.39475960380834435,1.6501925995637672,1.0515229306738874,0.623932330875709,0.9285824126867054,0.8981870769626201,1.1981745965018864,0.6267764036028262,0.7379323802894929,0.4995918918282166,0.7986938954944254,0.7707607363698188,1.0578660998400358,1.7589153485620084,1.014110886279908,0.9446171261696472,0.5933347582152191,0.7318979754357935,0.6220480775604003,0.6093638789907716,0.7572305785986142
2021-03-01,0.7534066121087304,1.0987572840598028,0.9189649588594808,0.817121621384342,0.9021027772085692,0.828808764367404,0.6620909434107117,0.5593533181792423,1.3699289905628322,0.6597430830781851,0.8165253835012951,0.7526872751575888,0.6682385229554699,0.7828666206063828,0.6586986948518618,0.776677623271285,0.6183053578520991,0.6650013274367338,0.8187732085281763,0.6030337077691569,0.5588280725712685,0.6757598095267805,0.8358199129066024,1.4098693764801364,0.608021423464796,0.7877443366477781,1.2036939635669732,0.835049374714947,0.45887364923183216,1.3769416605131306,1.0686367029188812,0.6476541859043503,0.9566951932097828,0.8106336095095679,1.177966560510288,0.6859633758398562,0.7348313740609496,0.5284267007354266,1.1447176194957462,0.6302367608638728,0.932092044889061,0.9351832840844796,0.8319872365894816,0.9032399649481715,0.5643468199251247,0.7307978064383959,0.6214387118654251,0.7613242346733349,0.6726855751470411
2021-03-08,0.6729345807944075,0.9542956230759941,0.8058103166706757,0.785639636758854,0.8491825310720849,0.7107166144000885,0.6578036243903764,0.4961636122689903,1.3357975466275502,0.7838207824685206,0.7615213579265843,0.7611939348580368,0.6242520763002263,0.625796737431874,0.5435137469249995,0.7576164699408071,0.5537807046835486,0.6969157624225981,0.8414897387907434,0.5326724235961244,0.5932643049409533,0.6193159846425806,0.7591378463559694,1.5018863636633841,0.5190991542162489,0.6335911202570479,1.037086970536976,0.9169059673333909,0.41058472422209663,1.5423562118031517,0.9485752923430526,0.6457127508638796,0.9502029588896558,0.8074278141781455,0.8475193686987681,0.5747552620281079,0.7543855326151947,0.3834029852198107,0.670333003207095,0.5413763643576108,0.9701033287088907,0.9326357223436028,0.8698677932010169,0.9016347303324398,0.569617443489939,0.6481453081709703,0.5561978901762282,0.5983169726199058,0.675214312066637
2021-03-15,0.779860966744713,1.0526121486219946,0.8669463944216249,0.730496636313573,0.8192475682601332,0.9298422556134567,0.8649577244739985,0.4918889829087899,1.4411369577130213,0.4903595789303527,0.7904130729131481,0.8013335161472297,0.651104855467435,0.6353670441898753,0.5310001441412706,0.9117242788182041,0.6062119555546877,0.7309489188153029,0.791180772684394,0.5914994453871822,0.5266643961579995,0.6237300208081539,0.808209842135319,1.3845889329125407,0.4789158931227999,0.7681160423800606,1.2264271054496831,0.8730980752587012,0.44825831042735553,1.8256423808476914,1.104533012338055,0.8754052506109722,1.0913617181769633,0.848060720789336,0.9018150890763053,0.6211714498289871,0.7467296032266207,0.4563747146097445,0.7394685079443927,0.6040157153270445,0.9543758087748733,1.0412041219973702,0.956875846379442,0.9438600553200271,0.6183858131528246,0.6976980167109192,0.6283994572485045,0.589789103282993,0.6852050107975259
2021-03-22,0.8006407521718093,1.000191530274688,0.9386148115873347,0.7828221547204388,0.8256721246432024,0.7155575592115724,0.7184096997152487,0.4709077908567739,1.379134602598574,0.617588441261897,0.6984861883522051,0.7665575356808494,0.6679117365525816,0.7598489138288165,0.572701328488942,0.9139944230818278,0.5926813901014756,0.7010212603932712,0.9541553692233691,0.5468381316821886,0.5013898054747693,0.6632331985160694,0.7966246102659826,1.3669787848540202,0.5744389632400794,0.6874456061911138,1.1658730560081092,0.9003294940249997,0.49691117057867584,1.7894618952854617,1.1793958720446063,0.9290856804053722,1.1452613182888771,0.888489848604433,0.8042694727736033,0.5724189879405457,0.7283835478995899,0.48584989179816496,0.6791020776509584,0.6219977146090443,0.9700986976354946,1.0603977310318713,0.8710197351464799,0.9432074963388606,0.5335638347112097,0.7994529324509081,0.6209831878170395,0.5656468392780827,0.7127200188529288
2021-03-29,0.7704149989416753,1.0332987499032023,0.8518272903920919,0.8819076683470597,0.8869527824085929,0.7655646046600255,0.7639963540448229,0.4860565634996322,1.2387106127463163,0.8004450961478695,0.7395621031597706,0.8031290059662,0.7357530900202842,0.7355863341999509,0.5845016547919935,0.884368689863967,0.675483817340732,0.712545689700915,0.9408013099396109,0.5772675902491986,0.5958676955622274,0.6580334377039314,0.8324325193345907,1.3647959978227764,0.6061505261428346,0.623735559921794,1.0392906868718654,0.9362766006709202,0.4039296184777389,1.7930352891429635,1.0705999846707184,0.8802047811236031,0.9733367488975155,0.9382402730200857,0.9391490203749031,0.6568440993944222,0.8030446117387244,0.45258967048665844,0.7115552058427468,0.6454097662372178,1.0600247858150817,1.0573579222979932,0.8209618817014643,0.996830889430759,0.579003428230144,0.7456724221465791,0.6758739258973168,0.6994680875010094,0.6968741369200264
2021-04-05,0.7721257581510144,0.8830231642584647,0.8777871420547718,1.1420943090335753,0.8265649127793682,0.840181340434814,0.6914545304488358,0.6085467325635119,1.4677518020954845,0.6493753712775485,0.706924380968404,0.7559331570357152,0.7086906264317603,0.8541957069724373,0.7834940243047553,0.7656214877128495,0.7884077866735137,0.7602577163887735,0.9983085968522927,0.6595967235265761,0.6864440537393415,0.7150077767381453,0.7755091889239654,0.8429422725197195,0.6166038588828393,0.6944190153761798,1.0281372319872213,1.1691887285792149,0.42574579218248576,1.8604157304559938,1.1263611436870522,0.7077597269743023,1.0853877696137828,0.9105210185749404,0.8897153374972009,0.76372331010171,0.9194274568772896,0.4734184586615675,0.8743404432844792,0.6561125778342841,1.0115999374333693,1.0867080593890086,0.9623674588766209,0.9067528827898841,0.6082171044109856,0.7909107848425398,0.6877750738530575,0.7362915661988011,0.7639826798746461
2021-04-12,0.8146274046051509,1.1317168358813885,0.8631749660857008,0.9984350045952569,0.8657352779748597,0.9322822739627077,0.8200259835026305,0.5578512983325281,1.3967913356644153,0.6380744109879407,0.691515063807175,0.8065138884645944,0.8470968929062213,0.8016610072440701,0.5999258318341425,0.8384841708252659,0.7553405185525601,0.7688984778765475,1.0514136273109083,0.6377542709468076,0.6927275740056675,0.6790821051915414,0.847990083328228,1.3938478779693069,0.5554318905185633,0.7230311022401894,1.151674964983135,1.0791979265910456,0.5053856625200733,1.6728516120954624,1.1912434172460213,1.0572929198514927,1.1373992989156396,0.9736475148308208,0.7142078145264708,0.6920815530880471,0.7844223621088,0.5008493610723322,0.6277768044584204,0.7097246216779083,1.0107693139231175,1.3160424040030816,0.8686343969015609,0.96996126512577,0.5980597183171265,0.8161544604445254,0.7304772304878717,0.6892091894028001,0.7289816990023147
2021-04-19,0.7783579093101738,1.0641992572003591,0.8917180919390155,0.8718376549790643,0.9436116827623661,0.9235238895599259,0.7176611187413673,0.5793426754371304,1.547627353416567,0.5359550109720507,0.7391391869455617,0.8760330606918778,0.7287687152756869,0.7622230103162935,0.5844400586749754,0.7823889365535921,0.6820534803503334,0.6697279455092592,0.9432468468526699,0.6698048265418419,0.6976791090706623,0.6908710331338158,0.8181410824153339,1.3275602253860332,0.5711246831540802,0.7155169232430676,1.1138946559273548,0.9313909212665216,0.562235722782758,1.701586414494674,1.1506971948664553,0.6837854158558907,0.9546553671874132,1.010965087033961,0.778304967431126,0.9126237287739596,0.8790844697924349,0.43078547974573317,0.6032504713453111,0.5383979660450449,1.0618611144404968,1.2104693140712102,0.7943020351123473,0.9301910065630944,0.6547370138678239,0.8240355290972995,0.6906185067134325,0.6501351670648141,0.6934149387058086
2021-04-26,0.7137673580724673,1.1692206232021634,0.8732493538826214,0.9751831388193686,0.8619804885693669,0.9966033298838377,0.7444015165703767,0.5229325135447975,1.524563175589763,0.8141011678443255,0.6571717916025249,0.8899462883957769,0.867227961926391,0.8259794870227106,0.6241298657576118,0.9416215062056759,0.7521348762918608,0.6848454903824059,1.0012164287116925,0.5667511660004831,0.5045104058854962,0.704185036775576,0.9303292154349612,1.449450559799996,0.5841388668155594,0.7919776332012612,0.9618398961997139,0.9915838229774103,0.5321009315113515,1.4458684642123008,1.1587524958756017,0.5918903787582841,1.117507805487825,1.063373369358849,0.7038849550766243,0.8670349142603142,0.7845639040614979,0.5225626544773605,0.6342985691253125,0.5877179334194196,1.1168504806995023,1.3065814404785816,0.811580573795726,0.9358932105030071,0.5637978590007344,0.8313626364248853,0.7147833061622304,0.684688628535989,0.7800052739873224
2021-05-03,0.7188729921288863,1.2596322584173505,1.04402352027852,0.9891218335905817,0.9778573813231787,1.0247545518163488,0.7532284754075353,0.5433934803783971,1.7684133329482639,0.9680459593902258,0.7148151657418143,0.8735880852781162,0.8221223011319707,1.0013026574265866,0.8123322458998393,0.7896030791141679,1.093354563851494,0.6963396673434805,0.9679445967040993,0.6592544797976245,0.7252812519566998,0.8001699036792633,0.9388746241157596,1.3358492391514787,0.724376417914874,0.7472807076147083,1.0428231597020892,0.9197052317748222,0.6077473217808356,1.5676003184868514,1.4081870593609112,0.7322581077087815,0.9760316399107314,1.0479372969680743,0.8132340689897687,0.7949938140898637,0.8760034087962449,0.5503797630658762,0.9150237791906527,0.8561734877875404,1.1321649256266468,1.2661601527702016,0.8541079402101387,1.0078224680469106,0.6854127040571607,0.9399945489504594,0.7801461197635225,0.8842272342084327,0.8873507400032195
2021-05-10,0.8134401883156384,1.3606748182305215,1.0415443718054398,0.977796512664291,1.0119944744361498,0.9840027189654245,0.7684987076079897,0.5732455714693744,1.832709043705787,0.7692247666057391,0.6846996119171442,0.8891215464625609,0.7726245260148314,0.8920303692333873,0.6959911423140408,0.9765056466527513,0.8833002570485309,0.725809782740132,0.8531879476510181,0.626895563744068,0.5713205675023485,0.7491137511442234,0.8666401117903553,1.6309412157363574,0.7449144110199606,0.7869467182526123,1.0099038384982182,1.101692017336799,0.5358393049841031,1.5006954986893366,1.2277674477959368,0.9522369646667688,1.0572817200473845,1.077199145490471,1.0940349842328785,0.7713665838800845,0.8576939357474178,0.4956164070033311,0.6899476368380328,0.8005068235020094,1.1331815680291593,1.207516368913911,0.8668275990996152,0.9837459610834824,0.707236192136939,0.8922599195024227,0.7842820275973766,0.7191653804154453,0.8744822568927425
2021-05-17,0.8909784395428111,1.3541401079226818,1.0470471475712284,1.079896508279073,1.0945867238566274,1.1139814933733936,0.8491343610590407,0.5533568592444675,1.7838212415092465,0.9176954981103362,0.7467551613618941,0.8910837149501136,0.905634520749431,0.9934174947291252,0.6718811532666591,0.9764539405322556,1.1304615920522427,0.7696649760371301,0.9225160153055847,0.5545874997807968,0.5447878004051956,0.7561690296892649,1.0002133535836604,1.620414234659281,0.6525494948624141,0.7199063152675337,0.9637248495592057,1.1403514459916722,0.48499756480759215,1.4677818782932694,1.182367507065107,1.0999543851992948,1.0987395768022463,1.221556815010866,0.7344875559907178,0.7793154761531662,0.7793455625476422,0.5182315636339136,0.7336541662577716,0.8759976560281912,1.164132454937398,1.3705294537537078,0.9427495964117978,1.0570315656345635,0.6838812440353715,0.9015213097924695,0.7619505893041406,0.7277106900064173,0.8543985643557488
2021-05-24,0.9121092436829391,1.228203319561348,1.2097566692064008,0.9607126777876683,1.060112035081401,1.0196332463042839,0.9682828187151618,0.6268486055410255,1.988125123818869,0.9259788686080399,0.647738041662479,0.9650344864956699,0.8421142398436883,0.905195263206684,0.7493838533820216,1.014489353537177,1.0370198813664877,0.7661458449715715,0.9312923838417014,0.589985413608757,0.5735454874551721,0.7789657813022006,0.997295905483593,1.768103003072504,0.6773653516640772,0.8393889609730789,0.9080396375941027,1.2918634485118488,0.4129799227821518,1.4341247430717408,1.1518956485740364,0.9867739446063292,1.0983079282890111,1.315773157734542,0.8893258708636975,0.6803619804507259,0.7997223795287031,0.5170552484218431,0.7073009292684496,0.8380983797062878,1.2040565754845116,1.4372232086967798,1.0758409267509776,1.0925962910439742,0.6467002116353032,0.8817314767712148,0.8250855392949579,0.5979190907326043,0.8304658449324711
2021-05-31,0.7582617083293323,1.2120940140642005,1.2070216285277022,1.0561643383752328,1.0789961610042282,0.9669800662569836,0.8161639367080662,0.5976889226591877,1.7407245484313487,0.9099586996087738,0.6996893826774659,0.9680015826149875,0.7783292343339996,0.8653503288441238,0.6215103139230054,0.883315131102534,1.0585976286100125,0.7225756409547194,0.8485587582737968,0.5768142836072473,0.4912917349702427,0.7321983425979111,0.9101041346425907,1.620289282847456,0.6225451637561669,0.7551019023795322,0.9074937175619218,1.2036089455803514,0.4123390081118729,1.4510521909133736,1.199573359898776,0.612473973168804,0.9301604745794398,1.012504180473526,0.7472693233755784,0.6946717180880793,0.7492960059058003,0.45610515036601706,0.7434166392212151,0.7523162382556974,1.1607991887226736,1.2752500308020138,1.0874435212922955,1.0322022700553157,0.6554099078589071,0.8994432280650067,0.7429189769137448,0.5757601509346294,0.7212128849519255
2021-06-07,0.8355265800788658,1.204108411271233,1.330581409559621,1.0670837810835618,1.0045661577009863,1.0744522880224072,0.9070389477532121,0.6628409039390508,1.8437572822033004,0.9178875626222904,0.7286193073786364,0.9166176905589969,0.9139116734059969,0.9775111009821793,0.9008182269250085,0.9948565633357527,1.1252206020235054,0.8695911252522777,0.8557356319345122,0.6716655140527057,0.5816591266226766,0.8630810595076761,1.2076852646665048,1.5920497586057483,0.8361527403616547,0.8382899480020308,0.8986604494241004,1.751712328608333,0.3890382231911106,1.4834438246278332,1.32837519594811,0.7727382998595178,1.1252610210735503,1.0082592230923566,0.5718017958290577,0.8418716017403692,0.7639453222449,0.6073708979002258,1.0676280543934527,0.8816084493002387,1.3334291526676132,1.3933941185347762,1.261864469950706,1.0695691215540162,0.9073035611002596,0.845181033916599,0.8875744577659689,0.7399772309901056,0.9530152640896214
2021-06-14,0.7778614604044376,1.0813510539092894,1.1428600563114288,0.8735233629704784,1.064763300502066,0.9361936305585032,0.782441313796866,0.6111889259435633,1.4200445844754863,0.7423754341889565,0.6986411371432728,0.8065105534366563,0.8318561494850227,0.8948158908085946,0.7873219328049543,0.7765935318732435,1.0470772571645104,0.7766649831568537,0.8514429835496009,0.6339121739057885,0.5696255299069497,0.7783380274926459,0.987052962478856,1.3410744019915894,0.6171791423265527,0.7767125142920508,1.4146199365657972,1.1945075434724093,0.41952274982554094,1.3455608570179598,1.2457587493516888,1.0020645520676046,1.023826389090716,1.104765413006193,0.7360615848421999,0.7499360102224082,0.7328102226914199,0.5327710240510442,0.8131421494786464,0.8430470165941777,0.9220481429713445,1.322524993677322,1.2023291119923385,1.0464549889477013,0.6621255848324694,0.8533771211043794,0.7337361373858569,0.5893349076410315,0.8754862098853118
2021-06-21,0.8409363988447366,0.9491504077549806,1.2360882482272602,0.8769626414197447,1.0375894926533287,0.9865932096174466,0.9518257229885944,0.6337716915430653,1.5139321169305706,0.8066404448089417,0.8006960256361422,0.9358308794281542,0.8184435585037736,0.8647042899052104,0.7743359069552853,0.9273607638640263,0.9851579584660178,0.8748281935586153,0.9790464393726541,0.7785781620684428,0.5570918612529397,0.7844087967924512,1.146281604227271,1.7208276370502267,0.7046407839856612,0.7892695636896718,0.8792813294680819,1.3585380997974035,0.382707892170998,1.6274793010716244,1.2277205820379384,1.4967188771380944,1.22993902023905,1.2322150099627764,0.5579771546626081,0.7268943126868892,0.8039723312312441,0.4979359906947832,0.7347306615552078,0.7353242729134645,1.1898780923446068,1.4496941385804412,1.1939279171853197,1.1234909648125964,0.7751852108802904,0.9283241064323582,0.7856078524689598,0.595697819012043,0.8294784997854969
2021-06-28,0.8699385178550295,1.0797210929741703,1.1408207546393794,0.8731222659556426,1.10736144166515,1.0482920355329346,0.8559694376225275,0.6438876553553228,1.459394055550611,0.7557389324998954,0.7962210611247632,0.8868704016785924,0.8819142289542417,0.8805189051852471,0.7720244896013326,0.8020537543228383,1.0607147396359704,0.8557089711557813,1.1147889388952297,0.7856265469031201,0.5667681877060684,0.7613634984717306,1.131034382563764,1.5536056485853187,0.7480258416975185,0.8532522624382293,0.8644929456993455,1.2366627762472955,0.36713905787239537,1.468739198066513,1.1612961210104646,0.9580394380777462,1.1160312857378334,1.223241550984066,0.5680743886730864,0.7320324708350711,0.7925146374859476,0.532641144899959,0.8041272016219889,0.8309442214983582,1.103927882604902,1.463039437224339,1.1812042224198294,1.1761541498785262,0.7367341527292551,0.8366284398753048,0.7868317104851308,0.6112713300674095,0.9748859736772253
2021-07-05,0.8856498467700442,1.0870741347808275,1.315973315510351,0.850938563988364,1.1702761630805272,1.0929966117225343,0.8039148482536985,0.6637736942756878,1.4212201078662854,0.846555477517571,0.712889872111244,0.8217756791815387,0.8549204025807504,0.9337962864550453,1.1308390565231432,0.840119504800756,1.1713357694660296,0.7935021665642363,0.9346554148833857,0.7606503762959975,0.5869716432584366,0.8224853020336717,1.0688698811111148,1.5066337302127109,0.7968480283448283,0.967113273884723,0.8642853751384414,1.1273300304472398,0.5188470043101439,1.643535259822578,1.247935722608151,1.2751838953451375,1.1296857594735417,1.0622733182839732,0.4779295850067746,0.7923217907618041,0.7704814567435828,0.5614291976003649,0.9907643009690881,0.852692442071022,1.1474624812370122,1.3811813443827772,1.1845580931711719,1.1624600286130111,0.689136696273754,0.8578735471254191,0.8254704806172286,0.6808929497857852,0.8217817177132676
2021-07-12,1.0463364355878242,1.0951891065516084,1.4168969100407902,0.9383841355387327,1.21455537631135,0.9382558928842583,0.9643159993639039,0.6956708390406353,1.5423752546938658,0.9199123598794076,0.7636098393646313,0.8620377201402377,0.9696928219772949,0.8950379844836832,0.8908837838403628,0.9901194361213344,1.2294575805132673,0.9622638860363661,1.1433633029036203,0.8632841000666736,0.6526023762980125,0.7825906541637986,1.2876324689744374,1.6867104224082268,0.7261284608456844,0.9594524649932668,0.9509379993305846,1.2562954215522524,0.41213222080989215,1.5945826169660648,1.310508911928879,1.344255220527193,1.210912939350023,1.161972941646768,0.7287466376043983,0.8539597282666189,0.8634766374279355,0.5820879562291367,0.7806074311924767,0.8308161756899384,1.366051673179661,1.584023888930298,1.3878709195484487,1.2376990365938427,0.7814895744742483,0.9085815678400619,0.8525989434589478,0.6477728053912564,0.7569432256503068
2021-07-19,0.9789741733139354,1.3110089644568388,1.4618527076906922,0.9256619274113684,1.4931572624116325,1.1576969389699747,0.9022649365875275,0.7393365902065565,1.662038852801862,1.0270269572193331,0.6843318539592209,0.9193816529801111,1.0028120620426892,0.9912217359093995,0.9262393593779215,1.0186244003798501,1.4680607482426744,0.8887833675323327,1.3612602110704943,0.8168078693511416,0.6073520940314443,0.794284262613126,1.50474896179219,1.7758335514152181,0.7678490132003642,1.0938269430520622,1.04840941641647,1.4387849586976913,0.4832063390442084,1.7848397994099938,1.3680897209786085,1.2892447942710432,1.2186703559315994,1.2398355211241756,1.0523407533650637,0.919515680487323,0.8269863276069478,0.764242690304135,0.7924504252377456,0.8729660878392616,1.3500333075023616,1.6640599297251653,1.3367410285783359,1.2745422571840574,0.805756698055506,0.971243044108276,0.9292361029481793,0.6604717444896804,0.7573947502076039
2021-07-26,1.132962721422056,1.522863160070969,1.6623907540014744,1.1393949659286857,1.522956608280638,1.2415920493097456,1.1527676198467305,0.8058246432079933,2.047648714657293,0.9337518690355519,0.8069275470004038,1.1531212783819644,1.1110605270526288,1.1786738809016135,1.1583060958635727,1.3348201360944913,1.6443628731396762,1.0468423905910382,1.4184284986194753,0.8287843224731161,0.8043497029101985,0.8842239495946304,1.4605148620344721,2.6133304459904356,0.9136049836697143,1.3154289151315077,1.0994683043896447,1.5966201325120046,0.5803640883412047,1.820653976544877,1.6992967587881203,1.0707524860594715,1.554199623644484,1.3741490213738539,1.5361801313271282,1.0475173651171525,0.966160484260792,0.8017443009227359,1.0143754327402381,0.9740173800251211,1.5858962598446062,1.9560494278669531,1.5686186172441636,1.5099369958874882,0.8758396287140817,1.2196068688194999,0.955956608602778,0.7478891734046709,1.0631009774125606
2021-08-02,1.3179977725998708,1.5160380825542417,1.6752683557371242,1.289633798033272,1.7224054395644464,1.2703804173283921,1.2820724490648712,0.9229014064759858,2.403568745924746,1.3446090636817134,0.8155828961358256,1.2824741978323666,1.2220186305826743,1.341609141647417,1.327794856044459,1.506592064817474,1.7092768312941842,1.1897934054984938,1.5421265857226825,1.0722341588019222,0.9031872574747537,1.0704800173509246,1.637736705740009,1.995807665358325,1.0199337402862265,1.4661751790213808,1.1301073100354024,1.7397665464666932,0.5560265827558126,2.1573657309468928,1.7645896901785836,1.5626545881814278,1.5116679727136462,1.268171580514495,1.4382196518178003,1.328674570076418,1.0808337617920376,0.7308450556987169,1.245694405275878,1.0473694235678768,1.9814973704463497,2.0904433718252013,1.464367820136943,1.5694066335046082,1.0481631320453333,1.2434476284739011,1.0587743689928306,0.9905861768048498,1.1545397730730007
2021-08-09,1.2403828420706213,1.8091985540001017,1.687298531956932,1.75324787900639,1.8934386244895203,1.1657546222527615,1.2965667111668413,0.9459331954599801,2.5878178861102508,1.307890871045942,0.9646525078206938,1.4214117311788106,1.3079212138965672,1.4133837006641596,1.4598400308703843,1.6493894841437213,1.5716197004672723,1.2414581245745957,1.616178781292795,1.0837994551825154,0.9009865098519183,1.0188336389753738,1.4910024048875319,1.9524413640423788,1.026470643463416,1.6128785084805828,1.4214394011948572,1.9210232807600316,0.6037083300495355,2.1822534867571743,1.9963068961439951,1.8736468326516467,1.5914059736025303,1.4799446608700002,1.3541165530555352,1.3994703613266166,1.2347280951070831,0.7683545063229076,1.158827380485587,1.1175017246500625,1.8282094985368955,2.204644229133953,1.5299455496905252,1.8077487184382512,1.0887690536507433,1.375225039796818,1.0426518346354272,0.874391617451553,1.0505916772646315
2021-08-16,1.4497141308391228,1.7068167663375948,1.4854079757259644,1.681837299537636,1.8942365899022857,1.4247203352416582,1.3376238644497813,0.9792261282317996,3.636629208113725,1.322406530967791,0.9507355268582631,1.4115315639963586,1.3365812149217735,1.4943932538312303,1.2200750067557815,1.7931810274262845,1.5942732741983296,1.251271769469521,1.6911120158912591,1.0084944255155652,0.9772516265267306,1.026446881612054,1.6392166940352917,2.3033860900572467,1.2220059611227296,1.6358827419880082,1.3637026589820431,1.8732804115694273,0.6447778087023052,2.431161701878768,2.2370041075707414,1.8980785629551817,1.5906587645636283,1.6272333140023567,1.3712220310589038,1.6102442055398725,1.2608065510534563,0.8561175066507171,1.202835322546449,0.9978355883450074,2.1008164377144034,2.1497417950125035,1.538964352978725,1.8855366876182382,1.1730605461675112,1.4658998072603064,1.1551595326685364,0.8514242425186527,1.1310980163561666
2021-08-23,1.4145992813926256,2.0353516608604503,1.606882924038076,2.012360074073675,2.1484670036083013,1.6324034128513576,1.4531324966454036,1.0402248356705277,3.564363602066405,1.8013586660493104,1.009481148777809,1.597087154013674,1.4599406514676465,1.8127593222245149,1.3871926974699487,2.2006831215225615,1.487701202910459,1.317584460438313,1.6589049765199015,1.126575511559132,1.2428353255553513,1.0842992600295398,1.5809263169675376,2.535304198701277,1.2348357733177133,1.7623154019342975,1.4715398707292908,2.139237399408682,0.7164873416408754,2.3181500408083076,2.549023724228428,2.1977224144663188,1.7070958190869305,1.7174708210090803,1.6946671742724806,1.4658997004572203,1.308468955829799,0.9620045198825621,1.3147801519856297,1.1738719933842303,2.7077880603382924,2.380708336862459,1.7817259066650077,2.1453792298846754,1.15818073822305,1.514644876710042,1.205136566777886,0.96181637031639,1.179723792381294
2021-08-30,1.7419752991086455,2.382260850213818,1.7031551042437574,2.001037561613594,2.105062399129466,2.0235640293991652,1.5103463088383253,1.095856903879191,2.9695568891754167,1.9540343416894326,1.1532092357845294,1.9181261904525397,1.5080941058895676,1.9320919559367147,1.472489456557472,2.1254492872867585,1.5104535580440752,1.3544346363773183,1.840080928272452,1.2196645443615861,1.104480943615685,1.1098897638111274,1.6361867617796078,2.6395937912588323,1.2269934031719614,1.9478760014043441,1.6487432507587787,2.446295252893063,0.7658972035829354,2.35911758813036,2.862687619994177,1.9412435095186185,1.6634106488175269,1.7855795875548581,1.764387686006302,1.5524924714466057,1.486889735507888,0.8312430458047201,1.4025679296301017,1.2941974742313433,2.314707751340891,2.7498422592255523,2.066597692618359,2.225469412102811,1.3604682193732645,1.5630139982853168,1.3518911558177205,1.2320235661604437,1.6742694509329414
2021-09-06,1.5942763673903495,2.030294597436705,1.8936037048040477,1.8796560180474575,2.451208471287388,2.150360421199448,1.3958601344626382,1.1276817776060855,3.2289009728625446,1.470643409154721,1.2447643259163694,2.1935209555716018,1.5670931583288708,1.7865928804385236,1.7462441214613649,2.1438265270966386,1.4348331167477268,1.3739913925156442,1.863576188301369,1.40413910429953,1.0291049786283368,1.2210294237416695,1.93227991532334,1.9176314801010748,1.4691523293306858,1.9305762806626474,2.166421567541608,2.278878603518222,0.8173905063561869,2.2045263349405717,2.674271898551188,2.120787424191432,1.5612891744113835,1.8639996334989413,1.6673650491541332,1.6068370773216483,1.5451538826738913,0.9729109087048329,1.9301581171326099,1.2638853827347163,2.320686610246415,2.7389437836304564,2.04686338277084,2.469402481829982,1.1046000949067396,1.6109256763550732,1.313786548661755,1.3971983583697902,2.0535847187234912
2021-09-13,1.0144440894715896,1.9812942863268692,1.812667375200378,1.8140110330263215,2.048893975661917,2.0333734841062325,1.541138526247143,1.1892613777816101,2.6220326630403696,1.5937559194704953,1.2583202605958608,2.183138371548132,1.5902628945929806,1.6491266271377998,1.5120296331564809,2.0447611405860053,1.2718716123365632,1.5586032459879136,2.1814582765099395,1.435333422462615,1.1927726444269333,1.1368535499779011,2.0002094004157382,2.3622974711438705,1.4468275386028349,2.031564456959562,1.9567879606536924,2.297497259334426,0.9684087986987953,2.93112755679402,2.4306482958333806,1.68078432938161,1.8028697387874693,1.9947856710722818,1.5897338446511875,1.503884818612193,1.822751460408629,0.8190241787048143,1.320304570864804,1.474535211785673,2.3205598213963863,2.590349663234497,2.1518626512478516,2.4548494407300487,1.2550356836215437,1.637889249520604,1.4628831261192723,1.0779795409355832,1.799297254640077
2021-09-20,1.5577659166648692,1.6246914713571687,1.6952364482831455,1.8489021057621515,1.8611078376577732,1.8772177410054092,1.6368626068953755,1.1431435675440038,2.3479210208476236,1.326637423470641,1.683856665732682,1.9426270262681489,1.5026362738626082,1.5108802785363804,1.2323716908461826,1.7928673872791459,1.1302371943949083,1.417798952094108,2.0384256135524974,1.5171406629296198,1.1702261396767804,1.1872812336574283,1.7928166775071204,1.765136250904702,1.3965824652876757,1.7282545528729145,1.9262939808130708,1.9457229586580838,0.9748260339425937,2.456790645014963,2.140685528654083,2.0915715161391972,1.857118678618291,2.2396825783867462,1.4905277366801433,1.2998531741062112,1.7154115362724918,0.919200587982755,1.3002181878858758,1.3954151926224587,1.591344321301818,2.3071058070453843,1.9028323316235416,2.443752285049422,1.211793747948281,1.6895318532653114,1.5035416747873405,1.0455377305638789,1.8682316354371213
2021-09-27,1.5122433945895453,1.7639102729885874,1.554524893075393,1.6282113179692976,1.8218627492565895,1.8102821095805695,1.4432295532820678,1.1313817051206878,2.2164027346610475,1.3153778389930721,1.5290639295829407,1.8223452350754061,1.441075757267443,1.4273515788705595,1.276199385843691,1.8429424346598964,1.129618516472074,1.5316746549990181,2.067496322701481,1.5857870386110207,1.2305569440363784,1.3002905485643923,1.7874463932658426,1.8755148097012353,1.4600531749435854,1.5862099619326306,2.30934477107347,1.9028428917074072,0.7152701647385056,2.8405427702374144,2.1576792141121204,1.9627794130761789,2.112503730105655,1.5281151853382806,1.3075835550603734,1.4214613620213328,1.638102310873717,0.794688340153203,1.124109800707132,1.2427658775860821,1.7252341039812085,2.0506965710738068,1.9163054562825397,2.373024880369048,1.1613093820268632,1.7465957565494974,1.412822471167021,0.947168128672117,1.9180895267172593
2021-10-04,1.565513474380054,1.7752470969331136,1.5211532978993323,1.7140760101268209,1.6037193262845222,1.912143082915834,1.623036029771796,1.2179646443025876,2.109553890082828,1.191780299835865,1.4313827432520951,1.7314544276571395,1.4421113286410323,1.3772032775800884,1.3881224268770327,1.6858591428799001,1.2023290996671647,1.521888089083091,1.8980378729804417,1.3473072716398367,1.2682040693093,1.3489088227380654,1.7749080011841423,2.1024879804367167,1.5895509804149042,1.505007650006486,2.0085842798100866,2.0607332201635993,0.6748706318114391,2.8404323563367297,2.1490675710509892,1.7876790953511157,2.2275187811924058,1.6046911717536543,1.257951371732704,1.1042136808923797,1.5937454309562842,0.9772811008510163,1.6248337883268062,1.3923329995841578,1.707210959189819,2.041021531787046,1.9380327454456048,0.2665401958219056,1.2431175082106138,1.7375695083133897,1.426676051414531,1.1698541347892033,1.6755574699401736
2021-10-11,1.6114647568242841,1.7421158320275987,1.7828323250932596,1.7947336695084017,1.719349434127789,2.1852497696267728,1.7255931172710444,1.1859236357287821,2.283428856594762,1.2239841999977128,1.6549583988428125,1.762600623519064,1.297099133731622,1.421263785868179,1.3099346822867677,1.7790934503608078,1.325059812012983,1.4966258835689437,2.0927830844677024,1.4572295346719257,1.7734983363733836,2.0856392121969973,1.6914956243085588,2.291653754833807,1.3434543629273872,1.5888538864993298,2.0278444489059626,2.0399137598872916,0.7911966955783073,2.845610840174788,2.2559815071689693,1.9958507806897072,2.0188597027493596,2.4339926591213326,1.442099232663264,1.5060925562205525,1.6805178891896204,0.8803726880503238,1.214024199948678,1.27245137801042,1.7668708591685394,2.272872202872587,1.8843128613090963,2.786842510208328,1.2290989902029217,1.8182610488527755,1.3367258204974046,1.4978616782671028,1.6826547676917891
2021-10-18,1.6392996465317178,1.7383914209611426,1.6642654826998444,1.8286005018224147,1.7263999097994909,2.150848933845106,1.788485308258932,1.1577781495374078,2.3575929967070666,1.140582159218785,1.6637930526442746,1.784055107353441,1.3758507161481228,1.3568732792688682,1.1963772575028124,1.735847541244668,1.1110808934395298,1.4803070695208174,1.8884171750032066,1.5566535473094363,1.6636686263736506,2.0678285785549564,1.8023093193047297,2.3041710824331476,1.446800446036194,1.50609159368772,2.172213232475031,1.9492251893210275,1.012079650883893,2.616803950707249,2.3453894954279386,1.753264625816088,2.0672275023918996,2.303322592950237,1.8161721194615128,1.4175325619125971,1.5828023957838266,0.8976162933632009,1.1921009799780182,1.2204304219746325,1.6708301450288048,2.103609471910589,2.0367049357482205,2.1001577242379,1.1567835353689226,1.7726511816514097,1.2735007631864328,1.3178087070582034,2.2226342577277682
2021-10-25,1.5438067330854566,1.8067217819207242,1.6435914711053925,1.7064012621032592,1.78869826129699,2.0093818694125876,1.519785651868843,1.0809317630594932,2.0320753545918033,1.1684521788111475,1.4548577945737966,1.6001615314332631,1.3784945474186674,1.304449456101254,1.2798044710478633,1.5927094436445453,1.104910418587534,1.3992211266427739,1.7873996100564877,1.4437570115785632,1.5958592526360107,1.956395755803027,1.5822361828154605,2.3603322865915324,1.506471527288534,1.4032735413161799,2.2588667088570094,2.057643106146167,1.01507707869746,2.402966993145159,2.374490969980462,1.8148528780582236,1.9182827997169998,2.1598680142424946,1.5593774042027906,1.3521857702653066,1.7197128048230024,0.8050767781563413,1.1657428934468361,1.2382711059517635,1.684570616609598,2.127065779860517,2.032344472885312,2.033636398996507,1.1241241141130935,1.7382062613271945,1.28262965731993,1.2686853248457624,2.35945287841689
2021-11-01,1.6092706674695578,1.8845748339229362,1.6471981381877627,1.813423582923912,1.7825172068511521,2.1057388590830697,1.6346734304150723,1.198780173519906,2.4061621326836518,1.2810061560018235,1.5539728661665966,1.6074074932286573,1.4194523078515666,1.5322732133350527,1.4227182889615957,1.734201612458405,1.4132537411795856,1.425302803542486,1.9142110679652728,1.616382425733824,1.6409165618860566,2.1421693190924618,1.7002551988947299,2.3672636762618566,1.5962831106120694,1.5634497914923453,2.0140028496271767,2.3613936169389724,1.0754965248205892,2.6653957917445448,2.5583311749795574,2.063366850745243,1.9911827788737915,2.165543654752129,1.4448625559878647,1.457074483810098,1.4860943952218335,1.3927919382732123,1.974830571093496,1.348366235243313,1.5864691407555034,2.202928918409064,2.1702364452600205,2.106861076397461,1.2383310036673425,1.7194231185760094,1.3122641364253713,1.5143526524242255,2.2615650262387077
2021-11-08,1.7318043016288542,2.042548337919052,1.8861597226849505,2.211186441633651,1.8188132584285985,2.3850430693530154,1.8849304517448102,1.1063306074106867,2.7240905593085514,1.3199730841477053,1.78211125258713,1.7846973797063013,1.5234884498873833,1.5289795401888795,1.2159223526087621,2.178641973355313,1.335442779263543,1.6038255297090762,1.952679277422542,1.6611291544489444,2.002448314124303,2.1244269710314088,1.915859206099617,2.716570353447932,1.6418224800436423,1.6087159747846167,2.212648048620347,2.070159461444349,1.249917293002913,2.5865894101151454,2.808008598621143,1.8524860824523943,2.204768605539619,2.35469625007119,1.7613758615894386,1.431826415826092,1.7133066748121275,2.1699138417500348,1.2840365554437319,1.4537422057824791,1.9407702863511616,2.388997155372728,2.444525802600248,2.0763638178898844,1.2355100534951486,1.8347157552052538,1.4261835509337444,1.2200313852315077,2.273618322778572
2021-11-15,1.8771956390668374,2.3844611040666575,2.1131408422134212,2.1931130649995096,1.9682390744195566,2.418707947983937,1.83801589482113,1.1328163005552794,3.3817811999377017,1.461045434487829,1.833645204197451,1.7060875265076678,1.6108697927776257,1.6472072014982126,1.369038064847802,1.8983470142113765,1.4611841908487118,1.8011894395255692,1.9920504805083816,1.6507992898349557,2.1555107914007765,2.1794622437096605,1.9986740841951467,2.8405591946885607,1.6195057753696127,1.8053004731548175,2.143385040208156,2.08179346603226,1.233869943622944,3.2311492409523828,3.0631367621168617,1.8604290713642961,2.243886959736778,2.637103162255137,1.8953732696940562,1.435685380917135,1.9825504926262563,1.3021586874606492,1.4502022046171223,1.3536973694132417,2.135007910366074,2.4582995274250217,2.5452773858543347,2.2021638954673617,1.3501838148194951,1.8880955929441559,1.4139169005934664,1.3060637222442226,1.9781618119672855
2021-11-22,1.8858693098376034,2.461974316623813,2.2911929125053474,2.1580034350632014,1.941599954480082,2.510715685608636,1.9148588046858857,1.3053389176790933,3.1737115573933115,1.5378667173484901,1.8417023304159414,1.8066586431827125,1.8296219228390738,1.741481821311476,1.3967610891182898,2.218510703407911,1.4799030493535166,1.9213815544171946,2.071964688688702,1.7882928605398107,2.0283312157438127,2.2417307158765922,2.0341042233706466,3.2914693776801327,1.6618983329712045,1.8193664878428644,2.1951292535817055,2.43521282778124,1.150818201203609,3.0229476389709835,3.1086389353049046,2.0086278472767685,2.2403643769720816,2.735329333303932,2.106984987096059,1.453365284388352,2.1366140341416653,2.4013688234531863,1.570297466796017,1.632045013123319,2.6134274192226314,3.080819975458983,2.7069694718805764,2.4121498207632515,1.4251501436279324,2.008402287929182,1.4677694545775393,1.3204733900983001,2.24902244056518
2021-11-29,1.8532247176150107,2.5494616478419365,2.639968727130621,2.750106565161742,2.2613439645023767,2.408557728250244,2.2469585442976387,1.4548603911875917,2.954316666712751,1.7321492699702312,2.3523595069025536,2.0383044319459396,2.0862386861903452,1.847681356637989,1.4828009208592203,2.637267719355804,1.790628924874162,2.3224490635452026,2.2257092645388115,2.236857183832882,1.944166834706462,2.549156537092019,2.204620602266958,3.235489523469494,1.6462452091124558,1.9813584707084386,2.498446782731695,2.799321564090647,1.3177429935851117,3.305687732141209,3.2734828377701666,2.3579239212827647,2.418042854190513,3.101745906096026,2.0234779029275733,1.679221859368465,2.0244215837483317,1.0791837281836842,1.8095468959138687,1.8218410196018449,2.2770534351129577,2.8718991811772536,2.9969556787952136,2.5979932118855014,1.45595235598271,2.0004650272684845,1.6728738318595846,1.3913796104926202,1.8156704279470846
2021-12-06,2.1553405578398785,2.49621467950538,2.6547644475084917,2.5048936939594477,2.1186038735089303,2.608363651924476,2.4651799506615157,1.7439576415656088,3.1968697385658302,1.8073362795994719,2.237034316190032,2.0220693714057436,2.0434615983611213,2.420888333467791,2.23358371501193,3.0017125607284862,2.573531482146607,2.673424689569317,2.3393915735538635,2.194122458381515,1.9732982629903761,2.934389029073394,2.498260983456346,3.079277603296158,1.7739795317365887,2.3491724604219746,2.363038943218158,2.910849379312748,1.622145793341868,3.710804540923742,3.7219052635211245,2.4041531278948223,2.762624002319547,2.9690817264785583,2.143811121335558,1.7955328757196547,2.208968242550387,1.977664919590183,2.98293344322812,1.6899276589717651,2.89937079812952,2.4980055884979975,2.60183454042014,2.8274015580582343,1.6378702835087762,2.1824455579671715,1.7857502689723852,1.956892987515586,1.7818573819258128
2021-12-13,2.229882258529455,3.0035745655613852,2.823082215483254,2.3557672188303536,2.2972661860933394,2.735742192665114,2.637981539061869,1.817671018528725,3.370282469665028,1.9522552189529392,2.9771310292595157,2.012378736219579,2.31983793625341,2.138302249651686,1.9252230063735003,2.695629451898803,2.055332332545446,2.8565029612889536,2.7641150584135628,2.0213796793058654,2.0408659606236514,2.4526292086699577,2.3793266993244733,3.1826487799974794,1.5497835602509111,2.287623041009362,2.7371305576981895,2.822417620240557,2.4318282869078724,3.8578777492429372,3.361295160118864,2.378961209892135,2.754418859675002,3.4185276408019787,2.2298353212292863,1.7464533183553919,2.3391816386126587,1.853118430691616,2.068056336195033,1.926692503038662,3.04737112913104,3.0442000063697106,2.6812554813139795,2.9119994996336187,1.5985280438186957,2.159168671969687,1.6952964410881055,1.4637205487527507,2.509906796563237
2021-12-20,2.9718201644416933,3.2119094372581656,2.8281862040979764,2.6307687358303795,2.4734952469039353,3.0734548577792076,2.6964514038139202,2.0647747506471164,3.968899660694679,2.23827679196335,3.326249417788699,2.3368362810337038,2.591110349874976,2.409691598795896,2.739629258714377,3.1118630301716466,2.388582431198423,2.8397173593408223,3.10101361577515,2.284085483068655,2.1754377863854084,2.7230547252688915,3.097662873591449,3.5152975786478744,1.7766549928857414,2.3998425861570762,3.565585702261653,3.0037878207024016,2.0232827968292217,4.645581179532607,3.4794450660139526,2.6269762872332003,3.333185462435046,4.171242075077432,3.1216314387616726,1.8965304258322244,2.549100186862797,1.9994320547536923,2.410968036664273,2.3322363740668424,3.6851220577662613,3.535972669204607,2.9361572780736216,3.2361728018626623,1.705298039142601,2.3974410166299123,1.8644858625634075,1.7076484987801637,2.905579098274302
2021-12-27,4.4506022140686525,4.025516143626457,3.207634125911416,3.021322368766101,3.5262746491598063,3.528164201486724,3.3769112168995328,2.222058612994845,5.891228245816544,2.7064060299303696,3.5958431192400457,3.027716640648838,3.4294917133629634,2.906095685953903,2.391306002924297,3.672145086837845,3.546858604889808,3.7096568628869506,4.619493044174609,2.6701787575715503,2.6956764120730594,3.2694932704783186,3.7803932227603863,3.9385125464969226,2.40434870559999,3.1409640784435062,5.399832244042691,3.8451518285366477,1.6912417765709153,6.8956448072967165,4.13923178611779,3.563474454253105,4.729422008517896,5.02026969225093,3.9416431603530833,2.395789222348812,3.149721600684634,2.140015945794705,2.916769499179801,3.120111276904037,5.119864430305947,3.76114055436527,3.5366516238142953,4.7370521551494775,2.0414505676988424,3.0075396980197846,2.4340088930966317,2.008982882190783,3.4147278525954046
2022-01-03,3.7580118150609794,5.272389917737106,3.753818596228936,3.752181521971006,4.613031857049718,4.432470771677339,4.46284582877813,2.956732281539554,6.555751535339319,3.0980443107728934,3.9724757009346208,3.304768774366546,3.822385302146793,3.5252354811412445,3.761183699261862,4.354288979006469,4.24127044853228,4.594601528342865,5.000233182507122,2.915568318030683,3.1556274599435916,4.146797603512974,4.3111759605571045,5.580354775173248,3.3807774723608963,4.214533591575602,6.741022679822331,4.94964478864791,2.2570713469703763,7.690989787977471,5.161941439425057,3.9835340097052403,5.249103619402033,5.347941083862617,4.053212303749384,3.3621823574640075,4.111993482628989,2.872093576631682,4.670883579641118,3.5106091818159912,5.085003483811613,5.101960215948804,4.149055886592187,6.478690956691098,2.4474300670531184,3.835786919394583,3.0837375779747305,2.9147598055381017,2.945502283271812
2022-01-10,3.5446442305851233,3.7280655117320043,3.4291530110046597,3.263340750276352,3.97252727568021,3.2450775104300744,3.0852030337403256,2.5301241575136837,4.12348785254671,2.779637367040359,3.599257416983961,3.0471044736838646,3.552295515226823,2.696951630750493,2.660076952638097,3.595594959199518,2.6344554886100155,3.0147328693089843,3.377442087413034,2.64794344498812,2.4954720354438678,2.629305810161158,3.571936574313831,5.2613916514843595,2.6303671326609095,3.2724770078225873,5.65987324787281,3.822134707107936,1.9393321954314282,3.9857574311613484,5.469134286942546,3.5969544937296556,2.713177443120082,4.168140147969275,4.452816395244845,3.0534009052875835,3.0996284499487166,2.049957093962946,3.117578476204857,2.9900974879516236,4.029615446431085,5.248856791393626,3.71381877282598,5.18841233800788,2.1682123635106363,3.381186114647373,2.521820539377059,2.071499541654087,3.1126341625916414
2022-01-17,3.00164590108359,3.734746852376962,3.21571920542031,3.305570604465043,3.087201405505182,2.582583399090849,2.2961736513642053,2.0117918877367584,4.207731258070454,2.506457633471424,3.0480246433403657,3.1533671442420994,2.4822582684179437,2.4592356368410773,2.224430297546426,3.513372554885551,2.5968116629956586,2.090204296029472,2.426197863844965,2.32017416310067,2.01835371600739,2.1737415503454436,3.9616110400637115,4.925534169792137,2.3401105921668695,2.9262001363941446,4.698191512342846,3.5139303636044543,1.7153676616506792,2.8385384692661475,5.281304172666383,3.187204762309136,2.3367434430999565,3.1604723877775145,2.5893911297852314,2.659792528462149,2.23877417044453,1.6975482433733624,2.857720497079293,2.3416284697238696,3.496024245635074,4.642755731430341,3.4679672302691076,3.9261498417764775,1.7805893517005469,2.847565839421649,2.0835682405822826,1.9195975041045046,3.5555824629122426
2022-01-24,2.737454836318976,3.0081328179360503,2.864948448656954,3.161167897226942,2.251407305979904,2.2591342861002977,1.886716329845679,1.5508947848480914,3.2028584127452806,2.1315601528569696,2.3698256892401446,3.6753974924161996,2.166978470826756,1.9469367692168302,2.0187431103776583,3.0436941751394677,1.98073585242495,1.652780117662771,2.096789881384467,1.8847507051642705,1.7099536902985562,1.888995459855996,3.3884480412568596,3.9318386083893326,2.3178548766472202,2.352982596432759,3.975743687482125,2.9381880011503707,1.5596243506820855,2.43117550946344,4.27648306249117,2.8211956573317156,1.9227929591134765,2.5778915487877354,3.6438228709388434,2.097439461148552,1.9077087700386532,1.5678859072754832,2.2764479961938644,1.9093855411993848,3.1114711857871047,3.8922110297806247,2.7762962104835145,3.1896845594313255,1.435317189153369,2.3155194868643516,1.7064776240143678,1.6667313844897076,3.6459523080986376
2022-01-31,2.1458879999402165,2.2224830309859436,2.009295013217434,2.1341720638101593,1.7975619892422259,1.6958665396763837,1.4004554785113235,1.1505744639344462,2.346144405741527,1.8861252041320653,2.2499381544076855,2.1635286420517064,1.673448398313154,1.3988202016709148,1.5003692036976548,2.50501400383973,1.444121804095615,1.3074348316285245,1.562271412307295,1.3586939888566705,1.3345839103754218,1.5260429472472774,2.328748075922835,3.435946952143245,1.5794880239905709,1.5133517473135458,3.192256877340121,2.0171788054196966,1.186938581634259,2.2023317527962605,3.386401432861466,2.138756780080813,1.630943940654801,2.0532937085124536,2.8229248173923818,1.3783897161319367,1.4739464951507975,1.1395470233057095,1.653091343800674,1.4776695731094078,2.2604156033161815,2.6487023462655337,2.1336153870314845,2.1154481446530555,1.2167797103894735,1.7938329768560008,1.2715722030817433,1.384503891314262,3.4407243897368764
2022-02-07,1.72921198828602,1.8860213132545622,1.6647889736865382,1.7508297767337875,1.4621743880547353,1.478787539066961,1.176019114690158,0.8990241871752649,2.0509062254356234,1.3479372452847738,2.4203065913462636,1.6044796476063348,1.2908832549285805,1.2664274064671104,1.641590298011724,1.7469852824076049,1.5174087802040552,1.1568846172209808,1.502455851809121,1.1857349653999363,1.1106406946811478,1.420431282178653,1.8740200787611556,2.7721973899344854,1.4130633359665212,1.4291767359666472,2.0818903848537422,2.0077213374391514,0.7847557110826437,1.7474031390570568,2.377952328739606,1.7324622401192755,1.22926106165183,1.614956330903723,2.271530151346525,1.2641128334668306,1.1925300014948377,0.8576834251523686,1.5419637547049734,1.2387568695981153,1.850243412776261,2.189345124286295,1.7659633661342014,1.5957786858094578,1.0830650913543827,1.1842962343861625,1.122486786436827,1.399766771273304,2.1905330837864714
2022-02-14,1.6783185404519392,1.3691668722501258,1.4824136947527076,1.6333670139512129,1.2843006169005426,1.3026899263941925,1.0607321142059578,0.8499617455209436,1.840964250880515,1.0905649534994497,1.9994387328266816,1.6788432182664872,1.203393239044622,0.9645219171601436,1.3295439788956482,1.7249987914979097,1.0722722623658383,0.9345808500880313,1.23349225599241,1.1311379175411718,0.9779738505356012,1.1612978076521232,1.3117850754481648,2.1244030566604706,1.1467878249474812,1.0925944881029408,2.353236017889116,1.8693991007386659,0.7173316617813084,1.8833591513805095,1.9531839458502747,1.5779070456109152,1.3422892618922835,1.4162590545289444,2.0784304080511062,1.2329685055039836,1.1222430181382586,0.7526944019056749,1.128830055626531,1.15991478492236,1.5638420014442658,1.9810398508352907,1.699291800642484,1.4735766892018085,0.8587204501012289,1.2011422896875734,0.9930708364595479,1.1142926912157378,2.026312973773912
2022-02-21,1.3813623333209044,1.7776893617473795,1.6840204455864833,1.6082874249107892,1.2279717326423016,1.5315877051740987,1.0772380277633569,0.8245028832750774,1.9003227249678663,1.015068284662753,1.7055161923850723,1.9132147002554394,1.353862529619394,1.1821481259442588,1.140813782887748,1.5502207276686075,1.289518974705893,0.9787969450437238,1.3359294694465174,0.9910236095024881,0.962072805088461,1.146539806874468,1.4076325175403115,2.5236434247338133,1.058112190234751,1.2172134585229408,1.980844565841082,2.015525773523321,0.7983364873230068,1.9483178216076875,1.8764604444710506,1.7227602494831362,1.346750577947438,1.5977438781153546,2.3131962421926318,0.8914282910487024,1.144020451794296,0.9097653008367272,1.1563957926569248,1.2029333836945093,1.6835036993645283,2.2179841055745344,1.8369581058553508,1.5030805140728223,0.8170519019833232,1.1276352739677002,1.0461554968839901,1.1336202886042148,1.9237280976851108
2022-02-28,1.3995227775146333,1.4709150814400773,2.040141881028972,1.6544771337311004,1.2001121843467324,1.5607399654124268,1.1717462081480843,0.7785361628937884,1.614698581057803,0.8991713892936101,1.68321436150431,1.7519807269567393,1.4598256930551758,1.0380271171695168,1.29698308656283,1.7408425894782744,1.0391446078696234,1.0710683280622275,1.1670170005647686,0.9975741906415909,0.9555423184565666,1.1239603399098295,1.442935756115423,2.190959159404112,1.0900484814889317,1.1366551092464576,1.861935559848067,1.8968203503965402,0.7305026184636406,1.89967118294066,1.8062243797315523,1.649444143224693,1.3746997610650784,1.5387305866822323,1.7175756484957154,0.9171683843822457,1.0713026402253751,0.7479802372423623,1.1438653401775913,1.1100680775894252,1.7334588955266605,2.142087872554073,2.1221981692694554,1.4523574539920907,0.8191927449326684,1.022191884653416,1.019060544938832,1.0125874517406388,1.4350782975294503
2022-03-07,1.4073825489615337,1.5696465007480787,1.9283658885669093,1.4267114561634786,1.356145481597283,1.8934157775397615,1.1264838374699435,0.9815596921622338,1.639697875438836,1.035311038803606,1.7954538001360199,2.1258560526821046,1.5032828163842682,1.526175208101734,1.9688411537209265,1.708251981286915,1.7373983509117021,1.0731440030646546,1.4320956983035604,1.074812993756716,1.094162676808483,1.318492720550409,1.4528913743819651,2.3035564613614596,1.2738476731544865,1.1654582240034896,2.3432001249995666,2.1713267798492804,0.8234230866710964,1.9331018327239273,2.0291277231919604,1.55725716260463,1.2940452294580131,1.7866423180462432,2.8634582492835454,1.1394651379622274,1.2365682578532922,0.876376767750177,1.422380198150697,1.1025759921193878,1.6881297659205932,2.584793269264509,2.1399688420292176,1.5448426901460683,0.9859162634462206,1.2173144386183283,1.1872557222453834,1.5418029307257162,1.2825352834760524
2022-03-14,1.152454472740144,1.6667273577979245,2.4154123549189865,1.5227349383658773,1.3693896085193185,2.152285343100592,1.4340215889591121,0.9391480208702092,1.7566055291174862,1.0094029674363925,1.6685780792761693,2.209286563335288,1.7024987189028025,1.3020577899676282,1.467496049972764,1.8509053438924914,1.3960202119875533,1.4451934088288376,1.4517732136500976,1.09166381922181,1.1928298263601143,1.266061930704471,1.4930486454247238,2.5491395488169335,1.3608155318882298,1.1806030190596968,1.972725016618726,2.347741186914111,0.9015203601081607,2.059872763075644,2.185493527715508,1.5272455897541306,1.6265996506577933,1.9656073178153575,2.6444081568966693,1.2180199543316153,1.2413208559896423,0.9854939831374516,1.163215043783124,1.1111241349414636,1.6597321724921659,2.718273140068793,2.375206098944374,1.6607026412515258,0.9714702705238913,1.3010223745322764,1.1851835684726635,1.4062927189687702,1.4385378576944943
2022-03-21,1.6097808521624453,1.5649071737314602,2.526090534910973,1.5333953538182754,1.4565797860626626,2.381729389431981,1.4662030336342247,1.0876071017277622,1.82195868766626,1.1274287887820775,2.2990391533509884,2.3186870839933764,1.8832152151774082,1.602678703758647,1.7388939396303424,1.8699667024892024,1.2868983142242933,1.5295175789129414,1.594622689097657,1.2629066263659294,1.4146205681693163,1.2748118084880726,1.5824533900944544,2.428724709177644,1.3529648099384843,1.3476179346161272,1.7364088752773295,2.222685001829828,0.9898518361517517,2.1333420181608407,2.4969239866830923,1.8137646853566416,1.799897998389234,2.34690174583485,2.660677878257839,1.1024541679141509,1.325900227779687,1.148423326810291,1.2201207877261329,1.2803846854863918,1.9264394455473728,2.642057220899283,2.4494576834017123,1.7316553702996293,1.0192779605850582,1.3977490279841296,1.3279920961638387,1.4813011628884118,1.6531910638949767
2022-03-28,1.3139936686166478,1.7304827831193612,2.089297945750361,1.5764368845455519,1.5735952118719454,2.490798403824013,1.4730751011609051,1.2000139835319632,1.886650472831684,1.1845374683908039,1.732128022972232,1.9581645543887523,1.9431590510743693,1.5535337373818192,1.6088639221392813,2.045096022422429,1.4864504854345655,1.771777385854746,1.644576519311925,1.7040308441179812,1.4489580541329883,1.2962079850707602,1.4263522779212483,2.246114520282409,1.3932779869836218,1.2499897839867806,1.835314735487957,2.2459526210248786,2.4036879514413285,2.251360115761547,2.7020887387414088,1.8523749013449575,1.913824983085907,2.199504581476718,2.512211652132638,1.2536955969407138,1.3991163290268802,1.1710231698778988,1.2414002434661078,1.1094066633564172,1.781215953670615,2.525501082959466,2.644514480308434,1.7185145036268317,1.0860748084834826,1.6506832316752915,1.3552382132673948,1.5252069592240434,1.5672551270147657
2022-04-04,1.2969230150404831,1.507559193802268,1.9759673032839913,1.4957214022986376,1.5461146442093412,2.3706211672270365,1.8972634887565096,1.2347358446075063,1.9300600517579116,1.277383432717699,1.7379680171411245,1.8102209209329352,2.0834878755175046,1.6481644260122952,1.8201701873854432,2.22436508409276,1.5779347226523193,2.1784335078931685,1.7028966996304045,1.5730338228458083,1.5057170807416442,1.4996158451901134,1.590068475925028,2.8993602809523833,1.3612410778270343,1.3872607397427017,1.6821363677955228,2.4606270482082895,2.667322455541638,2.5947702622384674,2.849054985341202,1.8537316063643576,2.255912023529025,2.485098158590011,2.3857616904651793,1.3145036049860028,1.532161781095566,1.449474405117069,1.8285940349384717,1.0890801061321465,1.8833833761225127,2.4793488818549294,2.5621278788687496,1.868515896656381,1.2637863577264157,1.6553113418042034,1.4304340673954654,1.936259699213125,1.771265225096295
2022-04-11,1.352467727745681,1.536374284357933,1.8717048881127896,1.5910990100516726,1.604300731389404,2.7125894916061197,1.816506070589379,1.2423062968800838,1.8335135391149078,1.4015114947645329,1.6543532155168676,1.6652656502864478,2.0656149818775527,1.5142935554018,1.627567168211072,2.1229133623630627,1.4879777110880958,2.6248216242036904,1.9364153059054512,1.826684116198729,1.5188751617400833,1.367565846385182,1.5211174926383983,2.434127926138085,1.285402311649779,1.5531645128088882,1.8003684252655527,2.260453827155933,1.611110339406185,2.697174430528109,3.1298730291832615,1.854733755332883,2.6619749992900754,2.7016745539297737,2.5715507158219837,1.2001662364287444,1.496183381554872,1.5212408118875294,1.434347058496391,1.063345895160018,1.961276420134356,2.230455046606303,2.3734186034919995,1.9457376819320342,1.360553422238286,1.5704584639073889,1.4637640278490958,1.322532726158064,1.5303190493475392
2022-04-18,1.4165141306227444,1.7426747675681877,1.848091711100711,1.5787902899413608,1.6785694671601301,2.7986078059594433,2.003233158315319,1.3033946327297583,1.8959473214934754,1.2235384355176122,1.64182593532817,1.5775758733249834,2.2309441569877118,1.4233610110027375,1.4996020728959296,1.8196437434292072,1.3115447138972252,2.9231775316012882,1.8323756206021016,1.943951395791034,1.5387488245302134,1.3808594290790446,1.537538777656027,2.7030081413703213,1.2837939939146876,1.5185098157403758,1.6656289252503358,2.2096228436796284,1.971141145808263,2.837366579958196,3.4470895931900487,2.068073282765679,2.244228713072518,2.5340174852525763,2.473129738759032,1.449755733170361,1.5150972289204199,1.4692674719353973,1.5064102471877248,1.2016507282052817,2.3438666444184366,2.228753565770113,2.3050315221949997,2.0086891907478885,1.3632623624909128,1.7321405128544298,1.3958778439767698,1.2854733458243865,1.3662506979432558
2022-04-25,1.6140664175927648,1.7113843735125118,1.7476738291690506,1.4802453924326195,1.7701220856748057,3.4158329263633442,1.8181534897791924,1.2568936333280774,1.9600078084734576,1.4061592871117519,1.5322380284399109,1.6933633095382552,2.2312214933299126,1.4643573492550845,1.5146206476919701,1.953827067098128,1.4367123276827019,2.5874341712011133,1.9180433433733524,1.963753523153744,1.56591574564923,1.3869197273595364,1.499894614480904,2.2481325619464,1.300244625104471,1.5450972575387123,1.4025790564747243,2.2478643777885354,1.398219505650293,2.567431106134531,3.891381298130469,1.9726674884290198,2.164703316643201,2.5269119676940384,1.3149437773838861,1.4501539144385776,1.5178710769314423,1.266400033371794,1.5160742939374354,1.0945149286607485,1.8284868137794201,2.217114056870708,2.1903775958819915,1.9526158824011435,1.2166230341610085,1.9739449685037638,1.4250069703399233,1.110201844150245,1.5268219477172273
2022-05-02,1.443615192045291,1.6069557914042152,1.5584462587189134,1.5814419836956137,1.8328292362879381,2.9908657734510866,1.913914188532999,1.2613727188173094,2.0678078752211464,1.6744422449733511,1.4114558177818466,1.4574057810260164,2.153897815390044,1.6317359646485499,1.6228139989066326,1.9614725565337612,1.5447626832066599,2.1951547943155663,1.765511434815324,2.1686403585140424,1.7209936296617325,1.4804947676509626,1.3982828748979883,2.3519033108901635,1.395679165006229,1.4427371375774232,1.437126346591419,2.0986154859249075,1.0737638198320014,2.5355735378739452,3.788738244410509,2.039359516860441,2.284857678733024,2.18197629676966,2.0702185320348025,1.62025691251758,1.4765956334795096,1.5061530904205402,1.9812592904853543,1.1008408751278618,2.1476527988128993,2.1308527898658562,2.029383436547781,2.032809792781597,1.2778311791875678,2.2098493906468786,1.4313653082279827,1.4112695067175822,1.495201417311403
2022-05-09,1.6179237829749857,1.7491110888405386,1.592126187739122,1.6482864975140465,2.0392216141198443,3.349180735846904,2.2806936778551483,1.2573286171710454,2.1179056072004796,1.7328033495360389,1.4364931071112992,1.5413542322358453,2.1444314719659525,1.5395694638736344,1.4713692492729895,2.062907400379109,1.440098221393367,2.7796435040681975,2.072151330229742,2.0842800877968415,1.7901306236703953,1.4180924838722717,1.4619010412941793,2.238360452673223,1.2516476342129372,1.5500430707312105,1.730110488216761,1.9768991335022035,1.1355295504807468,3.2380123568888823,3.795954537990629,2.256453250848659,2.6750353983217963,2.5365441614849176,2.1215189209525693,1.610483518145918,1.584292750544518,1.7892793335718382,1.6037227405811911,1.1541664469969788,2.0231884588752638,2.1591161508115557,2.0456803889747195,2.3592313243636363,1.2113747470031566,2.261816191203968,1.4986253434597838,1.2247792881648585,1.5861106538897602
2022-05-16,1.738608470716677,1.7280503363733366,1.5224683356530886,1.7877539893625618,2.103182828136872,2.9438427577618214,2.123153896667947,1.2670274063699452,2.4819346201294064,2.3031004694346056,1.417612502983538,1.4326368810687296,2.2154892733637306,1.5066971834022134,1.3528003164975084,1.712695805147714,1.5422539378957443,2.7343793494616646,2.1982076542971654,2.329554648279926,1.8770552288721705,1.4166186335288826,1.350048117332523,1.8731269639036516,1.2496072822983915,1.755664637556578,1.4580574422667119,1.9766165881348652,1.28455965700733,3.1156749106355544,3.510449846868874,2.274107445692417,2.6342571539521735,2.4495983970736166,2.053047148182602,1.6187220673609932,1.5635909908374281,1.9074605531916649,1.6154764697953263,1.2155062867967246,1.9118097629529638,2.192680282557654,1.9356808728056594,2.4933123889528988,1.1630222100793886,2.2618705556263246,1.4639649695772043,1.225983437716305,1.6249676057295988
2022-05-23,1.7428528594726562,1.5744047325948762,1.3783131644305247,1.7028880917275497,2.2627921954684425,2.719772661678647,1.9374940193158305,1.2895668230217585,2.2844015008082574,2.2190284710165,1.3665744811470186,1.37168788937075,1.971081094036199,1.4547423079815247,1.4150004607320907,2.087832072432366,1.4751783216886425,2.008690101726477,1.9912113985224578,2.133575054884252,1.583770256845797,1.3319706611468325,1.3713985491490508,1.8860176949970797,1.3394396278499978,1.6872391407502876,1.5362454687908373,1.906687714700468,1.0778232997637927,2.8964467678470376,3.317808919989257,2.6138677012580205,2.3944200824068016,2.2945607466766136,1.7140948585238265,1.6744577612114502,1.469186010464897,1.3098083527987219,1.5695660689669046,1.1362805741472732,1.8766875457718013,2.106205841141712,1.954109531280944,2.5212720841570606,1.147348043513068,2.2784663303969146,1.4198027142889442,1.242602615648989,1.573917687953317
2022-05-30,1.849992905189719,1.6226035740061926,1.428258037769719,1.681663365873257,2.1285960783072406,2.415954271186918,1.6615968498047144,1.2800566642269473,2.3404610730770434,1.8944944527449934,1.2497422197174237,1.4947182917060535,1.997814238549823,1.3841000765175349,1.3503771738452472,1.4726175924482559,1.3378391732583659,1.7041826939723699,1.9189412671740604,1.6714004786988301,1.3726740969572617,1.271149518002204,1.3399503291666208,2.1139451622775542,1.2557109017539552,1.5981428599525582,1.7709607441721316,1.5342536486578404,0.9255398388698879,2.619792443188806,3.3035437219538144,2.635837014396268,2.4265165626800282,2.1352183437015277,1.0486263665971127,1.5791188572739618,1.3668654280503016,1.2630985455725021,1.5192338448844729,1.010373078306148,1.8604017341008228,1.9638589629450083,2.0128829786457425,2.3624099090469057,1.0054546399594515,2.2633920924508213,1.3142593092447876,1.1604468615425427,1.4400627703386297
2022-06-06,1.6334367287846763,1.494124283652385,1.4102198631224474,1.559888117972653,2.2581653434022213,2.268259852389942,1.6810397323007518,1.398684670806869,2.3575522022885886,1.8713060302015956,1.1733297022907005,1.3652953028558397,1.9500080562417552,1.4891387584862392,1.461303880027406,1.6265004368029308,1.548721922209739,1.4920524785255442,1.8722049879743365,1.354421378516251,1.2615648014922105,1.3153384000216137,1.2441471614097819,2.017324511228451,1.292132266838841,1.7612033908394975,1.403382752628649,1.9254542131294723,0.7240213398377995,2.854294848342068,3.0061487548349377,2.7474375732797753,2.0539509011798165,2.0801117996052616,0.9571060631750565,1.6088680056310483,1.3127996047053763,1.0762757739674031,2.044932001833172,1.0751979875389623,1.8488400448856657,2.2424342635887315,1.9951984416962008,2.3807979673152655,1.1094916367531464,2.0862997251604147,1.2745996746321007,1.3799890548299407,1.477940245811976
2022-06-13,1.3808844669667897,1.3749031201613875,1.1843093453688924,1.3533639412359237,1.8873865442008722,1.582746751900872,1.4633838991115935,1.2012783032646785,1.83677438219779,1.7541756509643682,1.127304339128811,1.1343853349164943,1.6364853217128645,1.190675713716871,1.0371691648168184,1.3687207294941084,1.1706832579031938,1.3075837628892817,1.924996274178019,1.3050998466217028,1.1365658607645024,1.1269161432226036,1.16569312485845,1.6233397669348308,1.1617396512082543,1.443318726309334,1.6607684737056538,1.4469711326442654,0.5835818245117446,2.4307299943824723,2.6986371542568306,2.1997153328097587,2.1162110643873313,1.7474192521076808,0.9943601256736339,1.3166249613326901,1.169658492404262,0.885678382939106,1.3312131487525882,0.9061660333081321,1.382397463745979,2.0646327131169055,1.7896911775052096,2.0366562910838826,0.9831621016604516,1.748118464897681,1.1404419878161849,1.0037958141968408,1.3607645200202265
2022-06-20,0.8907844942705843,1.4335438692913787,1.1720487748507167,1.2804354120330688,1.7999783600453023,1.429818944474223,1.3636779775814882,1.0783040577831025,1.917375292110301,1.9733425435010536,1.0872057790902474,1.123116778151632,1.4257589181529982,1.0770594884058564,1.1526494976211785,1.183288236122809,1.2103438502260446,1.238806293439374,1.6007727325098942,1.1238109022697658,1.0155479346401672,0.9921289560194613,1.128612709472776,2.238738517025147,1.0455154219348268,1.3248551138797462,1.1279427761922447,1.2052261664198114,0.6310333239125291,2.582436229785463,2.439150749937619,2.027343623543153,1.9749008208897045,1.6171094455031167,1.640079623600422,1.3359278970012634,1.0490841471691097,0.9321562916297528,1.2063020044241517,0.844670999827229,1.445007879915841,1.949796162319938,1.6059912018531537,1.9668268146327121,0.9785106272781894,1.6241328656569167,1.0172458917243326,0.9131823688878159,1.573242513252707
2022-06-27,1.0230184016189985,1.4463355405525076,1.1571299439024973,1.2353345183070443,1.7312944173712892,1.275183257231994,1.4308639322910506,0.9526721814186423,1.8521301630506035,2.095692818827363,1.0201275121462725,1.113462454647118,1.3598948768436352,1.123512635476296,0.9269429522793732,1.2131585706453338,1.178857255973182,1.138525198823061,1.628131943712157,1.0268520584646064,0.9376311892708762,0.9806813586002462,1.1016275652645109,1.7012462934450174,0.9396181634656517,1.3033928138246256,1.0333181229758792,1.3996499237406965,0.6177284428068356,2.5604461091961253,2.2013524998035443,1.8228063108968406,1.889770725124261,1.5838153712153344,1.3520365696254606,1.3481014656517876,0.9938655904322,0.8540221963607317,1.124413047570017,0.8893911572738276,1.4341293107943032,1.7732353858134249,1.5268196602295354,2.0300363361997342,0.854723398612936,1.6415317045276505,0.956782578663319,0.8684989222916059,1.0209467460821822
2022-07-04,0.6575822974033894,1.4500923775468237,1.1895927511479631,1.1463560584742782,1.5805976896628313,1.2773387660441358,1.2874777428570718,0.8861362164757958,1.9251553667988883,1.6598030567047717,0.9019962136391502,0.9986518833208042,1.3590969939131785,1.12802261076064,1.1071446043065425,1.2223856242311473,1.2941310116638292,1.0761486043967836,1.5106423350501483,0.9217673412967475,0.9041036676147992,1.032486679783001,1.046267840856377,2.0856227836348715,0.9484529417006542,1.1534582624283773,0.969789994708607,1.2783899905255214,0.5876955675406449,2.141751717659877,2.2960278718897538,1.8799708049216743,1.886362530309483,1.5307403801359798,1.13791391946333,1.1334724726529326,0.9345318137342888,0.8387378287948593,1.286719014898513,0.7797995532126742,1.3251846546899269,1.9294617947096455,0.5637653606171384,1.6766812329531846,0.7789362941058344,1.3231634301381858,0.9678843468839007,0.9113188379998081,1.0098450116271303
2022-07-11,0.9436200714594116,1.5602001127979683,1.348428963578955,1.2227950557262668,1.6904308412184639,1.1701631369410497,1.2102451403522618,0.8934321497993879,2.0484927581230035,1.8130510862087417,1.0359055633678926,1.131676430300415,1.3953313200125645,1.077781561446884,1.0618936098795324,1.2423935008167537,1.2241753289696296,1.1179194224220876,1.4595322499683108,0.9123168161958268,0.9196997751834293,1.0362009471961282,1.1987267021899197,2.1486383477733586,0.9639452533797506,1.2858763271517395,1.1560757275321594,1.2891558895399924,0.8986345976828951,2.146501090053187,2.2448353233600025,1.8321240454181842,1.7473768828014438,1.5826170555352057,1.1300801063524435,1.161619958044227,0.9637363102623224,0.7476006318525836,1.1130622094373477,0.8120015604695617,1.346280364828683,2.117708380722628,1.5194953987077686,1.8213258250768871,0.7977087454001898,1.2529626479834324,0.9132733998501719,1.0081474001188049,1.1887632892157596
2022-07-18,0.9226191480127122,1.524358623002524,1.1733472008192378,1.1749749093353326,1.5325385172530348,1.0815555816294022,1.0696462199433001,0.8488005632115679,1.8877176356754286,1.434426362387232,0.8736399920835938,0.9963443466239039,1.3403160154566813,0.9984352756415213,0.902366143661061,1.1975914332515374,1.0738208080665426,0.8763519127272172,1.3966081017625602,0.9280953448655671,0.8598789642699088,0.9615075159667645,1.089725295514116,1.9862585214451443,0.8578191017511604,1.1776834509988623,1.0566944710478512,1.4154708231106585,0.4884780448429121,2.054849109499207,2.3188609260284614,1.460388264240288,1.530930683149754,1.576228555605701,0.9161757596200801,0.8272811441552363,0.9747601225118827,0.6789457986985388,1.0472984956567115,0.7802066176699749,1.2392672964153184,1.8523096816408755,1.3233683457790115,1.6222702836232255,0.7096216212424546,1.154024506117026,0.8681059560883956,0.8320307059998908,1.0026350190035338
2022-07-25,1.2561079102931716,1.213773591106368,1.1529330150842667,1.1223654826621268,1.47165693104056,1.0650287114249442,1.1908528543087802,0.8189309282514068,2.030614348108383,1.799036579103156,0.9561099795490603,0.9225677447848779,1.4276029444713414,1.0664532334729149,0.9239433034249779,1.3430618855537335,1.093592285405735,1.0127792606168746,1.3965488556808654,0.8210395406975601,0.830903385070175,0.9411208056528484,1.0878474865582355,1.767491028399541,0.9285222074535019,1.224093646727172,1.0310702019303113,1.358782640958126,0.5127096569216358,2.008717756024887,2.2084472238244457,1.5262077095854032,1.5450984192849428,1.5938779464409345,0.9734762543806379,0.9863741656111463,0.9386693821020025,0.7397774922047118,1.0589256242589178,0.7414956159742881,1.295068247851133,1.9635789543578757,1.422372986333271,1.7325160416644334,0.7736104713702978,1.0210268910405298,0.889673725610439,0.8369783846002498,0.8570947327291856
2022-08-01,1.169977221714475,1.463993930278035,1.1348387394271835,0.9878531401459724,1.4424024441624494,1.0433102996717658,1.215554629008955,0.9137977595476059,1.9492692744904456,1.4670504764391716,0.9588400251672361,0.8660734813351221,1.3630440177576761,1.19767352509399,1.2536866428994407,1.2633266776792254,1.188013162776215,0.9910178788289646,1.518198222518309,0.948296215157999,0.8728493642382094,1.0190272520588688,1.0798015307375621,1.9207817486556427,1.0103542976790774,1.2615744958460795,1.3377197851487979,1.5607205650285594,0.5708256189842247,2.362758723323457,2.132490737440081,1.368112468464781,1.679088107169131,1.6369646266997209,0.8181791982303339,1.0262275728870973,0.9700738081280875,0.8320089376589095,1.2754784192129025,0.7385970557545534,1.2721579040348638,1.9741149339569208,1.426202282315399,1.753227513621923,0.7255804408143552,1.0420229611743204,0.8906675842948568,0.9818049427353208,0.8450583741317034
2022-08-08,0.9549961359491108,1.2678784382883084,1.0929964199019404,1.1318248321798379,1.2874575681187355,1.100068232530377,1.262516390885718,0.806123771917501,1.8816909854839574,1.5217336026241155,0.9796420295749327,0.9556105703111016,1.3880897831663976,1.0118834700161037,0.8937506734866825,1.1097252519549383,1.0053331707475834,0.9396571409409732,1.4237195634406048,0.8697831793182564,0.8494449146912557,0.9364275882084481,0.9736656683878586,1.7710941881991973,0.7679512119323961,1.2018316260933575,1.2687548580842103,1.4542604981966698,0.650729650417062,2.0646775155401365,1.8785918131967478,1.1960890953546572,1.4884962041840382,1.612911447497894,0.8796593065222882,0.8338422468498442,0.9709242256948134,0.6719088485297791,0.8654294835209789,0.7073698113131485,1.2528062673363893,1.5816052385268007,1.2092948597983941,1.6357746814293574,0.737617590265396,0.9908056845919795,0.8317498904736103,0.8092491912761894,0.9568807116013004
2022-08-15,1.1585205272277908,1.3970800722468295,1.0461052155646486,0.983889678827244,1.2820855810074847,1.0256839343256297,1.161637341718195,0.8240050765304988,2.433459424784372,1.43274131365538,0.9544336690585514,0.8520072339046376,1.3668272673380844,1.234837627907837,0.8955692050752324,1.1836768557358144,1.0255907618611726,0.9813321876727246,1.3227271679596844,0.8535286228153135,0.8426624785440913,0.9296950021180755,0.9974753464515201,1.7044657704439707,0.8452059963144207,1.0947123465497848,1.0421441993600424,1.2854325542677323,0.4840041081990746,2.0858595154182256,2.0619634357356906,1.1671073862453645,1.5143030498153816,1.534991334564561,0.8786628267642917,0.8106051080064589,0.9358004284603603,0.6446892154982893,0.9724858912463885,0.6840643679547977,1.4317393936409493,1.5842871243871008,1.2941689609641673,1.6051027257905273,0.684359536068326,0.9423998754449985,0.8479738781593291,0.7895267272276909,1.0925451112045743
2022-08-22,1.2107398954335595,1.5806891605083864,1.0958177770779238,1.1582059941927028,1.3745123794015799,1.1692938590511701,1.1930949257766175,0.8180188903758479,2.9446762777537945,1.737694115906418,0.9286506774621173,0.8789813995236417,1.3451911887686814,1.2576613554123273,0.8952966287574051,1.5634177106091873,1.1396067947075998,1.029725958592628,1.3985402405057397,0.9825351115150343,0.8671630783054416,0.9526234475381724,1.0797153967160227,2.116601254237839,0.8420432172507233,1.2507038327996503,1.1225250840857552,1.637534175228056,0.5110965238556192,1.7806000769876746,2.4157942194157163,1.3396954003799095,1.4557082979602805,1.6844096992107478,1.0175166492715824,0.8728567493781725,0.9428412120718768,0.6534578106308021,0.9524275437850815,0.8534399962943435,1.5963817711048713,1.9166687221166294,1.3855272380654506,1.7597335888483365,0.803631835941929,1.0203370012554358,0.8706123044260038,0.9323240181554754,0.956346393136299
2022-08-29,1.4768184148568433,2.005813626499429,1.3493787549779417,1.163870469825016,1.624233810824018,1.8792298284525812,1.2636913887906829,0.9105054839926032,2.6196931689427085,1.5230294245824867,0.9277352593515686,1.1171856590684495,1.6587613078009837,1.313188641246993,1.0460890155532183,1.6324686737978968,1.4654789685830525,1.0907583385818638,1.374145648180741,1.0080990782692563,0.9144717230230885,1.007948150062034,1.1087139946823714,2.6427417157991195,0.8881016734742594,1.2549354095545096,1.4616228276827938,1.7795389936542585,0.6666937608588569,2.007911716602621,2.7451899270766518,1.3743188657633545,1.535503881941132,1.6734088292392943,0.9584274974558247,0.8986696356402772,1.0173753014125457,0.8435980184863605,1.1939751372961642,0.8245438633348001,1.9504954067804123,2.7089692724899876,1.6671684819218473,1.83219386704349,0.8693982195043028,1.0157518801738452,0.9603326819176363,1.016731574816749,1.0202916804531725
2022-09-05,0.9978334945047673,1.7509746946273248,1.5709770558950968,1.1849645769462143,1.7529739530728106,1.9406124836141296,1.2538278438828405,1.7168309249286013,2.653297331277464,1.9557782573687987,1.1392507257458988,1.1410355962833176,1.8412579121922101,1.4277316215341092,1.250111926520042,1.7022974798171258,1.747404312450804,1.0898504151838553,1.4856140651263716,1.0541628603988922,1.0226569833090455,1.1191749016549606,1.3938744628606323,2.703447853113181,1.023477071577018,1.3557273440812634,1.370065003509299,1.955760208528239,0.6450574869672424,2.020205466288192,2.682927240889463,1.3787012965159535,1.3305712721505536,1.7871517973891025,1.1086743246075665,1.0059967694802066,1.3274220873811218,1.0566422232972277,1.7909689833814566,0.9245927827282553,1.8275124031608752,3.052081305671187,1.7527214036573064,1.8872956704919108,0.9835254724136793,1.0275670579017535,1.0488075140739674,1.1189978746673854,1.249204262083583
2022-09-12,1.5347103876903425,1.8823710246928504,1.616774078776683,1.2038048339587348,1.7107092431908546,1.586982432412968,1.5269516785824546,1.235021303566696,2.769855747908105,2.110174931316905,1.1327235580352677,1.1823569894950055,1.8693866023264099,1.3645084296272803,1.152199332806414,1.677085480136189,1.6045528987757143,1.2743149088055634,1.7506307318556549,1.2708693211127406,1.1143396750449506,1.1330457602433037,1.5008343139338227,2.6512834874741875,1.0100655333306876,1.615580003455992,1.3999753762157616,2.0884869399003394,0.7497110157606774,2.082046646245792,2.3700857230491317,1.3996777695452365,1.5996002038135604,2.015026810826176,1.1950646386493622,1.070267644024474,1.259145735026386,0.7776916626764311,1.3712641636185774,1.050830495852544,2.1082926120974586,2.932897908845175,1.9398368197202098,2.014612391037727,0.9285090761491586,1.2632543680913209,1.1008932666608024,1.0753912694443812,1.3795240981283157
2022-09-19,1.3949375199377543,1.7100623674541453,1.6276010670898158,1.1403239498693112,1.7043369743109962,1.8684521439464346,1.7622159206906167,1.05619295303776,2.6523803548408695,2.3157447100688913,1.1561997661850574,1.1754409512491555,1.7137854608125063,1.3345774444514418,0.9846455435769751,1.7673075641675668,1.615132335392489,1.4455178319252062,1.9246188420220491,1.3708873910783363,1.1984872112050808,1.2111061265476548,1.436066415583376,2.2069274478853433,1.0714571262277988,1.604761577022284,1.7918699515601466,1.8790176907799132,0.8805288392180046,2.637721160039166,2.1225929914782737,1.419889364438597,2.151728939523024,1.9932756498455426,1.1940455334972433,1.100982377533562,1.3794749465971456,1.1335397558051066,1.4144213211597103,1.0776162793342519,2.011989254056746,2.8753722797300907,1.6983493290114078,2.1905470666094344,1.0163779004777909,1.402255360163002,1.1817679628569597,1.295125374882233,1.2794512955988515
2022-09-26,1.6590032725950032,1.994277939261575,1.640468778242858,1.212757360269809,1.9150607120614378,1.8892645857277208,1.773331643251491,1.1767258688206779,3.492957446958415,2.4340369197047145,1.144492402211669,1.1489079316719197,1.9183253519471144,1.6533079491232079,1.3214660885350429,1.8280930770360753,1.882282024996797,1.5308932450793078,2.1120747792281938,1.5201559765957393,1.3021170169113376,1.3082858014005108,1.3652919220412834,2.3472131458193566,1.1845751459885985,1.9015982284959305,1.9944081970520529,1.8097420401169564,0.7691781127286508,2.674349122716443,2.214653634660795,1.5289682266453786,2.3673875930508532,2.039745485113041,1.1986615890320556,1.2841968204751848,1.4436854948640994,1.193567081083783,1.5568142516739056,1.1446878777821035,2.5446613938751077,3.5934702748849996,1.7660926698779833,2.403989177761472,1.1109180676140824,1.5338206346478498,1.3418065303495195,1.3676338547476292,1.3250459377674555
2022-10-03,1.5876201890653048,2.334014846143214,1.771294610676089,1.349375699875862,1.989755044775634,2.2510570149647973,1.9016585402167236,1.344788102708479,3.6807191160961623,2.5618205918381065,1.2214656369394348,1.2666204124759206,1.977642105911023,1.904562679895839,1.691356007024654,2.0022797651760915,2.6828493845163206,1.6861616515948479,2.184489932309881,1.448178740949465,1.353033081885975,1.592007184897023,1.6513472040809547,2.570849808191299,1.3278377783805637,1.9431648902771395,1.6886492881432842,2.3172417265706575,1.0755413102176306,3.051526679970693,2.2677990612339403,1.482373247514981,1.8929322452733222,2.148190309884643,1.8621991333241357,1.4156741081966677,1.5780492786504545,1.5104890260777355,3.3876325899777737,1.1489669861106249,2.62954726175693,3.3075160492526114,1.7796584283186152,2.600461834078525,1.356375443697713,1.39546757293249,1.4057092100553383,1.9097398319894174,1.5071217786561295
2022-10-10,1.8122157482927488,2.8746406566894156,2.0845333843664893,1.7498158728994548,2.507873873839417,2.0562841017170106,2.1923017869580335,1.3203176842865116,4.133821403210831,2.946945112838475,1.6407750907737795,1.4592028438769935,2.504592766179685,2.0109132136402206,1.6595469112624617,2.112920325225487,2.3171210522093038,1.9429564150221559,2.4156740724440917,1.6390176297510384,1.5984881190392564,1.584732062757702,1.9438169004069492,3.023989716287777,1.2494649379924416,2.143385355762431,2.8074423994346196,2.9976658726151353,1.2881809168077265,2.9837521168780317,2.4884590586700797,1.4484798590493608,3.959151769136613,2.496914407964472,1.9485280767256123,1.4483557229725368,1.7977073128419903,1.3677070849554112,2.0910370968999636,1.251288922816793,3.6605233009790856,3.712358056755047,2.0155444987439175,2.8315534549417407,1.3193746406905351,1.4983530137916201,1.4867493704864296,1.6217341096793971,2.092092789286724
2022-10-17,2.4033641259025353,3.625148205340897,2.4977205497103503,1.815430809926305,2.6597476516797767,2.5311300007133206,2.393144023147015,1.4670958379368837,4.457177504558489,2.84218653281799,1.7076933341213927,1.6428028948444462,2.608476007091549,2.116239228198337,1.929111300447162,2.450948456316305,2.763367141637352,2.1008031241257275,2.9147977914820147,1.8456821315353689,1.829375994474084,1.705381940689203,1.9562680525834226,3.7570469937048547,1.4128335716290248,2.750882553847045,2.5106855449288403,3.1932879244280774,1.2788617053633353,3.519520399005066,2.6912248483298153,1.5603581387494867,3.502652247388507,2.7683927249011435,2.037275125246336,1.4452966153358817,2.0659346077270735,1.2803840752704847,2.458472686847842,1.4859374393170703,3.751639412924803,4.2498935777087095,2.133595325890517,3.1952477292130617,1.271431801753785,1.6951798298271492,1.632838766530352,1.576506630316313,1.9365983972957772
2022-10-24,2.374320583993889,4.529402465471729,2.716424240055827,1.982448418737076,3.0095504932637116,3.1303762325112006,2.7106287049155933,1.641074514910759,4.498821434746213,3.0350508585043965,1.8479578715548008,1.7840587207244645,2.960254038273884,2.131402612469739,1.7396351297067985,2.620278716296263,3.0433614817524157,2.155263327375633,3.7145197838710633,2.087895512354553,2.2140690657509743,1.8579401628894296,2.478170951519386,4.243785821078489,1.5594543756692305,3.1632467408003846,2.6857000997245732,3.0151497368606393,1.5429506225534348,3.962351129677435,3.050825218686997,1.8669246602595002,3.941392717298773,3.2707984706029523,2.293785364846625,1.6696505332784555,2.1152308109115587,1.5343615662578665,3.039410451999517,1.7892947613581505,4.426744629990193,4.717130710899452,2.284988559315349,3.9679233506345177,1.5102566847435006,2.2137916561328765,1.9336000226948649,1.9946799622628582,1.964116725094251
2022-10-31,2.7190097868960716,8.489449125602384,3.6676005878054094,2.479700320899362,3.897756877626625,4.0206193864816,3.7658030739941375,2.198167966558182,7.17501562987227,3.724269506004668,2.4801135710758473,2.2444443667436547,3.608921267754615,2.683771278059715,2.3886418409955095,3.8388786173164724,4.407959421591368,2.898401216508571,5.026019876072082,2.4373336081407535,2.6365775989040885,2.2790201559168697,2.857480798135094,5.737138700098483,2.0217229265476435,5.533640439091731,3.2610952791456214,3.725645313521101,1.951710077706204,4.973160434839779,4.197253871487796,2.3951517794452597,4.736624683177801,4.100473639494654,3.015076334272858,2.024056579192837,2.99293880372295,2.1114149784060907,4.769091323365123,2.0521966656701545,7.180196887451397,6.182759396272823,2.8057135259376644,5.837324274646785,1.9899396394084188,2.7780152882644336,2.390480233597769,2.9392153208671274,2.9368176738638
2022-11-07,3.1439463439931163,8.267841680190065,4.972734094450837,3.4672332307228038,4.726569228857118,5.1306869756636635,4.634850992469895,3.179792726749322,6.9051104868221564,4.19100095253538,3.1171297766183073,3.020677818103333,4.46578854190027,4.019941434245022,4.1936742355806045,5.351854228570235,5.904577271134844,3.669870521432021,6.219883402261905,3.2240875147514925,3.184463938676115,3.725654542920174,3.588777202754021,7.6921229657426835,2.8236172641886172,7.100099732817992,3.8344067530320487,4.8422873695241595,2.425634904276073,6.881195200347479,5.620151120233035,2.9431074894407043,6.5383044748752805,5.375191443961392,3.7770046718032413,3.4063621025183823,3.5978844536330907,3.160599118023829,8.498742783903953,2.6293476972883436,9.49662794476342,6.92083669752925,3.622872404531667,7.403529972914919,2.763635607373758,3.6969629959544115,3.2128385069289753,4.4333077122218425,3.5378143080176674
2022-11-14,3.6916615409163684,5.86687284461489,5.286247233794153,4.0700072287298665,5.401071493640972,6.137604476561505,4.532266098690766,3.042962255995339,5.987424963567222,4.376953139194213,3.31875655421389,3.4978785799615437,4.505717600409817,3.632378153323289,3.3961351890408538,5.72923252717532,4.199387485000983,3.587457705515747,6.077365541420021,3.624655130498981,3.2713817108862493,3.0941146431593465,3.776001406153794,6.3443935495233,2.932326865785581,5.481622406188789,4.343704359432962,4.977400228569635,2.3020590816596216,6.5783630533906505,5.974517540060795,3.2531391859419045,6.232263789161655,5.496066762182162,3.9330292490234333,3.4308776020153045,3.71549346360535,2.7405338841649582,5.6753564086948485,2.8371953767465055,7.510173742699477,7.815557368679007,4.005467115648381,6.928925318059046,2.658298297106833,4.943929363874496,3.2051133817005457,3.2175027499007465,5.4949459826326965
2022-11-21,3.9199971729319882,5.836714547137408,5.788753414670769,4.593409878883355,6.063397443911242,7.522578337970074,4.871946257201235,3.0468935898532337,5.47091513206094,4.259863734595758,3.6569608861961864,4.741990635448947,4.963381712961285,4.092679853800286,3.764846026218825,6.2960700540140415,4.485162323165683,3.768407958970993,5.224614470665597,3.5051182907218603,3.2183691353704575,3.4543626816972783,4.190775732972199,6.129810666744527,2.947688569840834,5.060075136279278,4.626263261639943,5.770881980463802,2.325776173248848,6.216469214391939,6.795822044274233,3.658458274537769,6.502992319108306,6.238648203931858,5.050552287496044,3.9373668177995835,3.908622483497819,3.0235179348886976,4.8253603042679645,3.226595227724098,7.602841890019318,7.725440480838847,4.466536973234797,6.478293400938872,2.625284855823634,6.860839840031447,3.3596735885204163,3.4626580392353947,5.191125034090293
2022-11-28,4.847195148582586,7.297897128421242,7.078370640839264,5.660757748830905,8.445316279297156,8.468909484211913,7.347930789335832,3.954289554939275,7.003615196865333,5.076190644827317,5.615001135526606,6.923773375710464,6.825033532490101,5.9326037272775825,6.015793929513856,9.41729615412056,5.766830190623731,6.000953320013745,7.227688919633136,5.35042699169999,4.118689364962448,4.559678447113182,6.265491595693428,8.14188534314514,4.47374235549621,6.483125363418802,6.213211515706167,8.98572053072595,3.384299020466563,8.434936031531695,9.781575134314235,5.013010367407164,9.625613720778945,9.071245447380614,6.59186726267521,5.891511805118982,5.4237625361017905,4.5529939092480936,5.891344688212287,4.645884025411202,11.292657988741194,7.939824810695908,5.873446624531548,8.206254450005265,3.641268057304169,10.56518289596023,4.596529065995199,4.195580333581119,6.643978177467653
2022-12-05,4.886690000969876,5.84578286229578,6.6896866856488195,5.72427125535115,7.143296094947173,7.901570978484614,7.692690900541541,4.449877787772678,5.902796677716154,4.940589462848582,5.074693572994914,6.356891411836573,6.220781722105283,7.004853830691145,6.5170746059281415,8.231942918366396,5.563518280719002,6.859864047657944,6.2097288020540145,6.24223111469171,4.335604555810761,5.216171048781797,6.093853599168005,6.929597077128985,4.845897103002473,6.150958180106835,6.175483885223759,7.543013542783356,3.6704144267357517,8.459990240614474,10.070186090231228,4.8699864620448,9.414884222787588,8.174754305959478,7.287374276688138,6.014250211358471,5.286409553636107,6.631311072521621,7.179988434969128,4.457641122885057,8.61022633661224,7.281591188642936,5.573193015142656,7.467544150245595,4.438150581961919,8.828736281051368,5.321646569948783,4.973819808566498,6.676044026896943
2022-12-12,4.82885322772699,5.103586878737393,6.063995714019694,5.695847901925847,6.590104531760079,7.749206278238595,6.813634269466224,3.918294686277223,5.685891266132405,4.854113868623475,4.936219194664307,7.5253563832611645,5.951639909503651,5.889211767651775,5.14670259692872,6.891257137013614,4.378223373917174,7.667684447993306,5.46842903963062,7.531499766268703,4.739941477356405,4.171115487749662,6.0145614493824935,5.930068467758252,4.50909144270987,4.821312627928643,9.640114386685521,9.152281397697497,4.049909735135984,7.200975821345335,11.014037439391668,4.58327481945809,9.308761481594546,8.03014391286942,7.8900088541303965,5.202451038700975,5.0149902423614,6.038938883176636,4.96296691878747,4.560362152565193,7.271265725928527,7.231575010783,5.708269706295278,6.481390238061512,4.3400141902263565,8.329822321971053,4.733270878070234,4.292091476175104,5.744462399040152
2022-12-19,4.82538270224739,5.070282638577133,5.584190851925701,4.969334972893202,6.165928485600773,8.15515876121048,6.028333533261851,3.8934291479154144,5.30943731335677,4.794805151035496,5.7853996481199825,7.678717161117876,6.13646336411837,5.362561929403947,4.730056837916754,5.568348058080355,4.343126659048886,7.779356976750147,5.284194518882858,8.431136501439394,5.153536686268649,3.9531186155872966,5.4817863757558,5.6132206086704315,4.4949904487872425,5.00074027522116,9.13077327715395,9.110569250514772,3.9140620222376685,6.530201047164148,11.093973981380936,4.5473642825825875,7.839894753839197,7.687814329796578,7.250413577958087,4.855685349633681,4.829122296331083,5.655027319498703,4.6968996567152015,4.327735023451842,6.5709046410726595,6.6015102661579705,5.866354863660293,6.131870381248778,4.341818803160979,7.146416539093029,4.403578937807547,4.051013391740803,7.177753008032252
2022-12-26,3.870306277971636,4.765486751766375,5.032462798412745,4.803685422581893,6.1857286100696625,7.308212490408815,5.550123538275425,3.581061589766347,5.141402216417939,4.782395799921586,6.2952860119532055,7.45063342327602,4.997556562389299,4.593064430994756,4.116334812539656,5.212088872012718,3.8844974911318726,7.454369829273741,4.877768685520573,7.031575501812144,4.928426457911829,3.350625263498531,4.95054763630535,5.318817582175507,4.489842898929718,4.70218840986363,7.263959940298822,7.466581963454285,3.664130420444166,6.151836269610042,10.132679129090802,4.0319042153690186,7.99687190954143,7.038667882701988,6.549747228083092,4.0821187399461465,4.185427367388238,5.52777047124448,4.362615674475288,3.7041664104891217,5.868739104480399,6.2587888098461875,5.725372754690158,5.82271042687979,5.172861955002636,5.915475391946586,4.011042366745323,4.009272766066385,6.709590815203848
2023-01-02,3.6048062924370052,4.592883646011203,4.56088895272599,4.225229878457686,5.744837119657277,5.550420309971314,4.825838549733713,3.2157641256261433,4.804399821621683,4.684038365747227,4.621823939904154,4.764320063584649,3.9594521597137113,3.9656469886845755,3.8376368914954466,4.390057464748915,4.360979486486861,6.176561634547694,4.363645917600017,5.66156825603066,3.8191434593248674,3.0596922843093735,3.9659614644651278,5.457295421100617,3.7203804522977206,4.585224302078901,5.465944601330854,5.6222448855153955,3.122566316952385,5.217893814921762,8.272452936442864,3.569420270686593,5.927119678616489,5.451170955953592,5.262954691593008,3.171331787857853,3.9171758042577833,4.219745941079166,4.837304510639491,3.0607599646909187,5.160294640180794,5.837235344444597,5.014294560041965,4.9481403609798225,3.60892639546193,4.028337150833759,3.368072858293199,3.5794806540036648,5.851046219304161
2023-01-09,2.668481578826979,3.259068107866662,3.493522789723374,2.9535497850859045,4.258005597636901,3.420985249132312,3.2975250758790904,2.29323727390744,3.351259496039865,3.580295680305298,3.5049747880453235,3.061765890411425,2.748940794887777,2.4107066898998877,2.1699442862951783,3.0715158220971555,2.542267943089665,3.0819315884234317,3.1730458649814848,3.1735838092455246,2.549223419285366,2.1202369027064503,2.742755664165622,3.69364734296978,2.551969836368678,2.9072152658049477,4.220069454475821,3.561847951275204,2.4039964102188947,3.8307132896399145,5.5011705527169905,2.3718320006391695,4.2204513204583325,3.25402116130346,3.998876302759707,2.088619909390549,2.581155101264642,2.1803761218925595,3.1435570373658743,2.269658898132578,3.319751145154373,4.40186474493057,3.6097604599935766,3.8683063761165895,2.389893194558693,2.6868677958134652,2.3613698680647826,2.2626626610596468,4.183555539267452
2023-01-16,2.1032530995336494,2.578144909648713,2.503177319506678,2.125182266919203,2.9869840767933145,2.5509583228513684,2.421841675158789,1.6145702622581333,2.7720479228946338,3.0612441693153167,2.6153879021449518,2.0999139449287343,2.222800595594067,1.8298480701848159,1.711106279881803,2.584376934392282,1.9132127104078447,2.0685558403418285,2.4808868739362753,1.9193269228411158,1.9150244307368314,1.6320659011494498,2.1978927639464736,3.1130713777701335,1.7621182238265378,2.2269721302262626,4.233525460630114,2.4740695471564935,1.521127571391506,3.2293832859959397,3.5194106613902085,1.5690210615924385,3.608087242529715,2.3350448077603945,3.161880615415821,2.691015090613602,1.8967699136759664,1.655629692095248,2.3866518835046637,1.6925103326154254,3.0672048477871425,3.4176407707586267,2.54511005381507,2.935220071896107,1.6420912400742131,2.2112074128022154,1.7422103406993108,2.0024380887533093,2.2752341491774244
2023-01-23,1.9898495464590311,2.5374120642284,2.38339409746874,1.8911458674157628,2.853451209005458,2.6643475208151006,2.1830044463795284,1.4554525920246202,2.7152256554813157,2.8476510234539942,2.1481236824554775,1.8179594156872687,2.0981210503692918,1.6014919760672939,1.4494208669256259,2.269012898382849,1.9761885372285364,2.0785697885833656,2.344647239092069,1.6977730470311911,1.665564147260144,1.5487134993655542,2.160512182699045,3.216511639317682,1.5457804622100288,2.2739178149174437,6.593968900148968,2.3880151066613005,1.5426378972993946,3.1828585369689675,3.1779498346620993,1.4446333469784851,3.6193499132728935,2.348121462915318,3.0686273455014925,1.0569124113950559,1.8805025134102955,1.3998607036100406,2.2178628480422233,1.7166594807081752,2.6281423578816003,3.2007752826719384,2.4705439548858132,2.9624970898432412,1.3548730493642516,1.9761267844688912,1.701326301305417,1.726579208743333,1.9924826216786191
2023-01-30,1.7313113820849877,2.894432230287256,2.3382734228338835,1.9101793480520433,2.8483339302744586,2.9190159099916864,2.178335425357292,1.416866046805342,2.8125350536272817,2.68402438280162,2.062284463755891,1.7330996934071226,2.1637198895423806,1.7254495915964476,1.6492374974317476,2.6817675556876486,1.9363866750582361,2.035420501752365,2.384516811759333,1.5602778345644517,1.6113289801530897,1.5335949050456068,1.99882958267898,3.1098303020316744,1.5216785732752238,2.185241290839699,3.4823489083773707,2.4180041327785364,1.5439000150210094,3.2216054534467062,3.1048505154774273,1.5314899482314237,3.2928768930004124,2.3036714712864588,4.230816979817429,1.581279232918994,1.8212722848508025,1.4554233286582812,1.9825419787985488,1.7465335705240421,2.6285150720273336,3.279571152694197,2.287024836521428,2.875733309823768,1.297497484836598,2.015534308753484,1.5503903024856087,1.7374665259271356,2.0121919137858746
2023-02-06,1.8758414948460538,2.5126045948187867,2.297668792417826,1.9674733366504218,2.9971880342190844,2.9389686023179706,2.120481331677829,1.5856479153283,2.7255068648983682,2.5773698937898164,1.9271958967996867,1.7213815106466868,2.139701396199938,1.8974041839993405,1.7257929636475664,2.4307791444333513,1.9418343925175154,1.897537872527816,2.303389543422198,1.4878793320525396,1.591000510889394,1.617163600009408,1.9819981821493808,3.0454696959705796,1.5260153471073363,2.1783955108926043,3.3948722484953007,2.433495246838003,1.1793173505456456,3.067482331202907,3.1549471010049697,1.5247702525920501,3.4983579005887617,2.271576383451414,2.3285941727613166,1.7911082231674127,1.7974282046552883,1.5423983898111093,2.565476419874158,1.5173016215806472,2.5322188425277945,3.0149588653841373,2.3763167830870393,2.9207898381917197,1.3813769195294134,1.9186941654048506,1.4985908425363235,1.7372391362913946,1.931890294165461
2023-02-13,2.043643764728029,2.579415036292663,2.175659709243717,1.9976009406793076,3.0386219483439154,2.905477264219989,2.0286752731675954,1.40185958504684,2.838488164042566,2.647071585851376,1.898198596869705,1.6843040247961385,2.197117693877906,1.6958032888263328,1.493502926572722,2.416201046581054,1.8771784957321722,1.9840012194012746,2.2705168530869164,1.6427634154802597,1.632383645006067,1.5021031284756425,1.9331602551520044,3.0130068971359556,1.4940752061663178,2.3395635926494145,3.0225799623993286,2.4769231851833404,1.453880779977783,3.4202928889287443,3.2716443370682096,1.4803870717481167,3.409379609541251,2.3361885461902006,2.116196739487359,1.504756915455143,1.8492398095613756,1.4827357112250499,2.007610118686438,1.5702668404386504,2.3290398540616795,2.959062040029945,2.244840597935218,2.9024651409085447,1.272058939346984,2.0101056271666264,1.5444684101769734,1.6617735320901028,2.0939439117525396
2023-02-20,1.8456163259793565,2.4708298070816177,2.1850624801719105,1.9100284838304846,3.061281401844397,2.848620764788735,2.1651860543118073,1.4448484715673526,2.627779153235085,2.366521309890863,1.9796046605980275,1.7183735884577782,2.295566392665121,1.7332332142495361,1.5086139532806202,2.255404690994074,1.5825382184119379,2.0971603665931537,2.353767951187063,1.5647611476212528,1.5895475981103133,1.5216066142602251,2.1188169454742756,2.843142305017661,1.5012143458945832,2.105740449020341,3.536815102793219,2.526437721840397,1.8818083817118314,3.3263290561519128,3.11417503634814,1.5433048032029015,3.172065940271782,2.346054309029755,2.232796531557324,1.5494467425418716,1.7987733082341608,1.4599387327496798,1.9294909438401666,1.617716055879407,2.5724373604218225,2.883954281368899,2.435625084270897,2.6417821701854525,1.2421982531417495,1.8938187264734974,1.4830623472643873,1.7725979128347968,2.166920526337723
2023-02-27,1.864034740708766,2.2459478661655816,2.173216041243805,1.9708879091927114,3.215805966375736,2.6480998790329187,2.056313414387944,1.3776762340462099,2.4840263402829947,2.4680346906867126,1.640656581468515,1.6833849978319133,2.2813132300622057,1.662809145810376,1.410766592748991,2.0107670643776183,1.559080177884955,1.802041024427754,2.205447250674653,1.6735295376135326,1.5957180779376956,1.4415383658106093,1.801674593259964,2.435963693982262,1.521990200760433,2.125285291238209,2.101434500239229,2.3770172470818993,1.8769090527884467,3.0110923436598482,3.088718659885878,1.5673567884923116,2.9777148054479596,2.5146103089696696,2.0015575524453078,1.6632814082157839,1.7415487037012238,1.1832028776869499,1.8170571367988686,1.4955007885472438,2.291917026226113,2.671138754033289,2.8188013063424644,2.611370288426751,1.2385770597294234,2.1045256237145935,1.4843570865177922,1.6871932234812066,1.97927981707399
2023-03-06,1.7264582690897767,1.9716330712096042,2.0635663917156104,1.8017788918473427,2.785144125797724,2.6760147914953922,1.8674048481983827,1.2550403925904428,2.203558614867333,2.236205103054604,1.7418973019368051,1.4958707516475223,2.1697937484284084,1.7371226474093597,1.3051487708124059,2.0177878090877486,1.4370664340888577,1.6425968541829816,2.025698518531374,1.5891524381209232,1.4889766985683224,1.5180764861494613,1.9832642105647813,2.625295357565058,1.421894511519064,1.7813485201217114,1.9467381767976977,2.4363073802470043,1.313760904479293,3.2010246830440896,3.149463211835271,1.4451157238946366,2.891563646248545,2.3236959284287444,2.2277062073273,1.5149418135702515,1.6355281774576764,1.393875500246243,1.9233094928584893,1.4076094210078893,2.28612732285577,2.662814598185638,2.252508916448328,2.6002555078736713,1.2734028750295554,1.7758274616589644,1.4620801634374332,1.8122076726082663,1.8641710222313015
2023-03-13,1.6261117491533148,2.002635763782717,1.8895889360998503,1.7461323356943494,2.810661307133689,2.6178350299366855,1.8693272479168592,1.1933679532746095,2.3048485047518836,2.2846557505694953,1.7104891617686557,1.5971359727719097,2.176896296925733,1.5714186078374741,1.42445653237833,2.028209159269462,1.4413612676953997,1.8254928518686706,2.2153858466094114,1.408548554827743,1.5052415231798641,1.378325175322673,1.863995161438531,2.311648339496518,1.4476950435302174,1.8131792311957386,2.168671567558258,2.5874709238985947,1.5399106979816146,3.1154503544251257,2.989618964256163,1.3818273518931035,2.8794249563979664,2.2270508252342243,2.1010654562786297,1.447197939405813,1.6922474871879396,1.268750938850569,1.6272703671551212,1.2463323213296063,2.048291603517355,2.6264076229828035,2.2663725393449656,2.481280918218192,1.095907206631211,1.7862900225133782,1.4150553893983444,1.563426436876216,1.9277800550870074
2023-03-20,1.5217277751956262,2.0113147730578183,1.8887471171983294,1.8319874573254455,2.7279688585360162,2.7202624199478516,1.9513603528137728,1.2613805482148894,2.426359630327788,2.188005880508755,1.7288138413180658,1.5712246263171579,2.1972966695637455,1.7472713047216293,1.457054324509206,2.0292940504811066,1.575453764483942,1.7113915215814481,2.125552994005627,1.5598024462143947,1.5738092597725295,1.4242798067100135,1.7773646970946804,2.393563776138614,1.3919248915143947,2.0612983308217854,1.821656072496861,2.6428082463467577,1.2315841050640508,3.1589689913795267,2.933984386623056,1.475722114849574,3.1718422041834695,2.384719901722419,2.058756734888777,1.5522164286470228,1.6386566024073907,1.2479561665561647,1.6249151152537684,1.3114392839325004,2.012967288979436,2.268257651271182,2.2601298645957364,2.5834590051914,1.1174099625660938,1.8779689538681157,1.4457654136989166,1.7311439729852323,1.8655591925656492
2023-03-27,1.8662242443978199,1.9649987327760732,1.7477895474174288,1.4976860025567542,2.7365029416053965,2.6391296479392237,1.8901006670803036,1.2640389316509604,2.4304123350732154,2.2835759657134744,1.5105648747760743,1.547412075877456,2.118437336503768,1.552512573445956,1.1719021762005395,2.152852513097738,1.523675467258362,1.83664333306943,2.196912654891499,1.5059571719606986,1.6085707477549245,1.40105082190225,1.8082236725019465,2.1646940129832535,1.460216313232905,1.8772504648888184,1.769031056056022,2.4981210928450075,1.0896569781241625,3.07034187588264,2.687615167630603,1.4118555513926694,3.280724061983115,2.212628149666485,2.201657036244705,1.59806918978772,1.6051257900731788,1.2819556054188759,1.644780478501814,1.302234031887655,2.103155623482428,2.1986863438692508,2.281387253752115,2.5124254591574458,1.1607377586882546,1.7825436595354534,1.5032484789496834,1.6824198051955355,1.5227912970734818
2023-04-03,1.80952823596011,1.7574863887379673,1.6376228266826467,1.6523626066849668,2.7514571791397344,2.2047565032208936,1.8211724677620778,1.315866698616017,2.17233309348058,2.3041357144589156,1.494301006337218,1.3202357255106616,1.8594208315514984,1.6020706406201635,1.3823599173674475,1.7509384563761077,1.499829389812671,1.7865219503963559,1.9883582923583276,1.463795724969926,1.467624436958108,1.5927299200849814,1.6079491898470997,2.0146709229219693,1.4303480399830657,1.8398994920823997,1.725111943472699,2.289132373160687,1.206662155142055,2.990940478464968,2.7610526775558766,1.3486388797659137,3.116403076351247,2.0945067030583515,2.0456503541652693,1.5691347635765984,1.5351432919014014,1.342652447427434,1.910687742585131,1.287862402312327,1.9625132089453472,2.280941474304931,2.2636315981385113,2.3151860528066637,1.1817365573372784,1.78614462130037,1.4756299458595032,1.7201780716109583,1.4377042151863662
2023-04-10,1.7981255785725152,1.6304106744646214,1.4658767754305575,1.490298083212957,2.5384347162764334,2.287321723754881,1.6588690363044116,1.1069194347697642,2.0903235092600023,2.1952549524783507,1.2853741185324923,1.3820439845519688,1.6928442627760552,1.3414723541329567,1.0883236856583691,1.64806330823132,1.3333311520390083,1.6352295124960516,1.7962724700728185,1.349264243830413,1.3809535551523564,1.3731602633258975,1.4890928702083028,2.073901671291488,1.2446413012028184,1.6907602970368214,1.7837906398617194,2.1077920430388497,1.5092633497711994,2.7206432828932865,2.564301477999388,1.179612880277947,2.7297941447592198,1.8453202871722694,1.9528907791951613,1.2492118798518228,1.393974853064906,1.1108686034595454,1.5056173776171553,1.255725132547131,1.8414758422076705,2.2960487466189723,2.0132319619792742,2.169628555381662,1.0311525316499788,1.6903451502307583,1.3508684453170072,1.4402206071313248,1.4206269723288414
2023-04-17,1.9267194955070837,1.6951989509742718,1.3611847158116555,1.5268998901952013,2.407333278411513,2.2221638484863817,1.66192234682293,1.072359805810071,1.9871214003606898,2.23458861107648,1.4290175547136519,1.3060278210165173,1.5453063964111822,1.262828762842195,1.1001941817245293,1.53927754567935,1.3324156176625945,1.5890955213321307,1.664078926367209,1.2807056000727437,1.2203196241647831,1.2324592870075124,1.272701805032452,1.869164108918512,1.2188518199528282,1.5155333641437148,1.5041752510662922,1.8808110611332156,1.1446481566311526,2.490491201942288,2.3610382492318576,1.150803201011736,2.375456475005996,1.8215531590436682,1.8084680605247367,1.3030243971447413,1.2747409541401362,1.0245058114564098,1.4453516590935345,1.1272973743840917,1.7925075211862416,2.209569850480311,1.9630514684137597,1.948381741994464,0.9619847015173725,1.4289496676744964,1.2325976930075422,1.2396107206207159,1.5242226404052783
2023-04-24,1.7427181598682586,1.598079762055714,1.4198856364666872,1.3811482370227903,2.2672093463860823,2.0419825882837124,1.355137944561822,0.9674920710242711,1.8077078046307076,2.078634004644164,1.2225352453630502,1.2466389439025996,1.4531647379188093,1.2661099924658146,0.9653928474870699,1.3770524110955156,1.1894097653816966,1.3227441866963525,1.5300986348299874,1.193445600822459,1.1832971171850641,1.1747534022897654,1.3118634875748243,2.001283233365815,1.2289497376099732,1.2787999779445265,1.7635504778143365,1.768783287748807,0.7226015527550227,2.124005152065805,2.2000770729122987,1.2431953223393224,2.200234906309789,1.5963050564165995,1.5672408618681275,1.291274478059861,1.1760754928314663,0.8363076053499943,1.3225126242144214,0.9902080728669536,1.6574411615086007,2.237363364709116,1.7878402731946936,1.8506500332836144,0.8711704180811557,1.5197600993407736,1.1941173949875319,1.1241042606595053,1.2651593981698488
2023-05-01,1.6000311412364514,1.6253711133692765,1.4374605356660308,1.4344837991038375,2.1379613466789182,2.0770286064589136,1.4125499524423144,0.9981155446325854,1.8947043191854,2.0659761087328814,1.1014961866878823,1.2985205926766605,1.3999104407761198,1.400348725120549,1.2100338242453315,1.5501739511227886,1.4529276135039555,1.3335476567478377,1.527324566914218,1.033189154578919,1.1682583731683516,1.3344061977237154,1.447470694740445,1.8095047555694435,1.1843678711691914,1.3476813681350788,1.7656903283798693,1.9139103060097347,0.7112128722765787,2.206368955593212,2.3929894671157474,1.116661004857911,2.5671236702167732,1.7084138798970048,1.4764987010463049,1.318657066066132,1.1704695909449607,1.18156951943865,1.6075671726931828,1.1101060537935425,1.867271056073009,2.147044504365754,1.8485234370245405,1.9741131305679858,1.0094095993934151,1.3908301093415647,1.1892942916751916,1.2541815050838458,1.17641413355839
2023-05-08,1.4579103489140262,1.7144883438335328,1.4307061523036289,1.5371272728169831,2.3341545075420447,2.0188467046855756,1.4874179180049687,1.001286840076689,1.8971422209547724,2.057591434693398,1.1101647197375137,1.1901175503155463,1.3738750457124573,1.2371373054272714,1.0742056625492793,1.5086448827247505,1.3511415585295268,1.3595806504593897,1.6252780574794619,1.0493527562942249,1.3163201282251835,1.2278792267827827,1.3067719472815624,1.7685135397063583,1.1423519419188846,1.3470538730619617,1.559057636923883,1.773807920621989,0.9794722559746794,2.2342394459822374,2.2781552904608224,1.0043014815593083,2.5103057620043496,1.6851727211880698,1.455934390543936,1.1565392605791174,1.2024528159693726,1.0463136405404019,1.350774116420444,1.0918073124219185,1.8776025005453965,2.38964415915997,1.7559323911960416,2.0117050374631686,0.9104595045096949,1.4075889158542836,1.1868232457063779,2.239532117145303,1.301320335342048
2023-05-15,1.377289098673964,1.5149043198062182,1.1914179887931946,1.3722338603032114,2.2979769442978895,1.9218061286555628,1.3602643780249362,0.9796555869899164,2.085600809091054,1.9309416784854232,0.9846512404747446,1.0802607725420312,1.2522194991200875,1.2141055205705649,0.9409316871360256,1.3443511356748847,1.159342863764521,1.443609677621184,1.6018181461908698,1.0979790731404246,1.2058117105193862,1.1750566078618991,1.2351859663739218,1.5805896994919695,1.0936829256186,1.2967282480133084,1.553258772882749,1.573092136515621,0.8737726894953084,2.231178275013742,2.11638698140682,1.0502611040764402,2.562393830558087,1.7056154457309791,1.3303968048778043,1.2137196866402902,1.1903722237155372,0.9182563609854048,1.3054071501495272,1.0654848195067321,1.6499150612791271,2.0869063550323825,1.6913167741052528,1.9573115804285872,0.9075978813862118,1.310481634083835,1.1991202205168743,2.207181958955807,1.586666033909359
2023-05-22,1.4347160418383131,1.4729710928019233,1.1049737117877938,1.3232777637067517,2.202810942861802,1.837334467143749,1.3318956553542867,0.942405588628453,1.86517471381553,1.9136323183417545,1.0134712880504264,1.0813590059271783,1.1524475519981883,1.1400577783152281,0.8357098960199703,1.134221104566166,1.2347089617103792,1.3026870061953155,1.6418656183784484,0.866945519855707,1.1448255618719614,1.1488436137547298,1.0011606280235452,1.6357145938651039,0.9671282809581285,1.2171016583811785,1.5312554822645388,1.657696719977365,0.9758346904716735,2.443313465856493,2.1095024637290347,1.0928873008432887,2.6531037218128946,1.6863757558048273,1.1442853711436682,1.0675381108480742,1.0650581146595384,0.9204661545035522,1.2635790938718845,0.8905091038916526,1.552264842914337,2.13116869411854,1.594126676111031,1.8076290123480048,0.8515545978336085,1.2248071820702888,1.0337316562358079,1.0666198494016406,0.9346832512325913
2023-05-29,1.4995605272045274,1.3715147317040406,1.2153912018665123,1.3264903195234146,2.2638296403534817,1.6023265205509887,1.2007536513237893,0.9463060049214708,1.823828603645825,1.785417416081867,0.9997042611712099,0.9114146008680037,1.3025158235758125,1.1111664656404825,0.8716981189864264,1.2372154214776592,1.1084912798254165,1.2877097859183801,1.5146638536763481,0.9235986818647193,1.0376122489769979,1.1244925244834438,1.13922539893957,1.9078102366152518,0.9794243114118287,1.1948964560529094,1.5870512276785878,1.609498062082635,0.5926067659780452,2.006737708582188,1.9927045980341078,0.9584647387510726,2.4580088856735163,1.540366574375427,1.056380013936027,0.8755933126257212,1.0681154022374861,0.8067997948861687,1.1403558708964887,0.874154859563799,1.4715275958049074,2.033510922852279,1.4223415912921173,1.7404776258540315,0.7980920001909078,1.3584486385822294,1.0607978867160908,0.9847171218563884,0.9734268441178013
2023-06-05,1.3065924525629615,1.4383963056420894,1.0999597310342837,1.2027772577555234,2.3594611308312254,1.5916932902313046,1.29614782787908,0.940525658729266,1.9429752113136767,1.9596254383172644,1.0203210121746378,0.9158882723808406,1.147268414929937,1.114268052367291,0.97965066689254,0.9455129337796315,1.2774477768267323,1.2525102270711357,1.5867901258967874,1.045825319199915,1.0669948047664732,1.3091420530161284,1.011673805664194,1.5317740654869643,1.005496925288361,1.219568961528762,0.7232252639315513,1.4680440364355332,0.5660475891118155,2.3328900902030796,1.9258480798453799,0.9164370126075936,2.3854805085457524,1.4433655170091542,0.9702423121022234,1.2887987448834468,0.9737015478594774,0.8260812836588005,1.4031787362667818,0.9794323448819892,1.4500837183021744,1.8104517167302874,1.3004809037666352,1.766368909687509,0.7778551616639042,1.2321789593304464,1.1019460127065688,1.0318072112213237,1.0513754804505284
2023-06-12,1.3642872795378471,1.1410023464680372,1.0118365533450988,1.091806638253848,2.0705933775008187,1.337540093831346,1.002681393076266,0.7885630777927983,1.40398869899185,1.614178840800693,0.8889420395363845,0.9565089132410964,0.9523447705437905,0.9577632828894402,0.7233054789962219,0.8742026549108324,0.859294865347024,1.1174316952513732,1.2915457009557625,0.9496236332343128,0.9684536447290519,1.030383516610962,0.8366212128963895,1.479472352834419,0.8375442873678016,1.049886585519074,1.2789459660634972,1.0572623711104296,0.5501720419330494,1.8330477694394534,1.6856530394344484,1.305162390933707,1.9837354047290652,1.2227425808448418,0.7350815467985458,1.035397939049757,0.9043248545684129,0.8986647254658481,1.0975967242177598,0.8053184158483342,1.1671206024485041,1.2678510850497786,1.1036629232859618,1.5762887295141492,0.704815132475605,1.3065024856736325,0.8944080293385928,0.8631931691292509,1.0378236259068847
2023-06-19,1.3639355062480383,1.1745227596229149,0.8345703003149081,0.9824019563840053,1.9704277364174692,1.2192257906888004,1.072598926223268,0.7396675355997916,1.3936339763383043,1.730780242129034,0.7348376495885417,0.7794426200844415,0.8840590409089827,0.8188099004746499,0.6764353865799426,0.8789096748513272,0.7918132228081878,1.0371565089100208,1.3215792512934117,0.8431485063293712,0.8990756514034206,0.9357013890593564,0.9305073727623675,1.3751208226204172,0.8027870954609024,0.9510806359868327,1.0962293337985924,1.1933265966683355,0.7878234012694982,1.8396858325820555,1.5843855854288196,1.3890116120054978,2.078679932335035,1.199200277670128,0.8066145293413574,0.9573684606425992,0.826864546086941,0.8075784915250962,1.0173180431487492,0.7624389006135743,1.0009934236785527,1.4132806846501866,1.141846175635619,1.396953437554048,0.6949163545298318,1.0845709035941633,0.8495119558756684,0.7533771708723096,0.8537549449537107
2023-06-26,1.1874022971863754,0.8944946673702635,0.7947435682540254,0.9178434583523878,1.8221659075721335,1.0612075426337024,0.9078259177707464,0.6588860308459319,1.2782333763594724,1.4476492213311485,0.6634078834622475,0.8033872509911117,0.7933401880960453,0.7709264109257588,0.6590036729275179,0.6818233846348958,0.8228764581789383,1.0093759780199374,1.1028569247571782,0.8149843514844514,0.7939722892972866,0.8854135792002764,0.7339338723949371,1.3119774578186145,0.7533643388952628,0.8794693298718825,1.0655646425365521,1.0571381684674743,0.51857865330765,1.5191082938869036,1.459878733423987,1.2012096434226314,1.768565996648941,1.1027390812318025,0.6208532763607967,0.8905852545301483,0.7579658774784819,0.6078213621263928,0.9274452927185093,0.7416648108103058,0.945700747215737,1.1928371040547618,0.9543265536215684,1.2790735100703343,0.6884416736657808,1.1707336032240372,0.8231700164112656,0.720138837918955,0.8031589589037644
2023-07-03,1.1658456132779182,0.8973048652355982,0.7716797030212497,0.8377853950227646,1.7083639199749774,0.9493131065739702,0.868465384042158,0.6315604276722206,1.1268939474156434,1.461923384801516,0.56979112089799,0.6853554856260253,0.712665541692532,0.7498193936997942,0.6934990872590718,0.7521955219406242,0.8092495687134404,0.7732375833919068,1.0139795515354684,0.745642436893856,0.6902526913225584,0.8506177040515753,0.6865875366416575,1.0798567094288027,0.6120403806189059,0.7188067180587612,0.49989823106270725,0.8436929405993199,0.2933679454174281,1.4732740926690826,1.2440351128495422,1.0876850729565564,1.72993870573826,1.0040590896990378,0.5528269913022181,0.8106182492842151,0.6861696823919781,0.6770838448037757,1.0949782026107924,0.5262096452427555,0.8842720159612614,1.3078105275397691,0.855647971429874,1.0803553717224552,0.5875339622445742,0.8948024710881805,0.7424280094231939,0.6396527447035657,0.8265227286124497
2023-07-10,1.118962537558537,0.9602592208698293,0.792312251591617,0.7848610733320236,1.723265309332771,0.9818793625853531,0.8111662063516332,0.6301818823282737,1.1642732962729088,1.495669366375343,0.6016279268295891,0.7420768212881947,0.7598726441663974,0.7177627323263386,0.5827189473722091,0.6671842889922033,0.7004667396821225,0.8207988519926704,0.9517855594098089,0.7335129416761472,0.6326013108169237,0.8473297382679984,0.7347475110814896,1.1639943153947423,0.6943064335980014,0.819994057880155,1.0441933908104288,0.9212585214888677,0.5209868974372951,1.4192288691827637,1.3110568724870961,1.0351225371733364,1.6490795744092555,1.01568121205952,0.5941774953157154,0.8285512228691585,0.6841852954518259,0.6589013386583011,0.8343416756149367,0.7453484666126684,0.8674418869855154,1.2128875891358553,0.8347790779684214,1.1450839522928817,0.6152862124818533,0.9349899502067284,0.6984072888725185,0.6175525537311235,0.8757058502739629
2023-07-17,0.960306705579397,0.967514543104611,0.7027907166612111,0.7517580635222598,1.3864697884504567,0.8701138233885988,0.7310206364419705,0.5537750622585242,1.18410939323602,1.3508963458750394,0.630455371084649,0.6711826054567425,0.6437047277376291,0.6716974125990423,0.5214314205692301,0.6660553037911867,0.7913202012429188,0.7875201962983873,1.0293503277425222,0.6023928489200864,0.6057366195591218,0.7661393947106312,0.6536441773694068,1.1843916191540949,0.6555497325731112,0.6916629857625056,0.8652928427176114,1.0419073110001602,0.4198079284075347,1.2991833626168294,1.2134735899515945,0.6129100770235647,1.4722102818242921,0.9378261112400179,0.605576869179399,0.6813361861800158,0.6313787055794973,0.49150027616431136,0.7625581270139352,0.4963550161205208,0.8051640389694104,1.224883125212453,0.7892454401170215,1.0345755392737443,0.5838625277713286,0.7771295042176658,0.6296730883260362,0.5850479835696419,0.698671192869418
2023-07-24,1.0482713095394922,0.906676599734342,0.6833416877301883,0.7047399098124574,1.4108310151978496,0.8347810813029919,0.8162088821499329,0.5932286612547628,1.1841945237029101,1.4808715040309914,0.6663242157519543,0.6015775038818245,0.7061832917092475,0.6853122267456475,0.5341383686064598,0.6742938674345202,0.739091746359968,0.7668586150288972,0.8616026684544544,0.6483591040706955,0.6046910820606028,0.7668786233035051,0.6326589518141242,1.1851056338832358,0.5419612478777687,0.7442652123781466,1.0866788353578924,0.9438596090776759,0.3918392616474863,1.494179481033084,1.256291597620636,0.5745906899176108,1.6509118449560964,1.0272497991060523,0.5847686074206877,0.6158372724434047,0.6389132462047751,0.599591108064698,0.7507890195118896,0.5671326704619359,0.940882257353717,1.092348002439447,0.7617568548231302,1.0801719017661888,0.6123915317894936,0.8460170857909721,0.6416765226129504,0.5882343759588122,0.7383171874720371
2023-07-31,1.0520863738122632,1.077871868199997,0.715535827177312,0.795531069247619,1.4066568162178437,0.8476414314585434,0.836391936994159,0.6505326649373947,1.3495804269702976,1.4988478689620972,0.7311323187648741,0.6574120384219962,0.745751936817888,0.6731072781601484,0.5948839967625804,0.7958105892669864,0.8033505194975121,0.8224929755777918,0.9502867019299648,0.7032442660328245,0.6110367861547576,0.7658710066797815,0.7408929318031674,1.3281469962776797,0.6174956959512256,0.7945922178825036,1.0325819607765958,1.011519172735095,0.40915709232309994,1.5612792627383174,1.2602712124659998,0.7067795596345618,1.659734500512458,0.9735011702781171,0.65398468050889,0.6933414141821483,0.677434030048456,0.7027758036588648,0.7854617310403265,0.5327222508081672,0.8793044194670281,1.2314073013682567,0.864084640416525,1.0988707450098558,0.5624036173967828,0.798042105862814,0.6709727895317903,0.6115830637903203,0.9154604379478415
2023-08-07,0.9763684292213439,1.0908365041418986,0.7167570479193566,0.8174960973518673,1.433171776537184,0.8576514399677728,0.8731100523662305,0.6860277648525152,1.3187495685752286,1.6163275508435189,0.8273064221940643,0.641800165132336,0.8788367082262905,0.8384406558250419,0.7002906808193317,0.7334745136820248,0.9194333374491355,0.8124258790734118,0.962200195678518,0.6884753309913465,0.6210525284492288,0.8117863882304955,0.7046517661569007,1.6022334168846935,0.5535869166165884,0.8219704334495417,0.9536350346681224,0.9097428612167717,0.48604234838989147,1.5076777027546444,1.2344745415859517,0.7759612191972765,1.712540518736894,0.9959913476582405,0.6322239725475863,0.6947404396985664,0.7011811800124855,0.5390900960620484,1.1111704284861892,0.5412590388053762,0.8955275537519616,1.3944944594046282,0.8474635593475643,1.1436517803560344,0.5750724857586272,0.9403648721319249,0.7667732913261667,0.7160671035037557,0.7799157369148093
2023-08-14,1.1931396752377559,1.40818353613181,0.9040845930803987,0.9246620189592829,1.545050079735266,1.0711188966290903,0.9889831934467823,0.7238937042824963,1.9345390528946687,1.6239330982671456,0.8568774834274637,0.8058228048569354,0.8534479824847336,0.827221359947283,0.7671546591932359,0.8360363974569818,0.950545503942164,0.9311587074234067,1.0817051857346993,0.818108530915089,0.67683489758757,0.8121167735369494,0.8070573253977764,1.9338630914427837,0.6635699674479194,0.8911507829196825,1.0489055987680815,0.9368788951262754,0.7542217962442312,1.5446513194688944,1.5370282493132208,0.7229203300024393,1.7727009536852398,1.0251789672701261,0.8851377412943422,0.8020900218182814,0.6955139806079988,0.6580357272866939,0.7969767690651063,0.6046762292081317,1.203915275193108,1.4254295381365456,0.8635026397149721,1.23854389687926,0.6238414217316801,0.9173522562502605,0.7570214476228356,0.686668730515633,0.8893594606603119
2023-08-21,1.2986335875096544,1.7388302777645999,1.0343343987488745,1.0920430768970673,1.5936961913468544,1.1473264716809424,1.0334621794411059,0.796550847933131,2.5936004000147452,1.758312977623643,0.9084062795929224,0.7710257257267072,0.9766182356071202,1.0029359859392373,0.6362191882431025,1.059597546469063,1.0636915310883834,0.9033126459904199,1.1764097801108127,0.7623212643773736,0.6904826786102363,0.8460956478726105,0.900393701662163,2.387506769833671,0.655122809686735,1.0977481679162746,1.3051051931060298,1.1678659924801547,0.44625092071922223,1.5330693376521278,1.8031453609622456,0.765535697487141,1.898616321281722,1.1434919844280782,0.7878560850543577,0.8330189943725435,0.8413516953044675,0.7399263821062292,1.057194598262483,0.6576706024888328,1.6191453507931706,1.7789118090439464,0.950515528628177,1.4030586733107597,0.7108293717920864,0.9963353381302226,0.7561610139296617,0.6971410914529357,0.8988087317333814
2023-08-28,1.4296863390314958,2.387339338990199,1.282011030700192,1.1772824930549683,1.8066598689712943,1.5336489243332263,1.0944372961728874,0.8419522774599786,2.5953593333001734,2.0940472765181113,1.0085958542577087,0.940415999655788,1.2389156474089869,1.1975421888276583,0.7749961531369354,1.4565553303757588,1.6047673754105576,1.1041446125779735,1.2998913074687963,0.9284047002240542,0.8436738504116957,0.9190023393688107,0.9252071737507328,2.4769100426830364,0.8110716311906486,1.2915572974032496,1.237896714788997,1.402163939879279,0.562055611612834,1.923254948656138,2.0821555713872493,0.8288766379078161,1.8834340479095921,1.4320451309653928,0.9287143685502548,0.9557775238637858,0.8936157709717807,0.7554451727152601,1.2722560701704897,0.7953770035942964,1.7645424612449703,2.1642227809085224,1.149163654310641,1.6510500172558817,0.7415208837567691,1.1465289936008245,0.9018804710654958,0.8640364725097252,1.261575599810111
2023-09-04,1.4224687370797195,2.2157496052423604,1.7406895894460535,1.078832353515352,2.0196956492997344,1.680610600033733,1.2414382441382907,0.9632263872286182,2.454408197737867,2.1559993798494568,1.0623016858862548,1.065244584316756,1.4357189941332897,1.3610260693608738,1.0882400200639153,1.6826498162287105,1.9267768609492912,1.0937686845687575,1.4474521220407968,0.9058010149976923,0.9849197252864976,1.0522669647888316,1.3359832165463243,2.5962682397620225,0.9570071733450229,1.3730262981039656,1.3410883325809637,1.6244492958814267,0.8233875335511043,1.7209267562695496,2.171895307040554,0.9017002705801132,2.097793542853115,1.5625789766643332,1.3477778926652646,1.0557682976987537,1.014149984734913,0.9447445955841389,1.9413663814626223,0.8030829986585488,1.8486444572972203,3.0101450183332896,1.2665701952210044,1.908940270071073,0.8442695055121263,1.4145879326510982,0.9847427178125873,1.4203554812133983,1.4507145294594928
2023-09-11,1.7387064469845952,2.146350661523349,1.8120911041782688,1.1475271075116562,2.1717129291235233,1.858443388532928,1.4879576170955016,1.013845515828423,2.3371129803798825,2.4284260592095874,1.3162968549699823,1.197636906027264,1.447410489843763,1.3402773400022028,1.0191054157577417,1.6667276590079945,1.4930904778950167,1.3101344372414805,1.682161959066024,1.0081541176564062,1.1467194822860698,1.0487503230293902,1.5500161390366691,2.2107971918826017,0.9713186860519856,1.6725043193393296,1.6819381813033785,1.8938144488311661,1.0216343469802733,2.3173471426325083,2.3468705568895434,1.1268694319294945,2.100104099663686,1.8238233950168303,1.4045358076508085,1.1447906030376944,1.2139082922097162,0.8382390988962778,1.4149600372776927,0.9564059780080401,1.7114971631423561,2.954932244513648,1.399489334347686,2.056668667585062,0.9391478994765479,1.6683964513594827,1.0696620872342018,1.3922361095373947,1.9165388180489662
2023-09-18,2.1603891209085315,2.0771392173232606,1.7546874833053274,1.1436951585838928,2.044274046115654,1.6865034404468782,1.5140199316226794,1.0363376355559861,2.5602975087109443,2.276189988561809,1.0971870801010404,1.1763786564858882,1.5094588177297978,1.2341782236473509,0.9024063774149733,1.5473019752190407,1.5091404280198684,1.329295940668686,1.6359286576079697,1.130595734116754,1.230399422788861,1.0748870921240907,1.4112991919272602,2.2336002855653185,0.9633825395719724,1.682148586168783,1.942594080146952,1.6920347112672416,0.9018151918914239,2.270248443982502,2.19238088231163,1.1079268432927925,2.4727146643895357,1.8005896145809372,1.4984880587773808,1.1653256576095057,1.258361502105671,0.904943853571366,1.5131354712938103,0.9631345712855157,1.8597688623806405,2.443270144239399,1.3910343293435785,2.093001311559315,0.8109807063092946,1.5449757098569252,1.1972496203429042,1.3008202357810756,2.176392674653821
2023-09-25,2.3722970855500147,2.110192567949392,1.7665163612875396,1.2465822599243728,2.224765578367851,1.9209829338228666,1.858643818395872,1.2035845131127187,2.7787999322059482,2.371302445385677,1.3742919998761003,1.362835008294753,1.6815810230298787,1.5340314456491546,1.0245006747244012,1.7106964071585442,1.6261413217573042,1.552906200074193,1.9204120833992608,1.280796669760698,1.3469431492647455,1.2173144432634737,1.504031763253506,2.563335857983805,1.067155908414199,1.8456265511009193,2.0039989933102857,1.6636484023419587,1.2410831102966522,2.6761375661335722,2.4477049756127847,1.1157699344843688,3.3264001198930826,1.9948798791376612,1.5336770811117633,1.2579030598405754,1.4677408022280187,1.369856345576719,1.5404319687148647,1.2875316934174985,1.9001778306108033,2.085474039052468,1.4451900623514282,2.239875078972764,1.0350057387969294,1.7261535268180914,1.3847352762802008,1.4687330052728473,4.2786922406652685
2023-10-02,2.4005363959723884,2.0995755522088815,1.6982260361984087,1.139465591709837,2.2004272340345037,2.045759186026398,1.723478245140654,1.189149365497822,2.8660458504308073,2.3990263902507394,1.2310117340445932,1.2122708718874804,1.5543514021957727,1.5557651898197196,1.2660286585984313,1.761442878772078,1.731392582908836,1.5335177984588202,1.8328189311501073,1.3030221267966233,1.3550720960500793,1.2910591726125271,1.398286436326429,2.2644358390602104,1.2072340361500786,1.6094576718417144,1.7365813995032648,1.7921422597754741,1.0768987626844129,2.9298994769990805,2.4820098151253958,1.180671117499539,2.917521363731552,1.8768271711606768,1.7288733764801472,1.4017447544783947,1.3395126943792657,1.29739518432472,2.0436375779061753,1.1689881133543458,2.0432317328827767,2.407588019310189,1.438890745278025,2.207038340907707,1.2120251758844027,1.7317804780158088,1.4215681601896486,1.5565298138425714,2.609255189847775
2023-10-09,2.6464364575964003,2.2438940667068956,1.7511230515107825,1.9155818862265206,2.5044910325318996,2.0369625188472034,1.863724799924698,1.1662616256555156,2.686959022279189,2.3167579983540985,1.2913777718159034,1.3614120188844447,1.6565560172000917,1.567150916771834,1.1136497893023252,1.6024042031880918,2.0605048885343837,1.610429668160116,2.283957336962656,1.2477574650313366,1.3680497849142172,1.186616897730274,1.603409942025892,2.629802882080251,1.0728631742997896,1.753107569702299,1.760752209099378,1.9429762876438623,0.9469307222050658,2.595077234388691,2.584459686488827,1.8512822206113237,2.918250262979417,1.8758713664383735,1.3713585192193496,1.3041034057265561,1.4282940609641677,1.2072757842988484,1.6187277948461847,1.2525709767876805,2.155070617455695,2.93537955676379,1.524860784868018,2.3593835159065715,1.0545731625772403,1.4694539741340258,1.3514689666124022,1.484021404884198,2.4363423553379344
2023-10-16,3.19527101691012,2.3261848280718858,1.964958668838399,1.9140462159504068,2.356419602010151,2.3205395128956727,1.7474007671187606,1.1969904637449715,3.106890938218448,2.424346133579731,1.6240483349320347,1.3801339649524818,1.7678492503291574,1.613694780635275,1.1584200628052328,1.701780477554307,1.936028063632543,1.5971140036794496,2.2041081542002545,1.4439852588905335,1.4236212317344854,1.2717644788849651,1.678052746796447,2.676619937025145,1.116391521018708,1.906667648297847,2.363385225763875,2.088882423115448,1.0325519739558477,3.1326797821192915,2.6481038640193417,2.0186028199470147,2.9806989617252047,2.1090220182800525,1.4087274125259128,1.3773604502121084,1.4285401925123289,1.2153968442707552,1.6861225991616837,1.1695819745459555,2.1319258829647065,2.9033408221399033,1.5099812750151314,2.4863383100354106,1.1113832960370922,1.650895121815708,1.4147974266330752,1.4188783091395765,2.6056861228966532
2023-10-23,3.1581257507216476,2.653984390425356,2.282527413900611,1.9724473216210912,2.9080278862016344,2.5525863297330424,1.9212663581769969,1.2729118791354401,3.0491410764894447,2.6059719493849447,1.6054784010524645,1.4428630936736488,1.7642528082931332,1.6949565441087207,1.2708910831087774,1.8452554113399111,2.3587978799823435,1.8445567903997042,2.397343068696247,1.3556093513362335,1.5890449282386614,1.3467460532935505,1.6165513320984246,2.8850441214905063,1.2062622488751042,1.974478541056327,2.5153592434353937,2.20288908703272,1.1785364123092796,3.01052253108751,2.923350332733291,2.081316013542565,3.3494784790390857,2.228876017919431,1.7002780396258332,1.3616821040308325,1.6677490812402382,1.2972579553277832,1.8184155339854784,1.3041577991670512,2.1813075544805205,3.3243355001337394,1.6649614525234437,2.680329388290561,1.2556311153503792,1.6765852347602292,1.4798357364071855,1.414894335494794,3.2949365708848237
2023-10-30,3.255449783344688,2.898680627966614,2.247913817414338,2.1516321643540333,2.9211644125573324,2.4565560233372024,2.108309582808596,1.3068331488183422,3.3792541268397964,2.7439773519842423,1.6333992640500008,1.4640166184881143,2.1177486506017913,1.7605670166879799,1.3291801147086153,2.0339251141472827,2.5673526266961852,1.7968117684731744,2.614784550026066,1.5020735467894846,1.6708225105468968,1.3768984553355565,1.9749778344747977,3.391864026892753,1.2252808408418008,2.2073851751633815,2.8542968748379396,2.362838858539367,1.2439511779416956,3.1533379344507857,3.034399900908445,2.2305959858401456,3.308358351941363,2.3093361869007265,1.866383587560192,1.5060356687279939,1.6702968222152108,1.4060331420567107,1.968240572940286,1.5520476947784485,2.36400830147802,3.517305624852072,1.6809253096753214,2.8595796502262747,1.2656958149644317,1.6640440202787183,1.529524598303893,1.5815345330420405,3.3526733650084974
2023-11-06,3.9834369360522475,3.2906953368653085,2.5457339274262982,2.3505784718194915,3.4135757979762964,3.042977788595242,2.3070986657788186,1.5412033962733473,3.636146286123532,2.925942116051412,1.8266532771661232,1.7446110909988755,2.2738041700361773,2.001667908861898,1.7537182145782646,2.2666909149277594,3.5942488678843896,2.1718217185548427,2.754647886266338,1.5918593331918762,1.7474695331270396,1.6588688535578808,1.8559952868291996,3.6890678327697684,1.3954678924311266,2.3454286465216576,2.9035486990834007,2.577690440334187,1.3750263624067462,3.268697660448943,3.607471201299842,2.366780993996983,3.486749936206976,2.3239568789799274,2.2161551411344305,1.7509043734492322,1.9141448887369166,1.7017329836255208,3.3018545188127284,1.5119322150570413,2.7509508471503685,3.807434011662907,1.9916040087881293,2.9878577418394565,1.5545720559714233,1.9309804427419242,1.8156479623366102,1.9840784432196301,3.5767869349964405
2023-11-13,4.020908075591409,4.355724576807225,3.0211264190906815,2.7102077567455294,3.7251787910153764,3.505354960987157,2.662153855229241,1.594265800696548,4.495893488304137,3.2975585700538543,2.050929363842529,1.8182113427203523,2.6521237526278023,2.201560490917587,1.670858843041767,2.6874603114176043,4.562831718467223,2.3478695653692463,3.1569794108171507,1.7707123084390206,1.9982070164942671,1.6627852614097618,2.2454197126757514,4.3672221376166025,1.5688179400657174,2.976561822243819,3.5778119439244467,2.9085922645377082,1.5623064069094632,4.160811029600024,3.699636497136636,2.7222880940532344,3.903873479324334,2.644095091818738,2.3121949459715214,1.6980510256659098,2.0695216796691107,1.757723262131938,2.8934963890524226,1.6289236309554451,3.6010726506209396,4.627017969223364,2.464548276488342,3.259307269598172,1.6138381031159112,2.191799827835422,1.7991440327156658,1.8366464533779925,3.442365942273775
2023-11-20,3.4469815525357435,4.335723724584586,3.214518585621305,2.9081688254980556,4.047358023092341,4.154922378186962,2.902934437345113,1.6952356986964872,4.286808534911005,3.1372891914517536,2.620883993305209,2.0393688443402853,2.9167189308181563,2.4240025826921694,1.8252266622632276,2.8258332706674096,4.723257611190606,2.5611744322820895,3.333647173328237,2.0529761364976187,2.177945568082686,1.742020361398071,2.256432060970317,4.799264913471703,1.6499066391759385,3.010839350719688,3.7290418282489854,2.935207747806623,1.7467636937176811,3.7175326353564517,3.7387842903376765,3.1378768226771454,4.362695582980383,2.89978009483921,2.124520901448939,1.949574119751287,2.2770270226356875,1.7135267012588828,3.211168641200337,1.7031392133121055,3.5566515829778607,5.054743946006139,2.7234925077163865,3.50415062913077,1.6543106247463966,2.4101880575622845,1.9988240661168248,1.977662406298153,3.9507069466785487
2023-11-27,3.3850367573269367,4.256446330111262,3.337008017874399,2.967599037481734,4.537332960529769,4.4264300994915375,3.175636834332754,1.808328673288093,4.4816575409509944,3.390080688350448,2.877131066588389,2.2980689936376097,3.122330752822612,2.5508658104000737,2.030909804136714,3.146342466750683,5.249685681784509,3.0129064790456805,3.480996027873248,2.4103110114506094,2.4530118533871588,1.909876472681265,2.545001511411041,4.7562918271147225,1.845824318044472,3.4103424006467513,3.8436172079528994,3.33562406576028,1.8707023297355108,4.155942435960807,4.166443040542791,3.251622155439863,4.275615886153347,3.3797726601497455,2.6260502805923926,1.992635566437079,2.4685271883204654,1.8392141628071288,3.6306138841344966,2.0252916938985037,3.725853368967287,5.166837374746983,3.088329698407841,3.637432235377876,1.8077785210637356,2.8298848763270334,2.211125427962622,2.1370338921301473,4.52797552122843
2023-12-04,3.2105387216614956,4.424957833306436,3.4033606431935994,3.261309157830795,4.681201295989137,4.319446103459402,3.322306049397203,2.0065947752192406,4.433019875987208,3.256460828596369,2.737896577730782,2.4794747323769983,3.178187742259596,3.198642728092602,2.626964531762232,3.2867801432469417,5.991111378073849,3.0848688241966897,3.557145363849862,2.4537178675211653,2.59415677394231,2.2382758039615025,2.7633090092506745,4.402242305235617,2.1342744791915473,3.921400905897966,4.134041693834233,3.323828831504908,2.1334334342219377,4.682601647587031,4.627274914420081,3.3494582812425855,5.129651328403767,3.6177088210496184,3.0289558467417947,2.3352207774711156,2.7216144384605316,2.5381035092554027,6.708382453243416,1.9420639181396047,4.577963055684945,4.821831164646692,2.98533855469645,3.7687336998354573,2.161575179095011,2.8451252497897475,2.5715926023111186,2.7938149854655627,4.239285270777014
2023-12-11,3.360996021842428,5.563691523451412,3.624929463463506,3.619407735406335,4.978926176478945,5.155146913658185,3.1896236536052425,2.0565673772282484,5.1054979028341485,3.471685067246768,2.8728589068269654,2.862214720301001,3.3799163995760764,3.076604238253524,2.4168778818275998,3.5122082638400736,6.20145852738133,3.4834849492048727,3.956524729179332,2.4942919765035287,2.889738561079748,2.1205841646984207,2.94381776970344,5.432794723587753,2.055231948777704,4.463239239198854,4.140032604452372,3.6338313315258444,2.758647777459495,5.106777503156479,5.4008292511123495,3.965806692804375,5.392750420504982,3.8119964291064634,3.1461655249774862,2.3662451623983984,2.8655684053651065,2.3787860034526584,4.550471897776739,2.3386652854177834,4.998380516416553,5.2828616427813575,3.396646885253558,4.303242878348109,2.1102073683977958,3.25306627430576,2.534485098209747,2.4271640559345613,4.992247685886714
2023-12-18,3.4357890923182977,7.141452715650153,4.218298640180529,4.502581088728032,5.653151531978183,6.142036433543781,3.9534416947058975,2.4804568152706055,6.680872721622772,3.8999131540634444,3.523414543017222,3.43893251667564,3.767665952722501,3.5291797311469564,2.8387193877813175,4.3599131191516385,7.999162911112022,4.402671811613171,4.356446285394169,3.0665238007024493,3.7108292351189527,2.4779116462879887,3.5177597034744554,6.347418649814489,2.528811128137881,5.770508233186105,5.034376250116768,4.333565563537782,3.4245505722385774,6.108007790619906,6.694378906459777,4.737414331643449,-1.439312338511847,4.502872402465016,3.5827477309232583,2.6979517523685104,3.699987994011745,3.0714283429386846,5.918314672672559,2.614938567224476,6.352068976893037,6.125848556711968,3.883899858297906,5.260392494502799,2.3240724736223,3.9712497281910593,2.975435132559889,2.7968410139234776,5.832106341249302
2023-12-25,3.8410637465513107,7.981449126316473,5.069232392416222,5.586522684157043,6.732979474080114,7.058265453161834,4.623932743424469,3.063907184309984,8.6223679944014,4.34041383356273,3.9861811766856117,4.833854951809336,4.563726004433207,4.081371444936668,3.2594938841296903,5.238795008674964,9.582872172126407,5.5302580666687655,5.684976674069209,4.151694971507478,4.6210462721558105,2.9250827702534306,3.9400693764451242,7.871413717312294,3.2676705789179605,7.192818740990761,6.731032537272272,5.039083077293883,4.50990085984129,7.315961639206348,8.499704877137374,5.503285621230841,3.0571033537923507,5.657653050813527,3.622625896231972,3.267415089240947,4.249810236539845,3.8252386375643974,7.506766878853314,3.5089574951773987,10.010049342426823,7.180477289458365,4.486885825816245,6.46921246849778,2.823255686439142,4.724128094369821,3.625118946730949,3.379543264799991,7.150342844453752
2024-01-01,4.369918179559443,8.180942176278855,5.853885075943561,5.889387155782556,7.105098782203735,7.5553859930902085,5.718405394776048,3.678789476928354,8.653999802157625,5.1442525222590145,4.240479073322557,5.923198288836197,5.029793665861891,5.08822353997013,4.545578815661674,5.927180753204033,9.17782932933175,6.676214948624803,6.40458340539181,4.702738928178657,5.448978669135181,3.7305743889393783,4.312612468653104,7.617490160813344,4.824930618702148,7.495953861207798,6.95772337525563,5.841501810079041,5.049863146429014,7.811502078840695,9.40734675600627,5.760931151241435,2.2929438656224543,6.782111691890134,4.141309401568435,3.8836252551589743,5.082134057656548,4.5415756955611,10.339598188166747,4.235179509451246,10.001317343474863,6.720704226631842,5.352164753638285,7.133028149577761,3.607797033291807,5.08390218193151,4.356192309113909,4.646476511446743,7.938197806246353
2024-01-08,3.8048728996317736,6.119356725335943,4.905237315861848,5.054530691865919,5.866998152539869,5.702514093360332,4.177735076627531,3.099239903363911,5.8117585045037865,4.235378221789272,3.8713913870015357,4.799387628110811,4.003242067568046,3.7249426081043384,3.130918025209864,4.651913982993228,6.514180730484107,4.6609154191233335,4.658777597512346,3.816279454367058,4.380527203270006,2.718849178144884,3.6871276713239425,5.984152229498845,3.683335726806311,4.933525103587549,6.271082716586248,4.986935004230936,3.7510407592884714,6.053606133163379,7.8784012260824205,4.658023475696826,1.9178578704070628,4.962892142122467,4.290368322931107,2.9947278034272617,3.8245205782174727,3.3642620130358436,6.335362719933687,3.380005424255897,7.529927499805996,6.36087869167478,4.131467888680714,5.254429501928336,2.739392615229089,4.191908549877197,3.5170622685512534,3.368134535114425,7.387730941595023
2024-01-15,3.3048793239206713,4.869458684832526,4.1709394661321575,4.075377314452663,4.570517877106393,4.678656214386862,3.5817455323823806,2.469382087545154,5.895015291014108,3.768126102275983,3.280115039283662,3.8890565393917678,3.1008649562253137,3.085846506347477,2.5036314886552695,4.175625264308795,5.0849107767640875,4.078070768473823,4.042114594205996,3.1557328209369944,3.4208623786597174,2.3970914309637177,3.2516632458928214,4.945120252029983,2.969359951389011,3.794302081208868,5.569473871132454,4.26919337626337,3.386900218539391,5.180274455347849,6.001376193557193,3.7279458888945864,1.6104883963814332,4.092119584479134,3.223598613380232,2.505566377763232,3.18769521507082,2.768690521385997,5.05813122569247,2.5239595347498254,6.854915519369848,4.921849945877343,3.395734299168253,4.468375091375255,2.4016354391847545,3.06404800098026,3.0971096892853662,2.8923162206629125,6.5426760890883795
2024-01-22,3.224775634440782,4.588512010644498,4.480391073944036,3.889997075898659,4.459849976198983,4.4698946170823,3.4401076961273604,2.1814458682296367,5.069420871186146,3.6399049157772945,2.7876818160891763,3.3213075438137727,2.8849044818394765,2.9390272331295506,2.2422181215797723,3.877297386207355,4.439510318852909,3.638844507485678,3.5720972529679633,3.1887328470540357,3.1779671722197036,2.2585855668658588,2.8121207276651967,4.5007337908194724,2.762591094350639,3.6945527955704125,5.228980939751846,3.731118308307524,3.2574012210860657,4.576445076116325,5.4695990060494,3.564044351061632,1.4659421303703752,4.166056915023995,2.8974380355673097,2.221786382588043,2.798138210538906,2.554636498128539,4.1529872040174,1.9569550922985077,5.742273020241856,5.430603488453062,3.233207637083841,4.198678379716521,2.115519607109393,3.1020711565689423,2.5879622289157154,2.9108955258781357,5.300350224246351
2024-01-29,3.0135749053616006,4.2065987326040295,4.501445700418314,3.7272235630918416,3.9593814395821005,4.572357147668921,3.3549092487935677,2.126721112828204,5.723273124610419,3.3850511091676134,3.058491893190165,3.069931437906991,2.7244958014635916,3.0746835749036916,2.4452460730803027,3.742820290803752,4.3792603016309535,3.7011310499083083,3.338671950133584,3.009915647425344,3.489981949592183,2.3872118432235787,2.749502254585443,4.4988829572588225,2.5580328626500553,3.8871188383827353,5.0036109224769145,3.845710759179643,2.97407946082632,4.553134977435883,5.816234860060197,3.448776285511304,1.4625703986306289,4.35164839556821,3.8140864133896857,2.174940614906607,2.79636918880571,2.754276304619493,4.074703108269581,2.4527952258288597,4.235385181719043,5.986601170604864,3.0379939199097,4.218197069312571,2.0610305869884344,2.923848653019039,2.5339420188735367,2.770179151161889,6.3563781133268105
2024-02-05,3.7670427629741603,4.230159914558383,5.001830451938291,3.629060621167187,4.150739639987156,4.587140719648227,3.456994684774639,2.3891252848398215,5.086240178728673,3.6196323432755775,3.635074677069343,3.517827612582607,3.0950956966345133,3.842405790527849,3.565100932271827,3.8649736462864364,4.587842372940232,4.262970984486644,3.5326669979536454,3.2407016750872266,3.9096992603442424,3.1766754076002877,3.1989617476706433,4.445687022814036,2.9976212912127993,3.514918515706366,5.416059908102599,4.608711635411368,3.2878570843991293,5.285710039597078,6.014407084774769,3.2953866692314806,1.5415163886350662,4.743636423972065,4.857776848431018,3.1611942035317346,2.945859148152161,3.7382296044313263,4.8973225360543555,2.5005473976497363,4.13771446549338,6.742398837682876,3.0719519141110734,4.171163736349696,2.720309987969905,2.904588818688694,3.0969437268560784,3.7379067783645232,6.940469321432939
2024-02-12,3.057559887193822,4.560910846708501,5.159633618595616,3.5015564067316323,4.055569711037254,4.546198186356092,3.5428488960162428,2.2588035448634125,5.256096150720616,3.702085110996352,3.6435891464473253,3.4016332948172128,3.352411425111651,3.5201470330221154,2.931128320701408,4.39225367263983,4.254961467107133,4.444776505579407,3.831824587909321,3.631561290477877,4.593934262418276,2.630295078664125,3.415203316877661,4.617817103314822,2.914392397099288,3.8762808217713256,5.686903813990594,5.298794093564119,3.3436329777156146,5.10617641931813,6.130932140911898,3.110658357183012,1.5883591615167976,5.8410661654475176,5.091416090446371,2.8810549294020955,3.0890752730221456,3.4518262664944794,3.847827608472399,2.852190178743228,5.145920747693052,5.893228142850981,2.9160936057702678,4.443168844315377,2.335702831100927,2.8677552066872383,2.9483869240370857,3.2496019130923526,7.162550253715055
2024-02-19,3.500358937618876,4.094471736853711,5.22952969278875,3.4299906907010955,4.280804193504954,4.29176386387485,3.466016282714336,2.254951596391357,4.4891375928935595,3.638087835866251,3.808994292086556,3.6581459312267284,3.3021949326658606,3.445542589442667,2.8534617339518,4.433134810654176,3.7925476153075484,4.263384044619203,3.8787787530308235,3.614160532682849,4.984441015240985,2.579585510441965,3.5500203408799873,4.255305158715325,2.5558141051042265,3.5542588026681723,5.00056773395568,5.249446392663037,3.26671229628855,4.558985435590625,5.887338774741234,3.31535698248474,1.566096116978495,6.065026667079386,4.896380083450507,2.9326518666678756,3.080886245896435,3.1243545329048077,3.6796957733690476,2.9503464323796695,4.674412493789783,5.244661951702719,3.0266172288218263,4.576134681162522,2.18057027406984,2.879727891137966,2.9619361760497807,3.098013268662668,7.119856653078884
2024-02-26,3.422073670306128,3.9771585020223745,5.139523584238962,3.4623960555928637,4.360897423988812,4.151639280493384,3.4335826915478767,2.4620078594771124,4.3592962691927575,3.8470270022641833,4.252913992974056,3.8014844020229837,3.563083832552392,3.324355027011091,3.0550138819720436,4.3267750130438705,3.8365577030699964,4.403159590202822,3.9201410900827667,3.654978771056573,5.248219214392179,2.552206430831341,3.612999073782939,4.779201906354929,2.5093796589961803,3.6767185751013107,5.227109382539331,6.21160247795401,3.2022129546465656,5.210176109106577,5.656121653175955,3.74561517376464,1.57021126123945,6.27704077807669,4.49047280763682,2.2302934853620053,3.2750049893527273,3.2236840315321693,3.488902898338009,2.929169984133694,5.09375233487796,4.967582212847166,2.943471518567968,4.436306647777666,2.178832071058228,2.871527945704721,2.9501450029438354,3.1603439992620332,6.257251882305494
2024-03-04,3.4292257805945345,3.7734019641722183,4.5990938468411455,3.197040558682861,3.903416701629782,3.797952759840454,3.285806647714786,2.5839855990355973,3.9804974395156103,3.418047553617425,3.5212325948649283,2.666855717103892,3.2234120091908145,3.5647171497148564,4.131970479434382,3.846709477568208,3.4319154867334394,3.8826684529224043,3.9627126203371983,3.0459679264317376,5.085583225498873,2.9611599989224047,3.3849142848298426,3.802599239430336,2.4405815162128874,3.4428713491207796,4.739724335852541,6.021801076256317,3.33025680012681,4.898672358990111,5.6734126060818095,3.1120645508115112,1.4642444685509943,5.722454737705919,3.96708222077171,2.513478268014402,3.056653712636605,3.067967525192704,3.7941225589438243,2.790831842924885,4.266133916744852,4.379528358461782,2.710530906291324,4.339254692556073,2.449015259615491,2.5859159935285643,3.095781620654203,3.711334119172598,5.418491850144566
2024-03-11,2.990440640234205,3.2027040906589614,3.898713134007497,2.885223525090912,3.7827240006289404,3.746026827450061,3.245801933080436,2.248961120080647,3.5280200012713068,3.1853262263788356,3.501614291097409,3.084340855450515,3.020520319230478,2.8852720050822347,2.50549645631376,3.3928732400764416,3.0370586427451514,3.568039432912935,3.621714357865784,2.7255589821661177,4.726145101015851,2.3483877018450388,3.0673566851148966,3.723226480662028,2.263128801564695,2.6871996638868634,4.901387166574358,5.263464372167573,2.7623403043031773,4.738880833689544,5.125970793142958,2.6855907083164894,1.364806036687226,4.869100165601717,3.9986829088091853,2.2465667771176245,2.6855645998574587,3.4570231521540946,2.926764826621869,2.7376554511675577,3.822115033030756,4.204837030306775,2.5565363494595847,3.9322914264785997,2.0464099226099637,2.499626926718415,2.6744198190632837,2.7560662303766534,5.234337000795164
2024-03-18,3.1526202762033986,2.9755188932601113,3.363798434472202,2.746041051603968,3.6386846269173017,3.4286202982779113,2.662610484226528,1.9272854697330346,3.431482180211979,2.914711902869444,3.4199433185310073,2.9223649925161337,2.6456972606465525,2.610388922349241,2.3741069707048696,2.7384727402393914,2.8445739569318054,3.096839981292206,3.03697919299126,2.410818170601633,3.9418689424773237,2.1903937993136706,2.5793936456633695,3.2263772058652576,2.0257719718380756,2.5386096451816504,4.564127547568355,4.775474223911063,2.1673924548773478,4.005167029137445,4.969913804902019,2.6538596600302435,1.2289875306437552,3.7936610559086907,3.184968032217524,2.2564314840949944,2.3329551460312796,1.8786397305856104,2.5713034027504085,2.567087580147876,3.250752348732628,3.9492480070080065,2.469445171111996,3.3277295191262537,1.7270423102167725,2.3704166525037316,2.5804270655307375,2.3835083090220452,5.107113484124746
2024-03-25,2.9620735178086486,2.8342628980685007,2.7500034485741347,2.4740506493578893,3.438033631726245,2.71691745506711,2.3652554466967564,1.6927298612483341,3.0664894434392123,2.6636171895276783,2.6791562407872282,2.5466378809174097,2.4885577341076286,2.271105140563618,1.8851040915751476,2.5324858304101117,2.5660242718978736,3.0206139694372847,3.0777416088701752,2.200404289670587,3.5233928080627854,1.9394039083619843,2.14173537073492,2.930418264578096,1.7526293242636268,2.396743782203684,4.1795987916502675,3.849016406995725,2.0153982466379983,4.178230955846496,4.567114189709921,2.431629410744237,1.0914591985825772,3.3065500824084935,2.7056241296060657,2.0101355683619917,2.214095102999128,2.0221705922800766,2.2722069413677812,2.2897255508019203,2.827406235314923,3.120259846774086,2.2344485104912764,3.0830774579015063,1.5525365991554265,2.1137232451813626,2.2386749120547993,2.031914391335996,4.2668904753016506
2024-04-01,2.6762805624713697,2.579372223972073,2.4631326797502493,2.3638109905973415,3.2785647781271443,2.672174481586528,2.641848133725473,1.7840613506833887,3.1704176300391893,2.698522893479419,2.5674519985672557,1.8432148651525082,2.397420573245137,2.4158333534771197,2.1420608563392807,2.571223266671514,2.593581519708449,3.0245680945111895,2.618031740948752,2.257141384172762,3.4268357933479523,2.0990294403838003,2.276154653246776,3.0881163232703184,1.861905625456402,2.3163142645528474,4.434021017228699,3.7736251224296558,2.057881529273703,3.6525252656617377,4.200268461538829,2.3532118342318604,1.0455074655144407,3.2453944624322864,2.4494933129156995,1.9698869579094864,2.106981789075718,2.321053048841801,2.4999220465100116,2.2107918431411733,2.997917413006984,3.200379814678586,1.9791163748400664,2.9919527140523465,1.6949833718313407,2.035606684831832,2.3412120661684974,2.0988068094074976,3.9377112949748776
2024-04-08,2.542069089255593,2.5046501034130104,2.1988726998574775,2.214690389875463,3.2298439059909976,2.571032754777708,2.3193483610582013,1.4774318524279284,2.4694620803939724,2.36958072567755,2.3918008184740502,2.0534740634978554,2.1122741696057634,1.9117490454914,1.707558563575271,2.2505883100849573,2.1373786980928946,2.799273952708461,2.635477693381743,2.1891576774569086,2.9647771191412264,1.748016969750445,1.869229969764035,2.962811435082454,1.7082258993173594,2.0131467714145486,4.266321636169566,3.405567549822541,1.9805680908449628,3.8113702493762247,3.729182778746556,2.361281402485938,0.9550655298324701,2.6503366439687426,2.0654018580123283,1.75313034460999,1.9730411487251582,1.866384018575106,2.0719360538215597,1.843266622389347,2.6753146747908705,2.8817232103382233,1.8841191555088996,2.6666954563932777,1.4223036226732548,1.8896813023717125,1.9443218616821034,1.58454873646836,2.742819061689258
2024-04-15,2.6288361165405814,2.2605921683626446,2.0917273811704074,2.2009191953590115,3.003728588491508,2.4861991164469988,2.1908081506864665,1.3083130788007349,2.4810123040842216,2.412163873475198,1.8856830464209278,1.7799255793495214,1.8852140703593343,1.771625401986084,1.553963463851455,1.940051552609729,1.924954529060464,2.479670457375189,2.1782750197994627,1.8594770451533125,2.3786884119562255,1.542389018464493,1.6854271118068263,2.6899063785120445,1.2986120431526675,1.8411265269751156,4.182318458615013,2.930204716945728,1.894651104182282,2.779516317747469,3.5141539236318815,2.2313764359377712,0.8822134247196938,2.272454543647084,2.1926211166450233,2.080130306643234,1.6702919830695608,1.6529806048853897,1.8651027007248833,1.803469751704995,2.410796481700078,2.889730827205197,1.7476505326154665,2.281133423151034,1.3225856910393627,1.7247517919443962,1.9138573651097857,1.4291157627768565,3.461306866552775
2024-04-22,2.1471383027418063,1.9451630629806202,1.8564558574835597,1.9959102387441232,2.6390490126694055,2.3288320289746904,1.8339568969806987,1.135899807255952,2.1012149486479617,2.2679500498185714,1.744993963398814,1.6287277737478323,1.61617503333084,1.5249852799694916,1.389797742991573,1.6064274596121755,1.5944743896836442,1.8615701130226998,2.0416968409225458,1.6085898803527279,1.9295509757603482,1.359243830220562,1.4911496273293086,2.3668609520032176,1.2181103748691708,1.6273265839002233,3.206927080076815,2.6452721532019847,1.5595667615450692,2.7096360226912424,3.0667006841404714,1.9438815403712308,0.7700121707385662,1.8592267552177815,1.8757364082352346,1.3317612687385698,1.5459874469571768,1.6245187974267257,1.5975325309486732,1.3613213290168977,2.081207142596136,2.5064967596574883,1.5977548530927104,2.006588083782458,1.2781901757229346,1.5835083376017143,1.5550956440258132,1.3151572870169947,3.2372345440511103
2024-04-29,2.2729129963755734,1.9453225427190035,1.754635370831226,1.9876508759941585,2.8010553922167376,2.193721522971446,1.804727705659897,1.102536254048703,2.101703228942422,2.431897767615011,1.4830859040697462,1.4726735372523858,1.5909338786640386,1.5869103281479209,1.3284659538101027,1.6570862692323165,1.7144616149729284,1.6438904574770477,2.0282151045936034,1.4078633959492166,1.7486625266154494,1.3579689552785228,1.3385675494334477,2.622758391038428,1.2429936868845357,1.63190341127933,2.7945883984232847,2.4368457416130918,1.514609506006904,2.6655000969605798,2.9704255467537166,1.9895908704226835,0.7348427460849347,1.853741324979414,1.6878282009475503,1.4991204447857334,1.4456136932261203,1.1715185876294598,1.5273172216868005,1.3659425861517087,2.084194019787775,2.4552719512056957,1.425290049589294,1.9911328231483978,1.1076757314604455,1.5937705056757305,1.5919376270507373,1.299920462732903,3.0121663168580137
2024-05-06,1.9952215356159857,1.9452166034872298,1.6711910835850046,1.8939802919681878,2.603602419983734,2.2970653385933506,1.5444842744216392,1.0841910437258038,2.052099289689923,2.270979221236341,1.3193416333571133,1.3072852885132362,1.4665908230231137,1.5769571726233513,1.3016473301165714,1.4433962638403681,1.7983059357519697,1.7454621041674416,1.8499428725110278,1.3809028716586127,1.5866330573079885,1.379324692145977,1.0721157162309805,2.142402724401668,1.196120752174499,1.5065286882411602,2.4050830948075874,1.9816754913513734,1.275583800717051,2.535546142004048,2.8686180233060363,2.0032958577873066,0.6829545334447931,1.7757441497680015,1.7055147853682673,1.601619392525425,1.3502684304134556,1.3307107635320623,1.6633868182323988,1.2626989383757623,2.0146002335692907,2.3567872913856016,1.420176699130625,1.9773920039507775,1.1285904414484493,1.563889241340478,1.5094369091236453,1.3404578275911398,2.6671110956820923
2024-05-13,2.073401419671747,1.7074234804855064,1.6234279519013923,1.8370162650941344,2.588081667192795,2.011245880955919,1.5143282514814935,0.9600986302391985,1.9257002044362452,2.235551597877415,1.1510263681937931,1.517212426836573,1.3605832687908683,1.3116793758967835,1.0161845143880164,1.4341655692237842,1.4813258585688998,1.4664619760380717,1.7800519985843999,1.354620906365609,1.39499759970563,1.1725747274746594,1.122174997122297,2.082192640439882,1.1143678270289656,1.3766899176720648,2.0826691488674376,1.8698194959819179,1.2893434015296088,2.384845422338699,2.6658408594695295,1.9230041933876745,0.6429927895484097,1.6658713170215065,1.5375761204990133,1.4707724752235984,1.2737868001400323,1.1483031583765901,1.3550583679809383,1.2124887987927648,1.765643677321354,2.3099020655568285,1.4538854754070731,1.7793890640088077,0.9336969858633869,1.4104575626001692,1.290762387830178,1.2384853926784873,2.0022802573437732
2024-05-20,1.921426554803862,1.63414050765099,1.4910382299286058,1.8293641825975933,2.592422513423799,1.913758431853105,1.514772358913061,0.9594600617804862,1.8922903336619938,2.1757322557554017,1.3376234556395663,1.2691625726994837,1.370390684857386,1.351294779994042,1.0396539883883538,1.3462070450299783,1.4641388272007012,1.4074972156886765,1.7632645866667138,1.3433759915086836,1.2654028459083992,1.1187443717699717,1.057113654543953,2.286857629640668,1.0898381247876483,1.4096807570580143,2.1084126615777645,1.873550631808676,1.0502104219869637,2.481046480069336,2.5988424756556032,1.8436950716382914,0.6186383269490161,1.5218207385558546,1.4219577746535998,1.4562748311743179,1.2336189060805487,1.1882036959685773,1.3083157149839924,0.9770644730762079,1.8433020807059441,2.1817391308996505,1.3676744552026734,1.810202877609971,0.9563036610777481,1.3537245305440022,1.228318651123513,1.061825463970635,1.708400015106079
2024-05-27,1.7035386887018547,1.6696699533407358,1.536858001155454,1.7707232377970656,2.5081685502120727,1.6857746156554336,1.3429397020911131,0.8720119172341774,1.7272140257137685,2.1718555592248814,1.0601375668499524,1.2921835992780826,1.2622992316908084,1.2462973602126461,1.0900598109221167,1.22739874877835,1.4567911305066468,1.3459052559718314,1.6889509841403283,1.1049415449908924,1.1360111819503143,1.0702686090894935,1.0702533433969774,1.5545362047331048,0.956119109437993,1.2325807505798134,2.465147894068032,1.637515393334934,0.9139648753577418,2.3280364147809145,2.5087260481829334,1.7775691543763212,0.5864300838250958,1.5205961383879438,1.2646619721083099,1.3496942553273832,1.119648828306745,1.025006391090167,1.3003898337785516,1.194981017914708,1.6286841797094165,2.1659542109678056,1.2098186492587533,1.6826910785321392,0.8929702285716705,1.322695653722231,1.2245267922924037,1.0969254379550315,1.7449825065154114
2024-06-03,1.7628698310037598,1.4187409903737611,1.5787407382163772,1.7970028762464196,2.625737573746645,1.6765498165431532,1.2597382766027652,0.9412306934601751,1.7300521046752197,2.3926936477594767,1.0333463139129655,1.2842549005327544,1.2344949560767242,1.3678676241664804,1.282195906023543,1.3793677001666482,1.407878405345374,1.2427725224284416,1.453459584264411,0.9602911168081578,1.1921034244685376,1.0791624372975717,1.0103261435606505,1.7966132484335078,1.0796914604659549,1.28236202709876,2.126373179885892,1.47775136318321,1.0321750039890727,2.0704056941572864,2.4995715483715815,1.747847573747184,0.5717838450970819,1.6512895839647381,1.0186305707606609,1.484133556908304,1.1547087072994753,1.0625124911855028,1.4344770313298731,0.9746380507477869,1.629599161807103,2.0437537718063115,1.3633612309499168,1.5617225398927406,0.965970413851367,1.405846008393796,1.1818110648404716,1.2033505429128633,1.9349902486654107
2024-06-10,1.4757242399550234,1.2344252243907117,1.2228912496072075,1.429154266910298,2.1348701461570054,1.3408387606680092,1.188352209929152,0.7647670096696735,1.549080653650421,2.3292638076513037,1.0277559902567726,1.0467984367572971,0.9767344419800478,1.0697925260063486,0.8521591502080832,1.0845095969961591,1.0613073481190238,1.081773299597823,1.3899795015862508,0.9151676377577687,0.9704756905392384,0.9078092187257647,0.8541275973721733,1.4568533233675645,0.8818626019243008,1.0327402050930428,1.5803913344850455,1.1561985395384027,0.9365000574615925,2.0809396366000628,2.072412974652859,1.403982089989373,0.4967863063075545,1.3430935925804377,0.8465089102570658,1.291492130557492,1.01744186363254,0.7667118746798999,1.0831534378352414,0.801480755581262,1.3320165226402294,1.7266016800892672,1.392688501267924,1.4254305189574727,0.7288208855831173,1.1332712812640904,1.0351733629407447,0.9543636008217438,1.424006634173956
2024-06-17,1.3826949381056217,1.3059106488734846,1.0802749086970922,1.3245723879623057,2.075816566565123,1.1518636764784203,1.1217901643207144,0.7065922656505006,1.4084837710207907,2.378535372523092,0.7649785609052882,0.9196997047080347,0.9644301532905102,0.9788382683105146,0.8888311264631985,0.9909886848756433,1.122441002001387,1.0950236709646168,1.3586140956043207,0.8736322576237838,0.8910104721038643,0.8613678735896908,0.7639315917639677,1.594078328270053,0.7276944948201571,1.0512254358867352,1.4393472687928757,1.1733825060710497,0.7962917263376061,2.2458970345736806,1.9386800892974936,1.325961760393184,0.46489688379030625,1.2427423190992273,0.8172057268544335,1.0936650414784346,0.9364571702847508,0.7569703024192537,0.9896783511472821,0.7567237692354276,1.1675887872233015,1.821382905800299,0.9837444188750913,1.3788630388878758,0.7388097226471962,1.0893129158791295,0.9876777241486268,0.9373850205372142,1.1618100967989544
2024-06-24,0.630132888790464,1.0891749486305682,0.9640079947918647,1.2519900391183594,1.9588086475109687,1.1585871228812972,1.066885044503085,0.6768067276500751,1.2732980529637916,2.2284447957464373,0.6962767261556465,0.9294443728501749,0.8425085998722261,0.8824349274656256,0.68838814498887,1.2514372493318258,0.9548045184728127,0.9434314882473964,1.2918469274598916,0.8771313946060504,0.7876627331958347,0.7988325794545168,0.7787137488391453,1.3489264629989262,0.734667990454656,0.8962443244382037,1.2542030175348873,1.0389759824003217,0.5873774081592384,1.8049295150666078,1.8485054578581255,1.2902971964003336,0.4189532131384512,1.1905476481163566,0.7244730877969241,1.0327771285286127,0.7315590371241717,0.6460020486565762,0.9371830559079792,0.7559667797041243,1.08707541530742,1.5954236884925461,0.9336106252912342,1.2490334499379823,0.6474872153585784,1.0937575345186417,0.8343756934014841,0.7793145459281531,0.9183900965871072
2024-07-01,1.2819808088555864,1.118595327932114,0.9457494746958918,1.1261452586029708,1.8428786529745511,1.083399313780995,0.9198033201709928,0.6898069089326466,1.3298490965587546,2.1913076079115217,0.6643164377358866,0.8897367871145112,0.8873990704239765,1.0365509448536785,0.8248581572019977,1.0823912778547276,1.12346646217084,0.9879324635394037,1.195201688141788,0.7536323568298995,0.7795832805543684,0.8766284049182,0.6921367882589978,1.5945902211745457,0.7575268699042027,0.8676558306061386,1.0784964541328834,1.002360089295406,0.7772912664136568,1.9574773059140456,1.7980780088006652,1.2838829092201522,0.421395121791145,1.1307506147967534,0.6917513810624587,1.08853092770152,0.8365180178855165,0.7965994318196459,1.1982532997241955,0.7631556192901086,1.2385090360017506,1.6402114083810757,0.9125613298760171,1.270294104401136,0.6662198181671062,0.8924818302673124,0.9178671183082674,0.9151723274915378,1.065434026751081
2024-07-08,0.584512460957559,1.1084890924431436,1.001110004000743,1.0167069342012267,1.82840364526948,0.9930292008448922,0.9694117118688157,0.6093294017553011,1.2297815381174708,2.1068030489727634,0.7481926924480143,0.7997341256073052,0.8564027020828423,0.893587861759795,0.7484910836427108,0.7848093576996271,1.0826927671312907,0.966153191896582,1.2740357320274847,0.803559885180288,0.7794021511320568,0.7970504090359282,0.7890590726369133,1.6257149407715454,0.7430615709336641,0.9073397691888747,1.002922752521743,1.0046677487738311,0.6784871779331615,1.7514295922193248,1.6846023738758906,1.1089050993966616,0.406877717576576,1.069889959593073,0.7603377926798915,0.9115185141701942,0.7758812146411245,0.7357490530636612,0.9243392343858293,0.7790108379368987,1.0875940818554286,1.2553906310006386,0.9122308873030593,1.2630595006039524,0.7301030463666687,0.9035617534068214,0.8243341715950837,0.8253571329788136,1.124176280910837
2024-07-15,1.1306481968837332,1.1836066516988004,1.0913365018641514,1.0270966102127264,1.6402402570086565,1.110801462143811,0.9812771859456575,0.621099406399457,1.4168574978468356,1.9663656538772756,0.7263366416429466,0.8072725439520045,0.8363437477354765,0.9762077370185174,0.7538981094618697,0.9386034103397787,1.1452233342014368,0.9282632533978943,1.1362715575204785,0.8160812123018325,0.7649215423068402,0.7883589209964283,0.6762322383419862,1.695129419109136,0.7422201575482972,0.8852071240501689,1.1776352010983426,1.1442227986802285,0.7199912919551025,1.9419104014316253,1.7403431809276366,1.1943861165067209,0.418121585556686,1.0778784242725636,0.7247427058988525,0.9092446876523944,0.7951032758193398,0.6967571571611262,0.9422984270172611,0.7687776480719936,1.2191843246055476,1.7776710834503162,0.9251524050908474,1.213739262410654,0.6896288784385058,0.7863171365544182,0.836329371883805,0.7909100112052736,0.9466143831010025
2024-07-22,1.4073398869691578,1.3862193984539664,1.1100395010509194,1.0019698835162358,1.6369744900016847,1.0760966840150186,1.059210048447639,0.6269344661830192,1.5621975400232608,1.8729329076231376,0.7847217262902063,0.7982650014503542,0.8879251634516399,0.8799251223838692,0.7387992239250982,0.8741362871939455,1.084297511827349,0.9522031214428901,1.1209738071356865,0.8375519375002051,0.7666191006939023,0.780242867067803,0.781494432514296,1.854589703135666,0.6293369692588185,0.9849182956779827,1.0835611017112117,1.094741468507353,0.7432971336957557,1.8020506449707587,1.6620853583292436,1.2082627252972808,0.4197747024586833,1.185445943666687,0.7810316629467159,0.7806389303129304,0.8149952742931892,0.7122794472420477,0.9663529469250367,0.718835922931081,1.2095752305458298,1.781940460641983,0.825143008905415,1.3227744046327161,0.616329558823738,0.8020409401087676,0.8152860507974512,0.7521572962049441,0.887565520514821
2024-07-29,1.410510097861537,1.2414124609231942,1.167175417403642,1.1324352089704703,1.64237547747778,1.1129391684002585,1.129492205428828,0.6911045494662932,1.4613369127732234,1.7386940619866977,0.7104508906545094,0.8406459718065913,0.9530416063824442,0.9780603127339118,0.8840971385420517,1.0027786099505311,1.4169548273527242,0.9708317599361369,1.2432467685441737,0.8613518483459524,0.7612640823340509,0.7760644907171083,0.8006701115381212,1.8553611753635937,0.6891821426506415,1.0844846459428177,1.1111008725929201,1.1370414267677993,0.7223646121934966,2.0945944303072754,1.4540647553410992,1.1633010086580031,0.43940488203419187,1.2519527184340538,0.8272112119122117,0.9311642174587846,0.8771829226070051,0.7604173287724543,0.9358781595899298,0.7181144436305804,1.2192166683338357,1.9773457750826786,0.9020988678910598,1.4454596601624945,0.6720555640100624,0.7900932424811367,0.8927787713456499,0.8469573842270843,0.9481663311226538
2024-08-05,1.2312306682619885,1.4491133956384288,1.3044512501430856,1.124695554767129,1.6430388828857807,1.1132148570756757,1.1275761408355953,0.7278806653959455,1.7535410342245268,1.7204645846033204,0.8549634090413301,0.823353707867585,0.9826393697019997,1.1767508859474274,1.0275485446294996,1.351296008021816,1.431121568593159,1.0468251880494492,1.2960465725035675,0.9191367449215174,0.8008640237406125,0.877377924203651,0.9148115043048759,2.0447384098097987,0.7813809327534011,1.126045601597576,1.303467163165987,1.2344749229397534,0.86416957864214,1.9079071355386927,1.543036022938119,1.1135006031346715,0.46088689176983183,1.2847937927101563,0.9457841588218929,0.9539302343725505,0.8987664123542343,0.7945372929318211,1.375083144367293,0.8011956663406996,1.297494077527301,1.8772887513950176,0.9094550639991068,1.552379981424025,0.7610183787122333,0.8307991109931803,0.9292527142613165,0.9770748564775362,0.9867099308602758
2024-08-12,0.7055536268131913,1.764315703363058,1.4914236980477267,1.1694194753564238,1.6343874755042207,1.156936954881554,1.169385017210386,0.7055953289991668,1.8975353610030232,1.617043610929797,0.9719065889073808,0.9099295618836688,0.9542445202689201,1.0683289380095045,0.7702826216783083,1.0513255608383079,1.3194937856805367,1.0339303729669789,1.4005794280334205,0.9227535522134294,0.8384956043634906,0.8401630012959626,0.7791177708388187,2.479701753635204,0.7608858132785848,1.2531110737524491,1.3766660213162467,1.2978068929180304,0.85260327629944,2.064096463705553,1.6807320885914485,1.2249999314472553,0.4767085079723942,1.3058632667935255,0.9876667059494963,0.848539608057363,0.9354478529975087,0.7424765147735277,1.1787487354699733,0.7247688919443134,1.4834291435655007,1.8814431461510697,0.851214382552494,1.5491846772899402,0.7081682650702565,0.8825280569079842,0.9024652150357921,0.9072377973290043,0.9220296268756565
2024-08-19,1.5058047791523252,1.7962805596253508,1.400943807711815,1.4951561992838958,1.6200143318686528,1.2525624266645212,1.2383531411876985,0.7676206234296693,2.427938317689129,1.7506112058311305,0.9522577978599915,0.8995855597628474,1.115391318997321,1.285131252487811,0.8581550063271082,1.3274462103209257,1.4327121969582919,1.0882735329675883,1.3055453923934963,0.9985986468440216,0.8525174966243025,0.8566564334540177,0.933241047053342,2.4778349261081156,0.7414122913061705,1.2518826787379136,1.2868155471658933,1.300378211568788,0.8142085121784148,1.9857644343733414,1.8084816725760984,1.2203293943068996,0.5087556005403225,1.331302534701294,0.8781995894855026,0.9040430725847131,0.9434274201861521,0.8875561077803718,1.216226945806731,0.7714426152478178,1.699737851357042,1.819847819577792,0.9976059204956291,1.649028517152972,0.7486109868948052,0.8474254506858142,0.9299634641747387,0.9590796480137151,0.9475726619517253
2024-08-26,1.520481374792762,2.147797867714592,1.5576486943146701,1.601395324441523,1.832750584706255,1.5488727285178385,1.3363355114094961,0.876767223768655,2.65392483788348,1.8560008583887078,1.0521925835059656,1.0403458233513974,1.2217029167173088,1.529482988219078,0.967360400822283,1.765021922429442,1.885984625056765,1.2365280398272795,1.3998693850736093,1.1503238114286418,0.9766723433481795,0.9369107766930589,1.064151429041062,2.3867402812721776,0.9129129567230961,1.4295824833753639,1.4802910227200945,1.5380955510582428,1.0247393285543265,2.009587414981231,1.9784642855080274,1.4969714432165642,0.575004156850222,1.53328638296483,1.279501301784686,0.9878677541491288,1.1267619004267604,0.8123559502226021,1.4317934864253523,0.9704711215106108,2.1328389940924772,2.336163269122756,1.0712643099215093,1.8293802395906402,0.7891387444848692,0.9030378825672494,1.0795316070724412,1.1373181970532151,1.0792444848144234
2024-09-02,0.8902537841461422,2.2240219473761313,1.8852938468908698,1.6668987282252847,1.9355216801485997,1.8994504996142663,1.420995439381135,0.8925173910816664,2.3517977733948987,1.9850553072251387,1.128433254949067,1.050955358129926,1.3926971077418462,1.5409672987252927,1.1854647099100553,1.6097113943287638,1.8169105747688254,1.245249643835943,1.5712109095609703,1.1027803641992457,1.0014014041000803,1.0242353686675716,1.1482185289221558,2.302927643019241,0.9699875643470797,1.4669141189262818,1.686227362340686,1.7413762177516325,0.9737005787749551,2.037614929612582,2.0352640899552092,1.6784341230072308,0.6051962528094046,1.5500417118720597,1.3765851375121994,1.1400056078590344,1.1338528255894738,1.1484109225059507,1.7129060125316506,1.1879326009881979,1.9198564375896172,2.944081071004508,1.1950920471346191,1.954882262780648,0.9348259121109896,1.0234181928257202,1.1297778866220476,1.6170556283935698,1.1529324132947827
2024-09-09,1.6675559624436433,1.7844756503271224,1.9392984505776474,1.5210380616407302,2.053037679906795,1.7454400488881066,1.498620081594142,0.9169533863700055,2.1304374900812126,2.222378274544411,1.135385603952257,1.1630002512334086,1.360502676630221,1.4829535620594148,1.1823491716123538,1.8587228425705535,1.7114736066048737,1.3854733310320935,1.6678862925457216,1.1752400970391572,1.1394935188372641,1.0245628113681449,1.3727966988474587,2.022502503280072,0.9280680080110866,1.7210867756940034,1.5135811430044908,1.8502596712553134,1.2264515400243643,2.2355043878866496,2.0563923516384515,1.729721636284032,0.6402299090806141,1.8008475233990715,1.2824218351778072,1.174718664053285,1.2810940948622203,0.9794698117395402,1.5026667153885183,1.1693961743821042,1.855914785853502,2.3839516608197444,1.3305930847233607,2.0988759331388724,0.9034048132156711,1.0335410881995966,1.154437267519373,1.482648553091602,1.616727812082631
2024-09-16,2.13707293837032,1.8579108965522206,1.8634565681476336,1.4719884407720158,1.9369538834897648,1.758680746992983,1.706570030368188,0.9566022251992761,2.1744993708682303,2.0972867671588333,1.2811727140740332,1.3419649537979947,1.428145965509555,1.4773955023340726,1.0581565914025877,1.7728055966857443,1.354213078251027,1.5236449873970175,1.880569592610361,1.374805377769766,1.2025099215475807,1.0730941040376112,1.173138811632469,1.9657768264801405,0.9162208632453928,1.665850238657266,1.6336006217972057,1.8637328069343966,1.1265205688830597,2.7602037447679577,1.9877609053164025,1.642840158585824,0.6596993915936294,1.8374217188183388,1.3557658821288152,1.0772944872177557,1.434963753525106,1.0612972899815794,1.4641381938336044,1.143355106224969,1.9926917329534692,2.502711793197389,1.2672496960746642,2.0721461057842756,0.9211478212139044,1.1500204028179601,1.287046046966282,1.6524587377326185,1.390695072354836
2024-09-23,1.9500766767016677,1.6358598522733225,1.7449381425868205,1.4724273451797845,1.9104775906634797,1.6743756539955843,1.9334887341853428,0.9711634853691431,2.2314790079677187,2.10411763023625,1.2584533769612278,1.1326323698332614,1.3254363787000405,1.496542121370591,1.0940117503234692,1.6089162656467324,1.6390481693545933,1.5778345422457272,1.8751297647967027,1.387373507738596,1.206323601046082,1.1208353800813904,1.2623913451681599,1.794249409440058,1.0168879587227344,1.6153888060481862,1.615592771896074,1.7931868169646425,1.19687725562668,2.895667053234887,1.8820455177468363,1.5347610425939204,0.6571883498899722,1.7565044064429451,1.2670451119851727,1.3294827703574241,1.4817144935804865,1.296038884092689,1.4249374950957434,1.010665221465937,1.7766775102953263,2.2647421553288387,1.2766867829059143,2.06648115120008,0.9532230571727962,1.1560406369649021,1.357503165738438,1.3815457168150254,1.4495632789169874
2024-09-30,1.8627437485231026,1.9051094041203855,1.6929040039760452,1.525853432379289,1.9940809129021244,1.6905273013882942,1.595961884602921,0.9505911987476175,2.3266190365673483,1.9190482103485254,1.2374701919269042,1.1550696336245996,1.360016401166694,1.535327672718249,1.1553868068765758,1.7157293939752303,1.3700979167499372,1.4837798041147314,1.742896393197714,1.296224211133103,1.1371477370814718,1.1079013728708527,1.2240034505084423,2.027985282897051,0.9350558504742819,1.5022250332330227,1.6807139569355662,1.7305714069773943,1.1770961894736551,2.9409449256938083,1.8403308997941572,1.484901101259926,0.6501510196572738,1.6915838119418294,1.2405811625548617,1.1057667845023613,1.3160108794247347,1.25688442949505,1.3353488169120575,1.062368036213317,1.8987508144903988,2.1698990677199674,1.193113598374322,2.0978462909128077,0.937384792435131,1.1499568655998493,1.259543590060839,1.255627140922949,1.2633351189914297
2024-10-07,1.8561468465810667,1.6643589884185255,1.6972586537161745,1.5555082141371372,1.9179164676502716,1.651629561362329,1.815786978415478,1.032520623739898,2.1384100478298844,1.9436116641126402,1.3716334720058827,1.2850903329100074,1.3418873210050986,1.7276992178307737,1.4019448523835025,0.9577599958511628,1.824166676834151,1.6179042050440544,2.03482480109381,1.267580819965863,1.18599914554866,1.2311707603858721,1.255349208367583,2.422770541767198,1.042730397228442,1.5043553918007007,1.354349644320534,1.948170703159456,1.1866618034622234,2.766955814995687,1.8833398928821445,1.4446511623332143,0.6569617772723788,1.6930962568532817,1.3786026368505984,1.3801212923291746,1.377232116191852,1.2873881321813485,1.8613247356771683,1.1046060172336958,1.7465993708979264,2.1560955501052814,1.208222105895981,2.251770065109747,1.1661566470374627,1.2706667090203259,1.2816507047926495,1.405286384039487,1.5128216514046229
2024-10-14,1.8405868920992245,1.9090155304663077,1.7390529456068395,1.7571060153346558,2.031340826078255,1.8499724468828995,1.846311825837692,0.9866015022054125,2.3490950549642267,1.8846241121945855,1.354590105522131,1.3328748652997695,1.5398513601432726,1.6741204572286867,1.3200155129236555,1.2499692029979097,1.5337883614832388,1.6538363493799428,2.1747328941244617,1.4706964667792473,1.3327809575072944,1.1607931716351407,1.3877032022650047,2.3641002753715825,1.1055676438253856,1.7420294093074056,1.3946809925946209,2.1340358083173747,1.3788514213867513,3.1279831377948293,1.8946741834281144,1.4359489647626882,0.7035925326245642,2.010733564965957,1.4171545754776909,1.2882240209655538,1.5574266137812198,1.3378720251435083,1.4256460190928226,1.1806054256844174,1.9135606893946446,2.291824067342306,1.3323728877512178,2.3977440770408185,0.9791185325977998,1.2993744204934634,1.3819077221434837,1.3823467788364296,1.7815476404457784
2024-10-21,1.9623804257525386,2.042632401778305,1.892194175180148,1.6926838298316165,2.1096556372438933,1.849992053422743,2.1635611075764727,1.0317433638817828,2.263542076751363,1.9178455727909915,1.4589944985989831,1.373572244423666,1.5405560547159038,1.8880004728848976,1.3035411980601694,1.2946574102396107,1.6695923573341138,1.8855504607006761,2.295103372922161,1.6436360746508374,1.4251305330434696,1.2266788038883996,1.4638760464221607,2.267521091120831,1.0130753111095387,1.8256933335771424,1.4770868919473537,2.037636258273632,1.4122954136783312,3.373997532276299,2.0723440196150813,1.5338540473065083,0.735026048692862,2.2827174397304724,1.397957136947635,1.2483657126885355,1.626697531476609,1.3717601600550218,1.5392083446012772,1.2607439403089562,1.9137616109016984,2.1876849536312335,1.1006928770288607,2.6211688698629834,1.1361933479134205,1.3410634650753503,1.440428310670982,1.3520441556002118,1.622618533349624
2024-10-28,1.840919349349827,2.135089939034332,1.9918759138392534,1.8579481221760212,2.3359551011673707,2.024238691385907,2.1643935343504066,1.1582299022970093,2.9508534454749515,1.9499542782700048,1.5890528687611254,1.472187612022248,1.6352367434880732,1.8229559456270032,1.4954635990970933,1.3469744030085264,1.9562418080158233,1.888520516612194,2.57342264840096,1.759411470079241,1.4984213755068523,1.2648640654634027,1.3872944153578932,2.4650138126768395,1.0837224436204052,1.9942468183375304,1.4989479762036755,2.013829476460879,1.567967251531413,3.4709176747936876,2.185569544772072,1.7002783578453868,0.7806682832236254,2.390006871961372,1.3865264178263523,1.3032794796771658,1.7281983792920463,1.4048880195506679,1.6632572856211507,1.2799317750359531,2.1234627796992473,2.359729647858471,1.4350602632545257,2.7295329933718415,1.176540305272683,1.5456189585073803,1.5396639672217685,1.353387937346919,1.6630734098896665
2024-11-04,2.0917034383683717,2.3284013694385295,1.9533408480554568,2.085622838856491,2.4510436649541303,2.2003128932654734,2.101822870706127,1.2711844827540792,2.68885660775733,2.122868663863593,1.7198620227587231,1.5196239626271535,1.7256940581770652,2.0134765691106855,1.7074245971104869,1.4595123814702946,2.319302608392505,1.9454217495595634,2.3532916693738812,1.8597890084811728,1.5675809281775048,1.428114052270229,1.4605680013565738,2.4992464105869803,1.2067619918616121,2.033506357389238,1.548261614105042,2.119436644870401,1.54367137407995,3.17051346606835,2.2923699149026304,1.7775693200484048,0.8095585455089949,2.366292788137334,1.574477133541654,1.622600859561694,1.7824299955169183,1.551253979612043,2.2275191157204692,1.293105048338425,2.3309020330497634,2.528484414357105,1.4985760862972424,2.65107039117273,1.3965859311541966,1.5303885504406605,1.593505826637303,1.7051609694011418,1.588466942854971
2024-11-11,1.938796484214449,2.3037252858252675,2.025698602841168,2.317139519172067,2.7624483316519326,2.3568717251458686,2.2080276888349575,1.1454407527653674,3.140079991945694,2.076961835670668,1.4915565453605568,1.5967586154044884,1.6780647077871862,1.8288660806661736,1.5480298735768891,1.4839424692954055,2.3706697888833927,2.003019346181774,2.5530169690839593,1.797947061633073,1.5946054611973728,1.370624889185049,1.615740440057837,2.6483138844822913,1.124420385203001,2.1519890121596807,1.6026249839909505,2.2225546224471184,1.505613060260616,3.3582238814831764,2.4703603199296085,2.146500447424362,0.8396358179613054,2.4322244465933753,1.5771093644594087,1.5751741483658876,1.7596725372368218,1.3268245448544929,1.7792937756730778,1.4106674260845715,2.7767528296117043,2.5766203336897133,1.6123442942580795,2.685831030107739,1.2564839038693967,1.633952855727606,1.5640352948863518,1.4801371361344207,1.828684547278735
2024-11-18,2.2358698318351076,2.664258149538957,2.163290858667589,2.5487166172878766,2.9325291163188707,2.3469539084816557,2.328729885942029,1.2589707889393607,3.18699018373209,2.2597316734216357,1.758552260420339,1.8447354222266736,1.778643812095107,1.9805359444691737,1.6620316788398157,1.5508360551094773,2.6527217726023338,2.0336904623833956,2.7167788287668184,1.721714452356569,1.6947191794464977,1.4570842600991285,1.5754711156802,2.7947904297429025,1.1134751934434983,2.217899855737983,1.6470982239399894,2.3393775644644745,1.6632141684100779,3.4312416539779127,2.6025870435337457,2.529152556725848,0.8936674107436979,2.589936078991546,1.660834467051839,1.7688296819809817,1.9253564457189403,1.5272980709369506,1.9417869586165923,1.3358443101714121,2.921279476813387,3.158841299690509,1.835513498224631,2.794456751053298,1.2992961007066401,1.8374385295320246,1.5925290246846604,1.4107337602167722,1.830833343913338
2024-11-25,2.2804864968262506,2.688178057482136,2.4403162582672415,2.854250786863201,3.270847989100944,2.696869962968134,2.5018699887257974,1.4118688252793627,3.639331844319615,2.3152240149053513,1.7381183137878202,2.492724093634002,2.0122960919428343,2.195924121562464,1.9750146177028487,1.745257465553941,3.127901874212765,2.2440882666562367,3.0342940500924414,1.9701792477942024,1.8103419038461044,1.5712876971706677,1.7676712400927435,3.088449178468896,1.1994506599147017,2.400432899673032,1.7790817720387415,2.4557308044913437,1.8869696583783573,3.877730391311566,2.734115136871959,2.6903158209207816,0.9750004131978022,2.633869704680142,1.81334104774943,2.1911241880714787,1.9471758972392803,1.4181895329353154,2.030368380840801,1.5700066097737295,2.8699794185388363,3.284920313273579,2.0677833353080755,3.127739607756345,1.3898502522785015,1.9918097840843108,1.8500784231132315,1.7013973153034485,2.1928203983157
2024-12-02,2.6698351638256055,3.5986811577064355,2.4563815484188023,3.3476086418644786,3.853542564263277,2.7827796962365343,2.6771489038428005,1.6331151298319586,3.790208273833455,2.855882132003872,2.186472087089758,2.7013710840725462,2.2258335827275246,2.6414319354896056,2.7361349813285463,2.021667611612022,4.768888246331681,2.5906899567343924,2.864749624037593,1.9307918179429797,2.03572156801608,2.0774124421684492,1.9655135946756879,3.681135258570647,1.4969531927398163,2.470390225663013,2.070263527293799,2.828350946593722,1.9742457360647057,4.083894453637926,3.501179530538883,3.105259948072713,1.0529782904187308,2.9174857442981716,1.9680339551867703,2.7882002670148154,2.137471864010089,2.020983092880941,3.241643179711709,1.7890414830380923,3.6245731272973862,3.4793259592641315,2.1879974997497427,3.247338993197653,1.6942136719249468,2.324310583777236,2.056699892029264,1.8559382452468538,2.252889606404693
2024-12-09,3.1163198177172426,3.0408435206822793,2.7807340725375616,3.364817055572056,4.029107157789753,3.2274830694995362,2.702401573545895,1.643876364400327,3.613619685708467,2.6431233278128943,2.1988785178464028,3.1490313452511196,2.371830398869812,2.4863795715571584,2.3917679964953127,1.9518211246926054,3.6601177546180486,2.606369301661447,3.084776147460386,2.1281271474843604,2.1302615627096717,1.7836662803859051,2.065013594289085,3.692558931673938,1.4488501467721495,2.8434983331190287,2.0556634872211372,3.0882188513274187,2.0212702181957316,4.508149667022401,3.464461426893187,3.226869672657377,1.1100777889461004,2.886329644788603,2.2048744523282284,3.0666676690970434,2.33416208741668,1.8874731049196254,2.3587100720928875,1.7461615725533122,3.5052635144783943,3.344809621467177,2.2352928807378545,3.362790373864456,1.4933686421488765,2.429302441526045,2.0462074912491803,1.7409988508154952,2.020649327051414
2024-12-16,3.2044479523125267,4.462354504357496,3.613923212541216,3.6061639677611517,4.53359743436833,3.5468531549734568,2.9993315813504697,1.8212043009776528,4.207916032507663,3.005562744624962,2.4450142794655747,3.8100805028700986,2.7745331025194786,2.8436642419544307,2.7651496720078064,2.3233030540771975,5.2869960905485485,3.068623266278186,3.258294194025566,2.2065843274168877,2.401976200131368,1.9758014863242273,2.320688442483717,3.813410645193385,1.6640299113382644,2.894822214372951,2.1615063522680877,3.301701734828304,2.328672093874886,4.789573515975924,3.9220906570538188,3.709824296022131,1.2413233439829126,3.3416397751515934,2.2448043802588455,4.757959818430332,2.4391110199473998,1.9675970362517345,2.6645246648686713,1.9107537256278615,5.256666609625718,4.016497803382118,2.687100753402097,3.705803042707642,1.6463810942974368,3.2940464553446924,2.289389177087739,1.8965027963817462,2.057034061909598
2024-12-23,4.482368338294362,6.508217045995188,4.827605646397344,4.760130447694361,6.040881551368432,5.103855110474694,3.809223916694653,2.4114328252785135,5.6849388122869415,3.5232269883618383,3.5879051972306972,6.980514083642271,3.8422294885309594,3.548403845927872,4.017984870649389,3.2768914263798914,7.893424241746901,4.0682018250516485,4.060206328337361,2.7148785214536857,3.252692247819755,2.560696740876412,2.90132472451336,5.988590836435451,2.189346127173306,3.95953596623699,2.899973121977931,4.959195149189608,3.3329157560891316,6.090430861010191,5.85045596676469,4.751568500022806,1.646730649754122,4.682161705238103,2.9460270501688592,7.4052728743434715,3.208308991500668,2.578482122247655,3.5447068709262513,2.660853408927304,6.966969899822268,5.218979224388178,3.624805250276479,4.586636290374756,2.27698948074659,4.809403628837202,2.897281448602952,2.399664665281189,3.6623780866926934
2024-12-30,5.270735217909156,8.387837909694007,6.002763631514988,6.247763597078874,8.387186047625084,7.531998179862056,4.913148220446821,3.362806658434179,7.936701307438772,4.8781948369645285,4.80618050676616,7.681682533669791,5.620581859914021,4.851644060406418,5.637517691045058,6.242287228361154,9.328521004711725,6.095609130269844,5.383556782747663,4.167260548204464,5.118180179509741,3.967996795051755,4.511764460352492,6.933623151507122,3.4754802313263657,5.407389525831073,4.368895725248951,7.521130937973556,5.5172757794685765,8.024100794675181,8.77351317362571,6.663372918137601,2.2218686620713486,6.55005833124725,4.633375017497372,8.407506485010698,4.791089871714432,3.7031227409930865,4.9640500737852715,3.807389776535218,9.982048385607051,6.821008665090425,5.242368332925741,5.926435649863741,3.1573749704155993,6.705832516445473,3.9070751258652585,3.5561840501588815,5.239084001568539
2025-01-06,4.92513622442282,5.874368620425703,5.064856846735235,5.825133633886304,6.913521477677142,6.317054598332145,5.160687973707287,3.6144937344274157,6.106883331769264,4.738780721479028,4.2729256877063975,6.23534082912229,4.666572361214842,4.884759791407523,5.868106958687402,4.350624602995163,6.914767078564757,5.789350129504198,4.87630210802466,4.2883503908798986,4.843681767845954,5.01076678964299,4.316395795302306,5.448010020918735,3.142142589655719,5.126140091651489,4.037892161344324,6.453979112359108,4.93418369839968,6.870282990060077,8.514605741423846,5.937702528156238,2.025846538289545,5.82996634155765,3.9102812367540696,6.141615787775538,4.377448135609188,4.3674859889945825,7.519028295240027,3.5879421700689607,6.810195193244196,5.931715574582592,4.701989798590745,5.378891224088617,3.5736338223928015,5.372332218314157,4.162930601586022,3.8107831129733434,4.712085080113778
2025-01-13,3.8766212085234706,4.822245455953343,4.4184585480101255,4.7204443089733905,5.381329180692401,5.037861021585731,4.522348557019712,2.692546631751135,5.282093561467424,4.031307026888442,3.5874869475189466,4.798495937198139,3.5960530637714623,3.085138113964289,3.515166856352039,3.508446630356489,4.838169453073029,4.685980314086974,4.219904594949494,3.554516955677527,3.974595918631457,3.2752338964400725,2.9426118741514316,4.801382677768621,2.3495550955926676,4.042700110867157,3.501066223880251,5.144342187345572,4.2432210963773525,6.398453525353018,6.236540457153516,4.693428383885277,1.6989495494231326,4.450275262872529,3.6728693979917884,4.089609522497477,3.507223857243458,3.2064473220615892,4.422069974703058,2.9219732274464256,5.797374720911901,5.087905607250358,3.71428764663385,4.35150499170995,2.581961527218267,4.175084783323909,3.220305543029303,2.537773012180997,4.0915675859261444
2025-01-20,3.821748474252105,5.574041384856416,4.857823130450376,4.502559782785206,5.637152996892057,5.266633813752457,5.053613478980917,2.790579557615802,6.766801073109122,4.118929279775216,4.108300184142052,4.8168474803384,4.117594028441165,3.709944014342005,3.5784667809835327,3.038571005482281,6.584902696321023,6.657267147681785,4.575945365014182,4.116892605464446,5.062880306648895,3.7319094004044313,3.0752242105051133,5.625559591235856,2.51401231729111,5.323974375841615,3.9895296903695723,5.7069465758382165,5.6929227659019155,8.439752034599545,6.391456239852245,4.542621949206101,1.8397548573866038,5.098476760846282,4.068369486661215,4.394650060645171,3.9333111482087135,4.09158094727362,5.521731208730259,3.5645481610683984,6.5731658249575355,5.585785658952015,4.002704369529459,4.841825370055404,3.0624235766315584,4.621991973614539,3.8797203296677027,2.6639549310470256,4.606461234810485
2025-01-27,3.977410165724212,7.215938365701804,5.658441340896544,5.067559845858483,6.943794268771466,6.518969947324445,6.018887333208008,3.4887912467423012,7.721915619911774,4.691368891065878,4.817136791972441,5.3518580123945405,5.125365719990382,4.7410103304115,4.808992211505084,4.397072134908232,7.783437150118843,8.299713901116943,5.999274824105065,5.458255391976362,7.0124221786321765,4.320658097148983,4.1652985806236975,7.50249960559619,3.130623704404151,6.849402047544322,4.832421163890863,7.085884060040854,7.561342401164747,8.25489021597107,6.898358862272797,4.915724461901731,2.2243038940442297,7.196495204551766,5.973772803287476,5.537566784527501,4.853156476130859,4.993574940989927,7.5363013775995285,4.1874425802702815,8.528320594389207,7.594570184682512,4.897775542146917,6.5677241678005025,4.094933188468263,6.136607862780889,4.680934491748639,3.135383384374835,4.781495864371108
2025-02-03,4.349331689270875,6.809686618780436,7.396241646286215,5.365888510982967,6.95451883868496,6.6420786227102875,6.601000576699549,4.635400845239245,7.286569489076235,4.941423291690905,5.994083705393358,6.271312282495025,5.581956928481922,6.93996422893662,7.716250947088047,5.464731079873328,6.667914206959057,9.364800146288802,7.15429117134348,6.244492214564763,7.46000079246318,5.33924005913929,5.5467162167847,7.478796174066736,4.430314343365412,7.076400815897908,5.099758973496133,8.27239429707302,8.855062724010777,8.839795234288724,7.82724162339861,5.052750178119943,2.4890747978969947,8.73954042758833,6.6088366063415425,7.281953692596461,5.696172055264113,7.280292986718342,10.8730692125011,4.784356790585939,10.558957641526973,9.580226101309735,4.996980247523512,7.553844868115773,5.563227669032733,7.339749871184913,5.678307810251343,5.551245849962528,5.150101920422676
2025-02-10,4.523929050943139,6.759709587158246,7.362097009482703,5.451255179184489,6.898034882788652,7.240665650070341,6.897991186294375,4.540320120693858,7.53018843120401,4.989607726572138,6.244302880337224,6.344789263656166,6.264820245590931,6.524816367561557,6.3620708283361544,6.697656314229993,6.57152842843948,9.821759440412224,8.228928698340916,6.855453398294813,8.304267812164854,4.324316475749015,6.034778959287799,7.154675441513048,4.079944852556484,7.28806347960602,5.049211865053923,8.269082268708686,9.0867946559313,8.54519473946946,7.8270618339315075,5.379085037608181,2.5916676670620227,10.891901411375033,6.681513030395623,6.9521082283290845,5.905068915656605,5.960042452232031,7.987470470125132,4.730290033332189,8.601540148679966,7.86701881625053,5.077098071026736,8.3742484632597,4.676872872400088,7.888715180425679,5.281980173383435,4.605238756896033,6.004894171962927
2025-02-17,4.234075818256513,5.27420100681039,6.313828882368298,4.887112133669416,5.866419382800982,6.38399104344084,6.02022692919268,4.219389149438814,5.440762142616793,4.7233943137529275,5.845114943384736,5.947473253191669,5.268484031903663,5.769838905888697,6.037554195957722,5.613813026633299,5.435894949094777,8.013181645857403,6.747954478038566,7.813100974068506,8.656030817944242,3.7964724386776805,5.076946656775421,5.432642745715093,3.8988571695152983,5.699389865686372,4.473127549171776,7.737271230362548,8.054271106154214,6.517761416644783,7.354323836283309,4.845939617294635,2.3379777313362022,10.179779198701858,5.140948615790451,6.359981610120005,5.270428846354396,5.640653242309753,6.2421448678201825,4.472609862740878,6.538127765560581,5.866954729789123,4.572522250035998,7.3263477587825365,4.621782412567043,6.992144714575654,4.870472355200785,4.416363258442791,5.658297595090287
2025-02-24,4.2009347418435095,4.597344814371606,4.974861997739897,4.512720275395111,5.526260870230795,5.318191717778979,4.817915048550299,3.586842461512501,4.8757270238096755,4.5050527464806125,4.361981494849335,5.6495803020964495,4.528926562552535,4.842782844482744,4.274957001451362,4.61174592098712,5.130679393012992,6.189678427225834,5.363991343619031,6.798235996932389,7.066841242341923,3.187470338649611,4.258707347838882,5.010051833546908,3.429009432235764,4.742420839157746,3.830578261530368,5.681703077873147,6.869648723852546,6.063528269159126,6.433922062810423,4.259139138073392,1.9930577418696132,8.022996697850722,4.095502394398919,5.671594510972135,4.322495938748824,4.122432646744819,5.002226633693876,3.5221418149117065,5.995831008987213,5.351823413476243,4.1647889279323795,5.613199358721845,3.8270032280005344,6.531499644680036,4.087875990659523,3.972337241189184,5.050242889889182
2025-03-03,4.199712529195619,4.497790541140135,3.9164752588362335,3.961014846412472,4.272708214572367,4.729209873580397,3.876427960647481,3.0510158246345997,4.177433722608389,3.966380863739655,3.6570451506505277,4.603734667945922,3.559781440748668,4.154691598715118,4.10027334383611,3.2805061810518374,5.3391160617139235,4.700559990376169,4.621953568772949,4.951084682085096,5.509185910211461,2.9932765594528865,3.1205649451904964,4.980135059636971,2.9968209453168266,3.9003495884846693,3.061439152014607,4.372653986530816,5.139842441934251,5.229493315285173,5.837045020844576,3.7313247205027142,1.6560473555645687,5.872400123816161,2.8823032467051495,4.620995471635372,3.6399725357076465,3.7721762541379205,5.061758416005585,2.9095458619552117,4.866985768879745,4.722739655949337,3.3831775412850895,4.443491512578154,3.198025633467081,4.276191112551115,3.657372394693128,4.051806560922399,4.495042573518722
2025-03-10,3.5314850940390357,3.897923356599809,3.4780644223414097,3.559100304249121,3.8628590566751475,3.954166670359717,3.6932855580033888,2.4649057692948064,4.02968968949284,3.5233397599536227,2.9561299143145128,4.137223769510615,3.1797876499009377,3.321393966257845,3.0529156114254885,3.1163364573935164,4.449692067957491,3.886191675884838,4.042581481220464,4.461257670571743,4.644466102955663,2.3273233258803483,2.7723510740756394,3.823228598687799,2.377733121397532,3.62716656334742,2.852462499126294,3.7550619016010893,3.7498874439723737,4.704906908398871,5.290105663480338,3.4250457304183337,1.4529023568869677,4.861460961658234,2.4006104540705553,3.0486577174590517,3.075971323290167,2.7865320792288495,3.665192241149347,2.37399737013742,4.794096244985655,4.096739762662361,3.073428370426249,4.339737792378225,2.6872063824322048,3.616985505418718,2.9493896226523804,2.9572089231018595,3.9251533998599752
2025-03-17,3.3647305989212364,3.3355006075287057,3.1064533381835755,3.4632274324535426,3.6971341900444337,3.5437512003341043,3.3918256395295487,1.977919128375453,3.613912965257056,3.1386785166707405,2.532377010349383,3.9165212851958895,2.8368274148220487,2.657903162751455,2.6068597211544207,2.9318007237648502,3.436902965111159,3.3579849781807667,3.817726415563133,3.66038876650664,3.9078041465036395,2.077483994190685,2.395326097399635,3.5659187677820823,2.2183210462924245,2.95109145523159,2.527809888288958,2.895912094835151,3.383592645566538,4.440265334427043,4.434740583844229,3.3319024115355735,1.2836796254137963,3.936367977544599,2.197448776866846,3.375697499737098,2.600357278738585,2.7822075585364363,3.1826088894465565,2.162099792745297,3.9731606702301927,3.5026010644061434,2.6872441913782334,4.067529139675258,2.3183891886743795,3.1078087476082827,2.5172270218081048,2.602563528927986,3.4724496005626255
2025-03-24,2.871187290934761,2.7061193497646556,2.6083318790177215,3.0354341121484785,3.326544429533974,2.8681123345161774,2.878377038776317,1.662252178907751,2.8334502650126963,2.7260124198881335,2.119756594883917,3.1930598466755225,2.3759506268635926,2.1174290201293697,1.9926679511888192,2.12555697770071,2.894165337304475,2.733046216088861,3.2238125129749475,3.0670888102942797,3.125585598405563,1.768956400477621,2.075755282573077,2.636634432714269,1.7140752220274924,2.433158130370842,2.14566071484091,2.6116280600935626,2.632989526527468,3.693236196826562,3.619477945259466,2.6855355778005876,1.0693994692501447,2.7590767027415435,1.74839252390723,2.7731467048920515,2.2094189147550933,2.2559455744138868,2.452028288619794,1.7367789795370838,2.8790465955944518,3.083919903961181,2.268408438539687,3.3303035604314406,2.0811094134743833,2.6645118034526147,2.170340592485813,2.304723414224153,2.563750487527405
2025-03-31,2.4451327616693934,2.3620188306348053,2.0838118266466634,2.6448852276643224,3.0882033265796656,2.676925541290741,2.625832764624398,1.5045336006522319,2.7976366191054582,2.67872554665236,1.7726118651559024,2.566731865892099,2.137881607528131,1.880524871523492,1.689876009102767,1.830952085304818,2.873272788616217,2.556207127860168,2.9837572975731277,2.820348051019338,2.518435653273616,1.6657451608119902,1.6383904434522178,2.47561833273999,1.5240595553978662,2.162713630609811,1.836065922523938,2.324409052612462,2.0788787291832063,3.567087951180728,3.3163752340282953,2.2964256997578807,0.9549814546862198,2.545683197911063,1.7247027079641262,2.5104936289051434,2.0250691979907924,2.2238842779698857,2.28262020090152,1.6448348983892542,2.6582535089732913,2.6949596314289774,2.1195496584927493,3.0418872953469727,1.9525001087299434,2.2887948983264375,1.982608335971307,1.9262680124378715,2.3155197400394454
2025-04-07,2.2702633632768734,1.8868042284205402,1.7541439030046266,2.6471720483812353,2.7846608037345426,2.4027566143983634,2.3984874863764194,1.420382030737609,2.2939882270776217,2.2931634521030904,1.5831758887337908,2.1917750592976115,1.8137452052812928,1.8343012409135873,1.8194010551143798,1.5342242498847105,2.2083692758357176,2.4016086888941155,2.9275517236638935,2.4473470224076252,2.0105719506695863,1.6698029891381885,1.5051979641062052,2.2229184767003662,1.486100745322175,1.769259427706371,1.5397909429152707,1.892421369458192,1.8265949674618323,3.1649479523044075,3.065297925155355,2.2053995907710955,0.8449223506968847,2.105830561148685,1.3933563172159422,1.9400765580723573,1.8370641798175447,2.362759201790822,2.202167571197659,1.4283195409296257,2.16690675550908,2.4808791703164115,1.9503633652088064,2.6181269679980836,2.028980557833633,1.9604041435853792,1.8248960143216693,1.8517959488881621,2.180093977122932
2025-04-14,2.068505572022235,1.7027726054768244,1.6903277125149998,2.3256052719295006,2.7621688512544003,2.3546029672503965,2.1214243949434968,1.1473497265005466,2.1302391122553237,2.2312693170202493,1.3948231297101596,2.1013645075503624,1.6311901046800537,1.4935121277856584,1.4436153213382896,1.1863727061870464,2.2719213010614374,2.156831816501583,2.437932415287537,2.1239524268731844,1.7000820368785325,1.3958420504181361,1.4335953569509166,2.16605186293996,1.1387015477728095,1.6713680098423285,1.40406324130916,1.822874879599645,1.7006066949183178,3.3536925629886705,2.569497809323087,2.0554577127776352,0.7641074787954368,1.9409659143889288,1.2619042459105918,1.8469973521971823,1.5829860042251562,1.984511187008136,1.805104646537512,1.4184607277333834,2.136674971414446,2.4719872210225455,1.8248520035344613,2.126491928974798,1.6375367685128155,1.7464484653616337,1.644837505468461,1.48504823318016,1.6381167020039404
2025-04-21,2.0701614201483056,1.8581904391820214,1.7268120393165298,2.252804396404823,2.4477262769274826,2.157974215940351,2.0373261487810437,1.1609506839961066,2.07118613336875,2.1288629009588487,1.2932734488139332,1.9850890986663328,1.6896622802971486,1.4702254664374044,1.3307855013832142,1.1301599191875775,1.873371425815683,1.9705496921727943,2.318313410279693,1.741092459736742,1.6651469408679387,1.3563592736798302,1.4116386828687748,2.250493306401364,1.2195059821478993,1.6093721722128256,1.3936034122710272,1.96552845092879,1.7474669361475703,2.7145330276518553,2.4744608489480564,1.986701129066541,0.7312209807549567,1.920846827448206,1.304684836506098,1.5625355947188644,1.4650848701834431,2.269684701017854,1.6046050577749447,1.3193791609794365,2.051973783557165,2.406971636453251,1.698865351140404,2.2034743970396584,1.5062199004973778,1.6570637833524082,1.567907424594883,1.4517808720597771,1.688999302132674
2025-04-28,1.9206955007655553,1.6463918352154125,1.6697026870209353,2.2444678469758177,2.4743940071554036,2.1857159018326975,1.582792404402261,1.0642973257854613,2.069227421969563,2.029780840772453,1.1119541615945159,1.9022616535672745,1.4674191853637408,1.427072723783676,1.3710647764811874,1.0758511188337652,1.7602414751488937,1.7235492622142299,1.973492825614928,1.4085483422444458,1.6066590227845827,1.2814051520775065,1.1771877458597317,2.1504088562518664,1.159270741183803,1.555909502375835,1.2280247153432966,1.7093212362199086,1.6985036149065764,2.545048044782767,2.4149289270483116,1.9875631792114377,0.6762232309193734,1.7670680019991183,1.2198063148029197,1.7763064588536752,1.3783730552542597,1.3942628988375247,1.3956426638040442,1.1715864253308435,1.9153786961120225,2.3398829304635185,1.5395115208293513,1.969466493094246,1.3667834860834907,1.5751330562494708,1.4788767346241354,1.2067262678809676,1.7272526483309305
2025-05-05,1.698853458466506,1.605081668643444,1.4908612820528475,2.0774182062053956,2.324061506464914,2.1323415318936574,1.5454851991276455,1.007319742317908,2.0223364899529415,2.1127844666846816,1.1960817421763048,1.800902208678242,1.3990464305742742,1.346211226380615,1.3825624019827873,0.9937175777204073,1.763934599679315,1.3879904758652837,1.8166004051173597,1.1661362557924702,1.5904078106355681,1.2783468385470054,1.21415516185287,1.802565491058854,1.1431243670272726,1.2467654790993956,1.0844248850408271,1.4755395357725565,1.2413660069104018,2.4500381597770877,2.1895835566993687,2.013850145449858,0.6374203676511473,1.5873950439178854,1.1301292054352785,1.7105398438280197,1.2693596770988607,1.7144701847643031,1.6958580075372442,1.001195028571631,1.7194948810496506,2.100447320944091,1.593992264440724,1.7716075527888022,1.425262091890924,1.461868221577259,1.4365751755634961,1.3618708935515076,2.0363826351416128
2025-05-12,1.4618353393755001,1.4700970131663134,1.5583247390771415,1.9326144640936112,2.3467163719913215,2.0339614399269825,1.4599104331895028,0.9618459348355328,2.0283013801766656,2.0419265618479407,1.0748820913032666,1.5260524822693455,1.3433426642395987,1.2591568688721066,1.1334241067373092,0.9485995502802151,1.5904079458292473,1.2842890909264617,1.7511979341233301,1.056588571266717,1.258138403972123,1.135395524157104,1.096162447598845,2.0523894333550214,1.0376258823792186,1.3395183198530827,1.0288113330788538,1.548408922634518,0.9519759376396233,2.2014765044481686,2.0714524482950214,1.863388800285168,0.5994735032172537,1.6015778339718043,0.992532977442506,1.7350041864052583,1.1900136737178828,1.4526346078159589,1.379565140249512,0.9902446131155427,1.7042646674025086,1.9345564504994415,1.5121407302569836,1.746056083941002,1.4139843968185013,1.4725795369990538,1.2600183416212336,1.0869111334351167,1.8039502620899475
2025-05-19,1.4975394220561506,1.456057557677592,1.4301805699814185,1.7069774955207915,2.2260785504902696,1.9054693373162126,1.3764549498891103,0.9309925707046833,1.855622137785508,2.2479350894845944,1.029590343275813,1.4323297171994178,1.1862783549561597,1.1900634469198363,0.9932863141443515,0.9456899507833312,1.4796134645644015,1.3100893136629113,1.702044362610356,1.091743472399871,1.1337458742188273,1.1150749116800207,1.1057484503346575,1.690129143743935,0.85544006862076,1.2802172276375325,1.032906305144534,1.5445528767032963,0.9185516213171556,2.204072814205521,1.949331749962445,1.7161828765566645,0.5703301479489359,1.5842452056921965,0.9295284012343372,1.3381309353098532,1.1882950782739594,1.0833311530816745,1.3771376853262387,0.9729493416915093,1.6471670200122948,2.0440865545603124,1.4406020425506674,1.7448321838156442,1.202935023308025,1.462759944735852,1.1857217449269353,1.0053651323589243,1.7297125611632125
2025-05-26,1.4472525861208425,1.285914591494945,1.4006152255864337,1.662259567177184,2.160968220043973,1.736751671898776,1.338435744663236,0.9151806846874359,1.8399612216844035,2.220838243766844,0.9183648170798018,1.4088625742556902,1.2162165901978803,1.1717897145542404,0.91119205462595,0.8679904671099231,1.3055848338855938,1.2562594248474699,1.5927716461201173,1.018327762881276,1.079894487738422,1.0725446002231565,1.123492348730573,1.8333929884033515,0.8602170586118985,1.3175331924113762,0.9003342461195778,1.2879864946010309,1.0044061385670535,2.3446334107258755,1.9001210852223687,1.5909744306604923,0.5415698875031434,1.4546647163445376,0.9302750873974153,1.556656900154541,1.0478972896321983,1.0574012989395825,1.3663795744532,0.8610743712826374,1.4705131887081846,1.8436415501572405,1.3896703164197022,1.6592285260284099,1.0902291825503037,1.3263510546739958,1.1082642242915208,0.9979834501249862,1.4531127816489815
2025-06-02,1.5259258177162853,1.4830922151224757,1.3980731394264727,1.644433441335925,2.2519142970598547,1.5604367572705304,1.5007893377183874,0.9462680593566534,1.8798021013143236,2.4367873782374208,0.9679613292548732,1.2043454404453664,1.2426028632965358,1.280701031816648,1.0901879561124055,0.9175193068103306,1.6596755191708106,1.3550809125942131,1.6377101916873398,1.0463727937699718,1.1051607503591474,1.1264569885042728,1.0738016577269347,2.048717389523807,0.8939666351767817,1.308957352683445,0.9477309201883344,1.2361375636062142,1.0531810018852044,2.349431551544299,1.899062237087825,1.557686023361164,0.5481902459239892,1.5112401573470013,0.8405598905628515,1.9639352405691577,1.15914474286699,1.154695423760919,1.5903705874932832,0.871569875156002,1.5185051719403169,1.8202036148449736,1.3919564708709933,1.767530970574859,1.1035576545224366,1.384125620916596,1.1617630012726234,1.515427830244843,1.2702444569505793
2025-06-09,1.0908391981527426,1.0745660923729365,1.2623335986799713,1.3469853592473278,1.8805141697233074,1.36569952787651,1.143092735354462,0.7566494610552323,1.420063328597709,2.2425409235283955,0.7269165646748519,1.2357287978763596,0.9855234501014504,0.973657280883416,0.760387590114358,0.7037406993000858,1.100500752092413,1.0148645268606358,1.4615022732922673,0.9493794353455185,0.868965399601723,0.9512270063940815,0.862614341785076,1.374224447661293,0.8009972519712882,1.0527463688780991,0.7770675246048822,0.9936257354403983,0.6888262405384693,1.931391925295608,1.5527234343318344,1.2405873837369361,0.45471224538957,1.724578666030866,0.7445458060825422,0.9241213958260219,0.9240023697105899,0.8699172946532108,1.1438970986330337,0.7101375170477914,1.2360500502598675,1.4575375515896216,0.9485781553916146,1.390121860391444,0.8942811784515017,1.0587335282298045,0.9943927784412595,0.9745047169027887,1.403028495864936
2025-06-16,1.0185685662582447,0.9878922287435529,1.0062964765191542,1.1272270230558603,1.7979578385513353,1.1960091950941911,1.1050204136956576,0.7187688489852555,1.203531269848248,2.2143564578848536,0.5778465848507834,1.2160233628786237,0.8301259231195006,0.8617794941236923,0.743065513408558,0.6326070260956419,1.0325323185921464,0.9775067231407133,1.3123869418118492,0.7836915343627602,0.7712254196166507,0.8644461914207175,0.6683004426297225,1.3972713662402834,0.6300539573953113,0.9640494898390243,0.6537711247490736,0.8619300778792527,0.6191684120437293,1.937446217663675,1.2836106609435638,1.1423022823225222,0.41273225347754716,1.0321375736192637,0.7040601090609393,1.091200976846013,0.8693570855264527,0.7450058810487445,1.028791086660853,0.7297924319335698,1.0268103095244772,1.2650878856707048,1.0076323013535153,1.270975073144424,0.9482719605370061,0.9816976657470875,0.9092139688740842,0.8762496193066364,1.1669579595760897
2025-06-23,1.0268272349369656,0.993672472097788,0.9301134313046242,1.0184710625319608,1.704266821329029,0.9906518183668785,1.0731993194073208,0.6772619417327382,1.2139015683245429,1.8756139723675702,0.642180299870005,1.0120890619602236,0.7678619782602673,0.7860303247312492,0.630886161999509,0.5463903729319453,0.9046227037949379,0.9675371671479789,1.2146705864776355,0.7820448914886062,0.7014172998172066,0.8176679874589934,0.7210196443608772,1.2616594940485875,0.5922779040588373,0.9071705967018651,0.6128670992442012,0.813374632195713,0.6298939555502407,1.8047580323446362,1.2380615559817976,1.048415516784634,0.382091704024022,1.0712337513512167,0.6012340864661029,1.0418835105803836,0.7298136959170145,0.6369435396206251,0.9595634780118271,0.7017064141999398,0.9299209911933306,1.241419306990999,1.0417673380743202,1.1925656769256991,0.8467828840483074,0.9187269231316146,0.8085347248382917,0.794477926970804,1.137623803467207
2025-06-30,1.0186244860330937,0.8661764960153464,0.9403516370613142,1.0098918394368135,1.4982571478916975,0.9138287114282276,0.930248296158111,0.5663873607824117,1.0474126338858403,1.8905928540998027,0.5130172615349333,0.891811715473996,0.6515272903873923,0.7070241167623887,0.6357850066040173,0.5122856817972125,0.8266548791798033,0.8316449438202538,0.9620216581086904,0.6591886252197638,0.6156075918738286,0.7549082519905558,0.6199165567378109,1.074646909276185,0.5372460356270297,0.7615753491502248,0.5699755321095171,0.904199125212059,0.5466153862859251,1.6991876778984816,1.1076220650475328,1.0164306372996705,0.35004210987165363,0.9281063754183372,0.5320881692473626,0.9494863244702131,0.6807652167496439,0.5241436988051287,0.8651645240105177,0.5743383833099229,0.7780979063910716,1.0249717971495311,0.79998371988135,1.011534188714395,0.7846602957809276,0.8933639534463224,0.6865053744238556,0.6673330172311082,1.1760331316270942
2025-07-07,1.079577099357145,0.858573052424583,1.010279939297145,0.8927306171106476,1.4761767699891366,0.8058017473557968,0.8077823985022723,0.5319325368176205,0.9640408717207131,1.9108240017230331,0.5541391300221647,0.8435375704568044,0.6994077264806606,0.7809592600984321,0.7126623576011626,0.4999427927702037,0.9440431721821952,0.7870160088883105,0.9761288200058668,0.7558248527924483,0.6193214534006954,0.7969258146339487,0.6062908971917638,1.09642207884873,0.607842422368414,0.6778140687564328,0.5174906437562005,0.7013495376564601,0.5927034380688949,1.752039260878381,1.0957112563072995,0.9262006982584299,0.33614382321457126,0.8829471714162092,0.5138044886297655,0.8589849712501862,0.600332271722069,0.7527795221999429,1.0950978111634495,0.49655156704863324,0.7455048415291814,1.008258686339131,0.9068774450962493,0.9370331920922178,0.8400730543737042,0.7032972528533565,0.7273058333803406,0.7059751028806267,1.1309892750229382
2025-07-14,1.0554137556387206,0.8711519231292568,0.763262164647715,0.8691845819389863,1.379824591739877,0.8781984018728233,0.8499139086245947,0.5453000112024269,1.0770270978809977,1.772212633010713,0.5687430456799919,0.8126894825251632,0.6145076880488095,0.70142415341018,0.5759518379944606,0.4674346550037123,0.7547154160176424,0.7677733877153995,0.958602565125427,0.574702082161908,0.6070875469423848,0.7160044775942604,0.5557982325533489,1.0304841397184958,0.5901839410635848,0.7381824144918577,0.5325378713604503,0.6964706834567116,0.5274388872254492,1.5175241482446042,0.937767912958322,0.8850902967532787,0.3302559371848654,0.8896696374914397,0.5790266971215821,0.7373656141644997,0.6579010090819505,0.5460747218180001,0.8289500167818193,0.6449819659661726,0.8616892487571636,1.4638812331620565,0.8005349596637851,0.9468548556579502,0.700942784916166,0.686246635714273,0.6755457624029388,0.552999062915973,0.9723240958283144
2025-07-21,0.9360268441545598,0.770045641365537,0.6884379945033521,0.8644265615445696,1.3749772944851335,0.7501079965516908,0.7604719846518861,0.546577383058025,1.009580046783582,1.7962227803667603,0.5672173730844139,0.8329763646812082,0.6378090346701,0.6362644569212332,0.5687369604520637,0.465269044540102,0.8177567521252418,0.7393024459891754,0.8436142861848509,0.5267675900316032,0.5733582529735498,0.7082156936131045,0.601519831946178,1.0487374953811586,0.557368942966535,0.680255148509662,0.5190361291148414,0.6490127096695943,0.5178680310209031,1.6144420994648268,0.9857493617737956,0.8728496560190828,0.3255936706046555,0.9562366544160893,0.5599319154304825,0.6820522775760942,0.6147649190606523,0.5024710565995016,0.7886526480532439,0.5415806360312252,0.726702423664791,1.0237013551899796,0.7445289367587118,0.9875592119199906,0.7361066943367855,0.6024987560799508,0.6463941379828897,0.6286464086952345,1.0311462026532632
2025-07-28,0.8004924175530844,0.9591435226150912,0.7900223384548578,0.8701057718867373,1.261491838269782,0.8560763074536145,0.8090625709743731,0.4934896143666391,1.0263646272742561,1.7613735526813636,0.5804523422524931,0.7802342433536527,0.6940597711433272,0.7040878958294146,0.5163147719059356,0.48093904145576094,0.8421509927637019,0.7268082574683101,0.9407692591972265,0.5419719693986316,0.546633312759488,0.7080055202620299,0.5325860772984653,0.9028845195706636,0.49329194958371325,0.685933771759025,0.5496345171602528,0.7461387818512021,0.45841436582990347,1.4827857237065771,1.0247862112820387,0.8480698842270475,0.3212582656567157,0.8806509026733528,0.4945769005910019,0.6785483314988294,0.639312205849931,0.5452359280822863,0.6826445319740846,0.5700284699701099,0.8443664327498402,0.9419184312492583,0.8311452588120679,0.9557969463769111,0.6214876510267386,0.6780366081944329,0.630826616625418,0.5552899515127231,1.0200371193231463
2025-08-04,0.8462254073737743,0.8519633531059849,0.8289409088574557,0.9284375061448197,1.376961267781951,0.7711363172758914,0.8141718781367654,0.5639851349235194,1.0639676420592634,1.8538644774155166,0.5111663651148445,0.8253227541573843,0.6735766331193491,0.8324024480636543,0.7660656520278777,0.4835256437093539,0.9136466587618658,0.6831427812936913,0.8308543150496777,0.6472013761763074,0.5412319563827689,0.7830497038488216,0.6027228556650661,1.1588103917505996,0.5393729906967792,0.7595686742297513,0.5393370433851289,0.7414370403144448,0.4627496629193023,1.4889890670944104,1.0439696845456012,0.9111449580403513,0.33465968441304994,0.8537941255826593,0.5392567067930377,0.9493447962624612,0.6477987272342725,0.6506613293654255,1.1075732012967845,0.5449715394444574,0.7871292213104637,1.0757637609010573,0.707019976818836,0.9720889539725595,0.749582624116474,0.6143575546617279,0.7248909938414099,0.7258303144527809,0.9659664009909705
2025-08-11,0.974704600015061,1.0298965909491593,0.9286750894327431,0.9923985910982922,1.5077702757425893,0.9384209130750019,0.8872109160129142,0.5875988018124993,1.3699892919191685,1.9392852752860057,0.524857732758645,0.8015894310637006,0.6897401401263744,0.8088134670297802,0.6033948825213844,0.5416977861517279,0.93046140192905,0.7642206472423287,0.9147743990962276,0.6589522328511532,0.5820661405368204,0.7800283846886911,0.6852473643187118,1.4403066172627954,0.5192563153630071,0.7900692579912939,0.6303312522680731,0.7811917745665529,0.5655648040715587,1.8509283871808828,1.1538447458110115,1.0029668693251903,0.36802089724388926,1.0545356951385587,0.689556332717695,0.7327741617263748,0.7510419323983049,0.5387294169256286,0.9661633732140806,0.5705491048146553,0.9860012313927353,1.1561396315176378,0.8035704133119725,1.1294408118596537,0.666819818901611,0.6614985422648072,0.732016053429539,0.6477776566027913,0.9921461527543594
2025-08-18,1.0841892786222844,1.3428694929388088,0.8520453415739591,1.2074190869160917,1.4940762191781487,1.0544785801979042,0.9094872706608634,0.588899291763366,1.8341868185406363,2.047974824940083,0.7010428710356664,0.8983440527967346,0.7564788350517978,0.887045935995243,0.6753844961342488,0.5951990634731666,1.0793433353103024,0.7953665312260586,0.966632359242684,0.6598395578986245,0.6085379292824775,0.7622665144562755,0.66349236333176,1.6547056644113705,0.5317559161904484,0.24108142081006306,0.6576707759923157,0.9872541429542205,0.6044297316380032,1.6704920726100583,1.421723755762554,1.064262765325486,0.38941667062290064,1.0067495503605468,0.6860778645806992,0.7547113491829498,0.7824464973215199,0.5344528628358833,1.0443373989980733,0.63905162426988,1.243653948850028,1.328981919251746,0.741508255729284,1.14579226989066,0.6952766293504629,0.7154953012443219,0.7393555163448753,0.6360534178357947,0.8221125205754223
2025-08-25,1.1922082199264905,1.785605218983699,1.0247709049244786,1.2671631527918237,1.6740491177091554,1.2980938966366735,0.9829723108133159,0.6313657000315772,2.1954269587240485,2.2437106238209767,0.7094326049058886,1.0642216762378527,0.9267089576209826,1.134268956215478,0.8139946139357391,0.8035805757534034,1.600092008740578,0.8773242608012297,1.1345418546027894,0.764741750156763,0.6254032796217446,0.8154049606382122,0.8390502077616471,2.118467128911259,0.6217490924047172,1.2206327855565942,0.7791415190875148,1.1679849890584135,0.6861506109115316,1.921017882107403,1.6533431022406422,0.7438932615624779,0.4617202440080777,1.1502998556607356,0.8270679541435628,1.0004569261476879,0.8135712395737502,0.8711870843167085,1.2673129830465943,0.7658798781334017,1.599649958544144,1.7842329786120539,0.9770958959848457,1.378653975049722,0.8026006115249673,0.8020249880539075,0.8895443919673925,0.7760177815609794,1.2264817762911049
2025-09-01,1.3408836022587152,1.7905939049463437,1.410506543487804,1.3702472387522666,1.9102550703203764,1.6256218581972655,1.1242627923595445,0.780560800287553,2.24321457908303,2.3666245967300332,0.9051269792215322,1.2634635532378882,1.4574496674536062,1.4175856477803528,1.20095296079956,0.9878696397742781,2.18064507397054,1.217559869474218,1.2356139981003533,0.8242049565465391,0.9111796021062228,0.9832532572140621,1.0678539591063547,2.0202537038257313,0.7567323955846366,1.5790898942246492,0.9134699078750761,1.404399257429742,0.8218169664410073,1.9179145381767333,1.6987896214111946,0.9833982541537652,0.5392740952122417,1.4089643384363164,1.1408004286146227,1.065756380508259,1.150451339127822,0.9031793064454876,1.8299822652637279,0.9079545853089155,1.6681955740373566,2.618783129298553,0.9692057686922202,1.7273934722511877,0.9836405878284189,0.8930152937854221,0.9989013087762437,1.2269475471822888,1.287993879214469
2025-09-08,1.565969554969822,1.7400528061170282,1.5985714261094608,1.4585097822371584,1.9948953873235928,1.6871122984402698,1.3919132179299383,0.7494759055935674,2.0045217442772043,2.4716832520056653,1.0152069284555703,1.2974044927883652,1.773841435218948,1.294597990994487,1.0145009722639875,1.0644325476453917,1.3440843692109412,1.1048513081907947,1.4810953423190552,0.862665634984829,0.9600226731918502,0.9677626454748569,1.13630424695225,1.9435843959999985,0.747795934391236,1.6839279336534787,1.0410932554898726,1.5632250617846943,0.7792146984090358,1.9225577730261092,1.62693452894902,0.663478553976975,0.563030641350614,1.5725345850748673,1.1731514300289148,1.1294860462604372,1.1861662964796356,0.9582233021433639,1.58007190044674,0.9723670380082652,1.3540098097995814,2.072043429353464,1.1562494163393355,1.7721556952760138,0.9844978684131667,0.9557294372927368,1.1083420283428325,1.1017395397614527,1.3480866885469909
2025-09-15,1.3709397781103714,1.4215802882338993,1.5613759248968286,1.4262927137518644,1.8608554658328778,1.7399321040468336,1.5147053105704098,0.8282420641979622,1.8576783585488192,2.1890562742828568,0.9675398879336683,1.2877413849545456,1.4356687256174316,1.227430372964538,1.096223057131481,0.973122922438231,1.4557835846507428,1.2018335490670076,1.529573961603418,0.8961385943619746,1.0929508173331683,0.9895585598359128,1.19022476406231,1.8013745936552497,0.8161781883607757,1.6580505722760213,1.0099745258673338,1.5051822493256488,0.862604339312639,2.179347681148005,1.6025805710582668,0.9171244410228085,0.5716203760711143,1.6185033665307156,1.3334464649144575,1.071631208951972,1.202180112608147,1.1215410845722418,1.6146320571113266,1.1087887631206796,1.4903148264625388,2.016100864212296,0.7466074518930508,1.7684904180375542,1.0689321368592053,1.0189324829991435,1.2129757101416885,1.050311027375027,1.2515554401066291
